"","name","key","decimalLatitude","decimalLongitude","issues","datasetKey","publishingOrgKey","networkKeys","installationKey","publishingCountry","protocol","lastCrawled","lastParsed","crawlId","extensions","basisOfRecord","taxonKey","kingdomKey","phylumKey","classKey","orderKey","familyKey","genusKey","speciesKey","acceptedTaxonKey","scientificName","acceptedScientificName","kingdom","phylum","order","family","genus","species","genericName","specificEpithet","taxonRank","taxonomicStatus","dateIdentified","elevation","elevationAccuracy","continent","stateProvince.original","year","month","day","eventDate","modified","lastInterpreted","license","identifiers","facts","relations","geodeticDatum","class","countryCode","country.original","rightsHolder","identifier","recordNumber","datasetName","municipality.original","locality","language","collectionCode","gbifID","occurrenceID","type","recordedBy","catalogNumber","institutionCode","ownerInstitutionCode","occurrenceRemarks","identifiedBy","otherCatalogNumbers","fieldNotes","individualCount","preparations","nomenclaturalStatus","nomenclaturalCode","taxonID","bibliographicCitation","collectionID","coordinateUncertaintyInMeters","references","habitat","institutionID","verbatimEventDate","endDayOfYear","county","startDayOfYear","identificationRemarks","georeferencedDate","georeferenceProtocol","georeferenceSources","verbatimElevation","verbatimTaxonRank","higherClassification","typeStatus","higherGeography","organismID","datasetID","accessRights","dynamicProperties","fieldNumber","infraspecificEpithet","typifiedName","municipality","stateProvince","country","FID","NOME","GEOCODIGO","POINT_X","POINT_Y","NOMEUF","SIGLAUF","estados_shp","x_estado","y_estado","nome","sigla","new_Lat","new_Lon","notes","comments"
"1","Nectandra gardneri",1935030970,-14.066944,-46.293889,"gass84","5b5cf455-a448-4c0a-aecd-3e0956f27f10","afdd8e93-b4e3-491c-88f0-8a22834ac1a9","none","b38ff2b7-c8af-454e-b5af-ee760f0d5bca","BR","DWC_ARCHIVE","2018-12-03T14:13:57.009+0000","2018-12-03T16:16:26.886+0000",122,"none","PRESERVED_SPECIMEN",7304257,6,7707728,220,407,6688,3034018,7304257,7304257,"Nectandra gardneri Meisn.","Nectandra gardneri Meisn.","Plantae","Tracheophyta","Laurales","Lauraceae","Nectandra","Nectandra gardneri","Nectandra","gardneri","SPECIES","ACCEPTED","2018-09-01T00:00:00",865,0,"SOUTH_AMERICA","Bahia",2018,9,2,"2018-09-02T00:00:00","2018-10-25T19:19:02.000+0000","2018-12-08T00:36:53.432+0000","http://creativecommons.org/licenses/by-nc/4.0/legalcode","none","none","none","WGS84","Magnoliopsida","BR","Brazil","ALCB - Herbário Alexandre Leal Costa","BRA:UFBA:ALCB:0000133852","30805","ALCB - Herbário Alexandre Leal Costa","Posse","Estrada entre Guarani e Posse.","pt","ALCB",1935030970,"BRA:UFBA:ALCB:0000133852","Collection","Guedes, ML; Lopes, EB; Araújo, F","133852","Universidade Federal da Bahia (UFBA)","Universidade Federal da Bahia (UFBA)","rebrotando depois da queimada. Folhas coriáceas. Frutos com hipanto persistente, formando uma cúpula vermelha na base do fruto.","Guedes, ML","","",NA,"","","",NA,"","",NA,"","","","",NA,"",NA,"","","","","","","","","",NA,"","","",NA,"","","Posse","Bahia","brazil",NA,"",NA,NA,NA,"","","Bahia",-41.72018023,-12.47295682,"Bahia","ba",-14.066944,-46.293889,"original coordinates","original coordinates OK"
"2","Nectandra gardneri",1913573924,-20.561611,-54.511239,"gass84","ec20771d-5c61-409f-825c-3eea4118c437","658207e3-b01f-4007-b14d-64b13022cd5a","none","b38ff2b7-c8af-454e-b5af-ee760f0d5bca","BR","DWC_ARCHIVE","2018-11-27T09:39:32.910+0000","2018-09-24T16:40:08.634+0000",126,"none","PRESERVED_SPECIMEN",7304257,6,7707728,220,407,6688,3034018,7304257,7304257,"Nectandra gardneri Meisn.","Nectandra gardneri Meisn.","Plantae","Tracheophyta","Laurales","Lauraceae","Nectandra","Nectandra gardneri","Nectandra","gardneri","SPECIES","ACCEPTED","2017-09-12T00:00:00",591,0,"","Mato Grosso do Sul",2017,9,8,"2017-09-08T00:00:00","2018-08-22T18:10:16.000+0000","2018-12-10T13:35:43.593+0000","http://creativecommons.org/licenses/by-nc/4.0/legalcode","none","none","none","WGS84","Magnoliopsida","BR","Brazil","CGMS - Herbário da Fundação Universidade Federal de Mato Grosso do Sul","BRA:UFMS:CGMS:0000069908","17444","CGMS - Herbário da Fundação Universidade Federal de Mato Grosso do Sul","Campo Grande","Rancho WN.","pt","CGMS",1913573924,"BRA:UFMS:CGMS:0000069908","Collection","A. Pott","69908","Fundação Universidade Federal de Mato Grosso do Sul (UFMS)","Fundação Universidade Federal de Mato Grosso do Sul (UFMS)","HABITAT:Vereda herbáceo-arbustiva com Mauritia flexuosa. Solo hidromórfico com afloramento do lençol freático. Relevo vale.;CULT:Fruto para fauna.;HABITO:Arvoreta. 3,00 m de altura. Esparsa.;FLOR:Flor ausente.;FRUTO:Fruto preto.;","Flávio M. Alves","","",NA,"","","",NA,"","",NA,"","","","",NA,"",NA,"","","","","","","","","",NA,"","","",NA,"","","Campo Grande","Mato Grosso do Sul","brazil",2106,"Campo Grande",5002704,-54.24991,-20.912651,"MATO GROSSO DO SUL","MS","Mato Grosso do Sul",-54.84600034,-20.32777902,"Mato Grosso do Sul","ms",-20.561611,-54.511239,"original coordinates","original coordinates OK"
"3","Nectandra gardneri",1438030578,-22.898619,-53.663081,"gass84","ec20771d-5c61-409f-825c-3eea4118c437","658207e3-b01f-4007-b14d-64b13022cd5a","none","b38ff2b7-c8af-454e-b5af-ee760f0d5bca","BR","DWC_ARCHIVE","2018-11-27T09:39:29.997+0000","2018-07-04T12:03:57.245+0000",126,"none","PRESERVED_SPECIMEN",7304257,6,7707728,220,407,6688,3034018,7304257,7304257,"Nectandra gardneri Meisn.","Nectandra gardneri Meisn.","Plantae","Tracheophyta","Laurales","Lauraceae","Nectandra","Nectandra gardneri","Nectandra","gardneri","SPECIES","ACCEPTED","2015-11-12T00:00:00",236,0,"","Mato Grosso do Sul",2015,11,12,"2015-11-12T00:00:00","2018-06-12T18:41:21.000+0000","2018-12-06T19:16:35.143+0000","http://creativecommons.org/licenses/by-nc/4.0/legalcode","none","none","none","WGS84","Magnoliopsida","BR","Brazil","CGMS - Herbário da Fundação Universidade Federal de Mato Grosso do Sul","BRA:UFMS:CGMS:0000059490","68","CGMS - Herbário da Fundação Universidade Federal de Mato Grosso do Sul","Jateí","Parque Estadual Várzeas do Ivinhema.","pt","CGMS",1438030578,"BRA:UFMS:CGMS:0000059490","Collection","G.P.Freitas","59490","Fundação Universidade Federal de Mato Grosso do Sul (UFMS)","Fundação Universidade Federal de Mato Grosso do Sul (UFMS)","HABITAT:Floresta Estacional Semi decidual, em ambiente de várzea.; HABITO:Árvore.;","F.M. Alves","","",NA,"","","",NA,"","",NA,"","","","",NA,"",NA,"","","","","","","","","",NA,"","","",NA,"","","Jateí","Mato Grosso do Sul","brazil",1450,"Jateí",5005103,-53.958032,-22.706211,"MATO GROSSO DO SUL","MS","Mato Grosso do Sul",-54.84600034,-20.32777902,"Mato Grosso do Sul","ms",-22.898619,-53.663081,"original coordinates","original coordinates OK"
"4","Nectandra gardneri",1089193795,-9.235856,-36.435255,"gass84","c9bc6b8d-a4ff-4a47-9cff-d0d1b9e548c7","f4cf14c8-58db-4947-a93c-e43f2b7fe171","none","b38ff2b7-c8af-454e-b5af-ee760f0d5bca","BR","DWC_ARCHIVE","2018-11-24T12:33:28.700+0000","2018-11-24T12:33:28.747+0000",128,"none","PRESERVED_SPECIMEN",7304257,6,7707728,220,407,6688,3034018,7304257,7304257,"Nectandra gardneri Meisn.","Nectandra gardneri Meisn.","Plantae","Tracheophyta","Laurales","Lauraceae","Nectandra","Nectandra gardneri","Nectandra","gardneri","SPECIES","ACCEPTED","2013-07-01T00:00:00",770,0,"SOUTH_AMERICA","Alagoas",2013,5,2,"2013-05-02T00:00:00","2018-11-05T21:14:43.000+0000","2018-12-08T04:38:55.326+0000","http://creativecommons.org/licenses/by-nc/4.0/legalcode","none","none","none","WGS84","Magnoliopsida","BR","Brazil","JPB - Herbário Lauro Pires Xavier","BRA:UFPB:JPB:0000057666","3816","JPB - Herbário Lauro Pires Xavier","Quebrangulo","Reserva Biológica da Pedra Talhada, Localité de Quebrangulo.","pt","JPB",1089193795,"BRA:UFPB:JPB:0000057666","Collection","Groupo Pedra Talhada","57666","UFPB","Universidade Federal da Paraíba, UFPB","tree, 23 m, 21 cm DBH; light green capsule, dark green cupule, good scent; on the 1-ha plot sample number H, tree number H0897; specimen photgraphed in situ; duplicates dried with hot air; Submontane tropical moist forest (plain); HA","Nusbaumer, L","","",NA,"","","",NA,"","",NA,"","","","",NA,"",NA,"","","","","","","","","",NA,"","","",NA,"","","Quebrangulo","Alagoas","brazil",4031,"Quebrangulo",2707602,-36.468669,-9.311118,"ALAGOAS","AL","Alagoas",-36.62362821,-9.51494324,"Alagoas","al",-9.235856,-36.435255,"original coordinates","original coordinates OK"
"5","Nectandra gardneri",1829084733,-20.499167,-54.613333,"gass84","ec20771d-5c61-409f-825c-3eea4118c437","658207e3-b01f-4007-b14d-64b13022cd5a","none","b38ff2b7-c8af-454e-b5af-ee760f0d5bca","BR","DWC_ARCHIVE","2018-11-27T09:39:31.872+0000","2018-03-06T11:58:27.303+0000",126,"none","PRESERVED_SPECIMEN",7304257,6,7707728,220,407,6688,3034018,7304257,7304257,"Nectandra gardneri Meisn.","Nectandra gardneri Meisn.","Plantae","Tracheophyta","Laurales","Lauraceae","Nectandra","Nectandra gardneri","Nectandra","gardneri","SPECIES","ACCEPTED","2013-11-27T00:00:00",540,0,"","Mato Grosso do Sul",2013,11,27,"2013-11-27T00:00:00","","2018-07-07T03:34:51.634+0000","http://creativecommons.org/licenses/by-nc/4.0/legalcode","none","none","none","WGS84","Magnoliopsida","BR","Brazil","CGMS - Herbário da Fundação Universidade Federal de Mato Grosso do Sul","BRA:UFMS:CGMS:0000066306","604","CGMS - Herbário da Fundação Universidade Federal de Mato Grosso do Sul","Campo Grande","Campus da UFMS, Próximo a Psicultura","pt","CGMS",1829084733,"BRA:UFMS:CGMS:0000066306","Collection","F. Macedo Alves","66306","Fundação Universidade Federal de Mato Grosso do Sul (UFMS)","Fundação Universidade Federal de Mato Grosso do Sul (UFMS)","Material com flores secas HABITAT:Cerrado.; HABITO:Árvore cerca de 7m de altura.;","F. Macedo Alves","","",NA,"","","",NA,"","",NA,"","","","",NA,"",NA,"","","","","","","","","",NA,"","","",NA,"","","Campo Grande","Mato Grosso do Sul","brazil",2106,"Campo Grande",5002704,-54.24991,-20.912651,"MATO GROSSO DO SUL","MS","Mato Grosso do Sul",-54.84600034,-20.32777902,"Mato Grosso do Sul","ms",-20.499167,-54.613333,"original coordinates","original coordinates OK"
"6","Nectandra gardneri",1316177441,-20.556694,-54.789889,"gass84","ec20771d-5c61-409f-825c-3eea4118c437","658207e3-b01f-4007-b14d-64b13022cd5a","none","b38ff2b7-c8af-454e-b5af-ee760f0d5bca","BR","DWC_ARCHIVE","2018-11-27T09:39:23.793+0000","2018-07-04T12:03:49.992+0000",126,"none","PRESERVED_SPECIMEN",7304257,6,7707728,220,407,6688,3034018,7304257,7304257,"Nectandra gardneri Meisn.","Nectandra gardneri Meisn.","Plantae","Tracheophyta","Laurales","Lauraceae","Nectandra","Nectandra gardneri","Nectandra","gardneri","SPECIES","ACCEPTED","none",504,0,"","Mato Grosso do Sul",2010,8,13,"2010-08-13T00:00:00","2018-06-12T18:33:55.000+0000","2018-12-09T14:26:03.874+0000","http://creativecommons.org/licenses/by-nc/4.0/legalcode","none","none","none","WGS84","Magnoliopsida","BR","Brazil","CGMS - Herbário da Fundação Universidade Federal de Mato Grosso do Sul","BRA:UFMS:CGMS:0000037980","337","CGMS - Herbário da Fundação Universidade Federal de Mato Grosso do Sul","Terenos","Fazenda Modelo da Embrapa Gado de Corte. Área de Varjão proximo à ferrovia.","pt","CGMS",1316177441,"BRA:UFMS:CGMS:0000037980","Collection","S.N.Moreira","37980","Fundação Universidade Federal de Mato Grosso do Sul (UFMS)","Fundação Universidade Federal de Mato Grosso do Sul (UFMS)","HABITAT:Caapão em campo úmido de Veredas com buriti em domínio de Cerrado.; HABITO:Árvore.;","D.O. Domingos","","",NA,"","","",NA,"","",NA,"","","","",NA,"",NA,"","","","","","","","","",NA,"","","",NA,"","","Terenos","Mato Grosso do Sul","brazil",2270,"Terenos",5008008,-55.025082,-20.448804,"MATO GROSSO DO SUL","MS","Mato Grosso do Sul",-54.84600034,-20.32777902,"Mato Grosso do Sul","ms",-20.556694,-54.789889,"original coordinates","original coordinates outside municipality original in terenos falls in campo grande"
"7","Nectandra gardneri",1316177421,-20.556694,-54.789889,"gass84","ec20771d-5c61-409f-825c-3eea4118c437","658207e3-b01f-4007-b14d-64b13022cd5a","none","b38ff2b7-c8af-454e-b5af-ee760f0d5bca","BR","DWC_ARCHIVE","2018-11-27T09:39:23.805+0000","2018-07-04T12:03:49.973+0000",126,"none","PRESERVED_SPECIMEN",7304257,6,7707728,220,407,6688,3034018,7304257,7304257,"Nectandra gardneri Meisn.","Nectandra gardneri Meisn.","Plantae","Tracheophyta","Laurales","Lauraceae","Nectandra","Nectandra gardneri","Nectandra","gardneri","SPECIES","ACCEPTED","none",504,0,"","Mato Grosso do Sul",2010,8,13,"2010-08-13T00:00:00","2018-06-12T18:33:55.000+0000","2018-12-09T14:26:03.771+0000","http://creativecommons.org/licenses/by-nc/4.0/legalcode","none","none","none","WGS84","Magnoliopsida","BR","Brazil","CGMS - Herbário da Fundação Universidade Federal de Mato Grosso do Sul","BRA:UFMS:CGMS:0000037979","336","CGMS - Herbário da Fundação Universidade Federal de Mato Grosso do Sul","Terenos","Fazenda Modelo da Embrapa Gado de Corte. Área de Varjão proximo à ferrovia.","pt","CGMS",1316177421,"BRA:UFMS:CGMS:0000037979","Collection","S.N.Moreira","37979","Fundação Universidade Federal de Mato Grosso do Sul (UFMS)","Fundação Universidade Federal de Mato Grosso do Sul (UFMS)","HABITAT:Caapão em campo úmido de Veredas com buriti em domínio de Cerrado.; HABITO:Árvore.; FRUTO:Fruto negro.;","","","",NA,"","","",NA,"","",NA,"","","","",NA,"",NA,"","","","","","","","","",NA,"","","",NA,"","","Terenos","Mato Grosso do Sul","brazil",2270,"Terenos",5008008,-55.025082,-20.448804,"MATO GROSSO DO SUL","MS","Mato Grosso do Sul",-54.84600034,-20.32777902,"Mato Grosso do Sul","ms",-20.556694,-54.789889,"original coordinates","original coordinates outside municipality original in terenos falls in campo grande"
"8","Nectandra gardneri",1424424012,-20.040833,-41.821389,"cdround,gass84","4300f8d5-1ae5-49e5-a101-63894b005868","838537fc-4aeb-4980-8b58-97fbdcd1d91a","none","da7fe11a-b42c-46cb-9e9d-02243edb738a","BR","DWC_ARCHIVE","2018-10-02T15:42:14.868+0000","2018-09-24T20:03:31.229+0000",207,"none","PRESERVED_SPECIMEN",7304257,6,7707728,220,407,6688,3034018,7304257,7304257,"Nectandra gardneri Meisn.","Nectandra gardneri Meisn.","Plantae","Tracheophyta","Laurales","Lauraceae","Nectandra","Nectandra gardneri","Nectandra","gardneri","SPECIES","ACCEPTED","none",1643,NA,"","Minas Gerais",2010,12,1,"2010-12-01T00:00:00","2017-10-14T01:17:44.931+0000","2018-12-06T17:00:15.044+0000","http://creativecommons.org/licenses/by/4.0/legalcode","none","none","none","WGS84","Magnoliopsida","BR","Brazil","Rio de Janeiro Botanical Garden","urn:catalog:JBRJ:RB:727819","478","RB - Rio de Janeiro Botanical Garden Herbarium Collection","Espera Feliz","Serra da Marcieira (área do ICMBIO), Topo da Serra.","","RB",1424424012,"urn:catalog:JBRJ:RB:727819","PhysicalObject","Daneu, L.; L.C. Gomes, A.O. Moraes, H. Gava","RB00727819","JBRJ","","Árvore, ca. 14m alt. Folhas verde-escura com a face inferior mais clara. Inflorescência com flores creme","A. Guinel","RB 555962","Mata de neblina",NA,"","","",NA,"","",NA,"","","","",NA,"",NA,"","","","","","","","","",NA,"","","",NA,"","","Espera Feliz","Minas Gerais","brazil",2221,"Espera Feliz",3124203,-41.928344,-20.596482,"MINAS GERAIS","MG","Minas Gerais",-44.67333254,-18.45539008,"Minas Gerais","mg",-20.040833,-41.821389,"original coordinates","original coordinates outside municipality original in espera feliz falls in santana do manhuacu"
"9","Nectandra gardneri",1090737107,-20.655917,-54.363,"gass84","ec20771d-5c61-409f-825c-3eea4118c437","658207e3-b01f-4007-b14d-64b13022cd5a","none","b38ff2b7-c8af-454e-b5af-ee760f0d5bca","BR","DWC_ARCHIVE","2018-11-27T09:39:18.325+0000","2018-07-04T12:03:44.164+0000",126,"none","PRESERVED_SPECIMEN",7304257,6,7707728,220,407,6688,3034018,7304257,7304257,"Nectandra gardneri Meisn.","Nectandra gardneri Meisn.","Plantae","Tracheophyta","Laurales","Lauraceae","Nectandra","Nectandra gardneri","Nectandra","gardneri","SPECIES","ACCEPTED","2009-07-09T00:00:00",555,0,"","Mato Grosso do Sul",2007,4,25,"2007-04-25T00:00:00","2018-06-12T18:33:55.000+0000","2018-12-08T04:44:32.187+0000","http://creativecommons.org/licenses/by-nc/4.0/legalcode","none","none","none","WGS84","Magnoliopsida","BR","Brazil","CGMS - Herbário da Fundação Universidade Federal de Mato Grosso do Sul","BRA:UFMS:CGMS:0000018566","4797","CGMS - Herbário da Fundação Universidade Federal de Mato Grosso do Sul","Campo Grande","APA do Guariroba.","pt","CGMS",1090737107,"BRA:UFMS:CGMS:0000018566","Collection","G.A. Damasceno-Junior","18566","Fundação Universidade Federal de Mato Grosso do Sul (UFMS)","Fundação Universidade Federal de Mato Grosso do Sul (UFMS)","4 m de alt.HABITAT:mata de galeria inundável. Solo argiloso. plano ondulado.; HABITO:arvoreta.;FLOR:Flor creme.;","F.M. Alves","","",NA,"","","",NA,"","",NA,"","","","",NA,"",NA,"","","","","","","","","",NA,"","","",NA,"","","Campo Grande","Mato Grosso do Sul","brazil",2106,"Campo Grande",5002704,-54.24991,-20.912651,"MATO GROSSO DO SUL","MS","Mato Grosso do Sul",-54.84600034,-20.32777902,"Mato Grosso do Sul","ms",-20.655917,-54.363,"original coordinates","original coordinates OK"
"10","Nectandra gardneri",1086913592,-16.490278,-56.310833,"gass84,txmatfuz","16ed67e5-fd70-4fd4-85c3-70ea2da627fe","52603cfd-d564-4e89-a466-5e71813677be","none","b38ff2b7-c8af-454e-b5af-ee760f0d5bca","BR","DWC_ARCHIVE","2018-11-24T08:56:57.565+0000","2018-11-24T08:56:57.848+0000",126,"none","PRESERVED_SPECIMEN",7304257,6,7707728,220,407,6688,3034018,7304257,7304257,"Nectandra gardneri Meisn.","Nectandra gardneri Meisn.","Plantae","Tracheophyta","Laurales","Lauraceae","Nectandra","Nectandra gardneri","Nectandra","gardneri","SPECIES","ACCEPTED","2012-01-09T00:00:00",120,0,"SOUTH_AMERICA","Mato Grosso",2006,7,12,"2006-07-12T00:00:00","2018-11-05T15:54:52.000+0000","2018-12-08T13:01:18.990+0000","http://creativecommons.org/licenses/by-nc/4.0/legalcode","none","none","none","WGS84","Magnoliopsida","BR","Brazil","SPSF - Herbário Dom Bento José Pickel","BRA:IF:SPSF:0000045204","32248","SPSF - Herbário Dom Bento José Pickel","Poconé","Área do SESC Pantanal","pt","SPSF",1086913592,"BRA:IF:SPSF:0000045204","Collection","V.C.Souza & C.P.Caliari & P.B.Garcia","45204","IF","Instituto Florestal, IF","COLETA: Mata Ciliar do Rio Cuiabá&nf;Árvore 10m altura; flores cor creme; GEOGRAFIA: Na borda da mata.;","J.B.Baitello","","",NA,"","","",NA,"","",NA,"","","","",NA,"",NA,"","","","","","","","","",NA,"","","",NA,"","","Poconé","Mato Grosso","brazil",2939,"Poconé",5106505,-56.948818,-16.785644,"MATO GROSSO","MT","Mato Grosso",-55.91290105,-12.94917881,"Mato Grosso","mt",-16.490278,-56.310833,"original coordinates","original coordinates outside municipality original in pocone falls in barao de melgaco"
"11","Nectandra gardneri",1090737207,-20.50475,-54.389639,"gass84","ec20771d-5c61-409f-825c-3eea4118c437","658207e3-b01f-4007-b14d-64b13022cd5a","none","b38ff2b7-c8af-454e-b5af-ee760f0d5bca","BR","DWC_ARCHIVE","2018-11-27T09:39:18.406+0000","2018-07-04T12:03:44.149+0000",126,"none","PRESERVED_SPECIMEN",7304257,6,7707728,220,407,6688,3034018,7304257,7304257,"Nectandra gardneri Meisn.","Nectandra gardneri Meisn.","Plantae","Tracheophyta","Laurales","Lauraceae","Nectandra","Nectandra gardneri","Nectandra","gardneri","SPECIES","ACCEPTED","none",NA,NA,"","Mato Grosso do Sul",2006,12,9,"2006-12-09T00:00:00","2018-06-12T18:33:55.000+0000","2018-12-08T04:44:32.216+0000","http://creativecommons.org/licenses/by-nc/4.0/legalcode","none","none","none","WGS84","Magnoliopsida","BR","Brazil","CGMS - Herbário da Fundação Universidade Federal de Mato Grosso do Sul","BRA:UFMS:CGMS:0000018721","4413","CGMS - Herbário da Fundação Universidade Federal de Mato Grosso do Sul","Campo Grande","APA do Guariroba.","pt","CGMS",1090737207,"BRA:UFMS:CGMS:0000018721","Collection","G.A. Damasceno-Junior","18721","Fundação Universidade Federal de Mato Grosso do Sul (UFMS)","Fundação Universidade Federal de Mato Grosso do Sul (UFMS)","Área de brejo, flor e fruto presenteHABITAT:Mata ciliar. Solo arenoso. plano.; HABITO:árvore.;","G.A. Damasceno Júnior","","",NA,"","","",NA,"","",NA,"","","","",NA,"",NA,"","","","","","","","","",NA,"","","",NA,"","","Campo Grande","Mato Grosso do Sul","brazil",2106,"Campo Grande",5002704,-54.24991,-20.912651,"MATO GROSSO DO SUL","MS","Mato Grosso do Sul",-54.84600034,-20.32777902,"Mato Grosso do Sul","ms",-20.50475,-54.389639,"original coordinates","original coordinates OK"
"12","Nectandra gardneri",1563176569,-18.660556,-52.850556,"gass84","ec20771d-5c61-409f-825c-3eea4118c437","658207e3-b01f-4007-b14d-64b13022cd5a","none","b38ff2b7-c8af-454e-b5af-ee760f0d5bca","BR","DWC_ARCHIVE","2018-11-27T09:39:17.004+0000","2018-07-04T12:03:42.675+0000",126,"none","PRESERVED_SPECIMEN",7304257,6,7707728,220,407,6688,3034018,7304257,7304257,"Nectandra gardneri Meisn.","Nectandra gardneri Meisn.","Plantae","Tracheophyta","Laurales","Lauraceae","Nectandra","Nectandra gardneri","Nectandra","gardneri","SPECIES","ACCEPTED","2007-03-01T00:00:00",800,0,"","Goiás",2004,3,30,"2004-03-30T00:00:00","2018-06-12T18:39:47.000+0000","2018-12-07T14:50:42.354+0000","http://creativecommons.org/licenses/by-nc/4.0/legalcode","none","none","none","WGS84","Magnoliopsida","BR","Brazil","CGMS - Herbário da Fundação Universidade Federal de Mato Grosso do Sul","BRA:UFMS:CGMS:0000013226","11590","CGMS - Herbário da Fundação Universidade Federal de Mato Grosso do Sul","Chapadão do Céu","Nascente do Pouso Frio (Cabeceira do Aporé ou Rio do Peixe).","pt","CGMS",1563176569,"BRA:UFMS:CGMS:0000013226","Collection","A. Pott","13226","Fundação Universidade Federal de Mato Grosso do Sul (UFMS)","Fundação Universidade Federal de Mato Grosso do Sul (UFMS)","HABITAT:Borda de mata de galeria. Solo hidromórfico. Relevo encosta de vale.; HABITO:Arvoreta. 2,50 m de altura. Ocasional.;FLOR:Flor branca.;FRUTO:Fruto ausente.;","F. Macedo Alves","","",NA,"","","",NA,"","",NA,"","","","",NA,"",NA,"","","","","","","","","",NA,"","","",NA,"","","Chapadão do Céu","Goiás","brazil",2731,"Chapadão do Céu",5205471,-52.633491,-18.464474,"GOIAS","GO","Goiás",-49.62349059,-16.04162242,"Goiás","go",-18.660556,-52.850556,"original coordinates","original coordinates outside municipality original in chapadao do ceu falls in chapadao do sul"
"13","Nectandra gardneri",1090734522,-19.568611,-51.881222,"gass84","ec20771d-5c61-409f-825c-3eea4118c437","658207e3-b01f-4007-b14d-64b13022cd5a","none","b38ff2b7-c8af-454e-b5af-ee760f0d5bca","BR","DWC_ARCHIVE","2018-11-27T09:39:17.221+0000","2018-07-04T12:03:42.916+0000",126,"none","PRESERVED_SPECIMEN",7304257,6,7707728,220,407,6688,3034018,7304257,7304257,"Nectandra gardneri Meisn.","Nectandra gardneri Meisn.","Plantae","Tracheophyta","Laurales","Lauraceae","Nectandra","Nectandra gardneri","Nectandra","gardneri","SPECIES","ACCEPTED","2005-08-05T00:00:00",NA,NA,"","Mato Grosso do Sul",2004,4,21,"2004-04-21T00:00:00","2018-06-12T18:39:47.000+0000","2018-12-08T04:44:30.933+0000","http://creativecommons.org/licenses/by-nc/4.0/legalcode","none","none","none","WGS84","Magnoliopsida","BR","Brazil","CGMS - Herbário da Fundação Universidade Federal de Mato Grosso do Sul","BRA:UFMS:CGMS:0000014345","1957","CGMS - Herbário da Fundação Universidade Federal de Mato Grosso do Sul","Inocência","","pt","CGMS",1090734522,"BRA:UFMS:CGMS:0000014345","Collection","A. Sciamarelli","14345","Fundação Universidade Federal de Mato Grosso do Sul (UFMS)","Fundação Universidade Federal de Mato Grosso do Sul (UFMS)","Planta apresentando floração. Mesófita;ripária.Medindo 4,0m de altura.HABITAT:Relevo ondulado sem drenagem.; HABITO:Árvore.;FLOR:Corola de cor branca.;","Flavio Macedo Alves","","",NA,"","","",NA,"","",NA,"","","","",NA,"",NA,"","","","","","","","","",NA,"","","",NA,"","","Inocência","Mato Grosso do Sul","brazil",2508,"Inocência",5004403,-52.021915,-19.657929,"MATO GROSSO DO SUL","MS","Mato Grosso do Sul",-54.84600034,-20.32777902,"Mato Grosso do Sul","ms",-19.568611,-51.881222,"original coordinates","original coordinates OK"
"14","Nectandra gardneri",1095236477,-11.146666,-47.141944,"gass84","e38d4c95-3a1d-4594-9ae9-883b48042e6d","7ef169f9-81f8-46a2-a7f7-240df6a1889c","none","b38ff2b7-c8af-454e-b5af-ee760f0d5bca","BR","DWC_ARCHIVE","2018-11-23T18:21:22.960+0000","2018-11-23T18:21:23.060+0000",123,"none","PRESERVED_SPECIMEN",7304257,6,7707728,220,407,6688,3034018,7304257,7304257,"Nectandra gardneri Meisn.","Nectandra gardneri Meisn.","Plantae","Tracheophyta","Laurales","Lauraceae","Nectandra","Nectandra gardneri","Nectandra","gardneri","SPECIES","ACCEPTED","none",425,0,"","Tocantins",2004,8,10,"2004-08-10T00:00:00","","2018-11-23T18:22:31.234+0000","http://creativecommons.org/licenses/by-nc/4.0/legalcode","none","none","none","WGS84","Magnoliopsida","BR","Brazil","CEN - Herbário da Embrapa Recursos Genéticos e Biotecnologia","BRA:Cenargen:CEN:0000060231","5291","CEN - Herbário da Embrapa Recursos Genéticos e Biotecnologia","ALMAS","Região Norte. Fazenda Minnehaha. Na parte plana central da fazenda. Ca. 70 Km a Nordeste da cidade de Almas. vegetação campo sujo","pt","CEN",1095236477,"BRA:Cenargen:CEN:0000060231","Collection","Bruno Machado Teles Walter","60231","Cenargen","Empresa Brasileira de Pesquisa Agropecuária (EMBRAPA)","Arbusto com 1,0 m altura fruto imaturos verdes, receptáculos avermelhado.Doação do Herbário IBGE - Reserva Ecológica do IBGE. Plantas do Brasil - Estado do Tocantins.","B. M. T. Walter","","",1,"Exsicatas","","",NA,"","",NA,"","","","",NA,"",NA,"","","","","","","","","",NA,"","","",NA,"","","ALMAS","Tocantins","brazil",3681,"Almas",1700400,-47.2099,-11.430041,"TOCANTINS","TO","Tocantins",-48.32919432,-10.14913269,"Tocantins","to",-11.146666,-47.141944,"original coordinates","original coordinates OK"
"15","Nectandra gardneri",1090699282,-19.535556,-49.486389,"gass84","fdf55163-54d8-4bc7-862d-7e41068589e3","6215eac7-a176-4a7f-9bba-552b3f5ba9a3","none","b38ff2b7-c8af-454e-b5af-ee760f0d5bca","BR","DWC_ARCHIVE","2018-11-24T12:32:45.386+0000","2018-11-24T12:32:45.422+0000",126,"none","PRESERVED_SPECIMEN",7304257,6,7707728,220,407,6688,3034018,7304257,7304257,"Nectandra gardneri Meisn.","Nectandra gardneri Meisn.","Plantae","Tracheophyta","Laurales","Lauraceae","Nectandra","Nectandra gardneri","Nectandra","gardneri","SPECIES","ACCEPTED","2013-01-01T00:00:00",494,0,"","Minas Gerais",2003,4,10,"2003-04-10T00:00:00","2018-11-21T18:13:02.000+0000","2018-12-08T04:44:16.194+0000","http://creativecommons.org/licenses/by-nc/4.0/legalcode","none","none","none","WGS84","Magnoliopsida","BR","Brazil","HRCB - Herbário Rioclarense","BRA:UNESPRC:HRCB:0000060784","s.n.","HRCB - Herbário Rioclarense","Campina Verde","Fazenda S. José do Lajiado","pt","HRCB",1090699282,"BRA:UNESPRC:HRCB:0000060784","Collection","Macedo, A.","60784","Universidade Estadual Paulista, UNESP","Universidade Estadual Paulista, UNESP","Árvore de pequeno porte; flores brancas aromáticas.","Moraes, P.","","",NA,"","","",NA,"","",NA,"","","","",NA,"",NA,"","","","","","","","","",NA,"","","",NA,"","","Campina Verde","Minas Gerais","brazil",2545,"Campina Verde",3111101,-49.81038,-19.478825,"MINAS GERAIS","MG","Minas Gerais",-44.67333254,-18.45539008,"Minas Gerais","mg",-19.535556,-49.486389,"original coordinates","original coordinates OK"
"16","Nectandra gardneri",1090577560,-19.5356,-49.4864,"gass84","1064b787-c882-493e-b17d-4ffba363b776","c47cd3b0-2178-4a4b-87a6-740b482970a9","none","b38ff2b7-c8af-454e-b5af-ee760f0d5bca","BR","DWC_ARCHIVE","2018-11-23T18:20:28.672+0000","2017-12-29T14:14:15.881+0000",129,"none","PRESERVED_SPECIMEN",7304257,6,7707728,220,407,6688,3034018,7304257,7304257,"Nectandra gardneri Meisn.","Nectandra gardneri Meisn.","Plantae","Tracheophyta","Laurales","Lauraceae","Nectandra","Nectandra gardneri","Nectandra","gardneri","SPECIES","ACCEPTED","2003-04-10T00:00:00",NA,NA,"","Minas Gerais",2003,4,10,"2003-04-10T00:00:00","2017-06-09T13:57:14.000+0000","2018-12-08T04:43:29.480+0000","http://creativecommons.org/licenses/by-nc/4.0/legalcode","none","none","none","WGS84","Magnoliopsida","BR","Brazil","IAC - Herbário do Instituto Agronômico de Campinas","BRA:IAC:IAC:0000050755","s/nº","IAC - Herbário do Instituto Agronômico de Campinas","Campina Verde","Fazenda São José do Lajiado","pt","IAC",1090577560,"BRA:IAC:IAC:0000050755","Collection","A. Macedo & F.F. Santos","50755","IAC","Instituto Agronômico de Campinas, IAC","","S.F. Smith","","",NA,"","","",NA,"","",NA,"","","","",NA,"",NA,"","","","","","","","","",NA,"","","",NA,"","","Campina Verde","Minas Gerais","brazil",2545,"Campina Verde",3111101,-49.81038,-19.478825,"MINAS GERAIS","MG","Minas Gerais",-44.67333254,-18.45539008,"Minas Gerais","mg",-19.5356,-49.4864,"original coordinates","original coordinates OK"
"17","Nectandra gardneri",1095229968,-11.55972,-46.48,"gass84","e38d4c95-3a1d-4594-9ae9-883b48042e6d","7ef169f9-81f8-46a2-a7f7-240df6a1889c","none","b38ff2b7-c8af-454e-b5af-ee760f0d5bca","BR","DWC_ARCHIVE","2018-11-23T18:21:19.591+0000","2018-11-23T18:21:19.610+0000",123,"none","PRESERVED_SPECIMEN",7304257,6,7707728,220,407,6688,3034018,7304257,7304257,"Nectandra gardneri Meisn.","Nectandra gardneri Meisn.","Plantae","Tracheophyta","Laurales","Lauraceae","Nectandra","Nectandra gardneri","Nectandra","gardneri","SPECIES","ACCEPTED","none",746,0,"","Tocantins",2003,9,24,"2003-09-24T00:00:00","","2018-11-23T18:22:23.818+0000","http://creativecommons.org/licenses/by-nc/4.0/legalcode","none","none","none","WGS84","Magnoliopsida","BR","Brazil","CEN - Herbário da Embrapa Recursos Genéticos e Biotecnologia","BRA:Cenargen:CEN:0000053127","691","CEN - Herbário da Embrapa Recursos Genéticos e Biotecnologia","DIANOPOLIS","Ponto 404(2).","pt","CEN",1095229968,"BRA:Cenargen:CEN:0000053127","Collection","Aldicir Osni Scariot","53127","Cenargen","Empresa Brasileira de Pesquisa Agropecuária (EMBRAPA)","","F. M. Alves","","",3,"Exsicatas","","",NA,"","",NA,"","","","",NA,"",NA,"","","","","","","","","",NA,"","","",NA,"","","DIANOPOLIS","Tocantins","brazil",3642,"Dianópolis",1707009,-46.808436,-11.70079,"TOCANTINS","TO","Tocantins",-48.32919432,-10.14913269,"Tocantins","to",-11.55972,-46.48,"original coordinates","original coordinates OK"
"18","Nectandra gardneri",1095230012,-11.61667,-46.44472,"gass84","e38d4c95-3a1d-4594-9ae9-883b48042e6d","7ef169f9-81f8-46a2-a7f7-240df6a1889c","none","b38ff2b7-c8af-454e-b5af-ee760f0d5bca","BR","DWC_ARCHIVE","2018-11-23T18:21:19.647+0000","2018-11-23T18:21:19.668+0000",123,"none","PRESERVED_SPECIMEN",7304257,6,7707728,220,407,6688,3034018,7304257,7304257,"Nectandra gardneri Meisn.","Nectandra gardneri Meisn.","Plantae","Tracheophyta","Laurales","Lauraceae","Nectandra","Nectandra gardneri","Nectandra","gardneri","SPECIES","ACCEPTED","none",663,0,"","Tocantins",2003,9,27,"2003-09-27T00:00:00","","2018-11-23T18:22:23.924+0000","http://creativecommons.org/licenses/by-nc/4.0/legalcode","none","none","none","WGS84","Magnoliopsida","BR","Brazil","CEN - Herbário da Embrapa Recursos Genéticos e Biotecnologia","BRA:Cenargen:CEN:0000053218","895","CEN - Herbário da Embrapa Recursos Genéticos e Biotecnologia","DIANOPOLIS","","pt","CEN",1095230012,"BRA:Cenargen:CEN:0000053218","Collection","Aldicir Osni Scariot","53218","Cenargen","Empresa Brasileira de Pesquisa Agropecuária (EMBRAPA)","Carpóforo vermelho.","B. M. T. Walter","","",3,"Exsicatas","","",NA,"","",NA,"","","","",NA,"",NA,"","","","","","","","","",NA,"","","",NA,"","","DIANOPOLIS","Tocantins","brazil",3642,"Dianópolis",1707009,-46.808436,-11.70079,"TOCANTINS","TO","Tocantins",-48.32919432,-10.14913269,"Tocantins","to",-11.61667,-46.44472,"original coordinates","original coordinates OK"
"19","Nectandra gardneri",1090741913,-20.358333,-54.724083,"gass84","ec20771d-5c61-409f-825c-3eea4118c437","658207e3-b01f-4007-b14d-64b13022cd5a","none","b38ff2b7-c8af-454e-b5af-ee760f0d5bca","BR","DWC_ARCHIVE","2018-11-27T09:39:20.172+0000","2018-07-04T12:03:45.981+0000",126,"none","PRESERVED_SPECIMEN",7304257,6,7707728,220,407,6688,3034018,7304257,7304257,"Nectandra gardneri Meisn.","Nectandra gardneri Meisn.","Plantae","Tracheophyta","Laurales","Lauraceae","Nectandra","Nectandra gardneri","Nectandra","gardneri","SPECIES","ACCEPTED","2007-03-19T00:00:00",NA,NA,"","Mato Grosso do Sul",2002,4,14,"2002-04-14T00:00:00","2018-06-12T18:39:47.000+0000","2018-12-08T04:44:34.162+0000","http://creativecommons.org/licenses/by-nc/4.0/legalcode","none","none","none","WGS84","Magnoliopsida","BR","Brazil","CGMS - Herbário da Fundação Universidade Federal de Mato Grosso do Sul","BRA:UFMS:CGMS:0000024335","5303","CGMS - Herbário da Fundação Universidade Federal de Mato Grosso do Sul","Campo Grande","Córrego Piraputanga, Embrapa Gado de Corte.","pt","CGMS",1090741913,"BRA:UFMS:CGMS:0000024335","Collection","V.J. Pott","24335","Fundação Universidade Federal de Mato Grosso do Sul (UFMS)","Fundação Universidade Federal de Mato Grosso do Sul (UFMS)","HABITAT:Floresta galeria em região de cerrado. Solo argiloso, relevo vale em ondulado.;CULT:Florestal.;HABITO:Árvore. 4,00-5,00 m de altura. Frequente.;FLOR:Flor alva.;FRUTO:Fruto ausente.;","F. Macedo-Alves","","",NA,"","","",NA,"","",NA,"","","","",NA,"",NA,"","","","","","","","","",NA,"","","",NA,"","","Campo Grande","Mato Grosso do Sul","brazil",2106,"Campo Grande",5002704,-54.24991,-20.912651,"MATO GROSSO DO SUL","MS","Mato Grosso do Sul",-54.84600034,-20.32777902,"Mato Grosso do Sul","ms",-20.358333,-54.724083,"original coordinates","original coordinates OK"
"20","Nectandra gardneri",1090740106,-20.565278,-54.682222,"gass84","ec20771d-5c61-409f-825c-3eea4118c437","658207e3-b01f-4007-b14d-64b13022cd5a","none","b38ff2b7-c8af-454e-b5af-ee760f0d5bca","BR","DWC_ARCHIVE","2018-11-27T09:39:19.248+0000","2018-07-04T12:03:45.309+0000",126,"none","PRESERVED_SPECIMEN",7304257,6,7707728,220,407,6688,3034018,7304257,7304257,"Nectandra gardneri Meisn.","Nectandra gardneri Meisn.","Plantae","Tracheophyta","Laurales","Lauraceae","Nectandra","Nectandra gardneri","Nectandra","gardneri","SPECIES","ACCEPTED","2012-03-20T00:00:00",NA,NA,"","Mato Grosso do Sul",2001,3,30,"2001-03-30T00:00:00","2018-06-12T18:33:55.000+0000","2018-12-08T04:44:33.384+0000","http://creativecommons.org/licenses/by-nc/4.0/legalcode","none","none","none","WGS84","Magnoliopsida","BR","Brazil","CGMS - Herbário da Fundação Universidade Federal de Mato Grosso do Sul","BRA:UFMS:CGMS:0000021784","403","CGMS - Herbário da Fundação Universidade Federal de Mato Grosso do Sul","Campo Grande","Estrada para Sidrolândia.","pt","CGMS",1090740106,"BRA:UFMS:CGMS:0000021784","Collection","A.L.B. Sartori","21784","Fundação Universidade Federal de Mato Grosso do Sul (UFMS)","Fundação Universidade Federal de Mato Grosso do Sul (UFMS)","Caule ferrugíneo, corola esverdeada.HABITAT:Brejo.; HABITO:Árvore. Cerca de 4,00m de altura.;","F. Macedo-Alves","","",NA,"","","",NA,"","",NA,"","","","",NA,"",NA,"","","","","","","","","",NA,"","","",NA,"","","Campo Grande","Mato Grosso do Sul","brazil",2106,"Campo Grande",5002704,-54.24991,-20.912651,"MATO GROSSO DO SUL","MS","Mato Grosso do Sul",-54.84600034,-20.32777902,"Mato Grosso do Sul","ms",-20.565278,-54.682222,"original coordinates","original coordinates OK"
"21","Nectandra gardneri",1424152682,-14.965,-45.922222,"cdround,gass84","4300f8d5-1ae5-49e5-a101-63894b005868","838537fc-4aeb-4980-8b58-97fbdcd1d91a","none","da7fe11a-b42c-46cb-9e9d-02243edb738a","BR","DWC_ARCHIVE","2018-10-02T15:39:29.648+0000","2018-09-24T20:00:56.545+0000",207,"none","PRESERVED_SPECIMEN",7304257,6,7707728,220,407,6688,3034018,7304257,7304257,"Nectandra gardneri Meisn.","Nectandra gardneri Meisn.","Plantae","Tracheophyta","Laurales","Lauraceae","Nectandra","Nectandra gardneri","Nectandra","gardneri","SPECIES","ACCEPTED","none",735,NA,"","Bahia",2001,5,17,"2001-05-17T00:00:00","2017-10-19T01:13:17.896+0000","2018-12-06T16:57:43.443+0000","http://creativecommons.org/licenses/by/4.0/legalcode","none","none","none","WGS84","Magnoliopsida","BR","Brazil","Rio de Janeiro Botanical Garden","urn:catalog:JBRJ:RB:419680","2783","RB - Rio de Janeiro Botanical Garden Herbarium Collection","Bahia","Fazenda Trijunção. Próximo a sede Santa Luzia.","","RB",1424152682,"urn:catalog:JBRJ:RB:419680","PhysicalObject","M. L. Fonseca; R. C. Mendonça, D. Alvarenga e E. Cardoso","RB00419680","JBRJ","","Árvore heliófila 6 m de altura; casca lisa, cor cinza; haste de inflorescência ferruginea; botões creme; flores alvas, odor agradável. Ocasional.","Pedro Nunes","RB 429793","Barranco de riacho em vereda.",NA,"","","",NA,"","",NA,"","","","",NA,"",NA,"","","","","","","","","",NA,"","","",NA,"","","Bahia","Bahia","brazil",NA,"",NA,NA,NA,"","","Bahia",-41.72018023,-12.47295682,"Bahia","ba",-14.965,-45.922222,"original coordinates","original coordinates outside municipality original in bahia falls in cocos"
"22","Nectandra gardneri",1090719886,-10.583333,-46.416667,"gass84","0bcbd3a8-f22e-4350-a19d-a94fe6ca9738","b3422768-adc1-4be2-9f59-c1d7af724428","none","b38ff2b7-c8af-454e-b5af-ee760f0d5bca","BR","DWC_ARCHIVE","2018-11-24T12:36:19.186+0000","2018-09-25T15:43:14.282+0000",123,"none","PRESERVED_SPECIMEN",7304257,6,7707728,220,407,6688,3034018,7304257,7304257,"Nectandra gardneri Meisn.","Nectandra gardneri Meisn.","Plantae","Tracheophyta","Laurales","Lauraceae","Nectandra","Nectandra gardneri","Nectandra","gardneri","SPECIES","ACCEPTED","2001-10-01T00:00:00",0,0,"","Tocantins",2001,5,3,"2001-05-03T00:00:00","2018-09-20T18:10:46.000+0000","2018-12-08T04:44:24.512+0000","http://creativecommons.org/licenses/by-nc/4.0/legalcode","none","none","none","WGS84","Magnoliopsida","BR","Brazil","UFG - Herbário da Universidade Federal de Goiás","BRA:UFG:UFG:0000027069","373","UFG - Herbário da Universidade Federal de Goiás","Mateiros","Região do Jalapão; proximidades do rio Preto; campo limpo úmido com capões de Mauritia flexuosa; solo hidromórfico; relevo plano; dentro de capões de Buritis.","pt","UFG",1090719886,"BRA:UFG:UFG:0000027069","Collection","Sampaio, A.B.; et al.","27069","UFG","Universidade Federal de Goiás (UFG)","Árvore 7m; pétalas e estames amarelos.","Carvalho, J.A.","","",NA,"","","",NA,"","",NA,"","","","",NA,"",NA,"","","","","","","","","",NA,"","","",NA,"","","Mateiros","Tocantins","brazil",3814,"Mateiros",1712702,-46.506827,-10.577145,"TOCANTINS","TO","Tocantins",-48.32919432,-10.14913269,"Tocantins","to",-10.583333,-46.416667,"original coordinates","original coordinates OK"
"23","Nectandra gardneri",1095223654,-14.116111,-46.346666,"gass84","e38d4c95-3a1d-4594-9ae9-883b48042e6d","7ef169f9-81f8-46a2-a7f7-240df6a1889c","none","b38ff2b7-c8af-454e-b5af-ee760f0d5bca","BR","DWC_ARCHIVE","2018-11-23T18:21:15.338+0000","2018-11-23T18:21:15.484+0000",123,"none","PRESERVED_SPECIMEN",7304257,6,7707728,220,407,6688,3034018,7304257,7304257,"Nectandra gardneri Meisn.","Nectandra gardneri Meisn.","Plantae","Tracheophyta","Laurales","Lauraceae","Nectandra","Nectandra gardneri","Nectandra","gardneri","SPECIES","ACCEPTED","none",840,0,"","Goiás",2001,10,16,"2001-10-16T00:00:00","","2018-11-23T18:22:14.659+0000","http://creativecommons.org/licenses/by-nc/4.0/legalcode","none","none","none","WGS84","Magnoliopsida","BR","Brazil","CEN - Herbário da Embrapa Recursos Genéticos e Biotecnologia","BRA:Cenargen:CEN:0000045450","4449","CEN - Herbário da Embrapa Recursos Genéticos e Biotecnologia","POSSE","Área próxima ao Aeroporto de Posse, (lado oposto).","pt","CEN",1095223654,"BRA:Cenargen:CEN:0000045450","Collection","Roberta Cunha de Mendonça","45450","Cenargen","Empresa Brasileira de Pesquisa Agropecuária (EMBRAPA)","Subarbusto heliófilo com cerca de 60 cm de altura caule com casca lisa folhas crassas. discolor verde, flor com calice verde e corola alvacenta, anterass creme, Doação do Herbário IBGE - Reserva Ecológica do IBGE. Plantas do Brasil -","B. M. T. Walter","","",1,"Exsicatas","","",NA,"","",NA,"","","","",NA,"",NA,"","","","","","","","","",NA,"","","",NA,"","","POSSE","Goiás","brazil",3319,"Posse",5218300,-46.4412,-14.236368,"GOIAS","GO","Goiás",-49.62349059,-16.04162242,"Goiás","go",-14.116111,-46.346666,"original coordinates","original coordinates OK"
"24","Nectandra gardneri",1095223679,-14.961388,-46.37,"gass84","e38d4c95-3a1d-4594-9ae9-883b48042e6d","7ef169f9-81f8-46a2-a7f7-240df6a1889c","none","b38ff2b7-c8af-454e-b5af-ee760f0d5bca","BR","DWC_ARCHIVE","2018-11-23T18:21:15.390+0000","2018-11-23T18:21:15.523+0000",123,"none","PRESERVED_SPECIMEN",7304257,6,7707728,220,407,6688,3034018,7304257,7304257,"Nectandra gardneri Meisn.","Nectandra gardneri Meisn.","Plantae","Tracheophyta","Laurales","Lauraceae","Nectandra","Nectandra gardneri","Nectandra","gardneri","SPECIES","ACCEPTED","none",830,0,"","Goiás",2001,10,19,"2001-10-19T00:00:00","","2018-11-23T18:22:14.755+0000","http://creativecommons.org/licenses/by-nc/4.0/legalcode","none","none","none","WGS84","Magnoliopsida","BR","Brazil","CEN - Herbário da Embrapa Recursos Genéticos e Biotecnologia","BRA:Cenargen:CEN:0000045488","4496","CEN - Herbário da Embrapa Recursos Genéticos e Biotecnologia","POSSE","Estrada entre Guarani e Posse. Entrada em desvio ao lado direito de quem vai p/ Posse, área cecada.","pt","CEN",1095223679,"BRA:Cenargen:CEN:0000045488","Collection","Roberta Cunha de Mendonça","45488","Cenargen","Empresa Brasileira de Pesquisa Agropecuária (EMBRAPA)","Subarbusto heliófilo ca 50 cm altura, caule com casca lisa,. Folhas coriáceas, discolor verde. flor alvacenta antera cremeabundante. Doação do Herbário IBGE - Reserva Ecológica do IBGE. Plantas do Brasil - Goiás.","B. M. T. Walter","","",1,"Exsicatas","","",NA,"","",NA,"","","","",NA,"",NA,"","","","","","","","","",NA,"","","",NA,"","","POSSE","Goiás","brazil",3319,"Posse",5218300,-46.4412,-14.236368,"GOIAS","GO","Goiás",-49.62349059,-16.04162242,"Goiás","go",-14.961388,-46.37,"original coordinates","original coordinates outside municipality original in posse falls in formoso"
"25","Nectandra gardneri",1258129935,-14.965,-45.922222,"cdround,gass84,iddatunl","7bd65a7a-f762-11e1-a439-00145eb45e9a","90fd6680-349f-11d8-aa2d-b8a03c50a862","none","c4e134d3-c68f-406d-a116-6a37895602e0","US","DWC_ARCHIVE","2018-06-20T07:54:33.675+0000","2016-03-21T14:31:08.019+0000",28,"none","PRESERVED_SPECIMEN",7304257,6,7707728,220,407,6688,3034018,7304257,7304257,"Nectandra gardneri Meisn.","Nectandra gardneri Meisn.","Plantae","Tracheophyta","Laurales","Lauraceae","Nectandra","Nectandra gardneri","Nectandra","gardneri","SPECIES","ACCEPTED","2004-01-01T00:00:00",735,NA,"SOUTH_AMERICA","Bahia",2001,NA,NA,"2001-01-01T00:00:00","2015-03-19T10:49:00.000+0000","2018-07-07T19:45:08.413+0000","http://creativecommons.org/licenses/by/4.0/legalcode","none","none","none","WGS84","Magnoliopsida","BR","Brazil","Missouri Botanical Garden","urn:catalog:MO:Tropicos:100800454","Fonseca 2783","Tropicos","","Municipio de Cocos. Fazenda Trijunção. Próximo á Sede Santa Luzia. Solo: gleizado. Relevo: levemente ondulado. Veget,: Vereada.","","MO",1258129935,"urn:catalog:MO:Tropicos:100800454","PhysicalObject","Marina L. Fonseca|et al.","100800454","MO","MOBOT","","H. van der Werff (MO)","","",1,"","No opinion","ICNafp",17801062,"http://www.tropicos.org/Specimen/100800454","http://biocol.org/urn:lsid:biocol.org:col:15859",NA,"","","","",NA,"",NA,"","","","","","","","","",NA,"","","",NA,"","","","Bahia","brazil",NA,"",NA,NA,NA,"","","Bahia",-41.72018023,-12.47295682,"Bahia","ba",-14.965,-45.922222,"original coordinates","original coordinates outside municipality original in  falls in cocos"
"26","Nectandra gardneri",1252616817,-16.628611,-55.187778,"gass84","1bb3cae3-b91f-4109-8a2d-a1f05f2d6fd3","76dbcb10-efc5-4d5f-87a5-bcd409fc92c8","none","b38ff2b7-c8af-454e-b5af-ee760f0d5bca","BR","DWC_ARCHIVE","2018-11-24T12:30:30.376+0000","2018-09-25T14:04:44.454+0000",126,"none","PRESERVED_SPECIMEN",7304257,6,7707728,220,407,6688,3034018,7304257,7304257,"Nectandra gardneri Meisn.","Nectandra gardneri Meisn.","Plantae","Tracheophyta","Laurales","Lauraceae","Nectandra","Nectandra gardneri","Nectandra","gardneri","SPECIES","ACCEPTED","1997-09-01T00:00:00",NA,NA,"","Mato Grosso",1995,5,8,"1995-05-08T00:00:00","2018-08-21T18:30:06.000+0000","2018-12-08T15:43:36.042+0000","http://creativecommons.org/licenses/by-nc/4.0/legalcode","none","none","none","WGS84","Magnoliopsida","BR","Brazil","SPF - Herbário da Universidade de São Paulo","BRA:USP:SPF:0000100811","56","SPF - Herbário da Universidade de São Paulo","","Faz. Santa Edwiges, várzea do Rio São Lourenço.","pt","SPF",1252616817,"BRA:USP:SPF:0000100811","Collection","Roque, N","100811","USP","Universidade de São Paulo, USP","","Baitello, JB","","",NA,"","","",NA,"","",NA,"","","","",NA,"",NA,"","","","","","","","","",NA,"","","",NA,"","","","Mato Grosso","brazil",NA,"",NA,NA,NA,"","","Mato Grosso",-55.91290105,-12.94917881,"Mato Grosso","mt",-16.628611,-55.187778,"original coordinates","original coordinates outside municipality original in  falls in santo antonio do leverger"
"27","Nectandra gardneri",1095215345,-11.433333,-46.066666,"gass84","e38d4c95-3a1d-4594-9ae9-883b48042e6d","7ef169f9-81f8-46a2-a7f7-240df6a1889c","none","b38ff2b7-c8af-454e-b5af-ee760f0d5bca","BR","DWC_ARCHIVE","2018-11-23T18:21:06.973+0000","2018-11-23T18:21:07.030+0000",123,"none","PRESERVED_SPECIMEN",7304257,6,7707728,220,407,6688,3034018,7304257,7304257,"Nectandra gardneri Meisn.","Nectandra gardneri Meisn.","Plantae","Tracheophyta","Laurales","Lauraceae","Nectandra","Nectandra gardneri","Nectandra","gardneri","SPECIES","ACCEPTED","none",800,0,"","Bahia",1995,11,12,"1995-11-12T00:00:00","","2018-11-23T18:21:55.979+0000","http://creativecommons.org/licenses/by-nc/4.0/legalcode","none","none","none","WGS84","Magnoliopsida","BR","Brazil","CEN - Herbário da Embrapa Recursos Genéticos e Biotecnologia","BRA:Cenargen:CEN:0000035719","3114","CEN - Herbário da Embrapa Recursos Genéticos e Biotecnologia","FORMOSA DO RIO PRETO","PROJETO OURO VERDE","pt","CEN",1095215345,"BRA:Cenargen:CEN:0000035719","Collection","Glocimar Pereira-Silva","35719","Cenargen","Empresa Brasileira de Pesquisa Agropecuária (EMBRAPA)","","B. M. T. Walter","","",5,"Exsicatas","","",NA,"","",NA,"","","","",NA,"",NA,"","","","","","","","","",NA,"","","",NA,"","","FORMOSA DO RIO PRETO","Bahia","brazil",3741,"Formosa do Rio Preto",2911105,-45.761366,-11.020387,"BAHIA","BA","Bahia",-41.72018023,-12.47295682,"Bahia","ba",-11.433333,-46.066666,"original coordinates","original coordinates OK"
"28","Nectandra gardneri",1095200572,-15.933333,-47.9,"gass84","e38d4c95-3a1d-4594-9ae9-883b48042e6d","7ef169f9-81f8-46a2-a7f7-240df6a1889c","none","b38ff2b7-c8af-454e-b5af-ee760f0d5bca","BR","DWC_ARCHIVE","2018-11-23T18:20:51.763+0000","2018-11-23T18:20:51.891+0000",123,"none","PRESERVED_SPECIMEN",7304257,6,7707728,220,407,6688,3034018,7304257,7304257,"Nectandra gardneri Meisn.","Nectandra gardneri Meisn.","Plantae","Tracheophyta","Laurales","Lauraceae","Nectandra","Nectandra gardneri","Nectandra","gardneri","SPECIES","ACCEPTED","none",1050,0,"","Distrito Federal",1994,7,14,"1994-07-14T00:00:00","","2018-11-23T18:21:25.473+0000","http://creativecommons.org/licenses/by-nc/4.0/legalcode","none","none","none","WGS84","Magnoliopsida","BR","Brazil","CEN - Herbário da Embrapa Recursos Genéticos e Biotecnologia","BRA:Cenargen:CEN:0000018378","2179","CEN - Herbário da Embrapa Recursos Genéticos e Biotecnologia","BRASILIA","Fazenda Água Limpa/UNB. Mata de galeria do Córrego da Onça; coletada no final da mata, em local semi-enchacado, mesmo na epoca da seca, solo areno-argiloso com muita serrapilheira. Flora do Brasil","pt","CEN",1095200572,"BRA:Cenargen:CEN:0000018378","Collection","Bruno Machado Teles Walter","18378","Cenargen","Empresa Brasileira de Pesquisa Agropecuária (EMBRAPA)","Cálice creme-ferrugíneo; corola creme, anteras creme, estigma branco, pedicelos ferrugíneos, Flores com odor forte e agradável. folhas discolores (face adaxial verde escuro e abaxial verde-claro).","F. Bucci","","",1,"Exsicatas","","",NA,"","",NA,"","","","",NA,"",NA,"","","","","","","","","",NA,"","","",NA,"","","BRASILIA","Distrito Federal","brazil",3101,"Brasília",5300108,-47.797394,-15.780212,"DISTRITO FEDERAL","DF","Distrito Federal",-47.79774208,-15.78050687,"Distrito Federal","df",-15.933333,-47.9,"original coordinates","original coordinates OK"
"29","Nectandra gardneri",1144729470,-9.25,-36.41667,"gass84","f577c9f3-ae71-4278-b6bf-512ba1dfaa21","43a26bbf-466a-4335-96cc-01d0656c614a","none","6040a0d6-f762-11e1-a439-00145eb45e9a","CH","BIOCASE","2018-12-11T23:28:58.845+0000","2016-02-24T13:17:42.318+0000",43,"none","PRESERVED_SPECIMEN",7304257,6,7707728,220,407,6688,3034018,7304257,7304257,"Nectandra gardneri Meisn.","Nectandra gardneri Meisn.","Plantae","Tracheophyta","Laurales","Lauraceae","Nectandra","Nectandra gardneri","Nectandra","gardneri","SPECIES","ACCEPTED","none",550,NA,"","",1994,11,24,"1994-11-24T00:00:00","","2018-12-06T21:55:14.598+0000","http://creativecommons.org/licenses/by-nc/4.0/legalcode","none","none","none","WGS84","Magnoliopsida","BR","Brazil","","","","","","Pedra Talhada - Reserva biológica (Convenio IBAMA-Associação Pedra Talhada)/Estado de Alagoas","","Geneva Herbarium – General Collection (G)",1144729470,"","","Cervi, A. C., R. Spichiger, P.-A. Loizeau & E. Cottier","G-G-223495/1","G","","","Spichiger, R. (1995)","","",NA,"","","",NA,"","",707,"","","","",NA,"",NA,"","","","","","","","","",NA,"","","",NA,"","","","","brazil",NA,"",NA,NA,NA,"","","",NA,NA,NA,"",-9.25,-36.41667,"original coordinates","original coordinates outside municipality original in  falls in quebrangulo"
"30","Nectandra gardneri",1931280572,-9.25,-36.42,"gass84","d415c253-4d61-4459-9d25-4015b9084fb0","ae447c50-b8a8-11d8-92a4-b8a03c50a862","none","17017c2c-036b-45d9-b045-606d21b00771","US","DWC_ARCHIVE","2018-11-18T16:25:58.195+0000","2018-11-18T16:25:58.250+0000",96,"none","PRESERVED_SPECIMEN",7304257,6,7707728,220,407,6688,3034018,7304257,7304257,"Nectandra gardneri Meisn.","Nectandra gardneri Meisn.","Plantae","Tracheophyta","Laurales","Lauraceae","Nectandra","Nectandra gardneri","Nectandra","gardneri","SPECIES","ACCEPTED","1995-01-01T00:00:00",0,0,"SOUTH_AMERICA","Alagoas",1994,11,24,"1994-11-24T00:00:00","","2018-12-07T05:43:17.586+0000","http://creativecommons.org/publicdomain/zero/1.0/legalcode","none","none","none","WGS84","Magnoliopsida","BR","Brazil","The New York Botanical Garden","f8923fe8-de25-4bc0-ac14-9d3abdcf8f79","CA7236","Vascular plants","","Reserva BiolÃ³gica de Pedra Talhada","en","NY",1931280572,"f8923fe8-de25-4bc0-ac14-9d3abdcf8f79","PhysicalObject","A. C. Cervi","1034335","NY","","","R. Spichiger","","",NA,"sheet","","ICN",NA,"","http://biocol.org/urn:lsid:biocol.org:col:15556",NA,"http://sweetgum.nybg.org/science/vh/specimen_details.php?irn=1251477","Agreste, area de transiÃ§Ã£o florestas estacional semidecidual/decidual contrafortes da borborema, solos argilosos profundos com aflor. de rochas (gneiss); mata densa","http://biocol.org/urn:lsid:biocol.org:col:15556","24 Nov 1994",328,"Quebrangulo",328,"","","","","","","","","",NA,"","","",NA,"","","","Alagoas","brazil",NA,"",NA,NA,NA,"","","Alagoas",-36.62362821,-9.51494324,"Alagoas","al",-9.25,-36.42,"original coordinates","original coordinates outside municipality original in  falls in quebrangulo"
"31","Nectandra gardneri",1095196733,-11.121388,-45.466666,"gass84","e38d4c95-3a1d-4594-9ae9-883b48042e6d","7ef169f9-81f8-46a2-a7f7-240df6a1889c","none","b38ff2b7-c8af-454e-b5af-ee760f0d5bca","BR","DWC_ARCHIVE","2018-11-23T18:20:47.332+0000","2018-11-23T18:20:47.420+0000",123,"none","PRESERVED_SPECIMEN",7304257,6,7707728,220,407,6688,3034018,7304257,7304257,"Nectandra gardneri Meisn.","Nectandra gardneri Meisn.","Plantae","Tracheophyta","Laurales","Lauraceae","Nectandra","Nectandra gardneri","Nectandra","gardneri","SPECIES","ACCEPTED","none",530,0,"","Bahia",1989,4,7,"1989-04-07T00:00:00","","2018-11-23T18:21:13.981+0000","http://creativecommons.org/licenses/by-nc/4.0/legalcode","none","none","none","WGS84","Magnoliopsida","BR","Brazil","CEN - Herbário da Embrapa Recursos Genéticos e Biotecnologia","BRA:Cenargen:CEN:0000013599","209","CEN - Herbário da Embrapa Recursos Genéticos e Biotecnologia","FORMOSA DO RIO PRETO","Brasil - Formosa do Rio Preto - Próximo a vereda ""Olhos D'água"".","pt","CEN",1095196733,"BRA:Cenargen:CEN:0000013599","Collection","Bruno Machado Teles Walter","13599","Cenargen","Empresa Brasileira de Pesquisa Agropecuária (EMBRAPA)","cerrado próximo ai Rio Riachão, solo arenoso, altitude 530 m, próximo a vereda 'Olhos D'água', frutos imaturos. Doação do Projeto Biogeografia do Bioma Cerrado. Convênio SEPLAN/FUB/IBGE/EMBRAPA/FZDF.","B. M. T. Walter","","",1,"Exsicatas","","",NA,"","",NA,"","","","",NA,"",NA,"","","","","","","","","",NA,"","","",NA,"","","FORMOSA DO RIO PRETO","Bahia","brazil",3741,"Formosa do Rio Preto",2911105,-45.761366,-11.020387,"BAHIA","BA","Bahia",-41.72018023,-12.47295682,"Bahia","ba",-11.121388,-45.466666,"original coordinates","original coordinates OK"
"32","Nectandra gardneri",1252615438,-12.3,-55.533333,"gass84","1bb3cae3-b91f-4109-8a2d-a1f05f2d6fd3","76dbcb10-efc5-4d5f-87a5-bcd409fc92c8","none","b38ff2b7-c8af-454e-b5af-ee760f0d5bca","BR","DWC_ARCHIVE","2018-11-24T12:30:15.239+0000","2018-09-25T14:04:20.868+0000",126,"none","PRESERVED_SPECIMEN",7304257,6,7707728,220,407,6688,3034018,7304257,7304257,"Nectandra gardneri Meisn.","Nectandra gardneri Meisn.","Plantae","Tracheophyta","Laurales","Lauraceae","Nectandra","Nectandra gardneri","Nectandra","gardneri","SPECIES","ACCEPTED","2007-04-01T00:00:00",NA,NA,"","Mato Grosso",1985,9,18,"1985-09-18T00:00:00","2018-08-21T18:30:06.000+0000","2018-12-08T15:43:35.505+0000","http://creativecommons.org/licenses/by-nc/4.0/legalcode","none","none","none","WGS84","Magnoliopsida","BR","Brazil","SPF - Herbário da Universidade de São Paulo","BRA:USP:SPF:0000045555","3848","SPF - Herbário da Universidade de São Paulo","Sinop","","pt","SPF",1252615438,"BRA:USP:SPF:0000045555","Collection","Thomas, WW","45555","USP","Universidade de São Paulo, USP","","Alves, FM","","",NA,"","","",NA,"","",NA,"","","","",NA,"",NA,"","","","","","","","","",NA,"","","",NA,"","","Sinop","Mato Grosso","brazil",3640,"Sinop",5107909,-55.499737,-11.712608,"MATO GROSSO","MT","Mato Grosso",-55.91290105,-12.94917881,"Mato Grosso","mt",-12.3,-55.533333,"original coordinates","original coordinates outside municipality original in sinop falls in vera"
"33","Nectandra gardneri",1257661420,-12.3,-55.533333,"cdround,gass84,iddatunl","7bd65a7a-f762-11e1-a439-00145eb45e9a","90fd6680-349f-11d8-aa2d-b8a03c50a862","none","c4e134d3-c68f-406d-a116-6a37895602e0","US","DWC_ARCHIVE","2018-06-20T07:52:42.864+0000","2016-03-21T14:14:56.279+0000",28,"none","PRESERVED_SPECIMEN",7304257,6,7707728,220,407,6688,3034018,7304257,7304257,"Nectandra gardneri Meisn.","Nectandra gardneri Meisn.","Plantae","Tracheophyta","Laurales","Lauraceae","Nectandra","Nectandra gardneri","Nectandra","gardneri","SPECIES","ACCEPTED","2010-01-01T00:00:00",NA,NA,"SOUTH_AMERICA","Mato Grosso do Sul",1985,9,18,"1985-09-18T00:00:00","2013-08-23T04:12:00.000+0000","2018-07-07T19:45:08.262+0000","http://creativecommons.org/licenses/by/4.0/legalcode","none","none","none","WGS84","Magnoliopsida","BR","Brazil","Missouri Botanical Garden","urn:catalog:MO:Tropicos:100311784","Thomas 3848","Tropicos","","Mun. Sinop: 7 km. E of BR163, N of Rio Celeste, 51 km. S of Sinop. Riverine forest and marsh along Corrigo Nandico.","","MO",1257661420,"urn:catalog:MO:Tropicos:100311784","PhysicalObject","W. Wayt Thomas|J.O. Guedes|R. Pereira de Lima","100311784","MO","MOBOT","","H. van der Werff (MO)","","",1,"","No opinion","ICNafp",17801062,"http://www.tropicos.org/Specimen/100311784","http://biocol.org/urn:lsid:biocol.org:col:15859",NA,"","","","",NA,"",NA,"","","","","","","","","",NA,"","","",NA,"","","","Mato Grosso do Sul","brazil",NA,"",NA,NA,NA,"","","Mato Grosso do Sul",-54.84600034,-20.32777902,"Mato Grosso do Sul","ms",-12.3,-55.533333,"original coordinates","original coordinates outside municipality original in  falls in vera"
"34","Nectandra gardneri",1088995399,-16.431,-53.373,"gass84","7741a517-ab3d-4b85-ae58-56322e44c8ce","d073b448-6b80-4364-8c38-18d08b88797f","none","b38ff2b7-c8af-454e-b5af-ee760f0d5bca","BR","DWC_ARCHIVE","2018-12-03T13:50:39.897+0000","2018-12-03T16:40:37.395+0000",122,"none","PRESERVED_SPECIMEN",7304257,6,7707728,220,407,6688,3034018,7304257,7304257,"Nectandra gardneri Meisn.","Nectandra gardneri Meisn.","Plantae","Tracheophyta","Laurales","Lauraceae","Nectandra","Nectandra gardneri","Nectandra","gardneri","SPECIES","ACCEPTED","1997-02-13T00:00:00",700,0,"","Mato Grosso",1979,4,12,"1979-04-12T00:00:00","2018-11-21T16:30:25.000+0000","2018-12-08T04:37:24.201+0000","http://creativecommons.org/licenses/by-nc/4.0/legalcode","none","none","none","WGS84","Magnoliopsida","BR","Brazil","UEC - Herbário da Universidade Estadual de Campinas","BRA:UNICAMP:UEC:0000021974","1034","UEC - Herbário da Universidade Estadual de Campinas","Alto Garça","Alto Araguaia.&nf;Margem esquerda Ribeirão do Bonito, próximo à ponte velha.","pt","UEC",1088995399,"BRA:UNICAMP:UEC:0000021974","Collection","Macedo, M.; Duarte, A.; Assumpção, A.","21974","UNICAMP","Universidade Estadual de Campinas, UNICAMP","Árvore. Flor Branca.&nf;Terrestre. Pouco frequente.&nf;; Mata ciliar. Solo arenoso úmido.","Baitello, J.B.","","",NA,"","","",NA,"","",NA,"","","","",NA,"",NA,"","","","","","","","","",NA,"","","",NA,"","","Alto Garça","Mato Grosso","brazil",NA,"",NA,NA,NA,"","","Mato Grosso",-55.91290105,-12.94917881,"Mato Grosso","mt",-16.431,-53.373,"original coordinates","original coordinates outside municipality original in alto garca falls in guiratinga"
"35","Nectandra gardneri",1929725796,-14.558439,-56.221805,"cdround","d415c253-4d61-4459-9d25-4015b9084fb0","ae447c50-b8a8-11d8-92a4-b8a03c50a862","none","17017c2c-036b-45d9-b045-606d21b00771","US","DWC_ARCHIVE","2018-11-18T15:25:30.077+0000","2018-11-18T15:25:30.086+0000",96,"none","PRESERVED_SPECIMEN",7304257,6,7707728,220,407,6688,3034018,7304257,7304257,"Nectandra gardneri Meisn.","Nectandra gardneri Meisn.","Plantae","Tracheophyta","Laurales","Lauraceae","Nectandra","Nectandra gardneri","Nectandra","gardneri","SPECIES","ACCEPTED","none",0,0,"SOUTH_AMERICA","Mato Grosso",1979,6,18,"1979-06-18T00:00:00","","2018-12-08T12:47:36.579+0000","http://creativecommons.org/publicdomain/zero/1.0/legalcode","none","none","none","WGS84","Magnoliopsida","BR","Brazil","The New York Botanical Garden","8aa7afd8-804c-4769-88d0-d96af837f7a3","4983","Vascular plants","","Km-165 da Rod. CuiabÃ¡-SantarÃ©m, entroncamento.","en","NY",1929725796,"8aa7afd8-804c-4769-88d0-d96af837f7a3","PhysicalObject","M. G. da Silva","00918082","NY","","","J. G. Rohwer","","",NA,"sheet","","ICN",NA,"","http://biocol.org/urn:lsid:biocol.org:col:15556",166.94,"http://sweetgum.nybg.org/science/vh/specimen_details.php?irn=985795","Terra firme arenosa.","http://biocol.org/urn:lsid:biocol.org:col:15556","18 Jun 1979",169,"Diamantino",169,"! J.G. Rohwer, 1993","2013-09-27","Georeferencing Quick Reference Guide, Version 2012","Google Maps (map data 2013), Manis Georef. Calculator","","","","","",NA,"","","",NA,"","","","Mato Grosso","brazil",NA,"",NA,NA,NA,"","","Mato Grosso",-55.91290105,-12.94917881,"Mato Grosso","mt",-14.558439,-56.221805,"original coordinates","original coordinates outside municipality original in  falls in diamantino"
"36","Nectandra gardneri",1931150391,-17.0922,-51.816667,"cdround","d415c253-4d61-4459-9d25-4015b9084fb0","ae447c50-b8a8-11d8-92a4-b8a03c50a862","none","17017c2c-036b-45d9-b045-606d21b00771","US","DWC_ARCHIVE","2018-11-18T16:24:59.186+0000","2018-10-19T15:14:39.649+0000",96,"none","PRESERVED_SPECIMEN",7304257,6,7707728,220,407,6688,3034018,7304257,7304257,"Nectandra gardneri Meisn.","Nectandra gardneri Meisn.","Plantae","Tracheophyta","Laurales","Lauraceae","Nectandra","Nectandra gardneri","Nectandra","gardneri","SPECIES","ACCEPTED","none",800,0,"SOUTH_AMERICA","GoiÃ¡s",1973,5,1,"1973-05-01T00:00:00","","2018-12-08T04:59:08.141+0000","http://creativecommons.org/publicdomain/zero/1.0/legalcode","none","none","none","WGS84","Magnoliopsida","BR","Brazil","The New York Botanical Garden","ef616623-8510-4909-bfd5-c973da507af4","9558","Vascular plants","","Serra do CaiapÃ³, ca. 16 km (straight line) S of CaiapÃ´nia.","en","NY",1931150391,"ef616623-8510-4909-bfd5-c973da507af4","PhysicalObject","W. R. Anderson","00918080","NY","","","H. H. van der Werff","","",NA,"sheet","","ICN",NA,"","http://biocol.org/urn:lsid:biocol.org:col:15556",5000,"http://sweetgum.nybg.org/science/vh/specimen_details.php?irn=985786","Brejo near stream.","http://biocol.org/urn:lsid:biocol.org:col:15556","01 May 1973",121,"CaiapÃ´nia",121,"! J.G. Rohwer, 1993","","Online gazetteer","speciesLink (http://splink.cria.org.br/)","2625 ft","","","","",NA,"","","",NA,"","","","GoiÃ¡s","brazil",NA,"",NA,NA,NA,"","","Goiás",-49.62349059,-16.04162242,"Goiás","go",-17.0922,-51.816667,"original coordinates","original coordinates outside municipality original in  falls in caiaponia"
"37","Nectandra gardneri",1213549276,-16.9567,-51.8103,"gass84","d82d5a18-0428-4e52-be16-f509153e8126","e97090cb-7731-41c7-ac24-31a841730654","none","b38ff2b7-c8af-454e-b5af-ee760f0d5bca","BR","DWC_ARCHIVE","2018-11-14T17:18:26.055+0000","2018-01-05T18:34:10.477+0000",114,"none","PRESERVED_SPECIMEN",7304257,6,7707728,220,407,6688,3034018,7304257,7304257,"Nectandra gardneri Meisn.","Nectandra gardneri Meisn.","Plantae","Tracheophyta","Laurales","Lauraceae","Nectandra","Nectandra gardneri","Nectandra","gardneri","SPECIES","ACCEPTED","none",9999,0,"SOUTH_AMERICA","Goiás",1973,5,1,"1973-05-01T00:00:00","","2018-07-08T01:34:56.126+0000","http://creativecommons.org/licenses/by-nc/4.0/legalcode","none","none","none","WGS84","Magnoliopsida","BR","Brazil","UB - Herbário da Universidade de Brasília","BRA:UnB:UB:0000092529","9558","UB - Herbário da Universidade de Brasília","Caiapônia","Caiapônia, 16km ao S de Caiapônia","pt","UB",1213549276,"BRA:UnB:UB:0000092529","Collection","Anderson, WR","92529","UnB","Universidade de Brasília (UnB)","","Moraes, PLR","","",NA,"","","",NA,"","",NA,"","","","",NA,"",NA,"","","","","","","","","",NA,"","","",NA,"","","Caiapônia","Goiás","brazil",2905,"Caiapônia",5204409,-51.816149,-17.006145,"GOIAS","GO","Goiás",-49.62349059,-16.04162242,"Goiás","go",-16.9567,-51.8103,"original coordinates","original coordinates OK"
"38","Nectandra gardneri",1930032806,-12.9,-51.87,"gass84","d415c253-4d61-4459-9d25-4015b9084fb0","ae447c50-b8a8-11d8-92a4-b8a03c50a862","none","17017c2c-036b-45d9-b045-606d21b00771","US","DWC_ARCHIVE","2018-11-18T15:29:46.596+0000","2018-11-18T15:29:46.619+0000",96,"none","PRESERVED_SPECIMEN",7304257,6,7707728,220,407,6688,3034018,7304257,7304257,"Nectandra gardneri Meisn.","Nectandra gardneri Meisn.","Plantae","Tracheophyta","Laurales","Lauraceae","Nectandra","Nectandra gardneri","Nectandra","gardneri","SPECIES","ACCEPTED","none",0,0,"SOUTH_AMERICA","Mato Grosso",1968,5,25,"1968-05-25T00:00:00","","2018-12-06T11:24:23.432+0000","http://creativecommons.org/publicdomain/zero/1.0/legalcode","none","none","none","WGS84","Magnoliopsida","BR","Brazil","The New York Botanical Garden","a06aabc3-28b3-465d-8176-700c71a32692","R.1539","Vascular plants","","Lagoa de Leo, 8 km SW of the Base Camp of the Expedition (Base Camp c. 270 km N. of Xavantina).","en","NY",1930032806,"a06aabc3-28b3-465d-8176-700c71a32692","PhysicalObject","J. A. Ratter","00918083","NY","","","J. G. Rohwer; H. H. van der Werff","","",NA,"sheet","","ICN",NA,"","http://biocol.org/urn:lsid:biocol.org:col:15556",NA,"http://sweetgum.nybg.org/science/vh/specimen_details.php?irn=985800","Growing on the banks of a stream running through grassy campo.","http://biocol.org/urn:lsid:biocol.org:col:15556","25 May 1968",146,"",146,"! J.G. Rohwer, 1993","","","","","","","","",NA,"","","",NA,"","","","Mato Grosso","brazil",NA,"",NA,NA,NA,"","","Mato Grosso",-55.91290105,-12.94917881,"Mato Grosso","mt",-12.9,-51.87,"original coordinates","original coordinates outside municipality original in  falls in ribeirao cascalheira"
"39","Nectandra gardneri",1424154781,-12.9,-51.866667,"cdround,gass84","4300f8d5-1ae5-49e5-a101-63894b005868","838537fc-4aeb-4980-8b58-97fbdcd1d91a","none","da7fe11a-b42c-46cb-9e9d-02243edb738a","BR","DWC_ARCHIVE","2018-10-02T15:39:30.912+0000","2018-09-24T20:00:57.553+0000",207,"none","PRESERVED_SPECIMEN",7304257,6,7707728,220,407,6688,3034018,7304257,7304257,"Nectandra gardneri Meisn.","Nectandra gardneri Meisn.","Plantae","Tracheophyta","Laurales","Lauraceae","Nectandra","Nectandra gardneri","Nectandra","gardneri","SPECIES","ACCEPTED","1986-01-01T00:00:00",NA,NA,"","Mato Grosso",1968,5,25,"1968-05-25T00:00:00","2013-06-11T18:32:32.062+0000","2018-12-06T16:57:44.873+0000","http://creativecommons.org/licenses/by/4.0/legalcode","none","none","none","WGS84","Magnoliopsida","BR","Brazil","Rio de Janeiro Botanical Garden","urn:catalog:JBRJ:RB:421855","","RB - Rio de Janeiro Botanical Garden Herbarium Collection","Mato Grosso","Lagoa de Leo, 8 km. SW of the Base Camp of the Expedition (Base Camp 270 km. N. of Xavantina).","","RB",1424154781,"urn:catalog:JBRJ:RB:421855","PhysicalObject","J. A. Ratter; R. R. Santos, R. Souza & A. Ferreira","RB00421855","JBRJ","","Small tree, 4 m tall, trunk 1 cm. in diam. at breast. Barck sylverly, smooth. Blaze: wood, cream; cortéx, cream mottled with brown. Wood & leaves only faintly scented. Perianth white. 3 whools fertile stamens, innermost (4th) represented by 3 staminoides; innermost fertile whool introrse, outer 2 extrorse.","J. Rohwer","RB 165688","Growing on the banks of a stream sunny through grassy campo.",NA,"","","",NA,"","",NA,"","","","",NA,"",NA,"","","","","","","","","",NA,"","","",NA,"","","Mato Grosso","Mato Grosso","brazil",NA,"",NA,NA,NA,"","","Mato Grosso",-55.91290105,-12.94917881,"Mato Grosso","mt",-12.9,-51.866667,"original coordinates","original coordinates outside municipality original in mato grosso falls in ribeirao cascalheira"
"40","Nectandra gardneri",1137333585,-12.9,-51.866667,"","15f819bd-6612-4447-854b-14d12ee1022d","396d5f30-dea9-11db-8ab4-b8a03c50a862","none","65eb93af-41b8-4917-a5fc-cfe2a45aa4bf","NL","DWC_ARCHIVE","2018-12-11T19:20:58.500+0000","2018-01-23T11:26:47.920+0000",81,"none","PRESERVED_SPECIMEN",7304257,6,7707728,220,407,6688,3034018,7304257,7304257,"Nectandra gardneri Meisn.","Nectandra gardneri Meisn.","Plantae","Tracheophyta","Laurales","Lauraceae","Nectandra","Nectandra gardneri","Nectandra","gardneri","SPECIES","ACCEPTED","none",NA,NA,"SOUTH_AMERICA","",1968,5,25,"1968-05-25T00:00:00","","2018-12-10T08:22:36.803+0000","http://creativecommons.org/publicdomain/zero/1.0/legalcode","none","none","none","WGS84","Magnoliopsida","BR","Brazil","","U.1406678","","","","Flora of Mato Grosso, Lagoa de leo, 8 km SW of the Base Camp of the Expedition (Base Camp, c. 20 km N. of Xavantina).","","Botany",1137333585,"http://data.biodiversitydata.nl/naturalis/specimen/U.1406678","","Ratter JA; Santos RR de; Souza R; Ferreira A","U.1406678","","","","","","",NA,"","","ICN",NA,"","",NA,"","","","1968/05/25",NA,"",NA,"","","","","","species","Plantae|Magnoliopsidae|Laurales|Lauraceae","","",NA,"","","",NA,"","","","","brazil",NA,"",NA,NA,NA,"","","",NA,NA,NA,"",-12.9,-51.866667,"original coordinates","original coordinates outside municipality original in  falls in ribeirao cascalheira"
"41","Nectandra gardneri",1929590909,-12.9455499691,-51.8249179961806,"cdrep","d415c253-4d61-4459-9d25-4015b9084fb0","ae447c50-b8a8-11d8-92a4-b8a03c50a862","none","17017c2c-036b-45d9-b045-606d21b00771","US","DWC_ARCHIVE","2018-11-18T15:24:18.953+0000","2018-11-18T15:24:18.996+0000",96,"none","PRESERVED_SPECIMEN",7304257,6,7707728,220,407,6688,3034018,7304257,7304257,"Nectandra gardneri Meisn.","Nectandra gardneri Meisn.","Plantae","Tracheophyta","Laurales","Lauraceae","Nectandra","Nectandra gardneri","Nectandra","gardneri","SPECIES","ACCEPTED","none",0,0,"SOUTH_AMERICA","Mato Grosso",1966,5,28,"1966-05-28T00:00:00","","2018-12-08T20:59:53.557+0000","http://creativecommons.org/publicdomain/zero/1.0/legalcode","none","none","none","WGS84","Magnoliopsida","BR","Brazil","The New York Botanical Garden","810d9746-5b60-409c-9ded-8a7096ac52c7","5628","Vascular plants","","Xavantina - Cachimbo road, 200 km from Xavantina.","en","NY",1929590909,"810d9746-5b60-409c-9ded-8a7096ac52c7","PhysicalObject","D. R. Hunt","00918076","NY","","","R. C. Barneby; C. K. Allen","","",NA,"sheet","","ICN",NA,"","http://biocol.org/urn:lsid:biocol.org:col:15556",106632,"http://sweetgum.nybg.org/science/vh/specimen_details.php?irn=985761","Edge of gallery forest.","http://biocol.org/urn:lsid:biocol.org:col:15556","28 May 1966",148,"RibeirÃ£o Cascalheira",148,"! J.G. Rohwer 1989 & 1993","","Other source","CRIA (Centro de ReferÃªncia em InformaÃ§Ã£o Ambiental)","","","","","",NA,"","","",NA,"","","","Mato Grosso","brazil",NA,"",NA,NA,NA,"","","Mato Grosso",-55.91290105,-12.94917881,"Mato Grosso","mt",-12.9455499691,-51.8249179961806,"original coordinates","original coordinates outside municipality original in  falls in ribeirao cascalheira"
"42","Nectandra gardneri",1259056673,-14.9,-52.4,"gass84,iddatunl","7bd65a7a-f762-11e1-a439-00145eb45e9a","90fd6680-349f-11d8-aa2d-b8a03c50a862","none","c4e134d3-c68f-406d-a116-6a37895602e0","US","DWC_ARCHIVE","2018-06-20T07:57:46.304+0000","2016-03-21T15:10:13.096+0000",28,"none","PRESERVED_SPECIMEN",7304257,6,7707728,220,407,6688,3034018,7304257,7304257,"Nectandra gardneri Meisn.","Nectandra gardneri Meisn.","Plantae","Tracheophyta","Laurales","Lauraceae","Nectandra","Nectandra gardneri","Nectandra","gardneri","SPECIES","ACCEPTED","1987-01-01T00:00:00",400,NA,"SOUTH_AMERICA","Mato Grosso",1966,6,12,"1966-06-12T00:00:00","2010-10-07T15:18:00.000+0000","2018-07-07T07:20:54.667+0000","http://creativecommons.org/licenses/by/4.0/legalcode","none","none","none","WGS84","Magnoliopsida","BR","Brazil","Missouri Botanical Garden","urn:catalog:MO:Tropicos:1806152","Irwin 17018","Tropicos","","Periodically flooded campo, ca. 30 km. S. of Xavantina.","","MO",1259056673,"urn:catalog:MO:Tropicos:1806152","PhysicalObject","Howard S. Irwin|R. Souza|J.W. Grear|R. Reis dos Santos","1806152","MO","MOBOT","","J.G. Rohwer","","",NA,"","No opinion","ICNafp",17801062,"http://www.tropicos.org/Specimen/1806152","http://biocol.org/urn:lsid:biocol.org:col:15859",NA,"","","","",NA,"",NA,"","","","","","","","","",NA,"","","",NA,"","","","Mato Grosso","brazil",NA,"",NA,NA,NA,"","","Mato Grosso",-55.91290105,-12.94917881,"Mato Grosso","mt",-14.9,-52.4,"original coordinates","original coordinates outside municipality original in  falls in nova xavantina"
"43","Nectandra gardneri",1929006842,-14.03,-52.12,"gass84","d415c253-4d61-4459-9d25-4015b9084fb0","ae447c50-b8a8-11d8-92a4-b8a03c50a862","none","17017c2c-036b-45d9-b045-606d21b00771","US","DWC_ARCHIVE","2018-11-18T14:53:42.906+0000","2018-10-19T13:54:38.024+0000",96,"none","PRESERVED_SPECIMEN",7304257,6,7707728,220,407,6688,3034018,7304257,7304257,"Nectandra gardneri Meisn.","Nectandra gardneri Meisn.","Plantae","Tracheophyta","Laurales","Lauraceae","Nectandra","Nectandra gardneri","Nectandra","gardneri","SPECIES","ACCEPTED","none",550,0,"SOUTH_AMERICA","Mato Grosso",1966,6,5,"1966-06-05T00:00:00","","2018-12-08T19:31:02.621+0000","http://creativecommons.org/publicdomain/zero/1.0/legalcode","none","none","none","WGS84","Magnoliopsida","BR","Brazil","The New York Botanical Garden","57912cd9-a5da-4477-94e9-8fd358c37330","16647","Vascular plants","","Ca. 75 km. N. of Xavantina.  Serra do Roncador.","en","NY",1929006842,"57912cd9-a5da-4477-94e9-8fd358c37330","PhysicalObject","H. S. Irwin","00918078","NY","","","R. C. Barneby; C. K. Allen","","",NA,"sheet","","ICN",NA,"","http://biocol.org/urn:lsid:biocol.org:col:15556",25000,"http://sweetgum.nybg.org/science/vh/specimen_details.php?irn=985778","Creek margin. Cerrado, metamorphic rock (cascalho). Wood voucher.","http://biocol.org/urn:lsid:biocol.org:col:15556","05 Jun 1966",156,"",156,"! J.G. Rohwer, 1993","","","Carta do Brasil ao MilionÃ©simo (Instituto Brasileiro de Geografia e EstatÃ­stica) S.D. 22.  ""GoiÃ¡s"" 1Âª ed.  1959.  1:  1,000,000.","1804 ft","","","","",NA,"","","",NA,"","","","Mato Grosso","brazil",NA,"",NA,NA,NA,"","","Mato Grosso",-55.91290105,-12.94917881,"Mato Grosso","mt",-14.03,-52.12,"original coordinates","original coordinates outside municipality original in  falls in agua boa"
"44","Nectandra gardneri",1929611682,-15.894010798681,-52.2574555819269,"cdrep","d415c253-4d61-4459-9d25-4015b9084fb0","ae447c50-b8a8-11d8-92a4-b8a03c50a862","none","17017c2c-036b-45d9-b045-606d21b00771","US","DWC_ARCHIVE","2018-11-18T15:24:29.189+0000","2018-10-19T14:21:32.476+0000",96,"none","PRESERVED_SPECIMEN",7304257,6,7707728,220,407,6688,3034018,7304257,7304257,"Nectandra gardneri Meisn.","Nectandra gardneri Meisn.","Plantae","Tracheophyta","Laurales","Lauraceae","Nectandra","Nectandra gardneri","Nectandra","gardneri","SPECIES","ACCEPTED","none",800,200,"SOUTH_AMERICA","Mato Grosso",1966,6,19,"1966-06-19T00:00:00","","2018-12-08T21:07:52.820+0000","http://creativecommons.org/publicdomain/zero/1.0/legalcode","none","none","none","WGS84","Magnoliopsida","BR","Brazil","The New York Botanical Garden","8276f4e7-eb70-491e-ac92-ab7bef0c0363","6092","Vascular plants","","Barra do GarÃ§as - Xavantina road, 77 km. from Barra do GarÃ§as.","en","NY",1929611682,"8276f4e7-eb70-491e-ac92-ab7bef0c0363","PhysicalObject","D. R. Hunt","00918077","NY","","","R. C. Barneby; C. K. Allen","","",NA,"sheet","","ICN",NA,"","http://biocol.org/urn:lsid:biocol.org:col:15556",123012,"http://sweetgum.nybg.org/science/vh/specimen_details.php?irn=985771","Wet campo with Mauritia.","http://biocol.org/urn:lsid:biocol.org:col:15556","19 Jun 1966",170,"Barra do GarÃ§as",170,"! J.G. Rohwer 1989 & 1993","","Other source","CRIA (Centro de ReferÃªncia em InformaÃ§Ã£o Ambiental)","1969-3281 ft","","","","",NA,"","","",NA,"","","","Mato Grosso","brazil",NA,"",NA,NA,NA,"","","Mato Grosso",-55.91290105,-12.94917881,"Mato Grosso","mt",-15.894010798681,-52.2574555819269,"original coordinates","original coordinates outside municipality original in  falls in barra do garcas"
"45","Nectandra gardneri",1930528183,-14.92,-52.32,"gass84","d415c253-4d61-4459-9d25-4015b9084fb0","ae447c50-b8a8-11d8-92a4-b8a03c50a862","none","17017c2c-036b-45d9-b045-606d21b00771","US","DWC_ARCHIVE","2018-11-18T15:59:43.782+0000","2018-10-19T14:48:25.670+0000",96,"none","PRESERVED_SPECIMEN",7304257,6,7707728,220,407,6688,3034018,7304257,7304257,"Nectandra gardneri Meisn.","Nectandra gardneri Meisn.","Plantae","Tracheophyta","Laurales","Lauraceae","Nectandra","Nectandra gardneri","Nectandra","gardneri","SPECIES","ACCEPTED","none",400,0,"SOUTH_AMERICA","Mato Grosso",1966,6,12,"1966-06-12T00:00:00","","2018-12-08T21:00:47.837+0000","http://creativecommons.org/publicdomain/zero/1.0/legalcode","none","none","none","WGS84","Magnoliopsida","BR","Brazil","The New York Botanical Garden","c3409cab-fee0-4cd1-a45f-b9948e2221c8","17018","Vascular plants","","Ca. 30 km. S. of Xavantina.  Drainage of the Upper Rio Araguaia.","en","NY",1930528183,"c3409cab-fee0-4cd1-a45f-b9948e2221c8","PhysicalObject","H. S. Irwin","00918079","NY","","","R. C. Barneby; C. K. Allen","","",NA,"sheet","","ICN",NA,"","http://biocol.org/urn:lsid:biocol.org:col:15556",10000,"http://sweetgum.nybg.org/science/vh/specimen_details.php?irn=985783","Periodically flooded campo.","http://biocol.org/urn:lsid:biocol.org:col:15556","12 Jun 1966",163,"",163,"! J.G. Rohwer, 1993","","","Carta do Brasil ao MilionÃ©simo (Instituto Brasileiro de Geografia e EstatÃ­stica) S.D. 22.  ""GoiÃ¡s"" 1Âª ed.  1959.  1:  1,000,000.","1312 ft","","","","",NA,"","","",NA,"","","","Mato Grosso","brazil",NA,"",NA,NA,NA,"","","Mato Grosso",-55.91290105,-12.94917881,"Mato Grosso","mt",-14.92,-52.32,"original coordinates","original coordinates outside municipality original in  falls in barra do garcas"
"46","Nectandra gardneri",1228427732,-10.8339,-52.8731,"gass84","90c853e6-56bd-480b-8e8f-6285c3f8d42b","7b8aff00-a9f8-11d8-944b-b8a03c50a862","none","3b84ff5b-79ce-427c-acb7-b4004e160f66","US","DWC_ARCHIVE","2018-11-22T21:33:50.849+0000","2018-11-22T21:33:50.877+0000",97,"none","PRESERVED_SPECIMEN",7304257,6,7707728,220,407,6688,3034018,7304257,7304257,"Nectandra gardneri Meisn.","Nectandra gardneri Meisn.","Plantae","Tracheophyta","Laurales","Lauraceae","Nectandra","Nectandra gardneri","Nectandra","gardneri","SPECIES","ACCEPTED","none",NA,NA,"SOUTH_AMERICA","",1846,NA,NA,"1846-01-01T00:00:00","","2018-12-07T20:11:29.771+0000","http://creativecommons.org/publicdomain/zero/1.0/legalcode","none","none","none","WGS84","Magnoliopsida","BR","Brazil","The Field Museum of Natural History","02294f38-dddd-43c8-b13d-db0c96e63c5a","5151","Negatives/Types","","","en","Botany",1228427732,"02294f38-dddd-43c8-b13d-db0c96e63c5a","PhysicalObject","G. Gardner",NA,"F","F","","","","",NA,"","","ICBN",NA,"","Botany",NA,"","","F","",NA,"",NA,"","","","","","","Plantae Spermatophyta Dicotyledoneae Lauraceae","ISOLECTOTYPE","South America, BRAZIL",225693,"seeds-20-nov-2018","http://fieldmuseum.org/about/copyright-information","",NA,"","","","","brazil",NA,"",NA,NA,NA,"","","",NA,NA,NA,"",-10.8339,-52.8731,"original coordinates","original coordinates outside municipality original in  falls in sao jose do xingu"
"47","Nectandra gardneri",1056782910,-19.690239,-44.096503,"gass84","7e380070-f762-11e1-a439-00145eb45e9a","19456090-b49a-11d8-abeb-b8a03c50a862","none","60277b56-f762-11e1-a439-00145eb45e9a","GB","DWC_ARCHIVE","2018-12-05T05:48:29.621+0000","2018-12-05T05:48:29.735+0000",100,"none","PRESERVED_SPECIMEN",7304257,6,7707728,220,407,6688,3034018,7304257,7304257,"Nectandra gardneri Meisn.","Nectandra gardneri Meisn.","Plantae","Tracheophyta","Laurales","Lauraceae","Nectandra","Nectandra gardneri","Nectandra","gardneri","SPECIES","ACCEPTED","none",NA,NA,"SOUTH_AMERICA","Minas Gerais",NA,NA,NA,"none","2018-03-12T00:00:00.000+0000","2018-12-05T05:53:16.130+0000","http://creativecommons.org/publicdomain/zero/1.0/legalcode","none","none","none","WGS84","Magnoliopsida","BR","Brazil","","574440","5151","","","","","BOT",1056782910,"0e6958ff-e8ce-4cc6-93d9-64e407722b8b","","George Gardner","BM000947261","NHMUK","","","Jens Gunter Rohwer","NHMUK:ecatalogue:574440","",NA,"","","",NA,"","",NA,"","","","",NA,"",NA,"","","Google Earth","","","","Lauraceae","TYPE","South America; Brazil; Minas Gerais; Pedro Leopoldo",NA,"","","{""determinationfiledas"": ""Yes"", ""collectionkind"": ""Sheet"", ""gbifissue"": [""COORDINATE_ROUNDED;GEODETIC_DATUM_ASSUMED_WGS84""], ""created"": ""2010-01-26"", ""gbifid"": 1056782910, ""project"": ""GPI Georeferencing"", ""determinationnames"": ""Nectandra gardneri Meisn."", ""geom"": ""-19.690239,-44.096503"", ""subdepartment"": ""Flowering Plants"", ""imagecategory"": [""Specimen""]}",5151,"","","","Minas Gerais","brazil",NA,"",NA,NA,NA,"","","Minas Gerais",-44.67333254,-18.45539008,"Minas Gerais","mg",-19.690239,-44.096503,"original coordinates","original coordinates outside municipality original in  falls in pedro leopoldo"
"48","Nectandra gardneri",1144635887,-18.78778,-45.44222,"gass84,rdativ","63e9e22d-a649-4087-b39e-acb1651af077","43a26bbf-466a-4335-96cc-01d0656c614a","none","6040a0d6-f762-11e1-a439-00145eb45e9a","CH","BIOCASE","2018-12-11T20:22:47.315+0000","2018-03-08T04:01:13.892+0000",41,"none","PRESERVED_SPECIMEN",5685298,6,7707728,220,407,6688,3034018,7304257,5685298,"Nectandra gardneri var. scrobiculata Meisn.","Nectandra gardneri var. scrobiculata Meisn.","Plantae","Tracheophyta","Laurales","Lauraceae","Nectandra","Nectandra gardneri","Nectandra","gardneri","VARIETY","DOUBTFUL","none",NA,NA,"","",NA,NA,NA,"none","","2018-12-06T21:54:00.511+0000","http://creativecommons.org/licenses/by-nc/4.0/legalcode","none","none","none","WGS84","Magnoliopsida","BR","Brazil","","","","","","Minas Gerais - Prov. Minas Gerais/Estado de Minas Gerais","","Geneva Herbarium – De Candolle's Prodromus (G-DC)",1144635887,"","","Gardner, G. (Coll. HERBIER DE CANDOLLE)","G-DC-157490/1","G","","","CAT.HERB.PRODR. (2008)","","",NA,"","","",NA,"","",NA,"","","","",NA,"",NA,"","","","","","","","ISOLECTOTYPE","",NA,"","","",NA,"scrobiculata","Nectandra gardneri Meisn.","","","brazil",NA,"",NA,NA,NA,"","","",NA,NA,NA,"",-18.78778,-45.44222,"original coordinates","original coordinates outside municipality original in  falls in biquinhas"
"49","Nectandra gardneri",1228239138,-10.8339,-52.8731,"gass84","90c853e6-56bd-480b-8e8f-6285c3f8d42b","7b8aff00-a9f8-11d8-944b-b8a03c50a862","none","3b84ff5b-79ce-427c-acb7-b4004e160f66","US","DWC_ARCHIVE","2018-11-22T21:36:47.566+0000","2018-11-22T21:36:47.611+0000",97,"none","PRESERVED_SPECIMEN",5685300,6,7707728,220,407,6688,3034018,7304257,7304257,"Nectandra gardneri var. laevigata Meisn.","Nectandra gardneri Meisn.","Plantae","Tracheophyta","Laurales","Lauraceae","Nectandra","Nectandra gardneri","Nectandra","gardneri","VARIETY","SYNONYM","none",NA,NA,"SOUTH_AMERICA","",NA,NA,NA,"none","","2018-12-07T20:09:38.532+0000","http://creativecommons.org/publicdomain/zero/1.0/legalcode","none","none","none","WGS84","Magnoliopsida","BR","Brazil","The Field Museum of Natural History","8de590e4-de21-45c2-a723-f1c1cbf44ba0","2883","Negatives/Types","","","en","Botany",1228239138,"8de590e4-de21-45c2-a723-f1c1cbf44ba0","PhysicalObject","J. B. E. Pohl","V0061499F","F","F","","","","",NA,"","","ICBN",NA,"","Botany",NA,"","","F","",NA,"",NA,"","","","","","","Plantae Spermatophyta Dicotyledoneae Lauraceae","ISOTYPE","South America, BRAZIL",261101,"seeds-20-nov-2018","http://fieldmuseum.org/about/copyright-information","",NA,"laevigata","","","","brazil",NA,"",NA,NA,NA,"","","",NA,NA,NA,"",-10.8339,-52.8731,"original coordinates","original coordinates outside municipality original in  falls in sao jose do xingu"
