"","name","key","decimalLatitude","decimalLongitude","issues","datasetKey","publishingOrgKey","networkKeys","installationKey","publishingCountry","protocol","lastCrawled","lastParsed","crawlId","extensions","basisOfRecord","taxonKey","kingdomKey","phylumKey","classKey","orderKey","familyKey","genusKey","speciesKey","acceptedTaxonKey","scientificName","acceptedScientificName","kingdom","phylum","order","family","genus","species","genericName","specificEpithet","taxonRank","taxonomicStatus","dateIdentified","elevation","stateProvince.original","year","month","day","eventDate","modified","lastInterpreted","license","identifiers","facts","relations","geodeticDatum","class","countryCode","country.original","rightsHolder","identifier","recordNumber","datasetName","municipality.original","locality","collectionCode","gbifID","occurrenceID","type","recordedBy","catalogNumber","otherCatalogNumbers","institutionCode","fieldNotes","identifiedBy","elevationAccuracy","language","ownerInstitutionCode","occurrenceRemarks","continent","references","institutionID","nomenclaturalCode","verbatimEventDate","endDayOfYear","county","preparations","startDayOfYear","verbatimElevation","collectionID","fieldNumber","verbatimLocality","identificationQualifier","coordinateUncertaintyInMeters","georeferenceProtocol","georeferenceSources","individualCount","habitat","higherGeography","higherClassification","typeStatus","organismID","datasetID","accessRights","municipality","stateProvince","country","FID","NOME","GEOCODIGO","POINT_X","POINT_Y","NOMEUF","SIGLAUF","estados_shp","x_estado","y_estado","nome","sigla","new_Lat","new_Lon","notes","comments"
"1","Dendropanax monogynus",1571706115,-22.920556,-43.083056,"cdround,gass84","4300f8d5-1ae5-49e5-a101-63894b005868","838537fc-4aeb-4980-8b58-97fbdcd1d91a","none","da7fe11a-b42c-46cb-9e9d-02243edb738a","BR","DWC_ARCHIVE","2018-10-02T15:37:02.853+0000","2018-09-24T19:58:44.530+0000",207,"none","PRESERVED_SPECIMEN",3035063,6,7707728,220,1351,8800,3034954,3035063,3035063,"Dendropanax monogynus Seem.","Dendropanax monogynus Seem.","Plantae","Tracheophyta","Apiales","Araliaceae","Dendropanax","Dendropanax monogynus","Dendropanax","monogynus","SPECIES","ACCEPTED","2016-12-19T00:00:00",294,"Rio de Janeiro",2016,12,19,"2016-12-19T00:00:00","2017-10-15T13:03:01.862+0000","2018-12-08T17:22:58.381+0000","http://creativecommons.org/licenses/by/4.0/legalcode","none","none","none","WGS84","Magnoliopsida","BR","Brazil","Rio de Janeiro Botanical Garden","urn:catalog:JBRJ:RB:1331590","1097","RB - Rio de Janeiro Botanical Garden Herbarium Collection","Niterói","São Francisco, Parque Natural Municipal de Niterói (PARNIT), Morro Santo Inácio","RB",1571706115,"urn:catalog:JBRJ:RB:1331590","PhysicalObject","D.N.S. Machado; G.A. de Queiroz; L.R. Caires; L.S. Cunha","RB01331590","RB 733478","JBRJ","Mata Atlântica, Floresta Ombrófila Densa Submontana","D.N.S. Machado",NA,"","","","","","","","",NA,"","",NA,"","",NA,"","",NA,"",NA,NA,"","","","",NA,"","","Niterói","Rio de Janeiro","brazil",1365,"Niterói",3303302,-43.054805,-22.91459,"RIO DE JANEIRO","RJ","Rio de Janeiro",-42.66307908,-22.19581555,"Rio de Janeiro","rj",-22.920556,-43.083056,"original coordinates","original coordinates OK"
"2","Dendropanax monogynus",1095182482,-24.555,-48.105028,"gass84,iddatunl","dd31ac22-63d4-4bb4-a987-5eece5ffadb8","042a7696-696b-492b-ad3e-4076807eaeed","none","b38ff2b7-c8af-454e-b5af-ee760f0d5bca","BR","DWC_ARCHIVE","2018-11-24T12:32:09.989+0000","2018-11-24T12:32:10.052+0000",118,"none","PRESERVED_SPECIMEN",3035063,6,7707728,220,1351,8800,3034954,3035063,3035063,"Dendropanax monogynus Seem.","Dendropanax monogynus Seem.","Plantae","Tracheophyta","Apiales","Araliaceae","Dendropanax","Dendropanax monogynus","Dendropanax","monogynus","SPECIES","ACCEPTED","2015-01-01T00:00:00",44,"São Paulo",2015,3,27,"2015-03-27T00:00:00","","2018-11-24T12:32:20.187+0000","http://creativecommons.org/licenses/by-nc/4.0/legalcode","none","none","none","WGS84","Magnoliopsida","BR","Brazil","HCF - Herbário da Universidade Tecnológica Federal do Paraná Campus Campo Mourão","BRA:UTFPR:HCF:0000016544","5976","HCF - Herbário da Universidade Tecnológica Federal do Paraná Campus Campo Mourão","Eldorado","Fazenda Itaipava/ Catre","HCF",1095182482,"BRA:UTFPR:HCF:0000016544","Collection","M.G. Caxambu","16544","","Universidade Tecnológica Federal do Paraná (UTFPR)","","P. Ferreira",0,"pt","Universidade Tecnológica Federal do Paraná (UTFPR)","arbusto ca. 1,8 m, semi-ciófilo. Flores alvas, terminais. Frutos imaturos verde-arroxeados.","","","","","",NA,"","",NA,"","",NA,"","",NA,"",NA,NA,"","","","",NA,"","","Eldorado","São Paulo","brazil",980,"Eldorado",3514809,-48.233534,-24.49474,"SAO PAULO","SP","São Paulo",-48.72944932,-22.26440593,"São Paulo","sp",-24.555,-48.105028,"original coordinates","original coordinates OK"
"3","Dendropanax monogynus",1848251197,-24.555,-48.105028,"gass84","3b8e9d83-b2d4-4a97-973c-31d98b67b1e9","ab5c0b99-5af3-4958-b03c-0b7e85481cc1","none","b38ff2b7-c8af-454e-b5af-ee760f0d5bca","BR","DWC_ARCHIVE","2018-12-03T15:24:42.916+0000","2018-06-04T19:36:12.667+0000",118,"none","PRESERVED_SPECIMEN",3035063,6,7707728,220,1351,8800,3034954,3035063,3035063,"Dendropanax monogynus Seem.","Dendropanax monogynus Seem.","Plantae","Tracheophyta","Apiales","Araliaceae","Dendropanax","Dendropanax monogynus","Dendropanax","monogynus","SPECIES","ACCEPTED","2015-01-01T00:00:00",44,"São Paulo",2015,3,27,"2015-03-27T00:00:00","2018-05-10T18:40:11.000+0000","2018-12-08T15:08:35.830+0000","http://creativecommons.org/licenses/by-nc/4.0/legalcode","none","none","none","WGS84","Magnoliopsida","BR","Brazil","MBM - Herbário do Museu Botânico Municipal","BRA:MBM:MBM:0000409166","5976","MBM - Herbário do Museu Botânico Municipal","Eldorado","Fazenda Itaipava/Catre","MBM",1848251197,"BRA:MBM:MBM:0000409166","Collection","Caxambu, MG","409166","","MBM","","Ferreira, PC",0,"pt","Museu Botânico Municipal de Curitiba, MBM","Arbusto ca. 1,8 m, semi-ciófilo. Flores alvas, terminais. Frutos imaturos verde-arroxeados.; Relevo: ondulado. Vegetação: Floresta Ombrófila Densa Submontana.","SOUTH_AMERICA","","","","",NA,"","",NA,"","",NA,"","",NA,"",NA,NA,"","","","",NA,"","","Eldorado","São Paulo","brazil",980,"Eldorado",3514809,-48.233534,-24.49474,"SAO PAULO","SP","São Paulo",-48.72944932,-22.26440593,"São Paulo","sp",-24.555,-48.105028,"original coordinates","original coordinates OK"
"4","Dendropanax monogynus",1086916608,-24.366389,-48.13,"gass84","16ed67e5-fd70-4fd4-85c3-70ea2da627fe","52603cfd-d564-4e89-a466-5e71813677be","none","b38ff2b7-c8af-454e-b5af-ee760f0d5bca","BR","DWC_ARCHIVE","2018-11-24T08:56:59.192+0000","2018-11-24T08:56:59.216+0000",126,"none","PRESERVED_SPECIMEN",3035063,6,7707728,220,1351,8800,3034954,3035063,3035063,"Dendropanax monogynus Seem.","Dendropanax monogynus Seem.","Plantae","Tracheophyta","Apiales","Araliaceae","Dendropanax","Dendropanax monogynus","Dendropanax","monogynus","SPECIES","ACCEPTED","2014-03-01T00:00:00",300,"São Paulo",2014,2,4,"2014-02-04T00:00:00","2018-11-05T15:51:19.000+0000","2018-12-08T13:01:20.427+0000","http://creativecommons.org/licenses/by-nc/4.0/legalcode","none","none","none","WGS84","Magnoliopsida","BR","Brazil","SPSF - Herbário Dom Bento José Pickel","BRA:IF:SPSF:0000048503","1649","SPSF - Herbário Dom Bento José Pickel","Eldorado","Fazenda Nova Trieste","SPSF",1086916608,"BRA:IF:SPSF:0000048503","Collection","F. A. R. D. P. Arzolla & A.Z.Antunes","48503","","IF","","F. A. R. D. P. Arzolla",0,"pt","Instituto Florestal, IF","COLETA: Árvore com botões florais.; GEOGRAFIA: Moquem.&nf;Floresta Ombrófila Densa Submontana.;","SOUTH_AMERICA","","","","",NA,"","",NA,"","",NA,"","",NA,"",NA,NA,"","","","",NA,"","","Eldorado","São Paulo","brazil",980,"Eldorado",3514809,-48.233534,-24.49474,"SAO PAULO","SP","São Paulo",-48.72944932,-22.26440593,"São Paulo","sp",-24.366389,-48.13,"original coordinates","original coordinates OK"
"5","Dendropanax monogynus",1086915670,-24.571111,-48.668611,"gass84","16ed67e5-fd70-4fd4-85c3-70ea2da627fe","52603cfd-d564-4e89-a466-5e71813677be","none","b38ff2b7-c8af-454e-b5af-ee760f0d5bca","BR","DWC_ARCHIVE","2018-11-24T08:56:58.558+0000","2018-11-24T08:56:58.650+0000",126,"none","PRESERVED_SPECIMEN",3035063,6,7707728,220,1351,8800,3034954,3035063,3035063,"Dendropanax monogynus Seem.","Dendropanax monogynus Seem.","Plantae","Tracheophyta","Apiales","Araliaceae","Dendropanax","Dendropanax monogynus","Dendropanax","monogynus","SPECIES","ACCEPTED","2013-02-27T00:00:00",332,"São Paulo",2013,2,19,"2013-02-19T00:00:00","2018-11-05T15:51:19.000+0000","2018-12-08T13:01:19.868+0000","http://creativecommons.org/licenses/by-nc/4.0/legalcode","none","none","none","WGS84","Magnoliopsida","BR","Brazil","SPSF - Herbário Dom Bento José Pickel","BRA:IF:SPSF:0000047491","436","SPSF - Herbário Dom Bento José Pickel","Iporanga","Sem Fim","SPSF",1086915670,"BRA:IF:SPSF:0000047491","Collection","C.Moura & F.E.S.P.Vilela & F.A.R.D.P.Arzolla & N.M.Ivanauskas & A.A. de Oliveira","47491","","IF","","N.M.Ivanauskas",0,"pt","Instituto Florestal, IF","COLETA: Árvore com flores amarelo-esverdeadas.; GEOGRAFIA: Floresta Ombrófila Densa Submontana.;","SOUTH_AMERICA","","","","",NA,"","",NA,"","",NA,"","",NA,"",NA,NA,"","","","",NA,"","","Iporanga","São Paulo","brazil",976,"Iporanga",3521200,-48.546321,-24.513056,"SAO PAULO","SP","São Paulo",-48.72944932,-22.26440593,"São Paulo","sp",-24.571111,-48.668611,"original coordinates","original coordinates OK"
"6","Dendropanax monogynus",1424492443,-22.916667,-43,"cdround,gass84","4300f8d5-1ae5-49e5-a101-63894b005868","838537fc-4aeb-4980-8b58-97fbdcd1d91a","none","da7fe11a-b42c-46cb-9e9d-02243edb738a","BR","DWC_ARCHIVE","2018-10-02T15:42:54.875+0000","2018-09-24T20:04:07.597+0000",207,"none","PRESERVED_SPECIMEN",3035063,6,7707728,220,1351,8800,3034954,3035063,3035063,"Dendropanax monogynus Seem.","Dendropanax monogynus Seem.","Plantae","Tracheophyta","Apiales","Araliaceae","Dendropanax","Dendropanax monogynus","Dendropanax","monogynus","SPECIES","ACCEPTED","2013-03-26T00:00:00",231,"Rio de Janeiro",2013,3,26,"2013-03-26T00:00:00","2017-10-19T07:47:43.709+0000","2018-12-06T17:00:58.002+0000","http://creativecommons.org/licenses/by/4.0/legalcode","none","none","none","WGS84","Magnoliopsida","BR","Brazil","Rio de Janeiro Botanical Garden","urn:catalog:JBRJ:RB:879943","257","RB - Rio de Janeiro Botanical Garden Herbarium Collection","Niterói","Engenho do Mato, Parque Estadual da Serra da Tiririca, Morro do Cordovil, Vale das Borboletas, Trilha da Jararaca.","RB",1424492443,"urn:catalog:JBRJ:RB:879943","PhysicalObject","D.N.S. Machado et. al.","RB00879943","RB 606635","JBRJ","Floresta Ombrófila Densa Submontana","A.A.M. de Barros",NA,"","","Arbusto ca 1,50m; heliofilo, folhas membranáceas discolores verdes, botões florais alvos","","","","","",NA,"","",NA,"","",NA,"","",NA,"",NA,NA,"","","","",NA,"","","Niterói","Rio de Janeiro","brazil",1365,"Niterói",3303302,-43.054805,-22.91459,"RIO DE JANEIRO","RJ","Rio de Janeiro",-42.66307908,-22.19581555,"Rio de Janeiro","rj",-22.916667,-43,"original coordinates","original coordinates OK"
"7","Dendropanax monogynus",1143413303,-23.357222,-44.8675,"gass84","121275a3-dcce-44f4-9868-37326e9f64ef","d254f613-d4dd-4553-9fe3-b9485ca28371","none","b38ff2b7-c8af-454e-b5af-ee760f0d5bca","BR","DWC_ARCHIVE","2018-11-23T15:40:32.406+0000","2018-10-24T15:38:55.148+0000",122,"none","PRESERVED_SPECIMEN",3035063,6,7707728,220,1351,8800,3034954,3035063,3035063,"Dendropanax monogynus Seem.","Dendropanax monogynus Seem.","Plantae","Tracheophyta","Apiales","Araliaceae","Dendropanax","Dendropanax monogynus","Dendropanax","monogynus","SPECIES","ACCEPTED","1905-07-04T00:00:00",62,"São Paulo",2012,3,6,"2012-03-06T00:00:00","","2018-10-24T15:40:30.157+0000","http://creativecommons.org/licenses/by-nc/4.0/legalcode","none","none","none","WGS84","Magnoliopsida","BR","Brazil","FLOR - Herbário do Departamento de Botânica da Universidade Federal de Santa Catarina","BRA:UFSC:FLOR:0000057127","839","FLOR - Herbário do Departamento de Botânica da Universidade Federal de Santa Catarina","Ubatuba","Parque Estadual da Serra do Mar - Núcleo Picinguaba. Trilha para a praia Brava da Almada, a apartir da praia da Fazenda.","FLOR",1143413303,"BRA:UFSC:FLOR:0000057127","Collection","Santos, M.F.; Caliari, C.P. & Bunger, M.O.","57127","","Universidade Federal de Santa Catarina (UFSC)","","Fiaschi, P.",0,"pt","Universidade Federal de Santa Catarina (UFSC)","arvoreta, 4m de altura. Ramo imaturo verde, maduro verde-acinzentado. Haste da umbela vinácea na base, verde no ápice. Pedicelo verde. Cálice verde, corola creme, filetes alvos, anteras marrons. Amostra armazenada em sílica-gel. Mate","","","","","",NA,"","",NA,"","",NA,"","",NA,"",NA,NA,"","","","",NA,"","","Ubatuba","São Paulo","brazil",1216,"Ubatuba",3555406,-45.026117,-23.38322,"SAO PAULO","SP","São Paulo",-48.72944932,-22.26440593,"São Paulo","sp",-23.357222,-44.8675,"original coordinates","original coordinates OK"
"8","Dendropanax monogynus",1928620583,-23.3572,-44.8675,"elmms,gass84","d415c253-4d61-4459-9d25-4015b9084fb0","ae447c50-b8a8-11d8-92a4-b8a03c50a862","none","17017c2c-036b-45d9-b045-606d21b00771","US","DWC_ARCHIVE","2018-11-18T14:50:50.522+0000","2018-11-18T14:50:50.714+0000",96,"none","PRESERVED_SPECIMEN",3035063,6,7707728,220,1351,8800,3034954,3035063,3035063,"Dendropanax monogynus Seem.","Dendropanax monogynus Seem.","Plantae","Tracheophyta","Apiales","Araliaceae","Dendropanax","Dendropanax monogynus","Dendropanax","monogynus","SPECIES","ACCEPTED","none",31,"SÃ£o Paulo",2012,3,6,"2012-03-06T00:00:00","","2018-12-08T19:27:33.083+0000","http://creativecommons.org/publicdomain/zero/1.0/legalcode","none","none","none","WGS84","Magnoliopsida","BR","Brazil","The New York Botanical Garden","3c4b7356-ddbe-47eb-9e4b-42ff176e478d","839","Vascular plants","","Parque Estadual da Serra do Mar - Nucleo Picinguaba. Trilha para a praia Brava da Almada, a partir da praia da Fazenda. No sub-bosque.","NY",1928620583,"3c4b7356-ddbe-47eb-9e4b-42ff176e478d","PhysicalObject","M. F. Santos","02641683","","NY","","",31,"en","","","SOUTH_AMERICA","http://sweetgum.nybg.org/science/vh/specimen_details.php?irn=2914315","http://biocol.org/urn:lsid:biocol.org:col:15556","ICN","06 Mar 2012",66,"Ubatuba","sheet",66,"203 ft","http://biocol.org/urn:lsid:biocol.org:col:15556",NA,"","",NA,"",NA,NA,"","","","",NA,"","","","SÃ£o Paulo","brazil",NA,"",NA,NA,NA,"","","São Paulo",-48.72944932,-22.26440593,"São Paulo","sp",-23.3572,-44.8675,"original coordinates","original coordinates outside municipality original in  falls in ubatuba"
"9","Dendropanax monogynus",1089098915,-23.19492,-45.5643,"gass84,txmatfuz","7741a517-ab3d-4b85-ae58-56322e44c8ce","d073b448-6b80-4364-8c38-18d08b88797f","none","b38ff2b7-c8af-454e-b5af-ee760f0d5bca","BR","DWC_ARCHIVE","2018-12-03T13:51:42.353+0000","2018-12-03T16:41:20.286+0000",122,"none","PRESERVED_SPECIMEN",3035063,6,7707728,220,1351,8800,3034954,3035063,3035063,"Dendropanax monogynus Seem.","Dendropanax monogynus Seem.","Plantae","Tracheophyta","Apiales","Araliaceae","Dendropanax","Dendropanax monogynus","Dendropanax","monogynus","SPECIES","ACCEPTED","2011-05-01T00:00:00",999,"São Paulo",2011,3,11,"2011-03-11T00:00:00","2018-11-21T16:18:36.000+0000","2018-12-08T04:38:18.879+0000","http://creativecommons.org/licenses/by-nc/4.0/legalcode","none","none","none","WGS84","Magnoliopsida","BR","Brazil","UEC - Herbário da Universidade Estadual de Campinas","BRA:UNICAMP:UEC:0000160336","591","UEC - Herbário da Universidade Estadual de Campinas","São Luiz do Paraitinga","Parque Estadual, Floresta Ombrófila Densa Montana.","UEC",1089098915,"BRA:UNICAMP:UEC:0000160336","Collection","Marchiori, N.M.; Toledo, W.; Munhoz, I.; Cano, G.B.; Santos, F.C.","160336","","UNICAMP","","Marchiori, N.M.",0,"pt","Universidade Estadual de Campinas, UNICAMP","Material vegetativo. Cerca de 3 m de altura e 2 indivíduos distribuídos em 1 ha.","","","","","",NA,"","",NA,"","",NA,"","",NA,"",NA,NA,"","","","",NA,"","","São Luiz do Paraitinga","São Paulo","brazil",NA,"",NA,NA,NA,"","","São Paulo",-48.72944932,-22.26440593,"São Paulo","sp",-23.19492,-45.5643,"original coordinates","original coordinates outside municipality original in sao luiz do paraitinga falls in redencao da serra"
"10","Dendropanax monogynus",1089103791,-23.3583,-45.3205,"gass84,txmatfuz","7741a517-ab3d-4b85-ae58-56322e44c8ce","d073b448-6b80-4364-8c38-18d08b88797f","none","b38ff2b7-c8af-454e-b5af-ee760f0d5bca","BR","DWC_ARCHIVE","2018-12-03T13:51:44.967+0000","2018-12-03T16:41:22.352+0000",122,"none","PRESERVED_SPECIMEN",3035063,6,7707728,220,1351,8800,3034954,3035063,3035063,"Dendropanax monogynus Seem.","Dendropanax monogynus Seem.","Plantae","Tracheophyta","Apiales","Araliaceae","Dendropanax","Dendropanax monogynus","Dendropanax","monogynus","SPECIES","ACCEPTED","2011-10-01T00:00:00",850,"São Paulo",2011,6,30,"2011-06-30T00:00:00","2018-11-21T16:18:36.000+0000","2018-12-08T04:38:21.339+0000","http://creativecommons.org/licenses/by-nc/4.0/legalcode","none","none","none","WGS84","Magnoliopsida","BR","Brazil","UEC - Herbário da Universidade Estadual de Campinas","BRA:UNICAMP:UEC:0000167002","272","UEC - Herbário da Universidade Estadual de Campinas","Paraibuna","Parque Estadual da Serra do Mar. Mata Atlântica.","UEC",1089103791,"BRA:UNICAMP:UEC:0000167002","Collection","Stefani, E.J.F.; Belinello, R.; Galvão, J.C.","167002","","UNICAMP","","Stefani, E.J.F.",50,"pt","Universidade Estadual de Campinas, UNICAMP","Árvore com 5 m.","","","","","",NA,"","",NA,"","",NA,"","",NA,"",NA,NA,"","","","",NA,"","","Paraibuna","São Paulo","brazil",1180,"Paraibuna",3535606,-45.642423,-23.478827,"SAO PAULO","SP","São Paulo",-48.72944932,-22.26440593,"São Paulo","sp",-23.3583,-45.3205,"original coordinates","original coordinates outside municipality original in paraibuna falls in natividade da serra"
"11","Dendropanax monogynus",1089103688,-23.3766,-45.3076,"gass84,txmatfuz","7741a517-ab3d-4b85-ae58-56322e44c8ce","d073b448-6b80-4364-8c38-18d08b88797f","none","b38ff2b7-c8af-454e-b5af-ee760f0d5bca","BR","DWC_ARCHIVE","2018-12-03T13:51:44.935+0000","2018-12-03T16:41:22.348+0000",122,"none","PRESERVED_SPECIMEN",3035063,6,7707728,220,1351,8800,3034954,3035063,3035063,"Dendropanax monogynus Seem.","Dendropanax monogynus Seem.","Plantae","Tracheophyta","Apiales","Araliaceae","Dendropanax","Dendropanax monogynus","Dendropanax","monogynus","SPECIES","ACCEPTED","2010-12-01T00:00:00",70,"São Paulo",2010,5,30,"2010-05-30T00:00:00","2018-11-21T16:18:36.000+0000","2018-12-08T04:38:21.298+0000","http://creativecommons.org/licenses/by-nc/4.0/legalcode","none","none","none","WGS84","Magnoliopsida","BR","Brazil","UEC - Herbário da Universidade Estadual de Campinas","BRA:UNICAMP:UEC:0000166879","100","UEC - Herbário da Universidade Estadual de Campinas","Caraguatatuba","Parque Estadual da Serra do Mar.","UEC",1089103688,"BRA:UNICAMP:UEC:0000166879","Collection","Stefani, E.J.F.; Belinello, R.; Galvão, J.C.","166879","","UNICAMP","","Stefani, E.J.F.",20,"pt","Universidade Estadual de Campinas, UNICAMP","Árvore com 6 m.; Mata Atlântica.","","","","","",NA,"","",NA,"","",NA,"","",NA,"",NA,NA,"","","","",NA,"","","Caraguatatuba","São Paulo","brazil",1134,"Caraguatatuba",3510500,-45.488504,-23.638724,"SAO PAULO","SP","São Paulo",-48.72944932,-22.26440593,"São Paulo","sp",-23.3766,-45.3076,"original coordinates","original coordinates outside municipality original in caraguatatuba falls in natividade da serra"
"12","Dendropanax monogynus",1086912798,-23.841667,-49.143611,"gass84","16ed67e5-fd70-4fd4-85c3-70ea2da627fe","52603cfd-d564-4e89-a466-5e71813677be","none","b38ff2b7-c8af-454e-b5af-ee760f0d5bca","BR","DWC_ARCHIVE","2018-11-24T08:56:57.238+0000","2018-11-24T08:56:57.467+0000",126,"none","PRESERVED_SPECIMEN",3035063,6,7707728,220,1351,8800,3034954,3035063,3035063,"Dendropanax monogynus Seem.","Dendropanax monogynus Seem.","Plantae","Tracheophyta","Apiales","Araliaceae","Dendropanax","Dendropanax monogynus","Dendropanax","monogynus","SPECIES","ACCEPTED","2010-01-11T00:00:00",632.5,"São Paulo",2009,4,28,"2009-04-28T00:00:00","2018-11-05T15:51:19.000+0000","2018-12-08T13:01:18.662+0000","http://creativecommons.org/licenses/by-nc/4.0/legalcode","none","none","none","WGS84","Magnoliopsida","BR","Brazil","SPSF - Herbário Dom Bento José Pickel","BRA:IF:SPSF:0000044427","118","SPSF - Herbário Dom Bento José Pickel","Itaberá","Estação Ecológica de Itaberá","SPSF",1086912798,"BRA:IF:SPSF:0000044427","Collection","R.L.R.Santos & N.M.Ivanauskas & R.T.Polisel & T.M.Ribeiro & J. Ferreira","44427","","IF","","G.A.D.C. Franco",32.5,"pt","Instituto Florestal, IF","COLETA: Flor em botão.;","SOUTH_AMERICA","","","","",NA,"","",NA,"","",NA,"","",NA,"",NA,NA,"","","","",NA,"","","Itaberá","São Paulo","brazil",1074,"Itaberá",3521705,-49.143617,-23.874002,"SAO PAULO","SP","São Paulo",-48.72944932,-22.26440593,"São Paulo","sp",-23.841667,-49.143611,"original coordinates","original coordinates OK"
"13","Dendropanax monogynus",1090659286,-26.250444,-48.619972,"gass84","03929cfc-82e3-4f21-97e3-7be4de285584","76dbcb10-efc5-4d5f-87a5-bcd409fc92c8","none","b38ff2b7-c8af-454e-b5af-ee760f0d5bca","BR","DWC_ARCHIVE","2018-11-24T12:32:50.216+0000","2017-12-29T14:06:09.343+0000",137,"none","PRESERVED_SPECIMEN",3035063,6,7707728,220,1351,8800,3034954,3035063,3035063,"Dendropanax monogynus Seem.","Dendropanax monogynus Seem.","Plantae","Tracheophyta","Apiales","Araliaceae","Dendropanax","Dendropanax monogynus","Dendropanax","monogynus","SPECIES","ACCEPTED","none",10,"Santa Catarina",2008,1,1,"2008-01-01T00:00:00","2015-01-08T13:04:00.000+0000","2018-12-08T04:43:58.599+0000","http://creativecommons.org/licenses/by-nc/4.0/legalcode","none","none","none","WGS84","Magnoliopsida","BR","Brazil","SPFw - Xiloteca do Instituto de Biociências da Universidade de São Paulo","BRA:USP:SPFW:0000003563","102","SPFw - Xiloteca do Instituto de Biociências da Universidade de São Paulo","São Francisco do Sul","","SPFW",1090659286,"BRA:USP:SPFW:0000003563","Collection","Weiers, M.S. Raimundo, C.M.; Bilke, F.; Meirelles, J.; Bartz, M.C.","3563","","USP","","Charlin Manoel Raimundo",0,"pt","Universidade de São Paulo, USP","","","","","","",NA,"","",NA,"","",NA,"","",NA,"",NA,NA,"","","","",NA,"","","São Francisco do Sul","Santa Catarina","brazil",789,"São Francisco do Sul",4216206,-48.63917,-26.261705,"SANTA CATARINA","SC","Santa Catarina",-50.48226937,-27.24592878,"Santa Catarina","sc",-26.250444,-48.619972,"original coordinates","original coordinates OK"
"14","Dendropanax monogynus",1087518536,-26.454361,-48.953333,"gass84","f6a922c4-d0ca-4f9c-bba2-7b1939996439","efe6e324-c6aa-4ed0-9693-80e7ba5bab12","none","b38ff2b7-c8af-454e-b5af-ee760f0d5bca","BR","DWC_ARCHIVE","2018-11-23T15:39:50.394+0000","2017-12-29T14:06:18.385+0000",129,"none","PRESERVED_SPECIMEN",3035063,6,7707728,220,1351,8800,3034954,3035063,3035063,"Dendropanax monogynus Seem.","Dendropanax monogynus Seem.","Plantae","Tracheophyta","Apiales","Araliaceae","Dendropanax","Dendropanax monogynus","Dendropanax","monogynus","SPECIES","ACCEPTED","none",29,"Santa Catarina",2008,1,15,"2008-01-15T00:00:00","2014-09-09T17:08:36.000+0000","2018-12-08T13:04:52.919+0000","http://creativecommons.org/licenses/by-nc/4.0/legalcode","none","none","none","WGS84","Magnoliopsida","BR","Brazil","JOIw - Xiloteca Joinvillea","BRA:UNIVILLE:JOIW:0000000647","763","JOIw - Xiloteca Joinvillea","Guaramirim- Caixa D#?#água-BR-280","Floresta Ombrófila Densa Terras Baixas - Estágio Médio de Regeneração","JOIW",1087518536,"BRA:UNIVILLE:JOIW:0000000647","Collection","J.C.F.Melo Jr.","647","","UNIVILLE","","Tomy Fisher",0,"pt","Universidade da Região de Joinville (UNIVILLE)","Arvoreta, MAD=base; CB=3cm; h=1,5m. Botões florais verdes, corola branca.","","","","","",NA,"","",NA,"","",NA,"","",NA,"",NA,NA,"","","","",NA,"","","Guaramirim- Caixa D#?#água-BR-280","Santa Catarina","brazil",NA,"",NA,NA,NA,"","","Santa Catarina",-50.48226937,-27.24592878,"Santa Catarina","sc",-26.454361,-48.953333,"original coordinates","original coordinates outside municipality original in guaramirim- caixa d#?#agua-br-280 falls in guaramirim"
"15","Dendropanax monogynus",1090659120,-26.454361,-48.953333,"gass84","03929cfc-82e3-4f21-97e3-7be4de285584","76dbcb10-efc5-4d5f-87a5-bcd409fc92c8","none","b38ff2b7-c8af-454e-b5af-ee760f0d5bca","BR","DWC_ARCHIVE","2018-11-24T12:32:50.119+0000","2017-12-29T14:06:09.265+0000",137,"none","PRESERVED_SPECIMEN",3035063,6,7707728,220,1351,8800,3034954,3035063,3035063,"Dendropanax monogynus Seem.","Dendropanax monogynus Seem.","Plantae","Tracheophyta","Apiales","Araliaceae","Dendropanax","Dendropanax monogynus","Dendropanax","monogynus","SPECIES","ACCEPTED","none",29,"Santa Catarina",2008,1,1,"2008-01-01T00:00:00","2015-01-08T13:04:00.000+0000","2018-12-08T04:43:58.573+0000","http://creativecommons.org/licenses/by-nc/4.0/legalcode","none","none","none","WGS84","Magnoliopsida","BR","Brazil","SPFw - Xiloteca do Instituto de Biociências da Universidade de São Paulo","BRA:USP:SPFW:0000003449","763","SPFw - Xiloteca do Instituto de Biociências da Universidade de São Paulo","","","SPFW",1090659120,"BRA:USP:SPFW:0000003449","Collection","Melo Jr, J.C.F. Andreacci, F.; Weiers, M.S.; Gouveia, C.; Mafra, T.M.; Bartz, M.C.","3449","","USP","","Tomy Fisher",0,"pt","Universidade de São Paulo, USP","","","","","","",NA,"","",NA,"","",NA,"","",NA,"",NA,NA,"","","","",NA,"","","","Santa Catarina","brazil",NA,"",NA,NA,NA,"","","Santa Catarina",-50.48226937,-27.24592878,"Santa Catarina","sc",-26.454361,-48.953333,"original coordinates","original coordinates outside municipality original in  falls in guaramirim"
"16","Dendropanax monogynus",1135942590,-23.516667,-45.033333,"gass84","cbf8c968-37d6-45be-bf5c-e22914a384dc","a88bec5c-1cbf-47a2-8c3e-6081804d80a5","none","b38ff2b7-c8af-454e-b5af-ee760f0d5bca","BR","DWC_ARCHIVE","2018-12-03T15:21:40.706+0000","2018-01-05T16:39:49.738+0000",81,"none","PRESERVED_SPECIMEN",3035063,6,7707728,220,1351,8800,3034954,3035063,3035063,"Dendropanax monogynus Seem.","Dendropanax monogynus Seem.","Plantae","Tracheophyta","Apiales","Araliaceae","Dendropanax","Dendropanax monogynus","Dendropanax","monogynus","SPECIES","ACCEPTED","none",NA,"São Paulo",2008,2,19,"2008-02-19T00:00:00","2015-08-18T19:19:11.000+0000","2018-12-06T21:48:27.156+0000","http://creativecommons.org/licenses/by-nc/4.0/legalcode","none","none","none","WGS84","Magnoliopsida","BR","Brazil","ESA - Herbário da Escola Superior de Agricultura Luiz de Queiroz","BRA:ESALQ:ESA:0ESA123055","2342","ESA - Herbário da Escola Superior de Agricultura Luiz de Queiroz","Ubatuba","Parque Estadual da Ilha Anchieta (PEIA).","ESA",1135942590,"BRA:ESALQ:ESA:0ESA123055","Collection","Zipparro, V.B.","ESA123055","","Escola Superior de Agricultura Luiz de Queiroz, ESALQ","","",NA,"pt","Escola Superior de Agricultura Luiz de Queiroz, ESALQ","","","","","","",NA,"","",NA,"","",NA,"","",NA,"",NA,NA,"","","","",NA,"","","Ubatuba","São Paulo","brazil",1216,"Ubatuba",3555406,-45.026117,-23.38322,"SAO PAULO","SP","São Paulo",-48.72944932,-22.26440593,"São Paulo","sp",-23.516667,-45.033333,"original coordinates","original coordinates outside Brazil"
"17","Dendropanax monogynus",1087518694,-26.250444,-48.619972,"gass84","f6a922c4-d0ca-4f9c-bba2-7b1939996439","efe6e324-c6aa-4ed0-9693-80e7ba5bab12","none","b38ff2b7-c8af-454e-b5af-ee760f0d5bca","BR","DWC_ARCHIVE","2018-11-23T15:39:50.518+0000","2017-12-29T14:06:18.468+0000",129,"none","PRESERVED_SPECIMEN",3035063,6,7707728,220,1351,8800,3034954,3035063,3035063,"Dendropanax monogynus Seem.","Dendropanax monogynus Seem.","Plantae","Tracheophyta","Apiales","Araliaceae","Dendropanax","Dendropanax monogynus","Dendropanax","monogynus","SPECIES","ACCEPTED","none",10,"Santa Catarina",2008,2,1,"2008-02-01T00:00:00","2014-09-09T17:08:36.000+0000","2018-12-08T13:04:52.924+0000","http://creativecommons.org/licenses/by-nc/4.0/legalcode","none","none","none","WGS84","Magnoliopsida","BR","Brazil","JOIw - Xiloteca Joinvillea","BRA:UNIVILLE:JOIW:0000000800","102","JOIw - Xiloteca Joinvillea","BR - 280 - São Francisco do Sul -próximo ao centro histórico","Floresta Ombrófila Densa de terras baixas","JOIW",1087518694,"BRA:UNIVILLE:JOIW:0000000800","Collection","M.S.Weiers","800","","UNIVILLE","","Charlin Manoel Raimundo",0,"pt","Universidade da Região de Joinville (UNIVILLE)","Árvore,MAD=base;CB=4cm;h=2m. Botões florais verdes.","","","","","",NA,"","",NA,"","",NA,"","",NA,"",NA,NA,"","","","",NA,"","","BR - 280 - São Francisco do Sul -próximo ao centro histórico","Santa Catarina","brazil",NA,"",NA,NA,NA,"","","Santa Catarina",-50.48226937,-27.24592878,"Santa Catarina","sc",-26.250444,-48.619972,"original coordinates","original coordinates outside municipality original in br - 280 - sao francisco do sul -proximo ao centro historico falls in sao francisco do sul"
"18","Dendropanax monogynus",1087383813,-23.780086,-46.299058,"gass84","17efa320-7312-4b55-bf0a-a4cfc4613169","2437c128-bf8c-4f53-b668-da95fb2e40b7","none","b38ff2b7-c8af-454e-b5af-ee760f0d5bca","BR","DWC_ARCHIVE","2018-11-24T12:35:42.005+0000","2018-09-25T13:56:41.476+0000",120,"none","PRESERVED_SPECIMEN",3035063,6,7707728,220,1351,8800,3034954,3035063,3035063,"Dendropanax monogynus Seem.","Dendropanax monogynus Seem.","Plantae","Tracheophyta","Apiales","Araliaceae","Dendropanax","Dendropanax monogynus","Dendropanax","monogynus","SPECIES","ACCEPTED","2008-10-08T00:00:00",NA,"São Paulo",2008,3,13,"2008-03-13T00:00:00","2018-09-10T10:57:15.000+0000","2018-12-08T13:04:27.934+0000","http://creativecommons.org/licenses/by-nc/4.0/legalcode","none","none","none","WGS84","Magnoliopsida","BR","Brazil","SP - Herbário do Estado ""Maria Eneyda P. Kaufmann Fidalgo"" - Coleção de Fanerógamas","BRA:IBt:SP:0000426200","8097","SP - Herbário do Estado ""Maria Eneyda P. Kaufmann Fidalgo"" - Coleção de Fanerógamas","Santo André","Paranapiacaba, Núcleo Olho D'Água. Trilha do Gravatá","SP",1087383813,"BRA:IBt:SP:0000426200","Collection","Búgola Silva, F; Santos, A; Almeida Scabbia, RJ","426200","","Instituto de Botânica, IBT","","Romaniuc Neto, S; Almeida Scabbia, RJ",NA,"pt","Instituto de Botânica, IBT","","","","","","",NA,"","",NA,"","",NA,"","",NA,"",NA,NA,"","","","",NA,"","","Santo André","São Paulo","brazil",1110,"Santo André",3547809,-46.443939,-23.726284,"SAO PAULO","SP","São Paulo",-48.72944932,-22.26440593,"São Paulo","sp",-23.780086,-46.299058,"original coordinates","original coordinates OK"
"19","Dendropanax monogynus",1265095546,-23.76667,-46.28333,"gass84","b5cdf794-8fa4-4a85-8b26-755d087bf531","2cd829bb-b713-433d-99cf-64bef11e5b3e","none","86c2834b-fcd6-418d-9b32-aca45110a0fe","FR","DWC_ARCHIVE","2018-12-05T15:48:46.016+0000","2018-10-10T09:45:55.196+0000",189,"none","PRESERVED_SPECIMEN",3035063,6,7707728,220,1351,8800,3034954,3035063,3035063,"Dendropanax monogynus Seem.","Dendropanax monogynus Seem.","Plantae","Tracheophyta","Apiales","Araliaceae","Dendropanax","Dendropanax monogynus","Dendropanax","monogynus","SPECIES","ACCEPTED","none",NA,"São Paulo",2008,3,13,"2008-03-13T00:00:00","2016-03-09T17:11:52.000+0000","2018-12-08T13:37:13.129+0000","http://creativecommons.org/licenses/by/4.0/legalcode","none","none","none","WGS84","Magnoliopsida","BR","Brazil","","http://coldb.mnhn.fr/catalognumber/mnhn/p/p00856501","","","","","P",1265095546,"http://coldb.mnhn.fr/catalognumber/mnhn/p/p00856501","","Silva, F.B.|Santos, A.|Scabbia, R.J.A.","P00856501","","MNHN","","",NA,"","","","","","","","",NA,"Santo André","hb",NA,"","",8097,"Paranapiacaba, Nucleo Olho d´água, trilha do Gravatá","",NA,"",NA,NA,"","","","",NA,"","","","São Paulo","brazil",NA,"",NA,NA,NA,"","","São Paulo",-48.72944932,-22.26440593,"São Paulo","sp",-23.76667,-46.28333,"original coordinates","original coordinates outside municipality original in  falls in santo andre"
"20","Dendropanax monogynus",1264692854,-23.330556,-44.639444,"gass84","1bb3cae3-b91f-4109-8a2d-a1f05f2d6fd3","76dbcb10-efc5-4d5f-87a5-bcd409fc92c8","none","b38ff2b7-c8af-454e-b5af-ee760f0d5bca","BR","DWC_ARCHIVE","2018-11-24T12:30:45.719+0000","2018-09-25T14:05:28.869+0000",126,"none","PRESERVED_SPECIMEN",3035063,6,7707728,220,1351,8800,3034954,3035063,3035063,"Dendropanax monogynus Seem.","Dendropanax monogynus Seem.","Plantae","Tracheophyta","Apiales","Araliaceae","Dendropanax","Dendropanax monogynus","Dendropanax","monogynus","SPECIES","ACCEPTED","2011-11-01T00:00:00",NA,"Rio de Janeiro",2008,6,10,"2008-06-10T00:00:00","2018-08-21T18:23:27.000+0000","2018-12-08T13:34:50.441+0000","http://creativecommons.org/licenses/by-nc/4.0/legalcode","none","none","none","WGS84","Magnoliopsida","BR","Brazil","SPF - Herbário da Universidade de São Paulo","BRA:USP:SPF:0000186591","4149","SPF - Herbário da Universidade de São Paulo","Paraty","","SPF",1264692854,"BRA:USP:SPF:0000186591","Collection","Marquete, R","186591","","USP","","Fiaschi, P",NA,"pt","Universidade de São Paulo, USP","","","","","","",NA,"","",NA,"","",NA,"","",NA,"",NA,NA,"","","","",NA,"","","Paraty","Rio de Janeiro","brazil",NA,"",NA,NA,NA,"","","Rio de Janeiro",-42.66307908,-22.19581555,"Rio de Janeiro","rj",-23.330556,-44.639444,"original coordinates","original coordinates OK"
"21","Dendropanax monogynus",1424235782,-22.921389,-42.999167,"cdround,gass84","4300f8d5-1ae5-49e5-a101-63894b005868","838537fc-4aeb-4980-8b58-97fbdcd1d91a","none","da7fe11a-b42c-46cb-9e9d-02243edb738a","BR","DWC_ARCHIVE","2018-10-02T15:40:21.967+0000","2018-09-24T20:01:40.058+0000",207,"none","PRESERVED_SPECIMEN",3035063,6,7707728,220,1351,8800,3034954,3035063,3035063,"Dendropanax monogynus Seem.","Dendropanax monogynus Seem.","Plantae","Tracheophyta","Apiales","Araliaceae","Dendropanax","Dendropanax monogynus","Dendropanax","monogynus","SPECIES","ACCEPTED","none",252,"Rio de Janeiro",2007,3,10,"2007-03-10T00:00:00","","2018-12-06T16:58:25.897+0000","http://creativecommons.org/licenses/by/4.0/legalcode","none","none","none","WGS84","Magnoliopsida","BR","Brazil","Rio de Janeiro Botanical Garden","urn:catalog:JBRJ:RB:519054","2982","RB - Rio de Janeiro Botanical Garden Herbarium Collection","Niterói","Parque Estadual da Serra da Tiririca, Morro do Cordovil, Vale das Borboletas, trilha da Jararaca. Indivíduo 68 do Transect TJ1. CAP 7,0 m. Folhas membranáceas discolores verdes, com óleo essencial. Estéril. Município de Niterói, Engenho do Mato.","RB",1424235782,"urn:catalog:JBRJ:RB:519054","PhysicalObject","A.A.M. de Barros; L.J.S. Pinto","RB00519054","RB 461600","JBRJ","","A.A.M. de Barros",NA,"","","","","","","","",NA,"","",NA,"","",NA,"","",NA,"",NA,NA,"","","","",NA,"","","Niterói","Rio de Janeiro","brazil",1365,"Niterói",3303302,-43.054805,-22.91459,"RIO DE JANEIRO","RJ","Rio de Janeiro",-42.66307908,-22.19581555,"Rio de Janeiro","rj",-22.921389,-42.999167,"original coordinates","original coordinates OK"
"22","Dendropanax monogynus",1424306777,-22.976389,-43.146111,"cdround,gass84","4300f8d5-1ae5-49e5-a101-63894b005868","838537fc-4aeb-4980-8b58-97fbdcd1d91a","none","da7fe11a-b42c-46cb-9e9d-02243edb738a","BR","DWC_ARCHIVE","2018-10-02T15:41:04.108+0000","2018-09-24T20:02:18.318+0000",207,"none","PRESERVED_SPECIMEN",3035063,6,7707728,220,1351,8800,3034954,3035063,3035063,"Dendropanax monogynus Seem.","Dendropanax monogynus Seem.","Plantae","Tracheophyta","Apiales","Araliaceae","Dendropanax","Dendropanax monogynus","Dendropanax","monogynus","SPECIES","ACCEPTED","2007-03-03T00:00:00",204,"Rio de Janeiro",2007,3,3,"2007-03-03T00:00:00","2017-10-19T22:31:59.681+0000","2018-12-06T16:59:04.261+0000","http://creativecommons.org/licenses/by/4.0/legalcode","none","none","none","WGS84","Magnoliopsida","BR","Brazil","Rio de Janeiro Botanical Garden","urn:catalog:JBRJ:RB:596037","2790","RB - Rio de Janeiro Botanical Garden Herbarium Collection","Niterói","Engenho do Mato, Parque Estadual da Serra da Tiririca, Morro do Cordovil, Vale das Borboletas, Trilha da Jararaca.","RB",1424306777,"urn:catalog:JBRJ:RB:596037","PhysicalObject","A.A.M. de Barros; L.J.S. Pinto","RB00596037","RB 501799","JBRJ","Mata Atlântica, floresta Ombrófila Densa Submontana.","Ana Angélica M. de Barros",NA,"","","Arbusto com cerca de 2,50 m de altura, ciófilo, folhas membranáceas discolores verdes, frutos verdes óleo essencial nas folhas e caule.","","","","","",NA,"","",NA,"","",NA,"","",NA,"",NA,NA,"","","","",NA,"","","Niterói","Rio de Janeiro","brazil",1365,"Niterói",3303302,-43.054805,-22.91459,"RIO DE JANEIRO","RJ","Rio de Janeiro",-42.66307908,-22.19581555,"Rio de Janeiro","rj",-22.976389,-43.146111,"original coordinates","original coordinates outside Brazil"
"23","Dendropanax monogynus",1424252215,-22.922778,-42.999444,"cdround,gass84","4300f8d5-1ae5-49e5-a101-63894b005868","838537fc-4aeb-4980-8b58-97fbdcd1d91a","none","da7fe11a-b42c-46cb-9e9d-02243edb738a","BR","DWC_ARCHIVE","2018-10-02T15:40:31.512+0000","2018-09-24T20:01:48.830+0000",207,"none","PRESERVED_SPECIMEN",3035063,6,7707728,220,1351,8800,3034954,3035063,3035063,"Dendropanax monogynus Seem.","Dendropanax monogynus Seem.","Plantae","Tracheophyta","Apiales","Araliaceae","Dendropanax","Dendropanax monogynus","Dendropanax","monogynus","SPECIES","ACCEPTED","2007-04-28T00:00:00",166,"Rio de Janeiro",2007,4,28,"2007-04-28T00:00:00","2017-10-19T22:03:52.432+0000","2018-12-06T16:58:34.306+0000","http://creativecommons.org/licenses/by/4.0/legalcode","none","none","none","WGS84","Magnoliopsida","BR","Brazil","Rio de Janeiro Botanical Garden","urn:catalog:JBRJ:RB:535187","2844","RB - Rio de Janeiro Botanical Garden Herbarium Collection","Niterói","Engenho do Mato, Morro do Cordovil, Vale das Borboletas, Trilha da Jararaca. Parque Estadual da Serra da Tiririca","RB",1424252215,"urn:catalog:JBRJ:RB:535187","PhysicalObject","A.A. . de Barros ; L.J.S. Pinto & B. de A. Alves","RB00535187","RB 472169","JBRJ","Mata Atlântica, floresta ombrófila densa submontana.","Ana Angélica M. de Barros",NA,"","","Subarbusto com cerca de1,50 metros de altura, ciófilo, folhas cartáceas discolores verdes, frutos negros, raque vinácea. Óleo essencial nas folhas e caule.","","","","","",NA,"","",NA,"","",NA,"","",NA,"",NA,NA,"","","","",NA,"","","Niterói","Rio de Janeiro","brazil",1365,"Niterói",3303302,-43.054805,-22.91459,"RIO DE JANEIRO","RJ","Rio de Janeiro",-42.66307908,-22.19581555,"Rio de Janeiro","rj",-22.922778,-42.999444,"original coordinates","original coordinates OK"
"24","Dendropanax monogynus",1086914900,-23.541667,-45.058333,"gass84","16ed67e5-fd70-4fd4-85c3-70ea2da627fe","52603cfd-d564-4e89-a466-5e71813677be","none","b38ff2b7-c8af-454e-b5af-ee760f0d5bca","BR","DWC_ARCHIVE","2018-11-24T08:56:58.172+0000","2018-11-24T08:56:58.304+0000",126,"none","PRESERVED_SPECIMEN",3035063,6,7707728,220,1351,8800,3034954,3035063,3035063,"Dendropanax monogynus Seem.","Dendropanax monogynus Seem.","Plantae","Tracheophyta","Apiales","Araliaceae","Dendropanax","Dendropanax monogynus","Dendropanax","monogynus","SPECIES","ACCEPTED","none",NA,"São Paulo",2007,12,12,"2007-12-12T00:00:00","2018-11-05T15:51:19.000+0000","2018-12-08T13:01:19.507+0000","http://creativecommons.org/licenses/by-nc/4.0/legalcode","none","none","none","WGS84","Magnoliopsida","BR","Brazil","SPSF - Herbário Dom Bento José Pickel","BRA:IF:SPSF:0000046676","2289","SPSF - Herbário Dom Bento José Pickel","Ubatuba","Parque Estadual da Ilha Anchieta (PEIA)","SPSF",1086914900,"BRA:IF:SPSF:0000046676","Collection","V.B.Zipparro & K.J.F.Alves","46676","","IF","","",NA,"pt","Instituto Florestal, IF","COLETA: Árvore com ca. de 4m de altura, presença de botões verdes.; GEOGRAFIA: Trilha do Leste, floresta ombrófila densa, ambiente sombreado.;","SOUTH_AMERICA","","","","",NA,"","",NA,"","",NA,"","",NA,"",NA,NA,"","","","",NA,"","","Ubatuba","São Paulo","brazil",1216,"Ubatuba",3555406,-45.026117,-23.38322,"SAO PAULO","SP","São Paulo",-48.72944932,-22.26440593,"São Paulo","sp",-23.541667,-45.058333,"original coordinates","original coordinates OK"
"25","Dendropanax monogynus",1090695526,-23.516667,-45.033333,"gass84","fdf55163-54d8-4bc7-862d-7e41068589e3","6215eac7-a176-4a7f-9bba-552b3f5ba9a3","none","b38ff2b7-c8af-454e-b5af-ee760f0d5bca","BR","DWC_ARCHIVE","2018-11-24T12:32:42.254+0000","2018-06-04T12:04:38.202+0000",126,"none","PRESERVED_SPECIMEN",3035063,6,7707728,220,1351,8800,3034954,3035063,3035063,"Dendropanax monogynus Seem.","Dendropanax monogynus Seem.","Plantae","Tracheophyta","Apiales","Araliaceae","Dendropanax","Dendropanax monogynus","Dendropanax","monogynus","SPECIES","ACCEPTED","none",NA,"São Paulo",2007,12,12,"2007-12-12T00:00:00","2018-05-23T14:43:28.000+0000","2018-12-08T04:44:14.457+0000","http://creativecommons.org/licenses/by-nc/4.0/legalcode","none","none","none","WGS84","Magnoliopsida","BR","Brazil","HRCB - Herbário Rioclarense","BRA:UNESPRC:HRCB:0000051883","2289","HRCB - Herbário Rioclarense","Ubatuba","Parque Estadual da Ilha Anchieta (PEIA)","HRCB",1090695526,"BRA:UNESPRC:HRCB:0000051883","Collection","Ziparro, V.C.","51883","","Universidade Estadual Paulista, UNESP","","",NA,"pt","Universidade Estadual Paulista, UNESP","Árvore com ca. de 4m de altura, presença de botões verdes.","","","","","",NA,"","",NA,"","",NA,"","",NA,"",NA,NA,"","","","",NA,"","","Ubatuba","São Paulo","brazil",1216,"Ubatuba",3555406,-45.026117,-23.38322,"SAO PAULO","SP","São Paulo",-48.72944932,-22.26440593,"São Paulo","sp",-23.516667,-45.033333,"original coordinates","original coordinates outside Brazil"
"26","Dendropanax monogynus",1090695536,-23.516667,-45.033333,"gass84","fdf55163-54d8-4bc7-862d-7e41068589e3","6215eac7-a176-4a7f-9bba-552b3f5ba9a3","none","b38ff2b7-c8af-454e-b5af-ee760f0d5bca","BR","DWC_ARCHIVE","2018-11-24T12:32:42.237+0000","2018-06-04T12:04:38.216+0000",126,"none","PRESERVED_SPECIMEN",3035063,6,7707728,220,1351,8800,3034954,3035063,3035063,"Dendropanax monogynus Seem.","Dendropanax monogynus Seem.","Plantae","Tracheophyta","Apiales","Araliaceae","Dendropanax","Dendropanax monogynus","Dendropanax","monogynus","SPECIES","ACCEPTED","none",NA,"São Paulo",2007,12,12,"2007-12-12T00:00:00","2018-05-23T14:43:28.000+0000","2018-12-08T04:44:14.284+0000","http://creativecommons.org/licenses/by-nc/4.0/legalcode","none","none","none","WGS84","Magnoliopsida","BR","Brazil","HRCB - Herbário Rioclarense","BRA:UNESPRC:HRCB:0000051882","2302","HRCB - Herbário Rioclarense","Ubatuba","Parque Estadual da Ilha Anchieta (PEIA)","HRCB",1090695536,"BRA:UNESPRC:HRCB:0000051882","Collection","Ziparro, V.C.","51882","","Universidade Estadual Paulista, UNESP","","",NA,"pt","Universidade Estadual Paulista, UNESP","Árvore caída viva, ca. de 7,5m altura, presença de botões e flores.","","","","","",NA,"","",NA,"","",NA,"","",NA,"",NA,NA,"","","","",NA,"","","Ubatuba","São Paulo","brazil",1216,"Ubatuba",3555406,-45.026117,-23.38322,"SAO PAULO","SP","São Paulo",-48.72944932,-22.26440593,"São Paulo","sp",-23.516667,-45.033333,"original coordinates","original coordinates outside Brazil"
"27","Dendropanax monogynus",1086914925,-23.541667,-45.058333,"gass84","16ed67e5-fd70-4fd4-85c3-70ea2da627fe","52603cfd-d564-4e89-a466-5e71813677be","none","b38ff2b7-c8af-454e-b5af-ee760f0d5bca","BR","DWC_ARCHIVE","2018-11-24T08:56:58.208+0000","2018-11-24T08:56:58.317+0000",126,"none","PRESERVED_SPECIMEN",3035063,6,7707728,220,1351,8800,3034954,3035063,3035063,"Dendropanax monogynus Seem.","Dendropanax monogynus Seem.","Plantae","Tracheophyta","Apiales","Araliaceae","Dendropanax","Dendropanax monogynus","Dendropanax","monogynus","SPECIES","ACCEPTED","none",NA,"São Paulo",2007,12,12,"2007-12-12T00:00:00","2018-11-05T15:51:19.000+0000","2018-12-08T13:01:19.544+0000","http://creativecommons.org/licenses/by-nc/4.0/legalcode","none","none","none","WGS84","Magnoliopsida","BR","Brazil","SPSF - Herbário Dom Bento José Pickel","BRA:IF:SPSF:0000046677","2302","SPSF - Herbário Dom Bento José Pickel","Ubatuba","Parque Estadual da Ilha Anchieta (PEIA)","SPSF",1086914925,"BRA:IF:SPSF:0000046677","Collection","V.B.Zipparro","46677","","IF","","",NA,"pt","Instituto Florestal, IF","COLETA: Parcela F da fitossociologia. Árvore caída viva, ca. de 7,5m de altura, presença de botões e flores.; GEOGRAFIA: Trilha do Sul, floresta rala, ambiente sombreado.;","SOUTH_AMERICA","","","","",NA,"","",NA,"","",NA,"","",NA,"",NA,NA,"","","","",NA,"","","Ubatuba","São Paulo","brazil",1216,"Ubatuba",3555406,-45.026117,-23.38322,"SAO PAULO","SP","São Paulo",-48.72944932,-22.26440593,"São Paulo","sp",-23.541667,-45.058333,"original coordinates","original coordinates OK"
"28","Dendropanax monogynus",1094823511,-23.563333,-45.497778,"gass84,iddatunl","2e684fd6-09e2-4661-910a-0a188b610c04","60545be9-4f28-4245-b4b4-07635c8dfa54","none","b38ff2b7-c8af-454e-b5af-ee760f0d5bca","BR","DWC_ARCHIVE","2018-11-14T17:18:53.464+0000","2018-09-10T18:26:45.250+0000",124,"none","PRESERVED_SPECIMEN",3035063,6,7707728,220,1351,8800,3034954,3035063,3035063,"Dendropanax monogynus Seem.","Dendropanax monogynus Seem.","Plantae","Tracheophyta","Apiales","Araliaceae","Dendropanax","Dendropanax monogynus","Dendropanax","monogynus","SPECIES","ACCEPTED","2007-08-01T00:00:00",NA,"São Paulo",2006,1,15,"2006-01-15T00:00:00","","2018-09-10T18:26:57.806+0000","http://creativecommons.org/licenses/by-nc/4.0/legalcode","none","none","none","WGS84","Magnoliopsida","BR","Brazil","HUEFS - Herbario da Universidade Estadual de Feira de Santana","BRA:UEFS:HUEFS:0000105814","4971","HUEFS - Herbario da Universidade Estadual de Feira de Santana","Caraguatatuba","Rodovia Paraibuna/Caraguatatuba, próximo ao Posto de Resgate antes de descer a Serra.","HUEFS",1094823511,"BRA:UEFS:HUEFS:0000105814","Collection","Jardim, J.G.","105814","","UEFS","","P.Fiaschi",NA,"pt","Universidade Estadual de Feira de Santana (UEFS)","Floresta de Encosta.","","","","","",NA,"","",NA,"","",NA,"","",NA,"",NA,NA,"","","","",NA,"","","Caraguatatuba","São Paulo","brazil",1134,"Caraguatatuba",3510500,-45.488504,-23.638724,"SAO PAULO","SP","São Paulo",-48.72944932,-22.26440593,"São Paulo","sp",-23.563333,-45.497778,"original coordinates","original coordinates outside municipality original in caraguatatuba falls in paraibuna"
"29","Dendropanax monogynus",1090659265,-23.508639,-45.199667,"gass84","03929cfc-82e3-4f21-97e3-7be4de285584","76dbcb10-efc5-4d5f-87a5-bcd409fc92c8","none","b38ff2b7-c8af-454e-b5af-ee760f0d5bca","BR","DWC_ARCHIVE","2018-11-24T12:32:50.287+0000","2017-12-29T14:06:09.301+0000",137,"none","PRESERVED_SPECIMEN",3035063,6,7707728,220,1351,8800,3034954,3035063,3035063,"Dendropanax monogynus Seem.","Dendropanax monogynus Seem.","Plantae","Tracheophyta","Apiales","Araliaceae","Dendropanax","Dendropanax monogynus","Dendropanax","monogynus","SPECIES","ACCEPTED","none",NA,"São Paulo",2006,1,1,"2006-01-01T00:00:00","2015-01-08T13:04:00.000+0000","2018-12-08T04:43:58.571+0000","http://creativecommons.org/licenses/by-nc/4.0/legalcode","none","none","none","WGS84","Magnoliopsida","BR","Brazil","SPFw - Xiloteca do Instituto de Biociências da Universidade de São Paulo","BRA:USP:SPFW:0000003593","3028","SPFw - Xiloteca do Instituto de Biociências da Universidade de São Paulo","Ubatuba","Praia da Lagoinha","SPFW",1090659265,"BRA:USP:SPFW:0000003593","Collection","Fiaschi, P. Reydon, A.","3593","","USP","","P. Fiaschi 2006",NA,"pt","Universidade de São Paulo, USP","","","","","","",NA,"","",NA,"","",NA,"","",NA,"",NA,NA,"","","","",NA,"","","Ubatuba","São Paulo","brazil",1216,"Ubatuba",3555406,-45.026117,-23.38322,"SAO PAULO","SP","São Paulo",-48.72944932,-22.26440593,"São Paulo","sp",-23.508639,-45.199667,"original coordinates","original coordinates OK"
"30","Dendropanax monogynus",1090579738,-23.6639,-46.5383,"gass84","1064b787-c882-493e-b17d-4ffba363b776","c47cd3b0-2178-4a4b-87a6-740b482970a9","none","b38ff2b7-c8af-454e-b5af-ee760f0d5bca","BR","DWC_ARCHIVE","2018-11-23T18:20:29.959+0000","2017-12-29T14:14:16.628+0000",129,"none","PRESERVED_SPECIMEN",3035063,6,7707728,220,1351,8800,3034954,3035063,3035063,"Dendropanax monogynus Seem.","Dendropanax monogynus Seem.","Plantae","Tracheophyta","Apiales","Araliaceae","Dendropanax","Dendropanax monogynus","Dendropanax","monogynus","SPECIES","ACCEPTED","2004-12-16T00:00:00",NA,"São Paulo",2003,8,21,"2003-08-21T00:00:00","2017-06-09T13:53:30.000+0000","2018-12-08T04:43:30.947+0000","http://creativecommons.org/licenses/by-nc/4.0/legalcode","none","none","none","WGS84","Magnoliopsida","BR","Brazil","IAC - Herbário do Instituto Agronômico de Campinas","BRA:IAC:IAC:0000052880","1574","IAC - Herbário do Instituto Agronômico de Campinas","Santo André","Paranapiacaba","IAC",1090579738,"BRA:IAC:IAC:0000052880","Collection","R. Simão-Bianchini; I. Grantsau & L.W. Simone","52880","","IAC","","I. Cordeiro & R. Simão-Bianchini",NA,"pt","Instituto Agronômico de Campinas, IAC","","","","","","",NA,"","",NA,"","",NA,"","",NA,"",NA,NA,"","","","",NA,"","","Santo André","São Paulo","brazil",1110,"Santo André",3547809,-46.443939,-23.726284,"SAO PAULO","SP","São Paulo",-48.72944932,-22.26440593,"São Paulo","sp",-23.6639,-46.5383,"original coordinates","original coordinates OK"
"31","Dendropanax monogynus",1095597258,-23.976944,-46.371944,"gass84","3b8e9d83-b2d4-4a97-973c-31d98b67b1e9","ab5c0b99-5af3-4958-b03c-0b7e85481cc1","none","b38ff2b7-c8af-454e-b5af-ee760f0d5bca","BR","DWC_ARCHIVE","2018-12-03T15:24:09.650+0000","2018-06-04T19:35:57.118+0000",118,"none","PRESERVED_SPECIMEN",3035063,6,7707728,220,1351,8800,3034954,3035063,3035063,"Dendropanax monogynus Seem.","Dendropanax monogynus Seem.","Plantae","Tracheophyta","Apiales","Araliaceae","Dendropanax","Dendropanax monogynus","Dendropanax","monogynus","SPECIES","ACCEPTED","2001-04-10T00:00:00",NA,"São Paulo",2001,3,23,"2001-03-23T00:00:00","","2018-07-07T12:39:52.255+0000","http://creativecommons.org/licenses/by-nc/4.0/legalcode","none","none","none","WGS84","Magnoliopsida","BR","Brazil","MBM - Herbário do Museu Botânico Municipal","BRA:MBM:MBM:0000273785","999","MBM - Herbário do Museu Botânico Municipal","São Vicente","Parque Estadual Xixová-Japui, Região de Paranapuã, trilha atrás do Chapéu do Sol.","MBM",1095597258,"BRA:MBM:MBM:0000273785","Collection","Pastore, JA; Moura, C","273785","","MBM","","Pastore, JA",NA,"pt","Museu Botânico Municipal de Curitiba, MBM","Arbustiva. Início de frutos.","SOUTH_AMERICA","","","","",NA,"","",NA,"","",NA,"","",NA,"",NA,NA,"","","","",NA,"","","São Vicente","São Paulo","brazil",1053,"São Vicente",3551009,-46.487907,-23.958987,"SAO PAULO","SP","São Paulo",-48.72944932,-22.26440593,"São Paulo","sp",-23.976944,-46.371944,"original coordinates","original coordinates OK"
"32","Dendropanax monogynus",1089117490,-23.42,-45.42,"gass84,txmatfuz","7741a517-ab3d-4b85-ae58-56322e44c8ce","d073b448-6b80-4364-8c38-18d08b88797f","none","b38ff2b7-c8af-454e-b5af-ee760f0d5bca","BR","DWC_ARCHIVE","2018-12-03T13:52:03.043+0000","2018-12-03T16:41:36.726+0000",122,"none","PRESERVED_SPECIMEN",3035063,6,7707728,220,1351,8800,3034954,3035063,3035063,"Dendropanax monogynus Seem.","Dendropanax monogynus Seem.","Plantae","Tracheophyta","Apiales","Araliaceae","Dendropanax","Dendropanax monogynus","Dendropanax","monogynus","SPECIES","ACCEPTED","2000-06-01T00:00:00",NA,"São Paulo",2000,2,21,"2000-02-21T00:00:00","2018-11-21T16:18:36.000+0000","2018-12-08T04:38:28.929+0000","http://creativecommons.org/licenses/by-nc/4.0/legalcode","none","none","none","WGS84","Magnoliopsida","BR","Brazil","UEC - Herbário da Universidade Estadual de Campinas","BRA:UNICAMP:UEC:0001162989","272","UEC - Herbário da Universidade Estadual de Campinas","São Sebastião","Parque Estadual da Serra do Mar, Cachoeira do sítio Urucurana, trilha do Escorrega, às margens do Rio Una, 130msn..Floresta Ombrófila Densa Submontana ""de Encosta-bem preservada"".","UEC",1089117490,"BRA:UNICAMP:UEC:0001162989","Collection","Forster, W.; Atanasio, C.; Siqueira, L.P.; Sorreano, M.C.M.; Souza, S.C.; Buchianeri, V.C.","1162989","","UNICAMP","","Peroni, N.",NA,"pt","Universidade Estadual de Campinas, UNICAMP","Arbusto a arvoreta com ramos longos prostrados, ca. 2,5m alt., flores creme esverdeadas. Interior de mata.","","","","","",NA,"","",NA,"","",NA,"","",NA,"",NA,NA,"","","","",NA,"","","São Sebastião","São Paulo","brazil",1100,"São Sebastião",3550704,-45.603109,-23.752538,"SAO PAULO","SP","São Paulo",-48.72944932,-22.26440593,"São Paulo","sp",-23.42,-45.42,"original coordinates","original coordinates outside municipality original in sao sebastiao falls in natividade da serra"
"33","Dendropanax monogynus",1264691234,-23.5,-45.166667,"gass84","1bb3cae3-b91f-4109-8a2d-a1f05f2d6fd3","76dbcb10-efc5-4d5f-87a5-bcd409fc92c8","none","b38ff2b7-c8af-454e-b5af-ee760f0d5bca","BR","DWC_ARCHIVE","2018-11-24T12:30:37.268+0000","2018-09-25T14:05:04.849+0000",126,"none","PRESERVED_SPECIMEN",3035063,6,7707728,220,1351,8800,3034954,3035063,3035063,"Dendropanax monogynus Seem.","Dendropanax monogynus Seem.","Plantae","Tracheophyta","Apiales","Araliaceae","Dendropanax","Dendropanax monogynus","Dendropanax","monogynus","SPECIES","ACCEPTED","2002-01-01T00:00:00",NA,"São Paulo",2000,3,4,"2000-03-04T00:00:00","2018-08-21T18:23:27.000+0000","2018-12-08T13:34:49.601+0000","http://creativecommons.org/licenses/by-nc/4.0/legalcode","none","none","none","WGS84","Magnoliopsida","BR","Brazil","SPF - Herbário da Universidade de São Paulo","BRA:USP:SPF:0000140791","162","SPF - Herbário da Universidade de São Paulo","Ubatuba","","SPF",1264691234,"BRA:USP:SPF:0000140791","Collection","Fiaschi, P","140791","","USP","","Fiaschi, P",NA,"pt","Universidade de São Paulo, USP","","","","","","",NA,"","",NA,"","",NA,"","",NA,"",NA,NA,"","","","",NA,"","","Ubatuba","São Paulo","brazil",1216,"Ubatuba",3555406,-45.026117,-23.38322,"SAO PAULO","SP","São Paulo",-48.72944932,-22.26440593,"São Paulo","sp",-23.5,-45.166667,"original coordinates","original coordinates outside Brazil"
"34","Dendropanax monogynus",1264691511,-23.7,-45.7,"gass84","1bb3cae3-b91f-4109-8a2d-a1f05f2d6fd3","76dbcb10-efc5-4d5f-87a5-bcd409fc92c8","none","b38ff2b7-c8af-454e-b5af-ee760f0d5bca","BR","DWC_ARCHIVE","2018-11-24T12:30:39.580+0000","2018-09-25T14:05:11.924+0000",126,"none","PRESERVED_SPECIMEN",3035063,6,7707728,220,1351,8800,3034954,3035063,3035063,"Dendropanax monogynus Seem.","Dendropanax monogynus Seem.","Plantae","Tracheophyta","Apiales","Araliaceae","Dendropanax","Dendropanax monogynus","Dendropanax","monogynus","SPECIES","ACCEPTED","2002-01-01T00:00:00",600,"São Paulo",2000,4,21,"2000-04-21T00:00:00","2018-08-21T18:23:27.000+0000","2018-12-08T13:34:49.712+0000","http://creativecommons.org/licenses/by-nc/4.0/legalcode","none","none","none","WGS84","Magnoliopsida","BR","Brazil","SPF - Herbário da Universidade de São Paulo","BRA:USP:SPF:0000154404","3359","SPF - Herbário da Universidade de São Paulo","Ubatuba","Parque Estadual da Serra do Mar, Cachoeira do sítio Urucurana.","SPF",1264691511,"BRA:USP:SPF:0000154404","Collection","Souza, JP","154404","","USP","","Fiaschi, P",0,"pt","Universidade de São Paulo, USP","","","","","","",NA,"","",NA,"","",NA,"","",NA,"",NA,NA,"","","","",NA,"","","Ubatuba","São Paulo","brazil",1216,"Ubatuba",3555406,-45.026117,-23.38322,"SAO PAULO","SP","São Paulo",-48.72944932,-22.26440593,"São Paulo","sp",-23.7,-45.7,"original coordinates","original coordinates outside municipality original in ubatuba falls in sao sebastiao"
"35","Dendropanax monogynus",1089064562,-23.42,-45.42,"gass84,txmatfuz","7741a517-ab3d-4b85-ae58-56322e44c8ce","d073b448-6b80-4364-8c38-18d08b88797f","none","b38ff2b7-c8af-454e-b5af-ee760f0d5bca","BR","DWC_ARCHIVE","2018-12-03T13:51:22.272+0000","2018-12-03T16:41:04.752+0000",122,"none","PRESERVED_SPECIMEN",3035063,6,7707728,220,1351,8800,3034954,3035063,3035063,"Dendropanax monogynus Seem.","Dendropanax monogynus Seem.","Plantae","Tracheophyta","Apiales","Araliaceae","Dendropanax","Dendropanax monogynus","Dendropanax","monogynus","SPECIES","ACCEPTED","2012-01-01T00:00:00",NA,"São Paulo",2000,4,21,"2000-04-21T00:00:00","2018-11-21T16:18:36.000+0000","2018-12-08T04:37:58.664+0000","http://creativecommons.org/licenses/by-nc/4.0/legalcode","none","none","none","WGS84","Magnoliopsida","BR","Brazil","UEC - Herbário da Universidade Estadual de Campinas","BRA:UNICAMP:UEC:0000116446","2961","UEC - Herbário da Universidade Estadual de Campinas","São Sebastião","Parque Estadual da Serra do Mar, Cachoeira do sítio Urucurana, trilha do escorrega, margem do Rio Una. Floresta Ombrófila Densa de Encosta, com pertubação.","UEC",1089064562,"BRA:UNICAMP:UEC:0000116446","Collection","Franco, G.; Mazine, F.F.; Oliveira, R.C.; Paranaguá, P.; Silveira, E.R.; Moura, C.; Souza,","116446","","UNICAMP","","Fiaschi, P.",NA,"pt","Universidade Estadual de Campinas, UNICAMP","Arvoreta ca. 5m, fruto imaturo verde, maduros atropurpúreo. Borda da mata.","","","","","",NA,"","",NA,"","",NA,"","",NA,"",NA,NA,"","","","",NA,"","","São Sebastião","São Paulo","brazil",1100,"São Sebastião",3550704,-45.603109,-23.752538,"SAO PAULO","SP","São Paulo",-48.72944932,-22.26440593,"São Paulo","sp",-23.42,-45.42,"original coordinates","original coordinates outside municipality original in sao sebastiao falls in natividade da serra"
"36","Dendropanax monogynus",1095580295,-23.733333,-45.566667,"gass84,iddatunl","3b8e9d83-b2d4-4a97-973c-31d98b67b1e9","ab5c0b99-5af3-4958-b03c-0b7e85481cc1","none","b38ff2b7-c8af-454e-b5af-ee760f0d5bca","BR","DWC_ARCHIVE","2018-12-03T15:24:03.999+0000","2018-06-04T19:35:49.778+0000",118,"none","PRESERVED_SPECIMEN",3035063,6,7707728,220,1351,8800,3034954,3035063,3035063,"Dendropanax monogynus Seem.","Dendropanax monogynus Seem.","Plantae","Tracheophyta","Apiales","Araliaceae","Dendropanax","Dendropanax monogynus","Dendropanax","monogynus","SPECIES","ACCEPTED","2000-04-01T00:00:00",600,"São Paulo",2000,4,19,"2000-04-19T00:00:00","","2018-07-07T12:39:53.061+0000","http://creativecommons.org/licenses/by-nc/4.0/legalcode","none","none","none","WGS84","Magnoliopsida","BR","Brazil","MBM - Herbário do Museu Botânico Municipal","BRA:MBM:MBM:0000250366","3610","MBM - Herbário do Museu Botânico Municipal","São Paulo","Parque Estadual da Serra do Mar, Trilha entre a estrada intermediária e a cabeceira do Ribeirão de Itu. Sítio Dito Cachimbo.","MBM",1095580295,"BRA:MBM:MBM:0000250366","Collection","Oliveira, AA de; Gandolfi, S; Batista, FRQ; Micheletto, F; Liesenfeld, MVA; Souza, VC","250366","","MBM","","Pereira, VCA",0,"pt","Museu Botânico Municipal de Curitiba, MBM","Árvore 2 m. Frutos imaturos brancos.; Floresta Ombrófila Densa de Encosta com perturbação. Interior de floresta alterada.","SOUTH_AMERICA","","","","",NA,"","",NA,"","",NA,"","",NA,"",NA,NA,"","","","",NA,"","","São Paulo","São Paulo","brazil",1130,"São Paulo",3550308,-46.647014,-23.64989,"SAO PAULO","SP","São Paulo",-48.72944932,-22.26440593,"São Paulo","sp",-23.733333,-45.566667,"original coordinates","original coordinates outside municipality original in sao paulo falls in caraguatatuba"
"37","Dendropanax monogynus",1090565256,-24.216667,-48.2,"cdround,gass84","1064b787-c882-493e-b17d-4ffba363b776","c47cd3b0-2178-4a4b-87a6-740b482970a9","none","b38ff2b7-c8af-454e-b5af-ee760f0d5bca","BR","DWC_ARCHIVE","2018-11-23T18:20:20.231+0000","2018-09-24T19:21:06.612+0000",129,"none","PRESERVED_SPECIMEN",3035063,6,7707728,220,1351,8800,3034954,3035063,3035063,"Dendropanax monogynus Seem.","Dendropanax monogynus Seem.","Plantae","Tracheophyta","Apiales","Araliaceae","Dendropanax","Dendropanax monogynus","Dendropanax","monogynus","SPECIES","ACCEPTED","1999-08-27T00:00:00",NA,"São Paulo",1999,1,12,"1999-01-12T00:00:00","2018-09-03T13:15:35.000+0000","2018-12-08T04:43:23.045+0000","http://creativecommons.org/licenses/by-nc/4.0/legalcode","none","none","none","WGS84","Magnoliopsida","BR","Brazil","IAC - Herbário do Instituto Agronômico de Campinas","BRA:IAC:IAC:0000038330","176","IAC - Herbário do Instituto Agronômico de Campinas","Capão Bonito","Nucleo Saibadela, Fazenda Intervales, Trilha da encosta","IAC",1090565256,"BRA:IAC:IAC:0000038330","Collection","D. Sampaio et al.","38330","","IAC","","S.L. Jung-Mendaçolli",NA,"pt","Instituto Agronômico de Campinas, IAC","Coordenadas do material: 24°13#?#S 48°12#?#W. Entretanto, é indicado que a coleta teria sido em Sete Barras/SP","","","","","",NA,"","",NA,"","",NA,"","",NA,"",NA,NA,"","","","",NA,"","","Capão Bonito","São Paulo","brazil",1045,"Capão Bonito",3510203,-48.289336,-24.038887,"SAO PAULO","SP","São Paulo",-48.72944932,-22.26440593,"São Paulo","sp",-24.216667,-48.2,"original coordinates","original coordinates OK"
"38","Dendropanax monogynus",1090564916,-24.608333,-47.8825,"gass84","1064b787-c882-493e-b17d-4ffba363b776","c47cd3b0-2178-4a4b-87a6-740b482970a9","none","b38ff2b7-c8af-454e-b5af-ee760f0d5bca","BR","DWC_ARCHIVE","2018-11-23T18:20:19.971+0000","2017-12-29T14:14:10.499+0000",129,"none","PRESERVED_SPECIMEN",3035063,6,7707728,220,1351,8800,3034954,3035063,3035063,"Dendropanax monogynus Seem.","Dendropanax monogynus Seem.","Plantae","Tracheophyta","Apiales","Araliaceae","Dendropanax","Dendropanax monogynus","Dendropanax","monogynus","SPECIES","ACCEPTED","1999-04-14T00:00:00",NA,"São Paulo",1999,4,14,"1999-04-14T00:00:00","2017-06-09T13:46:36.000+0000","2018-12-08T04:43:22.791+0000","http://creativecommons.org/licenses/by-nc/4.0/legalcode","none","none","none","WGS84","Magnoliopsida","BR","Brazil","IAC - Herbário do Instituto Agronômico de Campinas","BRA:IAC:IAC:0000037918","724","IAC - Herbário do Instituto Agronômico de Campinas","Pariquera-Açu","IAC, Estação Experimental, área nativa","IAC",1090564916,"BRA:IAC:IAC:0000037918","Collection","R.B. Torres et al.","37918","","IAC","","R.B. Torres et al.",NA,"pt","Instituto Agronômico de Campinas, IAC","","","","","","",NA,"","",NA,"","",NA,"","",NA,"",NA,NA,"","","","",NA,"","","Pariquera-Açu","São Paulo","brazil",959,"Pariquera-Açu",3536208,-47.84981,-24.678057,"SAO PAULO","SP","São Paulo",-48.72944932,-22.26440593,"São Paulo","sp",-24.608333,-47.8825,"original coordinates","original coordinates OK"
"39","Dendropanax monogynus",1090687548,-24.608333,-47.876944,"gass84","fdf55163-54d8-4bc7-862d-7e41068589e3","6215eac7-a176-4a7f-9bba-552b3f5ba9a3","none","b38ff2b7-c8af-454e-b5af-ee760f0d5bca","BR","DWC_ARCHIVE","2018-11-24T12:32:36.364+0000","2018-06-04T12:04:32.688+0000",126,"none","PRESERVED_SPECIMEN",3035063,6,7707728,220,1351,8800,3034954,3035063,3035063,"Dendropanax monogynus Seem.","Dendropanax monogynus Seem.","Plantae","Tracheophyta","Apiales","Araliaceae","Dendropanax","Dendropanax monogynus","Dendropanax","monogynus","SPECIES","ACCEPTED","1996-07-01T00:00:00",NA,"São Paulo",1996,1,19,"1996-01-19T00:00:00","2018-05-23T14:43:28.000+0000","2018-12-08T04:44:10.862+0000","http://creativecommons.org/licenses/by-nc/4.0/legalcode","none","none","none","WGS84","Magnoliopsida","BR","Brazil","HRCB - Herbário Rioclarense","BRA:UNESPRC:HRCB:0000028378","696","HRCB - Herbário Rioclarense","Pariquera Açu","Estação Experimental do Instituto Agronômico","HRCB",1090687548,"BRA:UNESPRC:HRCB:0000028378","Collection","Ivanauskas, N.M.","28378","","Universidade Estadual Paulista, UNESP","","Ivanauskas, N.M.",NA,"pt","Universidade Estadual Paulista, UNESP","Arbusto, 1,5m. Flores verdes.","","","","","",NA,"","",NA,"","",NA,"","",NA,"",NA,NA,"","","","",NA,"","","Pariquera Açu","São Paulo","brazil",NA,"",NA,NA,NA,"","","São Paulo",-48.72944932,-22.26440593,"São Paulo","sp",-24.608333,-47.876944,"original coordinates","original coordinates outside municipality original in pariquera acu falls in pariquera-acu"
"40","Dendropanax monogynus",1094710763,-27.315278,-48.559444,"cdround,gass84","bb080d40-c63b-4529-bf21-d1782a81e024","2ccb1a0b-1194-4acf-9921-b5daad99cbb8","none","b38ff2b7-c8af-454e-b5af-ee760f0d5bca","BR","DWC_ARCHIVE","2018-11-24T12:32:39.324+0000","2018-11-24T12:32:39.363+0000",128,"none","PRESERVED_SPECIMEN",3035063,6,7707728,220,1351,8800,3034954,3035063,3035063,"Dendropanax monogynus Seem.","Dendropanax monogynus Seem.","Plantae","Tracheophyta","Apiales","Araliaceae","Dendropanax","Dendropanax monogynus","Dendropanax","monogynus","SPECIES","ACCEPTED","1996-02-17T00:00:00",NA,"",1996,2,17,"1996-02-17T00:00:00","","2018-11-24T12:32:39.659+0000","http://creativecommons.org/licenses/by-nc/4.0/legalcode","none","none","none","WGS84","Magnoliopsida","BR","Brazil","CRI - Herbário Pe. Dr. Raulino Reitz","BRA:UNESC:CRI:0000000883","","CRI - Herbário Pe. Dr. Raulino Reitz","Governador","","CRI",1094710763,"BRA:UNESC:CRI:0000000883","Collection","R. dos Santos","883","","UNESC","","Marcos Sobral",NA,"pt","Universidade do Extremo Sul Catarinense (UNESC)","","","","","","",NA,"","",NA,"","",NA,"","",NA,"",NA,NA,"","","","",NA,"","","Governador","","brazil",NA,"",NA,NA,NA,"","","",NA,NA,NA,"",-27.315278,-48.559444,"original coordinates","original coordinates outside municipality original in governador falls in governador celso ramos"
"41","Dendropanax monogynus",1090562962,-24.7081,-47.5553,"gass84","1064b787-c882-493e-b17d-4ffba363b776","c47cd3b0-2178-4a4b-87a6-740b482970a9","none","b38ff2b7-c8af-454e-b5af-ee760f0d5bca","BR","DWC_ARCHIVE","2018-11-23T18:20:18.788+0000","2017-12-29T14:14:09.771+0000",129,"none","PRESERVED_SPECIMEN",3035063,6,7707728,220,1351,8800,3034954,3035063,3035063,"Dendropanax monogynus Seem.","Dendropanax monogynus Seem.","Plantae","Tracheophyta","Apiales","Araliaceae","Dendropanax","Dendropanax monogynus","Dendropanax","monogynus","SPECIES","ACCEPTED","1995-02-15T00:00:00",NA,"São Paulo",1995,2,15,"1995-02-15T00:00:00","2017-06-09T13:46:36.000+0000","2018-12-08T04:43:21.999+0000","http://creativecommons.org/licenses/by-nc/4.0/legalcode","none","none","none","WGS84","Magnoliopsida","BR","Brazil","IAC - Herbário do Instituto Agronômico de Campinas","BRA:IAC:IAC:0000035946","33538","IAC - Herbário do Instituto Agronômico de Campinas","Iguape","Morro do Cristo","IAC",1090562962,"BRA:IAC:IAC:0000035946","Collection","H.F. Leitão Filho et al.","35946","","IAC","","K. Santos",NA,"pt","Instituto Agronômico de Campinas, IAC","","","","","","",NA,"","",NA,"","",NA,"","",NA,"",NA,NA,"","","","",NA,"","","Iguape","São Paulo","brazil",975,"Iguape",3520301,-47.474658,-24.549358,"SAO PAULO","SP","São Paulo",-48.72944932,-22.26440593,"São Paulo","sp",-24.7081,-47.5553,"original coordinates","original coordinates OK"
"42","Dendropanax monogynus",1090687601,-24.608333,-47.876944,"gass84","fdf55163-54d8-4bc7-862d-7e41068589e3","6215eac7-a176-4a7f-9bba-552b3f5ba9a3","none","b38ff2b7-c8af-454e-b5af-ee760f0d5bca","BR","DWC_ARCHIVE","2018-11-24T12:32:36.360+0000","2018-06-04T12:04:32.627+0000",126,"none","PRESERVED_SPECIMEN",3035063,6,7707728,220,1351,8800,3034954,3035063,3035063,"Dendropanax monogynus Seem.","Dendropanax monogynus Seem.","Plantae","Tracheophyta","Apiales","Araliaceae","Dendropanax","Dendropanax monogynus","Dendropanax","monogynus","SPECIES","ACCEPTED","1996-07-01T00:00:00",NA,"São Paulo",1995,4,18,"1995-04-18T00:00:00","2018-05-23T14:43:28.000+0000","2018-12-08T04:44:10.903+0000","http://creativecommons.org/licenses/by-nc/4.0/legalcode","none","none","none","WGS84","Magnoliopsida","BR","Brazil","HRCB - Herbário Rioclarense","BRA:UNESPRC:HRCB:0000028383","120","HRCB - Herbário Rioclarense","Pariquera Açu","Estação Experimental do Instituto Agronômico","HRCB",1090687601,"BRA:UNESPRC:HRCB:0000028383","Collection","Ivanauskas, N.M.","28383","","Universidade Estadual Paulista, UNESP","","Ivanauskas, N.M.",NA,"pt","Universidade Estadual Paulista, UNESP","Arvoreta de 2m, no subbosque. Frutos imaturos pretos.","","","","","",NA,"","",NA,"","",NA,"","",NA,"",NA,NA,"","","","",NA,"","","Pariquera Açu","São Paulo","brazil",NA,"",NA,NA,NA,"","","São Paulo",-48.72944932,-22.26440593,"São Paulo","sp",-24.608333,-47.876944,"original coordinates","original coordinates outside municipality original in pariquera acu falls in pariquera-acu"
"43","Dendropanax monogynus",1087347411,-23.35,-44.866667,"gass84","17efa320-7312-4b55-bf0a-a4cfc4613169","2437c128-bf8c-4f53-b668-da95fb2e40b7","none","b38ff2b7-c8af-454e-b5af-ee760f0d5bca","BR","DWC_ARCHIVE","2018-11-24T12:35:14.156+0000","2018-09-25T13:51:29.870+0000",120,"none","PRESERVED_SPECIMEN",3035063,6,7707728,220,1351,8800,3034954,3035063,3035063,"Dendropanax monogynus Seem.","Dendropanax monogynus Seem.","Plantae","Tracheophyta","Apiales","Araliaceae","Dendropanax","Dendropanax monogynus","Dendropanax","monogynus","SPECIES","ACCEPTED","2002-01-01T00:00:00",NA,"São Paulo",1994,4,15,"1994-04-15T00:00:00","2018-09-10T10:57:15.000+0000","2018-12-08T13:04:11.597+0000","http://creativecommons.org/licenses/by-nc/4.0/legalcode","none","none","none","WGS84","Magnoliopsida","BR","Brazil","SP - Herbário do Estado ""Maria Eneyda P. Kaufmann Fidalgo"" - Coleção de Fanerógamas","BRA:IBt:SP:0000276611","1417","SP - Herbário do Estado ""Maria Eneyda P. Kaufmann Fidalgo"" - Coleção de Fanerógamas","Ubatuba","Trilha da Almada, km 13 da Rodovia Rio/Santos","SP",1087347411,"BRA:IBt:SP:0000276611","Collection","Furlan, A; Assis, MA; Garcia, FCP; Ruffino, PHP; Carneiro, CE","276611","","Instituto de Botânica, IBT","","Fiaschi, P",NA,"pt","Instituto de Botânica, IBT","","","","","","",NA,"","",NA,"","",NA,"","",NA,"",NA,NA,"","","","",NA,"","","Ubatuba","São Paulo","brazil",1216,"Ubatuba",3555406,-45.026117,-23.38322,"SAO PAULO","SP","São Paulo",-48.72944932,-22.26440593,"São Paulo","sp",-23.35,-44.866667,"original coordinates","original coordinates OK"
"44","Dendropanax monogynus",1087342661,-24.55,-47.25,"gass84","17efa320-7312-4b55-bf0a-a4cfc4613169","2437c128-bf8c-4f53-b668-da95fb2e40b7","none","b38ff2b7-c8af-454e-b5af-ee760f0d5bca","BR","DWC_ARCHIVE","2018-11-24T12:35:09.916+0000","2018-09-25T13:50:51.731+0000",120,"none","PRESERVED_SPECIMEN",3035063,6,7707728,220,1351,8800,3034954,3035063,3035063,"Dendropanax monogynus Seem.","Dendropanax monogynus Seem.","Plantae","Tracheophyta","Apiales","Araliaceae","Dendropanax","Dendropanax monogynus","Dendropanax","monogynus","SPECIES","ACCEPTED","none",NA,"São Paulo",1993,6,29,"1993-06-29T00:00:00","2018-09-10T10:57:15.000+0000","2018-12-08T13:04:09.179+0000","http://creativecommons.org/licenses/by-nc/4.0/legalcode","none","none","none","WGS84","Magnoliopsida","BR","Brazil","SP - Herbário do Estado ""Maria Eneyda P. Kaufmann Fidalgo"" - Coleção de Fanerógamas","BRA:IBt:SP:0000262438","300","SP - Herbário do Estado ""Maria Eneyda P. Kaufmann Fidalgo"" - Coleção de Fanerógamas","Iguape","Estação Ecológica Juréia-Itatins, Caminho do Imperador, entre a praia do Rio Verde e da Juréia","SP",1087342661,"BRA:IBt:SP:0000262438","Collection","Anunciação, EA; Gomes, MZ","262438","","Instituto de Botânica, IBT","","",NA,"pt","Instituto de Botânica, IBT","Árvore ca. 4m alt., botôes esverdeados","","","","","",NA,"","",NA,"","",NA,"","",NA,"",NA,NA,"","","","",NA,"","","Iguape","São Paulo","brazil",975,"Iguape",3520301,-47.474658,-24.549358,"SAO PAULO","SP","São Paulo",-48.72944932,-22.26440593,"São Paulo","sp",-24.55,-47.25,"original coordinates","original coordinates OK"
"45","Dendropanax monogynus",1424214632,-23.016667,-44.05,"cdround,gass84","4300f8d5-1ae5-49e5-a101-63894b005868","838537fc-4aeb-4980-8b58-97fbdcd1d91a","none","da7fe11a-b42c-46cb-9e9d-02243edb738a","BR","DWC_ARCHIVE","2018-10-02T15:40:09.039+0000","2018-09-24T20:01:28.685+0000",207,"none","PRESERVED_SPECIMEN",3035063,6,7707728,220,1351,8800,3034954,3035063,3035063,"Dendropanax monogynus Seem.","Dendropanax monogynus Seem.","Plantae","Tracheophyta","Apiales","Araliaceae","Dendropanax","Dendropanax monogynus","Dendropanax","monogynus","SPECIES","ACCEPTED","none",150,"Rio de Janeiro",1993,12,9,"1993-12-09T00:00:00","2017-10-05T21:36:44.186+0000","2018-12-06T16:58:14.443+0000","http://creativecommons.org/licenses/by/4.0/legalcode","none","none","none","WGS84","Magnoliopsida","BR","Brazil","Rio de Janeiro Botanical Garden","urn:catalog:JBRJ:RB:48476","1397","RB - Rio de Janeiro Botanical Garden Herbarium Collection","Paraty","Morro do Carrapato, vertente sul/sudoeste. Area de Proteção Ambiental do Parque Nacional Cairuçu","RB",1424214632,"urn:catalog:JBRJ:RB:48476","PhysicalObject","R. Marquete","RB00048476","RB 305188","JBRJ","","Pedro Fiaschi",NA,"","","Semi-ciófila; arvoreta c erca de 5 metros de altura, tronco com casca lisa, acinzentada com líquens e briófitas; folhas cartáceas, discolores verdes; inflorescências pêndulas, pedúnculo verde, tépalas verdes, filetes e anteras esverdeados.","","","","","",NA,"","",NA,"","",NA,"","",NA,"",NA,NA,"","","","",NA,"","","Paraty","Rio de Janeiro","brazil",NA,"",NA,NA,NA,"","","Rio de Janeiro",-42.66307908,-22.19581555,"Rio de Janeiro","rj",-23.016667,-44.05,"original coordinates","original coordinates outside Brazil"
"46","Dendropanax monogynus",1094711265,-26.1175,-48.616389,"cdround,gass84","bb080d40-c63b-4529-bf21-d1782a81e024","2ccb1a0b-1194-4acf-9921-b5daad99cbb8","none","b38ff2b7-c8af-454e-b5af-ee760f0d5bca","BR","DWC_ARCHIVE","2018-11-24T12:32:39.661+0000","2018-10-25T12:34:34.317+0000",128,"none","PRESERVED_SPECIMEN",3035063,6,7707728,220,1351,8800,3034954,3035063,3035063,"Dendropanax monogynus Seem.","Dendropanax monogynus Seem.","Plantae","Tracheophyta","Apiales","Araliaceae","Dendropanax","Dendropanax monogynus","Dendropanax","monogynus","SPECIES","ACCEPTED","1993-07-19T00:00:00",NA,"Santa Catarina",1992,3,10,"1992-03-10T00:00:00","","2018-10-25T12:34:46.502+0000","http://creativecommons.org/licenses/by-nc/4.0/legalcode","none","none","none","WGS84","Magnoliopsida","BR","Brazil","CRI - Herbário Pe. Dr. Raulino Reitz","BRA:UNESC:CRI:0000001448","95","CRI - Herbário Pe. Dr. Raulino Reitz","Itapoá","Reserva Volta Velha.","CRI",1094711265,"BRA:UNESC:CRI:0000001448","Collection","R. Negrelle","1448","","UNESC","","Marcos Sobral",NA,"pt","Universidade do Extremo Sul Catarinense (UNESC)","","","","","","",NA,"","",NA,"","",NA,"","",NA,"",NA,NA,"","","","",NA,"","","Itapoá","Santa Catarina","brazil",812,"Itapoá",4208450,-48.652853,-26.082161,"SANTA CATARINA","SC","Santa Catarina",-50.48226937,-27.24592878,"Santa Catarina","sc",-26.1175,-48.616389,"original coordinates","original coordinates OK"
"47","Dendropanax monogynus",1143410689,-23.833333,-46.25,"gass84,iddatunl","1bb3cae3-b91f-4109-8a2d-a1f05f2d6fd3","76dbcb10-efc5-4d5f-87a5-bcd409fc92c8","none","b38ff2b7-c8af-454e-b5af-ee760f0d5bca","BR","DWC_ARCHIVE","2018-11-24T12:30:25.570+0000","2018-09-25T14:04:36.394+0000",126,"none","PRESERVED_SPECIMEN",3035063,6,7707728,220,1351,8800,3034954,3035063,3035063,"Dendropanax monogynus Seem.","Dendropanax monogynus Seem.","Plantae","Tracheophyta","Apiales","Araliaceae","Dendropanax","Dendropanax monogynus","Dendropanax","monogynus","SPECIES","ACCEPTED","2004-05-01T00:00:00",750,"São Paulo",1990,8,18,"1990-08-18T00:00:00","","2018-09-25T14:04:36.403+0000","http://creativecommons.org/licenses/by-nc/4.0/legalcode","none","none","none","WGS84","Magnoliopsida","BR","Brazil","SPF - Herbário da Universidade de São Paulo","BRA:USP:SPF:0000085536","s.n.","SPF - Herbário da Universidade de São Paulo","Santo André","Paranapiacaba","SPF",1143410689,"BRA:USP:SPF:0000085536","Collection","Sem coletor","85536","","USP","","Fiaschi, P",150,"pt","Universidade de São Paulo, USP","Arvopreta, 3m, algo escandente, infloresc. muito jovem verde.","","","","","",NA,"","",NA,"","",NA,"","",NA,"",NA,NA,"","","","",NA,"","","Santo André","São Paulo","brazil",1110,"Santo André",3547809,-46.443939,-23.726284,"SAO PAULO","SP","São Paulo",-48.72944932,-22.26440593,"São Paulo","sp",-23.833333,-46.25,"original coordinates","original coordinates outside municipality original in santo andre falls in santos"
"48","Dendropanax monogynus",1931116214,-22,-42.05,"gass84","d415c253-4d61-4459-9d25-4015b9084fb0","ae447c50-b8a8-11d8-92a4-b8a03c50a862","none","17017c2c-036b-45d9-b045-606d21b00771","US","DWC_ARCHIVE","2018-11-18T16:24:43.143+0000","2018-11-18T16:24:43.234+0000",96,"none","PRESERVED_SPECIMEN",3035063,6,7707728,220,1351,8800,3034954,3035063,3035063,"Dendropanax monogynus Seem.","Dendropanax monogynus Seem.","Plantae","Tracheophyta","Apiales","Araliaceae","Dendropanax","Dendropanax monogynus","Dendropanax","monogynus","SPECIES","ACCEPTED","2005-01-01T00:00:00",0,"Rio de Janeiro",1989,4,6,"1989-04-06T00:00:00","2016-09-29T18:56:00.000+0000","2018-12-08T04:58:46.542+0000","http://creativecommons.org/publicdomain/zero/1.0/legalcode","none","none","none","WGS84","Magnoliopsida","BR","Brazil","The New York Botanical Garden","ecea030c-c64a-47f3-bbc4-aa1300048ee2","23","Vascular plants","","Reserva Ecológica Municipal de Macaé de Cima, Nascente do Rio das Flores. Parc. IA, microp. 2e, ind. 468.","NY",1931116214,"ecea030c-c64a-47f3-bbc4-aa1300048ee2","PhysicalObject","C. M. Vieira","887356","","NY","","P. Fiaschi",0,"en","","","SOUTH_AMERICA","http://sweetgum.nybg.org/science/vh/specimen_details.php?irn=1093645","http://biocol.org/urn:lsid:biocol.org:col:15556","ICN","06 Apr 1989",96,"Nova Friburgo","sheet",96,"","http://biocol.org/urn:lsid:biocol.org:col:15556",NA,"","cf.;",NA,"",NA,NA,"","","","",NA,"","","","Rio de Janeiro","brazil",NA,"",NA,NA,NA,"","","Rio de Janeiro",-42.66307908,-22.19581555,"Rio de Janeiro","rj",-22,-42.05,"original coordinates","original coordinates outside municipality original in  falls in santa maria madalena"
"49","Dendropanax monogynus",1424182725,-22,-42.05,"gass84","4300f8d5-1ae5-49e5-a101-63894b005868","838537fc-4aeb-4980-8b58-97fbdcd1d91a","none","da7fe11a-b42c-46cb-9e9d-02243edb738a","BR","DWC_ARCHIVE","2018-10-02T15:39:48.265+0000","2018-09-24T20:01:12.127+0000",207,"none","PRESERVED_SPECIMEN",3035063,6,7707728,220,1351,8800,3034954,3035063,3035063,"Dendropanax monogynus Seem.","Dendropanax monogynus Seem.","Plantae","Tracheophyta","Apiales","Araliaceae","Dendropanax","Dendropanax monogynus","Dendropanax","monogynus","SPECIES","ACCEPTED","none",NA,"Rio de Janeiro",1989,6,29,"1989-06-29T00:00:00","2014-10-06T11:08:38.617+0000","2018-12-06T16:57:58.801+0000","http://creativecommons.org/licenses/by/4.0/legalcode","none","none","none","WGS84","Magnoliopsida","BR","Brazil","Rio de Janeiro Botanical Garden","urn:catalog:JBRJ:RB:448935","53","RB - Rio de Janeiro Botanical Garden Herbarium Collection","Nova Friburgo","Nascente do Rio das Flores.","RB",1424182725,"urn:catalog:JBRJ:RB:448935","PhysicalObject","B.C. Kurtz; et al","RB00448935","RB 290896","JBRJ","","Pedro Fiaschi",NA,"","","Parcela IA, microparcela 1A, indivíduo 468, DAP 12 cm, altura 8 metros. Árvore inclinada; folhas verdes discolores; frutos verdes e vinosos.","","","","","",NA,"","",NA,"","",NA,"","",NA,"",NA,NA,"","","","",NA,"","","Nova Friburgo","Rio de Janeiro","brazil",1598,"Nova Friburgo",3303401,-42.501539,-22.319613,"RIO DE JANEIRO","RJ","Rio de Janeiro",-42.66307908,-22.19581555,"Rio de Janeiro","rj",-22,-42.05,"original coordinates","original coordinates outside municipality original in nova friburgo falls in santa maria madalena"
"50","Dendropanax monogynus",1087343189,-22,-42.05,"gass84","17efa320-7312-4b55-bf0a-a4cfc4613169","2437c128-bf8c-4f53-b668-da95fb2e40b7","none","b38ff2b7-c8af-454e-b5af-ee760f0d5bca","BR","DWC_ARCHIVE","2018-11-24T12:35:10.340+0000","2018-09-25T13:50:55.136+0000",120,"none","PRESERVED_SPECIMEN",3035063,6,7707728,220,1351,8800,3034954,3035063,3035063,"Dendropanax monogynus Seem.","Dendropanax monogynus Seem.","Plantae","Tracheophyta","Apiales","Araliaceae","Dendropanax","Dendropanax monogynus","Dendropanax","monogynus","SPECIES","ACCEPTED","2005-07-01T00:00:00",NA,"Rio de Janeiro",1988,5,24,"1988-05-24T00:00:00","2018-09-10T10:57:15.000+0000","2018-12-08T13:04:09.383+0000","http://creativecommons.org/licenses/by-nc/4.0/legalcode","none","none","none","WGS84","Magnoliopsida","BR","Brazil","SP - Herbário do Estado ""Maria Eneyda P. Kaufmann Fidalgo"" - Coleção de Fanerógamas","BRA:IBt:SP:0000263613","317","SP - Herbário do Estado ""Maria Eneyda P. Kaufmann Fidalgo"" - Coleção de Fanerógamas","Nova Friburgo","Reservaa Ecológica Municipal de Macaé de Cima, nascentes do Rio das Flores","SP",1087343189,"BRA:IBt:SP:0000263613","Collection","Pessoa, SVA; et al.","263613","","Instituto de Botânica, IBT","","Fiaschi, P",NA,"pt","Instituto de Botânica, IBT","","","","","","",NA,"","",NA,"","",NA,"","",NA,"",NA,NA,"","","","",NA,"","","Nova Friburgo","Rio de Janeiro","brazil",1598,"Nova Friburgo",3303401,-42.501539,-22.319613,"RIO DE JANEIRO","RJ","Rio de Janeiro",-42.66307908,-22.19581555,"Rio de Janeiro","rj",-22,-42.05,"original coordinates","original coordinates outside municipality original in nova friburgo falls in santa maria madalena"
"51","Dendropanax monogynus",1090579689,-22.2819,-42.5311,"gass84","1064b787-c882-493e-b17d-4ffba363b776","c47cd3b0-2178-4a4b-87a6-740b482970a9","none","b38ff2b7-c8af-454e-b5af-ee760f0d5bca","BR","DWC_ARCHIVE","2018-11-23T18:20:29.952+0000","2017-12-29T14:14:16.619+0000",129,"none","PRESERVED_SPECIMEN",3035063,6,7707728,220,1351,8800,3034954,3035063,3035063,"Dendropanax monogynus Seem.","Dendropanax monogynus Seem.","Plantae","Tracheophyta","Apiales","Araliaceae","Dendropanax","Dendropanax monogynus","Dendropanax","monogynus","SPECIES","ACCEPTED","2005-07-20T00:00:00",NA,"Rio de Janeiro",1987,8,20,"1987-08-20T00:00:00","2017-06-09T13:53:30.000+0000","2018-12-08T04:43:30.926+0000","http://creativecommons.org/licenses/by-nc/4.0/legalcode","none","none","none","WGS84","Magnoliopsida","BR","Brazil","IAC - Herbário do Instituto Agronômico de Campinas","BRA:IAC:IAC:0000052864","277","IAC - Herbário do Instituto Agronômico de Campinas","Nova Friburgo","Macaé de Cima, Fazenda Sophronites, rio das Flores","IAC",1090579689,"BRA:IAC:IAC:0000052864","Collection","S.V.A. Pessoa","52864","","IAC","","P. Fiaschi",NA,"pt","Instituto Agronômico de Campinas, IAC","ca. 1250msm","","","","","",NA,"","",NA,"","",NA,"","",NA,"",NA,NA,"","","","",NA,"","","Nova Friburgo","Rio de Janeiro","brazil",1598,"Nova Friburgo",3303401,-42.501539,-22.319613,"RIO DE JANEIRO","RJ","Rio de Janeiro",-42.66307908,-22.19581555,"Rio de Janeiro","rj",-22.2819,-42.5311,"original coordinates","original coordinates OK"
"52","Dendropanax monogynus",1090579748,-23.4339,-45.0711,"gass84","1064b787-c882-493e-b17d-4ffba363b776","c47cd3b0-2178-4a4b-87a6-740b482970a9","none","b38ff2b7-c8af-454e-b5af-ee760f0d5bca","BR","DWC_ARCHIVE","2018-11-23T18:20:29.975+0000","2017-12-29T14:14:16.640+0000",129,"none","PRESERVED_SPECIMEN",3035063,6,7707728,220,1351,8800,3034954,3035063,3035063,"Dendropanax monogynus Seem.","Dendropanax monogynus Seem.","Plantae","Tracheophyta","Apiales","Araliaceae","Dendropanax","Dendropanax monogynus","Dendropanax","monogynus","SPECIES","ACCEPTED","2002-12-24T00:00:00",NA,"São Paulo",1986,6,24,"1986-06-24T00:00:00","2017-06-09T13:53:30.000+0000","2018-12-08T04:43:30.930+0000","http://creativecommons.org/licenses/by-nc/4.0/legalcode","none","none","none","WGS84","Magnoliopsida","BR","Brazil","IAC - Herbário do Instituto Agronômico de Campinas","BRA:IAC:IAC:0000052891","1667","IAC - Herbário do Instituto Agronômico de Campinas","Ubatuba","Estação Experimental de Ubatuba, na picada em direção ao espigão","IAC",1090579748,"BRA:IAC:IAC:0000052891","Collection","M. Kirizawa","52891","","IAC","","P. Fiaschi",NA,"pt","Instituto Agronômico de Campinas, IAC","","","","","","",NA,"","",NA,"","",NA,"","",NA,"",NA,NA,"","","","",NA,"","","Ubatuba","São Paulo","brazil",1216,"Ubatuba",3555406,-45.026117,-23.38322,"SAO PAULO","SP","São Paulo",-48.72944932,-22.26440593,"São Paulo","sp",-23.4339,-45.0711,"original coordinates","original coordinates OK"
"53","Dendropanax monogynus",1889186299,-23.043,-45.5615,"gass84,txmatfuz","7741a517-ab3d-4b85-ae58-56322e44c8ce","d073b448-6b80-4364-8c38-18d08b88797f","none","b38ff2b7-c8af-454e-b5af-ee760f0d5bca","BR","DWC_ARCHIVE","2018-12-03T13:50:54.798+0000","2018-12-03T16:41:33.457+0000",122,"none","PRESERVED_SPECIMEN",3035063,6,7707728,220,1351,8800,3034954,3035063,3035063,"Dendropanax monogynus Seem.","Dendropanax monogynus Seem.","Plantae","Tracheophyta","Apiales","Araliaceae","Dendropanax","Dendropanax monogynus","Dendropanax","monogynus","SPECIES","ACCEPTED","2005-01-01T00:00:00",NA,"São Paulo",1985,10,25,"1985-10-25T00:00:00","2018-11-21T16:18:36.000+0000","2018-12-03T16:43:00.415+0000","http://creativecommons.org/licenses/by-nc/4.0/legalcode","none","none","none","WGS84","Magnoliopsida","BR","Brazil","UEC - Herbário da Universidade Estadual de Campinas","BRA:UNICAMP:UEC:0000054403","1341","UEC - Herbário da Universidade Estadual de Campinas","São José dos Campos","Estação São Paulo.","UEC",1889186299,"BRA:UNICAMP:UEC:0000054403","Collection","Silva, A.F.","54403","","UNICAMP","","Fiaschi, P.",NA,"pt","Universidade Estadual de Campinas, UNICAMP","Árvore esguia de 5m, frutos negros.","","","","","",NA,"","",NA,"","",NA,"","",NA,"",NA,NA,"","","","",NA,"","","São José dos Campos","São Paulo","brazil",1306,"São José dos Campos",3549904,-45.928379,-23.09059,"SAO PAULO","SP","São Paulo",-48.72944932,-22.26440593,"São Paulo","sp",-23.043,-45.5615,"original coordinates","original coordinates outside municipality original in sao jose dos campos falls in taubate"
"54","Dendropanax monogynus",1090577124,-23.5725,-46.0386,"gass84","1064b787-c882-493e-b17d-4ffba363b776","c47cd3b0-2178-4a4b-87a6-740b482970a9","none","b38ff2b7-c8af-454e-b5af-ee760f0d5bca","BR","DWC_ARCHIVE","2018-11-23T18:20:28.380+0000","2017-12-29T14:14:15.590+0000",129,"none","PRESERVED_SPECIMEN",3035063,6,7707728,220,1351,8800,3034954,3035063,3035063,"Dendropanax monogynus Seem.","Dendropanax monogynus Seem.","Plantae","Tracheophyta","Apiales","Araliaceae","Dendropanax","Dendropanax monogynus","Dendropanax","monogynus","SPECIES","ACCEPTED","1994-03-09T00:00:00",NA,"São Paulo",1983,8,30,"1983-08-30T00:00:00","2017-06-09T13:53:30.000+0000","2018-12-08T04:43:29.138+0000","http://creativecommons.org/licenses/by-nc/4.0/legalcode","none","none","none","WGS84","Magnoliopsida","BR","Brazil","IAC - Herbário do Instituto Agronômico de Campinas","BRA:IAC:IAC:0000050263","1442","IAC - Herbário do Instituto Agronômico de Campinas","Biritiba-Mirim","Estação Biologica de Boracéia","IAC",1090577124,"BRA:IAC:IAC:0000050263","Collection","A. Custódio Filho","50263","","IAC","","E.H.A. Rodrigues",NA,"pt","Instituto Agronômico de Campinas, IAC","Coordenadas do material: 23°38#?#-23°39#?#S 45°52#?#-45°53#?#W. altitude 890-950m.","","","","","",NA,"","",NA,"","",NA,"","",NA,"",NA,NA,"","","","",NA,"","","Biritiba-Mirim","São Paulo","brazil",1141,"Biritiba-Mirim",3506607,-46.021332,-23.623812,"SAO PAULO","SP","São Paulo",-48.72944932,-22.26440593,"São Paulo","sp",-23.5725,-46.0386,"original coordinates","original coordinates OK"
"55","Dendropanax monogynus",1087320326,-23.633333,-45.866667,"gass84","17efa320-7312-4b55-bf0a-a4cfc4613169","2437c128-bf8c-4f53-b668-da95fb2e40b7","none","b38ff2b7-c8af-454e-b5af-ee760f0d5bca","BR","DWC_ARCHIVE","2018-11-24T12:34:36.670+0000","2018-09-25T13:46:47.957+0000",120,"none","PRESERVED_SPECIMEN",3035063,6,7707728,220,1351,8800,3034954,3035063,3035063,"Dendropanax monogynus Seem.","Dendropanax monogynus Seem.","Plantae","Tracheophyta","Apiales","Araliaceae","Dendropanax","Dendropanax monogynus","Dendropanax","monogynus","SPECIES","ACCEPTED","2005-01-01T00:00:00",920,"São Paulo",1983,8,30,"1983-08-30T00:00:00","2018-09-10T10:57:15.000+0000","2018-12-08T13:03:58.900+0000","http://creativecommons.org/licenses/by-nc/4.0/legalcode","none","none","none","WGS84","Magnoliopsida","BR","Brazil","SP - Herbário do Estado ""Maria Eneyda P. Kaufmann Fidalgo"" - Coleção de Fanerógamas","BRA:IBt:SP:0000193151","1441","SP - Herbário do Estado ""Maria Eneyda P. Kaufmann Fidalgo"" - Coleção de Fanerógamas","Biritiba-Mirim","Estação Biológica de Boracéia, 23°38'- 23°39'S e 45°52'- 45°53' W","SP",1087320326,"BRA:IBt:SP:0000193151","Collection","Custodio Filho, A","193151","","Instituto de Botânica, IBT","","Fiaschi, P",30,"pt","Instituto de Botânica, IBT","","","","","","",NA,"","",NA,"","",NA,"","",NA,"",NA,NA,"","","","",NA,"","","Biritiba-Mirim","São Paulo","brazil",1141,"Biritiba-Mirim",3506607,-46.021332,-23.623812,"SAO PAULO","SP","São Paulo",-48.72944932,-22.26440593,"São Paulo","sp",-23.633333,-45.866667,"original coordinates","original coordinates outside municipality original in biritiba-mirim falls in salesopolis"
"56","Dendropanax monogynus",1090569577,-24.32,-46.9983,"gass84","1064b787-c882-493e-b17d-4ffba363b776","c47cd3b0-2178-4a4b-87a6-740b482970a9","none","b38ff2b7-c8af-454e-b5af-ee760f0d5bca","BR","DWC_ARCHIVE","2018-11-23T18:20:23.415+0000","2018-09-24T19:21:08.065+0000",129,"none","PRESERVED_SPECIMEN",3035063,6,7707728,220,1351,8800,3034954,3035063,3035063,"Dendropanax monogynus Seem.","Dendropanax monogynus Seem.","Plantae","Tracheophyta","Apiales","Araliaceae","Dendropanax","Dendropanax monogynus","Dendropanax","monogynus","SPECIES","ACCEPTED","1983-06-09T00:00:00",NA,"São Paulo",1983,11,9,"1983-11-09T00:00:00","2018-08-07T17:32:47.000+0000","2018-12-08T04:43:24.772+0000","http://creativecommons.org/licenses/by-nc/4.0/legalcode","none","none","none","WGS84","Magnoliopsida","BR","Brazil","IAC - Herbário do Instituto Agronômico de Campinas","BRA:IAC:IAC:0000042722","s/nº","IAC - Herbário do Instituto Agronômico de Campinas","Peruíbe","Reserva Ecológica da Juréia","IAC",1090569577,"BRA:IAC:IAC:0000042722","Collection","L. Rossi & I. Cordeiro","42722","","IAC","","I. Cordeiro",NA,"pt","Instituto Agronômico de Campinas, IAC","","","","","","",NA,"","",NA,"","",NA,"","",NA,"",NA,NA,"","","","",NA,"","","Peruíbe","São Paulo","brazil",1008,"Peruíbe",3537602,-47.013118,-24.279695,"SAO PAULO","SP","São Paulo",-48.72944932,-22.26440593,"São Paulo","sp",-24.32,-46.9983,"original coordinates","original coordinates OK"
"57","Dendropanax monogynus",1322366974,-27.1,-48.9,"gass84","821cc27a-e3bb-4bc5-ac34-89ada245069d","bc092ff0-02e4-11dc-991f-b8a03c50a862","none","b2ff19b5-d74f-40d2-82f1-ec5db01e8e31","US","DWC_ARCHIVE","2018-07-02T13:35:47.154+0000","2018-03-05T21:18:13.891+0000",58,"none","PRESERVED_SPECIMEN",3035063,6,7707728,220,1351,8800,3034954,3035063,3035063,"Dendropanax monogynus Seem.","Dendropanax monogynus Seem.","Plantae","Tracheophyta","Apiales","Araliaceae","Dendropanax","Dendropanax monogynus","Dendropanax","monogynus","SPECIES","ACCEPTED","none",45,"Santa Catarina",1952,2,23,"1952-02-23T00:00:00","","2018-07-06T22:22:04.849+0000","http://creativecommons.org/publicdomain/zero/1.0/legalcode","none","none","none","WGS84","Magnoliopsida","BR","Brazil","","http://n2t.net/ark:/65665/3e476c198-9efa-4d6f-a2ba-eaf172a38e67","5777","NMNH Extant Biology","","Mun. Brusque. Mato de Malucher, Brusque.","Botany",1322366974,"http://n2t.net/ark:/65665/3e476c198-9efa-4d6f-a2ba-eaf172a38e67","PhysicalObject","L. B. Smith","2141286","","US","","",5,"","","","SOUTH_AMERICA","","http://biocol.org/urn:lsid:biocol.org:col:34871","","",54,"","",54,"","",NA,"","",NA,"Label",NA,1,"Low shrub. Forest.","South America , Brazil, Santa Catarina","Plantae, Dicotyledonae, Apiales, Araliaceae","",NA,"","","","Santa Catarina","brazil",NA,"",NA,NA,NA,"","","Santa Catarina",-50.48226937,-27.24592878,"Santa Catarina","sc",-27.1,-48.9,"original coordinates","original coordinates outside municipality original in  falls in brusque"
"58","Dendropanax monogynus",1228550035,-10.8339,-52.8731,"gass84,txmatfuz","90c853e6-56bd-480b-8e8f-6285c3f8d42b","7b8aff00-a9f8-11d8-944b-b8a03c50a862","none","3b84ff5b-79ce-427c-acb7-b4004e160f66","US","DWC_ARCHIVE","2018-11-22T21:35:14.489+0000","2018-11-22T21:35:14.566+0000",97,"none","PRESERVED_SPECIMEN",3035064,6,7707728,220,1351,8800,3034954,3035063,3035063,"Dendropanax pauciflorus Decne. & Planch.","Dendropanax monogynus Seem.","Plantae","Tracheophyta","Apiales","Araliaceae","Dendropanax","Dendropanax monogynus","Dendropanax","pauciflorus","SPECIES","SYNONYM","none",NA,"",NA,NA,NA,"none","","2018-12-07T20:12:36.961+0000","http://creativecommons.org/publicdomain/zero/1.0/legalcode","none","none","none","WGS84","Magnoliopsida","BR","Brazil","The Field Museum of Natural History","430daf0b-b451-40a7-a336-88c968aaf470","","Negatives/Types","","","Botany",1228550035,"430daf0b-b451-40a7-a336-88c968aaf470","PhysicalObject","A. Saint-Hilaire",NA,"","F","","",NA,"en","F","","SOUTH_AMERICA","","F","ICBN","",NA,"","",NA,"","Botany",NA,"","",NA,"",NA,NA,"","South America, BRAZIL","Plantae Spermatophyta Dicotyledoneae Araliaceae","TYPE",210625,"seeds-20-nov-2018","http://fieldmuseum.org/about/copyright-information","","","brazil",NA,"",NA,NA,NA,"","","",NA,NA,NA,"",-10.8339,-52.8731,"original coordinates","original coordinates outside municipality original in  falls in sao jose do xingu"
