"","name","key","decimalLatitude","decimalLongitude","issues","datasetKey","publishingOrgKey","networkKeys","installationKey","publishingCountry","protocol","lastCrawled","lastParsed","crawlId","extensions","basisOfRecord","taxonKey","kingdomKey","phylumKey","classKey","orderKey","familyKey","genusKey","speciesKey","acceptedTaxonKey","scientificName","acceptedScientificName","kingdom","phylum","order","family","genus","species","genericName","specificEpithet","taxonRank","taxonomicStatus","dateIdentified","stateProvince.original","year","month","day","eventDate","lastInterpreted","license","identifiers","facts","relations","geodeticDatum","class","countryCode","country.original","rightsHolder","identifier","recordNumber","datasetName","municipality.original","locality","language","collectionCode","gbifID","occurrenceID","type","recordedBy","catalogNumber","institutionCode","ownerInstitutionCode","occurrenceRemarks","elevation","elevationAccuracy","modified","identifiedBy","otherCatalogNumbers","continent","individualCount","preparations","references","habitat","institutionID","nomenclaturalCode","verbatimEventDate","endDayOfYear","county","startDayOfYear","verbatimElevation","collectionID","fieldNotes","higherGeography","georeferenceProtocol","eventRemarks","higherClassification","nomenclaturalStatus","taxonID","bibliographicCitation","fieldNumber","organismID","datasetID","accessRights","coordinateUncertaintyInMeters","georeferencedDate","georeferenceSources","typeStatus","dynamicProperties","typifiedName","municipality","stateProvince","country","FID","NOME","GEOCODIGO","POINT_X","POINT_Y","NOMEUF","SIGLAUF","estados_shp","x_estado","y_estado","nome","sigla","new_Lat","new_Lon","notes","comments"
"1","Callisthene microphylla",1835179293,-8.416667,-42.333333,"gass84","2e684fd6-09e2-4661-910a-0a188b610c04","60545be9-4f28-4245-b4b4-07635c8dfa54","none","b38ff2b7-c8af-454e-b5af-ee760f0d5bca","BR","DWC_ARCHIVE","2018-11-14T17:20:04.742+0000","2018-09-10T18:27:58.542+0000",124,"none","PRESERVED_SPECIMEN",4030799,6,7707728,220,690,3231623,7288309,4030799,4030799,"Callisthene microphylla Warm.","Callisthene microphylla Warm.","Plantae","Tracheophyta","Myrtales","Vochysiaceae","Callisthene","Callisthene microphylla","Callisthene","microphylla","SPECIES","ACCEPTED","none","Piauí",2017,12,8,"2017-12-08T00:00:00","2018-09-10T18:28:22.112+0000","http://creativecommons.org/licenses/by-nc/4.0/legalcode","none","none","none","WGS84","Magnoliopsida","BR","Brazil","HUEFS - Herbario da Universidade Estadual de Feira de Santana","BRA:UEFS:HUEFS:0000238885","241","HUEFS - Herbario da Universidade Estadual de Feira de Santana","São Raimundo Nonato","Parque Nacional Serra da Capivara","pt","HUEFS",1835179293,"BRA:UEFS:HUEFS:0000238885","Collection","Rodrigues, P.","238885","UEFS","Universidade Estadual de Feira de Santana (UEFS)","Caatinga",NA,NA,"","","","",NA,"","","","","","",NA,"",NA,"","","","","","","","",NA,"","",NA,"","",NA,"","","","","","São Raimundo Nonato","Piauí","brazil",4095,"São Raimundo Nonato",2210607,-42.715282,-8.96647,"PIAUI","PI","Piauí",-42.9686162,-7.38798322,"Piauí","pi",-8.416667,-42.333333,"original coordinates","original coordinates outside municipality original in sao raimundo nonato falls in joao costa"
"2","Callisthene microphylla",1899745083,-18.0844,-43.2214,"gass84","7741a517-ab3d-4b85-ae58-56322e44c8ce","d073b448-6b80-4364-8c38-18d08b88797f","none","b38ff2b7-c8af-454e-b5af-ee760f0d5bca","BR","DWC_ARCHIVE","2018-12-03T13:52:02.992+0000","2018-12-03T16:41:41.382+0000",122,"none","PRESERVED_SPECIMEN",4030799,6,7707728,220,690,3231623,7288309,4030799,4030799,"Callisthene microphylla Warm.","Callisthene microphylla Warm.","Plantae","Tracheophyta","Myrtales","Vochysiaceae","Callisthene","Callisthene microphylla","Callisthene","microphylla","SPECIES","ACCEPTED","2018-09-01T00:00:00","Minas Gerais",2016,3,21,"2016-03-21T00:00:00","2018-12-03T16:43:18.073+0000","http://creativecommons.org/licenses/by-nc/4.0/legalcode","none","none","none","WGS84","Magnoliopsida","BR","Brazil","UEC - Herbário da Universidade Estadual de Campinas","BRA:UNICAMP:UEC:0000201998","19252","UEC - Herbário da Universidade Estadual de Campinas","Diamantina","Parque Estadual do Rio Preto. Acima da cachoeira do Crioulo.","pt","UEC",1899745083,"BRA:UNICAMP:UEC:0000201998","Collection","Martinelli, G.; Lima, L.; Moraes, L.","201998","UNICAMP","Universidade Estadual de Campinas, UNICAMP","Arbusto, 4m, heliófila, na margem de rio; folhas verdes, discolores; frutos castanhos.; Campos rupestres.",900,0,"2018-11-21T16:40:52.000+0000","Shimizu, G.H.","","",NA,"","","","","","",NA,"",NA,"","","","","","","","",NA,"","",NA,"","",NA,"","","","","","Diamantina","Minas Gerais","brazil",2798,"Diamantina",3121605,-43.610232,-17.993337,"MINAS GERAIS","MG","Minas Gerais",-44.67333254,-18.45539008,"Minas Gerais","mg",-18.0844,-43.2214,"original coordinates","original coordinates outside municipality original in diamantina falls in felicio dos santos"
"3","Callisthene microphylla",1676572805,-6.328611,-51.269444,"gass84","0c00cc8f-fd48-4771-acae-216bfc42dfc2","dbf378dd-b030-4049-bc9c-b5b8643e67cd","none","b38ff2b7-c8af-454e-b5af-ee760f0d5bca","BR","DWC_ARCHIVE","2018-11-24T12:36:12.308+0000","2018-09-25T15:44:39.551+0000",130,"none","PRESERVED_SPECIMEN",4030799,6,7707728,220,690,3231623,7288309,4030799,4030799,"Callisthene microphylla Warm.","Callisthene microphylla Warm.","Plantae","Tracheophyta","Myrtales","Vochysiaceae","Callisthene","Callisthene microphylla","Callisthene","microphylla","SPECIES","ACCEPTED","none","Pará",2016,5,20,"2016-05-20T00:00:00","2018-12-10T07:37:02.142+0000","http://creativecommons.org/licenses/by-nc/4.0/legalcode","none","none","none","WGS84","Magnoliopsida","BR","Brazil","MFS - Herbário Profª. Drª. Marlene Freitas da Silva","BRA:UEPA:MFS:0000007455","685","MFS - Herbário Profª. Drª. Marlene Freitas da Silva","Canaã dos Carajás","Serra Sul, Solo pedregoso. área de canga.","pt","MFS",1676572805,"BRA:UEPA:MFS:0000007455","Collection","Silva, CAS da","007455","UEPA","Universidade do Estado do Pará (UEPA)","Árvore de 4,5 m de altura com fruto imaturo verde.",763,0,"2018-09-18T12:56:59.000+0000","Silva, CAS da","","",NA,"","","","","","",NA,"",NA,"","","","","","","","",NA,"","",NA,"","",NA,"","","","","","Canaã dos Carajás","Pará","brazil",4764,"Canaã dos Carajás",1502152,-50.086631,-6.424191,"PARA","PA","Pará",-53.0625366,-3.972184,"Pará","pa",-6.328611,-51.269444,"original coordinates","original coordinates outside municipality original in canaa dos carajas falls in sao felix do xingu"
"4","Callisthene microphylla",1424461520,-9.205556,-43.471667,"cdround,gass84","4300f8d5-1ae5-49e5-a101-63894b005868","838537fc-4aeb-4980-8b58-97fbdcd1d91a","none","da7fe11a-b42c-46cb-9e9d-02243edb738a","BR","DWC_ARCHIVE","2018-10-02T15:42:36.364+0000","2018-09-24T20:03:50.490+0000",207,"none","PRESERVED_SPECIMEN",4030799,6,7707728,220,690,3231623,7288309,4030799,4030799,"Callisthene microphylla Warm.","Callisthene microphylla Warm.","Plantae","Tracheophyta","Myrtales","Vochysiaceae","Callisthene","Callisthene microphylla","Callisthene","microphylla","SPECIES","ACCEPTED","none","Piauí",2013,2,21,"2013-02-21T00:00:00","2018-12-06T17:00:37.431+0000","http://creativecommons.org/licenses/by/4.0/legalcode","none","none","none","WGS84","Magnoliopsida","BR","Brazil","Rio de Janeiro Botanical Garden","urn:catalog:JBRJ:RB:807104","18107","RB - Rio de Janeiro Botanical Garden Herbarium Collection","Caracol","Parque Nacional da Serra das Confusões. trilha da serra no trecho chamado Andorinha I.","","RB",1424461520,"urn:catalog:JBRJ:RB:807104","PhysicalObject","G.Martinelli; N.Pougy, E.Fernandez, L.Santos, D.Judice, D.Maurenza, T.Lima, M.Moraes","RB00807104","JBRJ","","arbusto, 2,60m, heliófila; folhas verdes concolores; frutos passados castanhos.",550,NA,"2017-10-18T11:20:04.861+0000","R.Marquete & Elsie F. Guimarães","RB 584080","",NA,"","","","","","",NA,"",NA,"","","","","","","","",NA,"","",NA,"","",NA,"","","","","","Caracol","Piauí","brazil",4076,"Caracol",2202505,-43.346841,-9.089046,"PIAUI","PI","Piauí",-42.9686162,-7.38798322,"Piauí","pi",-9.205556,-43.471667,"original coordinates","original coordinates OK"
"5","Callisthene microphylla",1424461276,-8.900556,-43.4575,"cdround,gass84,muluriiv","4300f8d5-1ae5-49e5-a101-63894b005868","838537fc-4aeb-4980-8b58-97fbdcd1d91a","none","da7fe11a-b42c-46cb-9e9d-02243edb738a","BR","DWC_ARCHIVE","2018-10-02T15:42:36.217+0000","2018-09-24T20:03:50.305+0000",207,"none","PRESERVED_SPECIMEN",4030799,6,7707728,220,690,3231623,7288309,4030799,4030799,"Callisthene microphylla Warm.","Callisthene microphylla Warm.","Plantae","Tracheophyta","Myrtales","Vochysiaceae","Callisthene","Callisthene microphylla","Callisthene","microphylla","SPECIES","ACCEPTED","none","Piauí",2013,2,18,"2013-02-18T00:00:00","2018-12-06T17:00:37.204+0000","http://creativecommons.org/licenses/by/4.0/legalcode","none","none","none","WGS84","Magnoliopsida","BR","Brazil","Rio de Janeiro Botanical Garden","urn:catalog:JBRJ:RB:806890","17892","RB - Rio de Janeiro Botanical Garden Herbarium Collection","Caracol","Parque Nacional da Serra das Confusões. grotões abaixo do Lajedo do Canto Verde.","","RB",1424461276,"urn:catalog:JBRJ:RB:806890","PhysicalObject","G.Martinelli; N.Pougy, E.Fernandez, L.Santos, D.Judice, D.Maurenza, T.Lima, M.Moraes","RB00806890","JBRJ","","arbusto, 2-4m, heliófila, frequente; folhas verdes concolores; frutos imaturos de cor castanhos.",540,NA,"2017-10-18T10:05:52.120+0000","Ronaldo Marquete","RB 583866","",NA,"","","","","","",NA,"",NA,"","","","","","","","",NA,"","",NA,"","",NA,"","","","","","Caracol","Piauí","brazil",4076,"Caracol",2202505,-43.346841,-9.089046,"PIAUI","PI","Piauí",-42.9686162,-7.38798322,"Piauí","pi",-8.900556,-43.4575,"original coordinates","original coordinates outside municipality original in caracol falls in guaribas"
"6","Callisthene microphylla",1424461355,-9.156111,-43.598333,"cdround,gass84","4300f8d5-1ae5-49e5-a101-63894b005868","838537fc-4aeb-4980-8b58-97fbdcd1d91a","none","da7fe11a-b42c-46cb-9e9d-02243edb738a","BR","DWC_ARCHIVE","2018-10-02T15:42:36.277+0000","2018-09-24T20:03:50.346+0000",207,"none","PRESERVED_SPECIMEN",4030799,6,7707728,220,690,3231623,7288309,4030799,4030799,"Callisthene microphylla Warm.","Callisthene microphylla Warm.","Plantae","Tracheophyta","Myrtales","Vochysiaceae","Callisthene","Callisthene microphylla","Callisthene","microphylla","SPECIES","ACCEPTED","none","Piauí",2013,2,20,"2013-02-20T00:00:00","2018-12-06T17:00:37.246+0000","http://creativecommons.org/licenses/by/4.0/legalcode","none","none","none","WGS84","Magnoliopsida","BR","Brazil","Rio de Janeiro Botanical Garden","urn:catalog:JBRJ:RB:806959","17961","RB - Rio de Janeiro Botanical Garden Herbarium Collection","Caracol","Parque Nacional da Serra das Confusões. entre Sítio Arqueológico e Mequem.","","RB",1424461355,"urn:catalog:JBRJ:RB:806959","PhysicalObject","G.Martinelli; N.Pougy, E.Fernandez, L.Santos, D.Judice, D.Maurenza, T.Lima, M.Moraes","RB00806959","JBRJ","","arbusto, 3m; folhas discolores; frutos passados castanhos.",500,NA,"2017-10-18T11:13:52.739+0000","R.Marquete & Elsie F. Guimarães","RB 583935","",NA,"","","","","","",NA,"",NA,"","","","","","","","",NA,"","",NA,"","",NA,"","","","","","Caracol","Piauí","brazil",4076,"Caracol",2202505,-43.346841,-9.089046,"PIAUI","PI","Piauí",-42.9686162,-7.38798322,"Piauí","pi",-9.156111,-43.598333,"original coordinates","original coordinates outside municipality original in caracol falls in guaribas"
"7","Callisthene microphylla",1077483728,-18.1175,-43.525833,"gass84","eb63cc46-126f-43b2-9c3e-0f03a97e0638","60f97f47-cd0d-4ff5-b0c0-c98495bf430a","none","b38ff2b7-c8af-454e-b5af-ee760f0d5bca","BR","DWC_ARCHIVE","2018-11-23T15:40:01.399+0000","2017-12-29T14:08:04.576+0000",136,"none","PRESERVED_SPECIMEN",4030799,6,7707728,220,690,3231623,7288309,4030799,4030799,"Callisthene microphylla Warm.","Callisthene microphylla Warm.","Plantae","Tracheophyta","Myrtales","Vochysiaceae","Callisthene","Callisthene microphylla","Callisthene","microphylla","SPECIES","ACCEPTED","2013-07-05T00:00:00","Minas Gerais",2013,5,16,"2013-05-16T00:00:00","2018-12-06T14:18:28.562+0000","http://creativecommons.org/licenses/by-nc/4.0/legalcode","none","none","none","WGS84","Magnoliopsida","BR","Brazil","HDJF - Herbário Dendrológico Jeanine Felfili","BRA:UFVJM:HDJF:0000001929","s.n.","HDJF - Herbário Dendrológico Jeanine Felfili","Diamantina","Distrito de Mendanha, próximo da Cachoeira Santa Polônia.","pt","HDJF",1077483728,"BRA:UFVJM:HDJF:0000001929","Collection","Otoni, TJO; Santana, BID; Pereira, IM; Machado, ELM","1929","Universidade Federal dos Vales do Jequitinhonha e Mucuri (UFVJM)","Universidade Federal dos Vales do Jequitinhonha e Mucuri (UFVJM)","DUPLICATA n°1928.; Cerrado",NA,NA,"2017-12-16T14:12:25.000+0000","Otoni, TJO","","SOUTH_AMERICA",NA,"","","","","","",NA,"",NA,"","","","","","","","",NA,"","",NA,"","",NA,"","","","","","Diamantina","Minas Gerais","brazil",2798,"Diamantina",3121605,-43.610232,-17.993337,"MINAS GERAIS","MG","Minas Gerais",-44.67333254,-18.45539008,"Minas Gerais","mg",-18.1175,-43.525833,"original coordinates","original coordinates OK"
"8","Callisthene microphylla",1587324068,-10.178611,-48.279444,"gass84","e38d4c95-3a1d-4594-9ae9-883b48042e6d","7ef169f9-81f8-46a2-a7f7-240df6a1889c","none","b38ff2b7-c8af-454e-b5af-ee760f0d5bca","BR","DWC_ARCHIVE","2018-11-23T18:21:38.410+0000","2018-11-23T18:21:38.637+0000",123,"none","PRESERVED_SPECIMEN",4030799,6,7707728,220,690,3231623,7288309,4030799,4030799,"Callisthene microphylla Warm.","Callisthene microphylla Warm.","Plantae","Tracheophyta","Myrtales","Vochysiaceae","Callisthene","Callisthene microphylla","Callisthene","microphylla","SPECIES","ACCEPTED","none","Tocantins",2012,1,25,"2012-01-25T00:00:00","2018-11-23T18:22:55.030+0000","http://creativecommons.org/licenses/by-nc/4.0/legalcode","none","none","none","WGS84","Magnoliopsida","BR","Brazil","CEN - Herbário da Embrapa Recursos Genéticos e Biotecnologia","BRA:Cenargen:CEN:0000092507","52","CEN - Herbário da Embrapa Recursos Genéticos e Biotecnologia","PALMAS","Morro do Limpão","pt","CEN",1587324068,"BRA:Cenargen:CEN:0000092507","Collection","Helena Lara Lemos","92507","Cenargen","Empresa Brasileira de Pesquisa Agropecuária (EMBRAPA)","Doação Herbario UB - Tocantins - Brasil",NA,NA,"","B. M. T. Walter & J. B. Pereira","","",1,"Exsicatas","","","","","",NA,"",NA,"","","","","","","","",NA,"","",NA,"","",NA,"","","","","","PALMAS","Tocantins","brazil",3877,"Palmas",1721000,-48.15252,-10.220926,"TOCANTINS","TO","Tocantins",-48.32919432,-10.14913269,"Tocantins","to",-10.178611,-48.279444,"original coordinates","original coordinates OK"
"9","Callisthene microphylla",1094887923,-8.9,-43.457222,"gass84","2e684fd6-09e2-4661-910a-0a188b610c04","60545be9-4f28-4245-b4b4-07635c8dfa54","none","b38ff2b7-c8af-454e-b5af-ee760f0d5bca","BR","DWC_ARCHIVE","2018-11-14T17:19:35.217+0000","2018-09-10T18:27:17.033+0000",124,"none","PRESERVED_SPECIMEN",4030799,6,7707728,220,690,3231623,7288309,4030799,4030799,"Callisthene microphylla Warm.","Callisthene microphylla Warm.","Plantae","Tracheophyta","Myrtales","Vochysiaceae","Callisthene","Callisthene microphylla","Callisthene","microphylla","SPECIES","ACCEPTED","none","Piauí",2011,2,25,"2011-02-25T00:00:00","2018-09-10T18:27:42.581+0000","http://creativecommons.org/licenses/by-nc/4.0/legalcode","none","none","none","WGS84","Magnoliopsida","BR","Brazil","HUEFS - Herbario da Universidade Estadual de Feira de Santana","BRA:UEFS:HUEFS:0000170860","9183","HUEFS - Herbario da Universidade Estadual de Feira de Santana","Caracol","Parque Nacional Serra das Confusões. Canto Verde.","pt","HUEFS",1094887923,"BRA:UEFS:HUEFS:0000170860","Collection","Melo, E.","170860","UEFS","Universidade Estadual de Feira de Santana (UEFS)","Caatinga arbórea, em formação de dolina calcárea aberta, entorno.",562,0,"","","","",NA,"","","","","","",NA,"",NA,"","","","","","","","",NA,"","",NA,"","",NA,"","","","","","Caracol","Piauí","brazil",4076,"Caracol",2202505,-43.346841,-9.089046,"PIAUI","PI","Piauí",-42.9686162,-7.38798322,"Piauí","pi",-8.9,-43.457222,"original coordinates","original coordinates outside municipality original in caracol falls in guaribas"
"10","Callisthene microphylla",1087076127,-14.479722,-44.897111,"cdround,gass84","1e0f3d99-eb02-4806-b6a4-e903568129ec","b7ea834f-8d60-40ea-ab2c-5057000f0afd","none","b38ff2b7-c8af-454e-b5af-ee760f0d5bca","BR","DWC_ARCHIVE","2018-11-24T12:36:32.175+0000","2017-12-29T14:34:35.835+0000",123,"none","PRESERVED_SPECIMEN",4030799,6,7707728,220,690,3231623,7288309,4030799,4030799,"Callisthene microphylla Warm.","Callisthene microphylla Warm.","Plantae","Tracheophyta","Myrtales","Vochysiaceae","Callisthene","Callisthene microphylla","Callisthene","microphylla","SPECIES","ACCEPTED","none","Bahia",2010,3,18,"2010-03-18T00:00:00","2018-12-08T13:02:22.302+0000","http://creativecommons.org/licenses/by-nc/4.0/legalcode","none","none","none","WGS84","Magnoliopsida","BR","Brazil","UFP - Herbário UFP - Geraldo Mariz","BRA:UFPE:UFP:0000060917","664","UFP - Herbário UFP - Geraldo Mariz","Cocos","Serra da Capivara-Cerrado Campo Sujo","pt","UFP",1087076127,"BRA:UFPE:UFP:0000060917","Collection","Yoshida-Arns, K.","60917","UFPE","Universidade Federal de Pernambuco, UFPE","DESC:Arbusto aproximadamente 2m de altura, frutos verdes;",NA,NA,"2013-11-14T19:40:01.000+0000","","","",0,"","","","","","",NA,"",NA,"","","","","","","","",NA,"","",NA,"","",NA,"","","","","","Cocos","Bahia","brazil",3285,"Cocos",2908101,-45.21345,-14.491621,"BAHIA","BA","Bahia",-41.72018023,-12.47295682,"Bahia","ba",-14.479722,-44.897111,"original coordinates","original coordinates OK"
"11","Callisthene microphylla",1094889644,-14.479722,-44.896944,"gass84","2e684fd6-09e2-4661-910a-0a188b610c04","60545be9-4f28-4245-b4b4-07635c8dfa54","none","b38ff2b7-c8af-454e-b5af-ee760f0d5bca","BR","DWC_ARCHIVE","2018-11-14T17:19:36.221+0000","2018-09-10T18:27:18.325+0000",124,"none","PRESERVED_SPECIMEN",4030799,6,7707728,220,690,3231623,7288309,4030799,4030799,"Callisthene microphylla Warm.","Callisthene microphylla Warm.","Plantae","Tracheophyta","Myrtales","Vochysiaceae","Callisthene","Callisthene microphylla","Callisthene","microphylla","SPECIES","ACCEPTED","none","Bahia",2010,3,18,"2010-03-18T00:00:00","2018-09-10T18:27:43.628+0000","http://creativecommons.org/licenses/by-nc/4.0/legalcode","none","none","none","WGS84","Magnoliopsida","BR","Brazil","HUEFS - Herbario da Universidade Estadual de Feira de Santana","BRA:UEFS:HUEFS:0000172586","BHRG664","HUEFS - Herbario da Universidade Estadual de Feira de Santana","Côcos","Serra da Capivara.","pt","HUEFS",1094889644,"BRA:UEFS:HUEFS:0000172586","Collection","","172586","UEFS","Universidade Estadual de Feira de Santana (UEFS)","Cerrado. Cerrado Campo sujo.",NA,NA,"","","","",NA,"","","","","","",NA,"",NA,"","","","","","","","",NA,"","",NA,"","",NA,"","","","","","Côcos","Bahia","brazil",3285,"Cocos",2908101,-45.21345,-14.491621,"BAHIA","BA","Bahia",-41.72018023,-12.47295682,"Bahia","ba",-14.479722,-44.896944,"original coordinates","original coordinates OK"
"12","Callisthene microphylla",1090631090,-19.048652,-43.737325,"gass84","1bb3cae3-b91f-4109-8a2d-a1f05f2d6fd3","76dbcb10-efc5-4d5f-87a5-bcd409fc92c8","none","b38ff2b7-c8af-454e-b5af-ee760f0d5bca","BR","DWC_ARCHIVE","2018-11-24T12:30:50.447+0000","2018-09-25T14:05:44.099+0000",126,"none","PRESERVED_SPECIMEN",4030799,6,7707728,220,690,3231623,7288309,4030799,4030799,"Callisthene microphylla Warm.","Callisthene microphylla Warm.","Plantae","Tracheophyta","Myrtales","Vochysiaceae","Callisthene","Callisthene microphylla","Callisthene","microphylla","SPECIES","ACCEPTED","2009-01-01T00:00:00","Minas Gerais",2009,2,25,"2009-02-25T00:00:00","2018-12-08T04:43:55.808+0000","http://creativecommons.org/licenses/by-nc/4.0/legalcode","none","none","none","WGS84","Magnoliopsida","BR","Brazil","SPF - Herbário da Universidade de São Paulo","BRA:USP:SPF:0000211101","1562","SPF - Herbário da Universidade de São Paulo","Santana do Riacho","Serra do Cipó, Trilha do João Carrinho.","pt","SPF",1090631090,"BRA:USP:SPF:0000211101","Collection","Zappi, DC","211101","USP","Universidade de São Paulo, USP","Arbustos esgalhados, 1,5 m alt., folhagem avermelhada, frutos verde-acastanhados.; Campo rupestre, entre rochas areníticas, em solo arenoso.",NA,NA,"2018-08-21T18:49:12.000+0000","Zappi, DC","","",NA,"","","","","","",NA,"",NA,"","","","","","","","",NA,"","",NA,"","",NA,"","","","","","Santana do Riacho","Minas Gerais","brazil",2600,"Santana do Riacho",3159001,-43.645093,-19.189098,"MINAS GERAIS","MG","Minas Gerais",-44.67333254,-18.45539008,"Minas Gerais","mg",-19.048652,-43.737325,"original coordinates","original coordinates OK"
"13","Callisthene microphylla",1455400579,-18.290278,-43.439167,"gass84","1bb3cae3-b91f-4109-8a2d-a1f05f2d6fd3","76dbcb10-efc5-4d5f-87a5-bcd409fc92c8","none","b38ff2b7-c8af-454e-b5af-ee760f0d5bca","BR","DWC_ARCHIVE","2018-11-24T12:30:48.172+0000","2018-09-25T14:05:36.400+0000",126,"none","PRESERVED_SPECIMEN",4030799,6,7707728,220,690,3231623,7288309,4030799,4030799,"Callisthene microphylla Warm.","Callisthene microphylla Warm.","Plantae","Tracheophyta","Myrtales","Vochysiaceae","Callisthene","Callisthene microphylla","Callisthene","microphylla","SPECIES","ACCEPTED","2013-04-01T00:00:00","Minas Gerais",2009,2,8,"2009-02-08T00:00:00","2018-12-09T07:19:30.139+0000","http://creativecommons.org/licenses/by-nc/4.0/legalcode","none","none","none","WGS84","Magnoliopsida","BR","Brazil","SPF - Herbário da Universidade de São Paulo","BRA:USP:SPF:0000203118","5874","SPF - Herbário da Universidade de São Paulo","Diamantina","","pt","SPF",1455400579,"BRA:USP:SPF:0000203118","Collection","Pirani, JR","203118","USP","Universidade de São Paulo, USP","",750,0,"2018-08-21T18:49:12.000+0000","Gonçalves, DJP","","",NA,"","","","","","",NA,"",NA,"","","","","","","","",NA,"","",NA,"","",NA,"","","","","","Diamantina","Minas Gerais","brazil",2798,"Diamantina",3121605,-43.610232,-17.993337,"MINAS GERAIS","MG","Minas Gerais",-44.67333254,-18.45539008,"Minas Gerais","mg",-18.290278,-43.439167,"original coordinates","original coordinates OK"
"14","Callisthene microphylla",1095248869,-8.901667,-43.457222,"cdround,gass84","e38d4c95-3a1d-4594-9ae9-883b48042e6d","7ef169f9-81f8-46a2-a7f7-240df6a1889c","none","b38ff2b7-c8af-454e-b5af-ee760f0d5bca","BR","DWC_ARCHIVE","2018-11-23T18:21:29.385+0000","2018-11-23T18:21:29.586+0000",123,"none","PRESERVED_SPECIMEN",4030799,6,7707728,220,690,3231623,7288309,4030799,4030799,"Callisthene microphylla Warm.","Callisthene microphylla Warm.","Plantae","Tracheophyta","Myrtales","Vochysiaceae","Callisthene","Callisthene microphylla","Callisthene","microphylla","SPECIES","ACCEPTED","none","Piauí",2009,4,8,"2009-04-08T00:00:00","2018-11-23T18:22:42.439+0000","http://creativecommons.org/licenses/by-nc/4.0/legalcode","none","none","none","WGS84","Magnoliopsida","BR","Brazil","CEN - Herbário da Embrapa Recursos Genéticos e Biotecnologia","BRA:Cenargen:CEN:0000073713","16296","CEN - Herbário da Embrapa Recursos Genéticos e Biotecnologia","CARACOL","Parque Nacional da Serra das Confusões. Lajedos do Canto Verde.","pt","CEN",1095248869,"BRA:Cenargen:CEN:0000073713","Collection","Gustavo Martinelli","73713","Cenargen","Empresa Brasileira de Pesquisa Agropecuária (EMBRAPA)","Folhas concolores. Doação do Jardim Botânico do Rio de Janeiro, RB - 485448",600,0,"","","","",1,"Exsicatas","","","","","",NA,"",NA,"","","","","","","","",NA,"","",NA,"","",NA,"","","","","","CARACOL","Piauí","brazil",4076,"Caracol",2202505,-43.346841,-9.089046,"PIAUI","PI","Piauí",-42.9686162,-7.38798322,"Piauí","pi",-8.901667,-43.457222,"original coordinates","original coordinates outside municipality original in caracol falls in guaribas"
"15","Callisthene microphylla",1930884947,-9,-43.3636,"gass84","d415c253-4d61-4459-9d25-4015b9084fb0","ae447c50-b8a8-11d8-92a4-b8a03c50a862","none","17017c2c-036b-45d9-b045-606d21b00771","US","DWC_ARCHIVE","2018-11-18T16:22:53.076+0000","2018-11-18T16:22:53.130+0000",96,"none","PRESERVED_SPECIMEN",4030799,6,7707728,220,690,3231623,7288309,4030799,4030799,"Callisthene microphylla Warm.","Callisthene microphylla Warm.","Plantae","Tracheophyta","Myrtales","Vochysiaceae","Callisthene","Callisthene microphylla","Callisthene","microphylla","SPECIES","ACCEPTED","none","PiauÃ­",2009,4,8,"2009-04-08T00:00:00","2018-12-08T04:56:11.111+0000","http://creativecommons.org/publicdomain/zero/1.0/legalcode","none","none","none","WGS84","Magnoliopsida","BR","Brazil","The New York Botanical Garden","dc94630a-e54b-419c-bcde-5e6be1829767","16241","Vascular plants","","Parque Nacional da Serra das ConfusÃµes. Baixo do Canto verde.","en","NY",1930884947,"dc94630a-e54b-419c-bcde-5e6be1829767","PhysicalObject","G. Martinelli","1182850","NY","","",550.5,50.5,"","","","SOUTH_AMERICA",NA,"sheet","http://sweetgum.nybg.org/science/vh/specimen_details.php?irn=1410302","Caatinga.","http://biocol.org/urn:lsid:biocol.org:col:15556","ICN","08 Apr 2009",98,"Caracol",98,"1640-1972 ft","http://biocol.org/urn:lsid:biocol.org:col:15556","","","","","","",NA,"","",NA,"","",NA,"","","","","","","PiauÃ­","brazil",NA,"",NA,NA,NA,"","","",NA,NA,NA,"",-9,-43.3636,"original coordinates","original coordinates outside municipality original in  falls in caracol"
"16","Callisthene microphylla",1455400471,-10.084722,-43.363611,"gass84","1bb3cae3-b91f-4109-8a2d-a1f05f2d6fd3","76dbcb10-efc5-4d5f-87a5-bcd409fc92c8","none","b38ff2b7-c8af-454e-b5af-ee760f0d5bca","BR","DWC_ARCHIVE","2018-11-24T12:30:46.683+0000","2018-09-25T14:05:31.677+0000",126,"none","PRESERVED_SPECIMEN",4030799,6,7707728,220,690,3231623,7288309,4030799,4030799,"Callisthene microphylla Warm.","Callisthene microphylla Warm.","Plantae","Tracheophyta","Myrtales","Vochysiaceae","Callisthene","Callisthene microphylla","Callisthene","microphylla","SPECIES","ACCEPTED","none","Piauí",2009,4,8,"2009-04-08T00:00:00","2018-12-09T07:19:29.971+0000","http://creativecommons.org/licenses/by-nc/4.0/legalcode","none","none","none","WGS84","Magnoliopsida","BR","Brazil","SPF - Herbário da Universidade de São Paulo","BRA:USP:SPF:0000193906","16241","SPF - Herbário da Universidade de São Paulo","Caracol","Parque Nacional da Serra das Confusões","pt","SPF",1455400471,"BRA:USP:SPF:0000193906","Collection","Martinelli, G","193906","USP","Universidade de São Paulo, USP","",550.5,50.5,"2018-08-21T18:49:12.000+0000","Martinelli, G","","",NA,"","","","","","",NA,"",NA,"","","","","","","","",NA,"","",NA,"","",NA,"","","","","","Caracol","Piauí","brazil",4076,"Caracol",2202505,-43.346841,-9.089046,"PIAUI","PI","Piauí",-42.9686162,-7.38798322,"Piauí","pi",-10.084722,-43.363611,"original coordinates","original coordinates outside municipality original in caracol falls in pilao arcado"
"17","Callisthene microphylla",1424282422,-8.901667,-43.457222,"cdround,gass84","4300f8d5-1ae5-49e5-a101-63894b005868","838537fc-4aeb-4980-8b58-97fbdcd1d91a","none","da7fe11a-b42c-46cb-9e9d-02243edb738a","BR","DWC_ARCHIVE","2018-10-02T15:40:49.599+0000","2018-09-24T20:02:04.821+0000",207,"none","PRESERVED_SPECIMEN",4030799,6,7707728,220,690,3231623,7288309,4030799,4030799,"Callisthene microphylla Warm.","Callisthene microphylla Warm.","Plantae","Tracheophyta","Myrtales","Vochysiaceae","Callisthene","Callisthene microphylla","Callisthene","microphylla","SPECIES","ACCEPTED","none","Piauí",2009,4,8,"2009-04-08T00:00:00","2018-12-06T16:58:51.275+0000","http://creativecommons.org/licenses/by/4.0/legalcode","none","none","none","WGS84","Magnoliopsida","BR","Brazil","Rio de Janeiro Botanical Garden","urn:catalog:JBRJ:RB:569964","16296","RB - Rio de Janeiro Botanical Garden Herbarium Collection","Caracol","Parque Nacional da Serra das Confusões. Lajedos do Canto Verde, Caatinga, sobre afloramentos.","","RB",1424282422,"urn:catalog:JBRJ:RB:569964","PhysicalObject","G. Martinelli; M.A.Moraes, E.Ferrnandes","RB00569964","JBRJ","","Arbusto, com 3m, freqüente; folhas concolores; frutos imaturos verdes.",600,NA,"","","RB 485448","",NA,"","","","","","",NA,"",NA,"","","","","","","","",NA,"","",NA,"","",NA,"","","","","","Caracol","Piauí","brazil",4076,"Caracol",2202505,-43.346841,-9.089046,"PIAUI","PI","Piauí",-42.9686162,-7.38798322,"Piauí","pi",-8.901667,-43.457222,"original coordinates","original coordinates outside municipality original in caracol falls in guaribas"
"18","Callisthene microphylla",1089175661,-6.033889,-37.020278,"gass84","c9bc6b8d-a4ff-4a47-9cff-d0d1b9e548c7","f4cf14c8-58db-4947-a93c-e43f2b7fe171","none","b38ff2b7-c8af-454e-b5af-ee760f0d5bca","BR","DWC_ARCHIVE","2018-11-24T12:33:11.051+0000","2018-11-24T12:33:11.074+0000",128,"none","PRESERVED_SPECIMEN",4030799,6,7707728,220,690,3231623,7288309,4030799,4030799,"Callisthene microphylla Warm.","Callisthene microphylla Warm.","Plantae","Tracheophyta","Myrtales","Vochysiaceae","Callisthene","Callisthene microphylla","Callisthene","microphylla","SPECIES","ACCEPTED","2007-12-11T00:00:00","Rio Grande do Norte",2008,1,9,"2008-01-09T00:00:00","2018-12-08T04:38:46.904+0000","http://creativecommons.org/licenses/by-nc/4.0/legalcode","none","none","none","WGS84","Magnoliopsida","BR","Brazil","JPB - Herbário Lauro Pires Xavier","BRA:UFPB:JPB:0000039449","399","JPB - Herbário Lauro Pires Xavier","Jucurutu","RPPN Stoessel de Britto, Coletado em ambiente serrano.","pt","JPB",1089175661,"BRA:UFPB:JPB:0000039449","Collection","Roque, AA","39449","UFPB","Universidade Federal da Paraíba, UFPB","Árvore.; Caatinga.; HABITAT: Caatinga.; DESC: Árvore.",0,0,"2018-11-05T21:22:52.000+0000","Roque, AA","","SOUTH_AMERICA",NA,"","","","","","",NA,"",NA,"","","","","","","","",NA,"","",NA,"","",NA,"","","","","","Jucurutu","Rio Grande do Norte","brazil",4871,"Jucurutu",2406106,-37.021249,-6.058216,"RIO GRANDE DO NORTE","RN","Rio Grande do Norte",-36.67312218,-5.83926444,"Rio Grande do Norte","rn",-6.033889,-37.020278,"original coordinates","original coordinates OK"
"19","Callisthene microphylla",1090487628,-13.627778,-45.452222,"gass84","bc81e05b-ed51-46ba-a0a4-90fbae9b5545","c6aacf9d-a5a7-4d7f-a6fc-ea0a4b8ec450","none","b38ff2b7-c8af-454e-b5af-ee760f0d5bca","BR","DWC_ARCHIVE","2018-11-24T12:34:10.111+0000","2018-11-24T12:34:10.171+0000",122,"none","PRESERVED_SPECIMEN",4030799,6,7707728,220,690,3231623,7288309,4030799,4030799,"Callisthene microphylla Warm.","Callisthene microphylla Warm.","Plantae","Tracheophyta","Myrtales","Vochysiaceae","Callisthene","Callisthene microphylla","Callisthene","microphylla","SPECIES","ACCEPTED","none","Bahia",2008,12,9,"2008-12-09T00:00:00","2018-12-08T04:42:48.442+0000","http://creativecommons.org/licenses/by-nc/4.0/legalcode","none","none","none","WGS84","Magnoliopsida","BR","Brazil","CEPEC - Herbário do Centro de Pesquisas do Cacau","BRA:CEPLAC:CEPEC:0000095558","3247","CEPEC - Herbário do Centro de Pesquisas do Cacau","CORRENTINA","ca. 105Km ao W da cidade na BR-349 em direção BR-020.","pt","CEPEC",1090487628,"BRA:CEPLAC:CEPEC:0000095558","Collection","E. de Melo","95558","Comissão Executiva do Plano da Lavoura Cacaueira (CEPLAC)","Comissão Executiva do Plano da Lavoura Cacaueira (CEPLAC)","",NA,NA,"2018-11-14T14:35:23.000+0000","F. França","30/12/1999","",NA,"","","","","","",NA,"",NA,"","","","","","","","",NA,"","",NA,"","",NA,"","","","","","CORRENTINA","Bahia","brazil",3408,"Correntina",2909307,-45.407042,-13.477608,"BAHIA","BA","Bahia",-41.72018023,-12.47295682,"Bahia","ba",-13.627778,-45.452222,"original coordinates","original coordinates OK"
"20","Callisthene microphylla",1455400316,-19.005,-43.768333,"gass84","1bb3cae3-b91f-4109-8a2d-a1f05f2d6fd3","76dbcb10-efc5-4d5f-87a5-bcd409fc92c8","none","b38ff2b7-c8af-454e-b5af-ee760f0d5bca","BR","DWC_ARCHIVE","2018-11-24T12:30:44.075+0000","2018-09-25T14:05:24.494+0000",126,"none","PRESERVED_SPECIMEN",4030799,6,7707728,220,690,3231623,7288309,4030799,4030799,"Callisthene microphylla Warm.","Callisthene microphylla Warm.","Plantae","Tracheophyta","Myrtales","Vochysiaceae","Callisthene","Callisthene microphylla","Callisthene","microphylla","SPECIES","ACCEPTED","2008-01-01T00:00:00","Minas Gerais",2007,2,16,"2007-02-16T00:00:00","2018-12-09T07:19:30.011+0000","http://creativecommons.org/licenses/by-nc/4.0/legalcode","none","none","none","WGS84","Magnoliopsida","BR","Brazil","SPF - Herbário da Universidade de São Paulo","BRA:USP:SPF:0000178167","746","SPF - Herbário da Universidade de São Paulo","Santana de Pirapama","Serra do Cipó","pt","SPF",1455400316,"BRA:USP:SPF:0000178167","Collection","Zappi, DC","178167","USP","Universidade de São Paulo, USP","",720,0,"2018-08-21T18:49:12.000+0000","Shimizu, GH","","",NA,"","","","","","",NA,"",NA,"","","","","","","","",NA,"","",NA,"","",NA,"","","","","","Santana de Pirapama","Minas Gerais","brazil",2648,"Santana de Pirapama",3158508,-43.904348,-18.918993,"MINAS GERAIS","MG","Minas Gerais",-44.67333254,-18.45539008,"Minas Gerais","mg",-19.005,-43.768333,"original coordinates","original coordinates OK"
"21","Callisthene microphylla",1424224229,-9.245,-43.537222,"cdround,gass84","4300f8d5-1ae5-49e5-a101-63894b005868","838537fc-4aeb-4980-8b58-97fbdcd1d91a","none","da7fe11a-b42c-46cb-9e9d-02243edb738a","BR","DWC_ARCHIVE","2018-10-02T15:40:14.781+0000","2018-09-24T20:01:33.714+0000",207,"none","PRESERVED_SPECIMEN",4030799,6,7707728,220,690,3231623,7288309,4030799,4030799,"Callisthene microphylla Warm.","Callisthene microphylla Warm.","Plantae","Tracheophyta","Myrtales","Vochysiaceae","Callisthene","Callisthene microphylla","Callisthene","microphylla","SPECIES","ACCEPTED","none","Piauí",2007,6,17,"2007-06-17T00:00:00","2018-12-06T16:58:19.695+0000","http://creativecommons.org/licenses/by/4.0/legalcode","none","none","none","WGS84","Magnoliopsida","BR","Brazil","Rio de Janeiro Botanical Garden","urn:catalog:JBRJ:RB:493764","16148","RB - Rio de Janeiro Botanical Garden Herbarium Collection","Guaribas","Serra da Água Brava, 2 km ao N do Povoado de Água Branca, 5 km do limite do Parque Nacional da Serra das Confusões.","","RB",1424224229,"urn:catalog:JBRJ:RB:493764","PhysicalObject","G. Martinelli; M. A. Moraes","RB00493764","JBRJ","","Arbusto, 2 m, heliófila; folhas concolores; frutos vinosos",690,NA,"2017-10-19T22:38:08.460+0000","Angela Vaz","RB 451462","",NA,"","","","","","",NA,"",NA,"","","Caatinga sobre afloramentos rochosos","","","","","",NA,"","",NA,"","",NA,"","","","","","Guaribas","Piauí","brazil",4082,"Guaribas",2204550,-43.671016,-9.063355,"PIAUI","PI","Piauí",-42.9686162,-7.38798322,"Piauí","pi",-9.245,-43.537222,"original coordinates","original coordinates outside municipality original in guaribas falls in caracol"
"22","Callisthene microphylla",1089102152,-14.5615,-43.5355,"gass84","7741a517-ab3d-4b85-ae58-56322e44c8ce","d073b448-6b80-4364-8c38-18d08b88797f","none","b38ff2b7-c8af-454e-b5af-ee760f0d5bca","BR","DWC_ARCHIVE","2018-12-03T13:51:43.948+0000","2018-12-03T16:41:21.611+0000",122,"none","PRESERVED_SPECIMEN",4030799,6,7707728,220,690,3231623,7288309,4030799,4030799,"Callisthene microphylla Warm.","Callisthene microphylla Warm.","Plantae","Tracheophyta","Myrtales","Vochysiaceae","Callisthene","Callisthene microphylla","Callisthene","microphylla","SPECIES","ACCEPTED","none","Minas Gerais",2006,4,22,"2006-04-22T00:00:00","2018-12-08T04:38:20.646+0000","http://creativecommons.org/licenses/by-nc/4.0/legalcode","none","none","none","WGS84","Magnoliopsida","BR","Brazil","UEC - Herbário da Universidade Estadual de Campinas","BRA:UNICAMP:UEC:0000163725","747","UEC - Herbário da Universidade Estadual de Campinas","Matias Cardoso","Parque Lagoa do Cajueiro Sentido Manga. &nf;Caatinga. Solo arenoso.","pt","UEC",1089102152,"BRA:UNICAMP:UEC:0000163725","Collection","Carneiro Torres, D.S.; França, F.; Melo, E.","163725","UNICAMP","Universidade Estadual de Campinas, UNICAMP","Arbusto ca. 3 m alt. Folhas coriáceas, discolores. Fruto marrom.",496,0,"2018-11-21T16:40:52.000+0000","","","",NA,"","","","","","",NA,"",NA,"","","","","","","","",NA,"","",NA,"","",NA,"","","","","","Matias Cardoso","Minas Gerais","brazil",3233,"Matias Cardoso",3140852,-43.761986,-14.903502,"MINAS GERAIS","MG","Minas Gerais",-44.67333254,-18.45539008,"Minas Gerais","mg",-14.5615,-43.5355,"original coordinates","original coordinates outside municipality original in matias cardoso falls in iuiu"
"23","Callisthene microphylla",1094838190,-11.471389,-41.2325,"gass84","2e684fd6-09e2-4661-910a-0a188b610c04","60545be9-4f28-4245-b4b4-07635c8dfa54","none","b38ff2b7-c8af-454e-b5af-ee760f0d5bca","BR","DWC_ARCHIVE","2018-11-14T17:19:03.210+0000","2018-09-10T18:26:52.420+0000",124,"none","PRESERVED_SPECIMEN",4030799,6,7707728,220,690,3231623,7288309,4030799,4030799,"Callisthene microphylla Warm.","Callisthene microphylla Warm.","Plantae","Tracheophyta","Myrtales","Vochysiaceae","Callisthene","Callisthene microphylla","Callisthene","microphylla","SPECIES","ACCEPTED","none","Bahia",2006,9,9,"2006-09-09T00:00:00","2018-09-10T18:27:07.703+0000","http://creativecommons.org/licenses/by-nc/4.0/legalcode","none","none","none","WGS84","Magnoliopsida","BR","Brazil","HUEFS - Herbario da Universidade Estadual de Feira de Santana","BRA:UEFS:HUEFS:0000120680","214","HUEFS - Herbario da Universidade Estadual de Feira de Santana","Morro do Chapéu","Parque Estadual de Morro do Chapéu: Fazenda Jabuticaba.","pt","HUEFS",1094838190,"BRA:UEFS:HUEFS:0000120680","Collection","Rocha, D.","120680","UEFS","Universidade Estadual de Feira de Santana (UEFS)","Tabuleiro.",1101,0,"","","","",NA,"","","","","","",NA,"",NA,"","","","","","","","",NA,"","",NA,"","",NA,"","","","","","Morro do Chapéu","Bahia","brazil",3674,"Morro do Chapéu",2921708,-41.151587,-11.472221,"BAHIA","BA","Bahia",-41.72018023,-12.47295682,"Bahia","ba",-11.471389,-41.2325,"original coordinates","original coordinates OK"
"24","Callisthene microphylla",1094838195,-11.471389,-41.2325,"gass84","2e684fd6-09e2-4661-910a-0a188b610c04","60545be9-4f28-4245-b4b4-07635c8dfa54","none","b38ff2b7-c8af-454e-b5af-ee760f0d5bca","BR","DWC_ARCHIVE","2018-11-14T17:19:03.195+0000","2018-09-10T18:26:52.355+0000",124,"none","PRESERVED_SPECIMEN",4030799,6,7707728,220,690,3231623,7288309,4030799,4030799,"Callisthene microphylla Warm.","Callisthene microphylla Warm.","Plantae","Tracheophyta","Myrtales","Vochysiaceae","Callisthene","Callisthene microphylla","Callisthene","microphylla","SPECIES","ACCEPTED","none","Bahia",2006,9,9,"2006-09-09T00:00:00","2018-09-10T18:27:07.606+0000","http://creativecommons.org/licenses/by-nc/4.0/legalcode","none","none","none","WGS84","Magnoliopsida","BR","Brazil","HUEFS - Herbario da Universidade Estadual de Feira de Santana","BRA:UEFS:HUEFS:0000120672","195","HUEFS - Herbario da Universidade Estadual de Feira de Santana","Morro do Chapéu","Parque Estadual de Morro do Chapéu: Fazenda Jabuticaba.","pt","HUEFS",1094838195,"BRA:UEFS:HUEFS:0000120672","Collection","Rocha, D.","120672","UEFS","Universidade Estadual de Feira de Santana (UEFS)","Tabuleiro.",1101,0,"","","","",NA,"","","","","","",NA,"",NA,"","","","","","","","",NA,"","",NA,"","",NA,"","","","","","Morro do Chapéu","Bahia","brazil",3674,"Morro do Chapéu",2921708,-41.151587,-11.472221,"BAHIA","BA","Bahia",-41.72018023,-12.47295682,"Bahia","ba",-11.471389,-41.2325,"original coordinates","original coordinates OK"
"25","Callisthene microphylla",1094838210,-11.385278,-41.233889,"gass84","2e684fd6-09e2-4661-910a-0a188b610c04","60545be9-4f28-4245-b4b4-07635c8dfa54","none","b38ff2b7-c8af-454e-b5af-ee760f0d5bca","BR","DWC_ARCHIVE","2018-11-14T17:19:03.210+0000","2018-09-10T18:26:52.485+0000",124,"none","PRESERVED_SPECIMEN",4030799,6,7707728,220,690,3231623,7288309,4030799,4030799,"Callisthene microphylla Warm.","Callisthene microphylla Warm.","Plantae","Tracheophyta","Myrtales","Vochysiaceae","Callisthene","Callisthene microphylla","Callisthene","microphylla","SPECIES","ACCEPTED","none","Bahia",2006,11,2,"2006-11-02T00:00:00","2018-09-10T18:27:07.856+0000","http://creativecommons.org/licenses/by-nc/4.0/legalcode","none","none","none","WGS84","Magnoliopsida","BR","Brazil","HUEFS - Herbario da Universidade Estadual de Feira de Santana","BRA:UEFS:HUEFS:0000120683","223","HUEFS - Herbario da Universidade Estadual de Feira de Santana","Morro do Chapéu","Parque Estadual de Morro do Chapéu: Estrada do Prefeito.","pt","HUEFS",1094838210,"BRA:UEFS:HUEFS:0000120683","Collection","Rocha, D.","120683","UEFS","Universidade Estadual de Feira de Santana (UEFS)","Caatinga arbustiva.",1098,0,"","","","",NA,"","","","","","",NA,"",NA,"","","","","","","","",NA,"","",NA,"","",NA,"","","","","","Morro do Chapéu","Bahia","brazil",3674,"Morro do Chapéu",2921708,-41.151587,-11.472221,"BAHIA","BA","Bahia",-41.72018023,-12.47295682,"Bahia","ba",-11.385278,-41.233889,"original coordinates","original coordinates OK"
"26","Callisthene microphylla",1094838228,-11.385278,-41.234444,"gass84","2e684fd6-09e2-4661-910a-0a188b610c04","60545be9-4f28-4245-b4b4-07635c8dfa54","none","b38ff2b7-c8af-454e-b5af-ee760f0d5bca","BR","DWC_ARCHIVE","2018-11-14T17:19:03.208+0000","2018-09-10T18:26:52.465+0000",124,"none","PRESERVED_SPECIMEN",4030799,6,7707728,220,690,3231623,7288309,4030799,4030799,"Callisthene microphylla Warm.","Callisthene microphylla Warm.","Plantae","Tracheophyta","Myrtales","Vochysiaceae","Callisthene","Callisthene microphylla","Callisthene","microphylla","SPECIES","ACCEPTED","none","Bahia",2006,11,3,"2006-11-03T00:00:00","2018-09-10T18:27:07.843+0000","http://creativecommons.org/licenses/by-nc/4.0/legalcode","none","none","none","WGS84","Magnoliopsida","BR","Brazil","HUEFS - Herbario da Universidade Estadual de Feira de Santana","BRA:UEFS:HUEFS:0000120711","291","HUEFS - Herbario da Universidade Estadual de Feira de Santana","Morro do Chapéu","Parque Estadual de Morro do Chapéu: Estrada do Prefeito.","pt","HUEFS",1094838228,"BRA:UEFS:HUEFS:0000120711","Collection","Rocha, D.","120711","UEFS","Universidade Estadual de Feira de Santana (UEFS)","Caatinga arbustiva.",1110,0,"","","","",NA,"","","","","","",NA,"",NA,"","","","","","","","",NA,"","",NA,"","",NA,"","","","","","Morro do Chapéu","Bahia","brazil",3674,"Morro do Chapéu",2921708,-41.151587,-11.472221,"BAHIA","BA","Bahia",-41.72018023,-12.47295682,"Bahia","ba",-11.385278,-41.234444,"original coordinates","original coordinates OK"
"27","Callisthene microphylla",1094811053,-6.945833,-42.076111,"gass84,iddatunl","2e684fd6-09e2-4661-910a-0a188b610c04","60545be9-4f28-4245-b4b4-07635c8dfa54","none","b38ff2b7-c8af-454e-b5af-ee760f0d5bca","BR","DWC_ARCHIVE","2018-11-14T17:18:44.859+0000","2018-09-10T18:26:39.399+0000",124,"none","PRESERVED_SPECIMEN",4030799,6,7707728,220,690,3231623,7288309,4030799,4030799,"Callisthene microphylla Warm.","Callisthene microphylla Warm.","Plantae","Tracheophyta","Myrtales","Vochysiaceae","Callisthene","Callisthene microphylla","Callisthene","microphylla","SPECIES","ACCEPTED","2014-07-01T00:00:00","Piauí",2005,3,14,"2005-03-14T00:00:00","2018-09-10T18:26:51.152+0000","http://creativecommons.org/licenses/by-nc/4.0/legalcode","none","none","none","WGS84","Magnoliopsida","BR","Brazil","HUEFS - Herbario da Universidade Estadual de Feira de Santana","BRA:UEFS:HUEFS:0000093188","10192","HUEFS - Herbario da Universidade Estadual de Feira de Santana","Oeiras","Estrada para Tanque do Piauí.","pt","HUEFS",1094811053,"BRA:UEFS:HUEFS:0000093188","Collection","Queiroz, L.P.de","93188","UEFS","Universidade Estadual de Feira de Santana (UEFS)","",199,0,"","D.J.P.Gonçalves & G.H.Shimizu","","",NA,"","","","","","",NA,"",NA,"","","","","","","","",NA,"","",NA,"","",NA,"","","","","","Oeiras","Piauí","brazil",4579,"Oeiras",2207009,-42.164247,-6.967161,"PIAUI","PI","Piauí",-42.9686162,-7.38798322,"Piauí","pi",-6.945833,-42.076111,"original coordinates","original coordinates OK"
"28","Callisthene microphylla",1094812329,-13.886111,-42.454167,"gass84,iddatunl","2e684fd6-09e2-4661-910a-0a188b610c04","60545be9-4f28-4245-b4b4-07635c8dfa54","none","b38ff2b7-c8af-454e-b5af-ee760f0d5bca","BR","DWC_ARCHIVE","2018-11-14T17:18:45.634+0000","2018-09-10T18:26:39.887+0000",124,"none","PRESERVED_SPECIMEN",4030799,6,7707728,220,690,3231623,7288309,4030799,4030799,"Callisthene microphylla Warm.","Callisthene microphylla Warm.","Plantae","Tracheophyta","Myrtales","Vochysiaceae","Callisthene","Callisthene microphylla","Callisthene","microphylla","SPECIES","ACCEPTED","2014-03-01T00:00:00","Bahia",2005,4,12,"2005-04-12T00:00:00","2018-09-10T18:26:51.645+0000","http://creativecommons.org/licenses/by-nc/4.0/legalcode","none","none","none","WGS84","Magnoliopsida","BR","Brazil","HUEFS - Herbario da Universidade Estadual de Feira de Santana","BRA:UEFS:HUEFS:0000094503","785","HUEFS - Herbario da Universidade Estadual de Feira de Santana","Caetité","Ca. 14 km ao norte de Caetité em direção à Mamiaçu, estrada de terra à esquerda da estrada principal. Alto do inselberg.","pt","HUEFS",1094812329,"BRA:UEFS:HUEFS:0000094503","Collection","Miranda, E.B.","94503","UEFS","Universidade Estadual de Feira de Santana (UEFS)","Inselberg.",1023,0,"","P.N.Oliveira","","",NA,"","","","","","",NA,"",NA,"","","","","","","","",NA,"","",NA,"","",NA,"","","","","","Caetité","Bahia","brazil",3351,"Caetité",2905206,-42.492478,-13.971521,"BAHIA","BA","Bahia",-41.72018023,-12.47295682,"Bahia","ba",-13.886111,-42.454167,"original coordinates","original coordinates OK"
"29","Callisthene microphylla",1455400250,-6.600278,-40.120833,"gass84","1bb3cae3-b91f-4109-8a2d-a1f05f2d6fd3","76dbcb10-efc5-4d5f-87a5-bcd409fc92c8","none","b38ff2b7-c8af-454e-b5af-ee760f0d5bca","BR","DWC_ARCHIVE","2018-11-24T12:30:43.147+0000","2018-09-25T14:05:21.867+0000",126,"none","PRESERVED_SPECIMEN",4030799,6,7707728,220,690,3231623,7288309,4030799,4030799,"Callisthene microphylla Warm.","Callisthene microphylla Warm.","Plantae","Tracheophyta","Myrtales","Vochysiaceae","Callisthene","Callisthene microphylla","Callisthene","microphylla","SPECIES","ACCEPTED","2005-06-01T00:00:00","Ceará",2005,6,9,"2005-06-09T00:00:00","2018-12-09T07:19:29.869+0000","http://creativecommons.org/licenses/by-nc/4.0/legalcode","none","none","none","WGS84","Magnoliopsida","BR","Brazil","SPF - Herbário da Universidade de São Paulo","BRA:USP:SPF:0000173292","316","SPF - Herbário da Universidade de São Paulo","Aiuaba","Estação Ecológica de Aiuaba","pt","SPF",1455400250,"BRA:USP:SPF:0000173292","Collection","Lemos, JR","173292","USP","Universidade de São Paulo, USP","",500,100,"2018-08-21T18:49:12.000+0000","Lemos, JR","","",NA,"","","","","","",NA,"",NA,"","","","","","","","",NA,"","",NA,"","",NA,"","","","","","Aiuaba","Ceará","brazil",4702,"Aiuaba",2300408,-40.298551,-6.605174,"CEARA","CE","Ceará",-39.61556123,-5.09311398,"Ceará","ce",-6.600278,-40.120833,"original coordinates","original coordinates OK"
"30","Callisthene microphylla",1089244343,-6.600278,-40.120833,"gass84","ca7f81ae-ebf9-43a8-947c-535a87fe5aec","4d653db1-17d5-4565-99a5-d88643e240ce","none","b38ff2b7-c8af-454e-b5af-ee760f0d5bca","BR","DWC_ARCHIVE","2018-11-23T18:20:20.440+0000","2018-09-24T19:20:37.363+0000",128,"none","PRESERVED_SPECIMEN",4030799,6,7707728,220,690,3231623,7288309,4030799,4030799,"Callisthene microphylla Warm.","Callisthene microphylla Warm.","Plantae","Tracheophyta","Myrtales","Vochysiaceae","Callisthene","Callisthene microphylla","Callisthene","microphylla","SPECIES","ACCEPTED","2005-06-15T00:00:00","Ceará",2005,6,9,"2005-06-09T00:00:00","2018-12-08T04:39:18.610+0000","http://creativecommons.org/licenses/by-nc/4.0/legalcode","none","none","none","WGS84","Magnoliopsida","BR","Brazil","EAC - Herbário Prisco Bezerra","BRA:UFC:EAC:0000038373","s.n.","EAC - Herbário Prisco Bezerra","Aiuaba","Estação Ecológica de Aiuaba.","pt","EAC",1089244343,"BRA:UFC:EAC:0000038373","Collection","Lemos, J.R.","38373","Universidade Federal do Ceará, UFC","Universidade Federal do Ceará, UFC","Árvore, 5m; flor esverdeada.; Caatinga",500,100,"2018-08-13T19:51:21.000+0000","Lemos, J.R.","","SOUTH_AMERICA",NA,"","","","","","",NA,"",NA,"","","","","","","","",NA,"","",NA,"","",NA,"","","","","","Aiuaba","Ceará","brazil",4702,"Aiuaba",2300408,-40.298551,-6.605174,"CEARA","CE","Ceará",-39.61556123,-5.09311398,"Ceará","ce",-6.600278,-40.120833,"original coordinates","original coordinates OK"
"31","Callisthene microphylla",1087066746,-8.381944,-35.993944,"cdround,gass84","1e0f3d99-eb02-4806-b6a4-e903568129ec","b7ea834f-8d60-40ea-ab2c-5057000f0afd","none","b38ff2b7-c8af-454e-b5af-ee760f0d5bca","BR","DWC_ARCHIVE","2018-11-24T12:36:28.004+0000","2017-12-29T14:34:04.778+0000",123,"none","PRESERVED_SPECIMEN",4030799,6,7707728,220,690,3231623,7288309,4030799,4030799,"Callisthene microphylla Warm.","Callisthene microphylla Warm.","Plantae","Tracheophyta","Myrtales","Vochysiaceae","Callisthene","Callisthene microphylla","Callisthene","microphylla","SPECIES","ACCEPTED","none","Pernambuco",2004,12,27,"2004-12-27T00:00:00","2018-12-08T13:02:18.170+0000","http://creativecommons.org/licenses/by-nc/4.0/legalcode","none","none","none","WGS84","Magnoliopsida","BR","Brazil","UFP - Herbário UFP - Geraldo Mariz","BRA:UFPE:UFP:0000042534","05","UFP - Herbário UFP - Geraldo Mariz","Caruaru","Pedra do Guarida","pt","UFP",1087066746,"BRA:UFPE:UFP:0000042534","Collection","Gomes, P.","42534","UFPE","Universidade Federal de Pernambuco, UFPE","DESC:Arbusto ca. de 1,4m. Flores amareladas.;",NA,NA,"2013-11-14T19:40:01.000+0000","Oliveira, M.","","",0,"","","","","","",NA,"",NA,"","","","","","","","",NA,"","",NA,"","",NA,"","","","","","Caruaru","Pernambuco","brazil",4236,"Caruaru",2604106,-36.017298,-8.17911,"PERNAMBUCO","PE","Pernambuco",-37.99303622,-8.3240949,"Pernambuco","pe",-8.381944,-35.993944,"original coordinates","original coordinates outside municipality original in caruaru falls in agrestina"
"32","Callisthene microphylla",1094805862,-7.489167,-36.926667,"gass84,iddatunl","2e684fd6-09e2-4661-910a-0a188b610c04","60545be9-4f28-4245-b4b4-07635c8dfa54","none","b38ff2b7-c8af-454e-b5af-ee760f0d5bca","BR","DWC_ARCHIVE","2018-11-14T17:18:41.641+0000","2018-09-10T18:26:36.372+0000",124,"none","PRESERVED_SPECIMEN",4030799,6,7707728,220,690,3231623,7288309,4030799,4030799,"Callisthene microphylla Warm.","Callisthene microphylla Warm.","Plantae","Tracheophyta","Myrtales","Vochysiaceae","Callisthene","Callisthene microphylla","Callisthene","microphylla","SPECIES","ACCEPTED","2014-07-01T00:00:00","Paraíba",2003,2,16,"2003-02-16T00:00:00","2018-09-10T18:26:47.739+0000","http://creativecommons.org/licenses/by-nc/4.0/legalcode","none","none","none","WGS84","Magnoliopsida","BR","Brazil","HUEFS - Herbario da Universidade Estadual de Feira de Santana","BRA:UEFS:HUEFS:0000088001","2687","HUEFS - Herbario da Universidade Estadual de Feira de Santana","São José dos Cordeiros","RPPN-Fazenda Almas. Manga Geral-Área. Laje do Cara.","pt","HUEFS",1094805862,"BRA:UEFS:HUEFS:0000088001","Collection","Barbosa, M.R.","88001","UEFS","Universidade Estadual de Feira de Santana (UEFS)","Caatinga.",NA,NA,"","D.J.P.Gonçalves & G.H.Shimizu","","",NA,"","","","","","",NA,"",NA,"","","","","","","","",NA,"","",NA,"","",NA,"","","","","","São José dos Cordeiros","Paraíba","brazil",4431,"São José dos Cordeiros",2514800,-36.863749,-7.426358,"PARAIBA","PB","Paraíba",-36.83226341,-7.12079672,"Paraíba","pb",-7.489167,-36.926667,"original coordinates","original coordinates OK"
"33","Callisthene microphylla",1094805864,-7.489167,-36.926667,"gass84,iddatunl","2e684fd6-09e2-4661-910a-0a188b610c04","60545be9-4f28-4245-b4b4-07635c8dfa54","none","b38ff2b7-c8af-454e-b5af-ee760f0d5bca","BR","DWC_ARCHIVE","2018-11-14T17:18:41.657+0000","2018-09-10T18:26:36.377+0000",124,"none","PRESERVED_SPECIMEN",4030799,6,7707728,220,690,3231623,7288309,4030799,4030799,"Callisthene microphylla Warm.","Callisthene microphylla Warm.","Plantae","Tracheophyta","Myrtales","Vochysiaceae","Callisthene","Callisthene microphylla","Callisthene","microphylla","SPECIES","ACCEPTED","2014-07-01T00:00:00","Paraíba",2003,2,16,"2003-02-16T00:00:00","2018-09-10T18:26:48.009+0000","http://creativecommons.org/licenses/by-nc/4.0/legalcode","none","none","none","WGS84","Magnoliopsida","BR","Brazil","HUEFS - Herbario da Universidade Estadual de Feira de Santana","BRA:UEFS:HUEFS:0000088000","2713","HUEFS - Herbario da Universidade Estadual de Feira de Santana","São José dos Cordeiros","RPPN-Fazenda Almas. Manga Geral-Área. Laje do Cara.","pt","HUEFS",1094805864,"BRA:UEFS:HUEFS:0000088000","Collection","Barbosa, M.R.","88000","UEFS","Universidade Estadual de Feira de Santana (UEFS)","Caatinga.",NA,NA,"","D.J.P.Gonçalves & G.H.Shimizu","","",NA,"","","","","","",NA,"",NA,"","","","","","","","",NA,"","",NA,"","",NA,"","","","","","São José dos Cordeiros","Paraíba","brazil",4431,"São José dos Cordeiros",2514800,-36.863749,-7.426358,"PARAIBA","PB","Paraíba",-36.83226341,-7.12079672,"Paraíba","pb",-7.489167,-36.926667,"original coordinates","original coordinates OK"
"34","Callisthene microphylla",1094794298,-7.489167,-36.926667,"gass84,iddatunl","2e684fd6-09e2-4661-910a-0a188b610c04","60545be9-4f28-4245-b4b4-07635c8dfa54","none","b38ff2b7-c8af-454e-b5af-ee760f0d5bca","BR","DWC_ARCHIVE","2018-11-14T17:18:34.928+0000","2018-09-10T18:26:30.210+0000",124,"none","PRESERVED_SPECIMEN",4030799,6,7707728,220,690,3231623,7288309,4030799,4030799,"Callisthene microphylla Warm.","Callisthene microphylla Warm.","Plantae","Tracheophyta","Myrtales","Vochysiaceae","Callisthene","Callisthene microphylla","Callisthene","microphylla","SPECIES","ACCEPTED","2014-07-01T00:00:00","Paraíba",2003,5,31,"2003-05-31T00:00:00","2018-09-10T18:26:40.837+0000","http://creativecommons.org/licenses/by-nc/4.0/legalcode","none","none","none","WGS84","Magnoliopsida","BR","Brazil","HUEFS - Herbario da Universidade Estadual de Feira de Santana","BRA:UEFS:HUEFS:0000076299","98","HUEFS - Herbario da Universidade Estadual de Feira de Santana","São José dos Cordeiros","RPPN - Fazenda Almas. Manga Geral-Área I. Laje do Cara","pt","HUEFS",1094794298,"BRA:UEFS:HUEFS:0000076299","Collection","Lima, I.B.","76299","UEFS","Universidade Estadual de Feira de Santana (UEFS)","",NA,NA,"","D.J.P.Gonçalves & G.H.Shimizu","","",NA,"","","","","","",NA,"",NA,"","","","","","","","",NA,"","",NA,"","",NA,"","","","","","São José dos Cordeiros","Paraíba","brazil",4431,"São José dos Cordeiros",2514800,-36.863749,-7.426358,"PARAIBA","PB","Paraíba",-36.83226341,-7.12079672,"Paraíba","pb",-7.489167,-36.926667,"original coordinates","original coordinates OK"
"35","Callisthene microphylla",1089178207,-7.251667,-37.382778,"gass84","c9bc6b8d-a4ff-4a47-9cff-d0d1b9e548c7","f4cf14c8-58db-4947-a93c-e43f2b7fe171","none","b38ff2b7-c8af-454e-b5af-ee760f0d5bca","BR","DWC_ARCHIVE","2018-11-24T12:33:13.372+0000","2018-11-24T12:33:13.455+0000",128,"none","PRESERVED_SPECIMEN",4030799,6,7707728,220,690,3231623,7288309,4030799,4030799,"Callisthene microphylla Warm.","Callisthene microphylla Warm.","Plantae","Tracheophyta","Myrtales","Vochysiaceae","Callisthene","Callisthene microphylla","Callisthene","microphylla","SPECIES","ACCEPTED","2008-01-01T00:00:00","Paraíba",2003,NA,NA,"2003-01-01T00:00:00","2018-12-08T04:38:47.932+0000","http://creativecommons.org/licenses/by-nc/4.0/legalcode","none","none","none","WGS84","Magnoliopsida","BR","Brazil","JPB - Herbário Lauro Pires Xavier","BRA:UFPB:JPB:0000041966","4","JPB - Herbário Lauro Pires Xavier","Maturéia","Pico do Jabre, Parcela 1","pt","JPB",1089178207,"BRA:UFPB:JPB:0000041966","Collection","Medeiros, MM; Paulo; Rangel, AL","41966","UFPB","Universidade Federal da Paraíba, UFPB","Substrato argiloso. Árvore, cerca 15 m de altura.; Mata Atlântica. Floresta Estacional Semidecidual Montana.; HABITAT: Mata Atlântica. Floresta Estacional Semidecidual Montana.; DESC: Substrato argiloso. Árvore, cerca 15 m de altura.",1141,56,"2018-11-05T21:22:52.000+0000","Miranda, SC","","SOUTH_AMERICA",NA,"","","","","","",NA,"",NA,"","","","","","","","",NA,"","",NA,"","",NA,"","","","","","Maturéia","Paraíba","brazil",4468,"Maturéia",2509396,-37.358682,-7.284137,"PARAIBA","PB","Paraíba",-36.83226341,-7.12079672,"Paraíba","pb",-7.251667,-37.382778,"original coordinates","original coordinates OK"
"36","Callisthene microphylla",1585962798,-4.2443,-41.2616,"gass84","7741a517-ab3d-4b85-ae58-56322e44c8ce","d073b448-6b80-4364-8c38-18d08b88797f","none","b38ff2b7-c8af-454e-b5af-ee760f0d5bca","BR","DWC_ARCHIVE","2018-12-03T13:51:40.053+0000","2018-12-03T16:41:39.826+0000",122,"none","PRESERVED_SPECIMEN",4030799,6,7707728,220,690,3231623,7288309,4030799,4030799,"Callisthene microphylla Warm.","Callisthene microphylla Warm.","Plantae","Tracheophyta","Myrtales","Vochysiaceae","Callisthene","Callisthene microphylla","Callisthene","microphylla","SPECIES","ACCEPTED","2002-01-01T00:00:00","Piauí",2002,4,5,"2002-04-05T00:00:00","2018-12-07T01:21:37.329+0000","http://creativecommons.org/licenses/by-nc/4.0/legalcode","none","none","none","WGS84","Magnoliopsida","BR","Brazil","UEC - Herbário da Universidade Estadual de Campinas","BRA:UNICAMP:UEC:0000155446","939","UEC - Herbário da Universidade Estadual de Campinas","Pedro Ii","APA da Serra da Ibiapaba","pt","UEC",1585962798,"BRA:UNICAMP:UEC:0000155446","Collection","Flores, A.S.; Schütz Rodrigues, R.; Alencar, M.E.","155446","UNICAMP","Universidade Estadual de Campinas, UNICAMP","arbusto 2-3m alt. frutos imaturos e maduros, aberto, em afloramento.",670,0,"2018-11-21T16:40:52.000+0000","Rodrigues, R.S.; Flores, A.S.","","",NA,"","","","","","",NA,"",NA,"","","","","","","","",NA,"","",NA,"","",NA,"","","","","","Pedro Ii","Piauí","brazil",5146,"Pedro Ii",2207900,-41.399508,-4.490209,"PIAUI","PI","Piauí",-42.9686162,-7.38798322,"Piauí","pi",-4.2443,-41.2616,"original coordinates","original coordinates outside municipality original in pedro ii falls in domingos mourao"
"37","Callisthene microphylla",1094777285,-13.789444,-44.324722,"gass84,iddatunl","2e684fd6-09e2-4661-910a-0a188b610c04","60545be9-4f28-4245-b4b4-07635c8dfa54","none","b38ff2b7-c8af-454e-b5af-ee760f0d5bca","BR","DWC_ARCHIVE","2018-11-14T17:18:24.445+0000","2018-09-10T18:26:20.853+0000",124,"none","PRESERVED_SPECIMEN",4030799,6,7707728,220,690,3231623,7288309,4030799,4030799,"Callisthene microphylla Warm.","Callisthene microphylla Warm.","Plantae","Tracheophyta","Myrtales","Vochysiaceae","Callisthene","Callisthene microphylla","Callisthene","microphylla","SPECIES","ACCEPTED","2002-05-01T00:00:00","Bahia",2002,4,17,"2002-04-17T00:00:00","2018-09-10T18:26:30.652+0000","http://creativecommons.org/licenses/by-nc/4.0/legalcode","none","none","none","WGS84","Magnoliopsida","BR","Brazil","HUEFS - Herbario da Universidade Estadual de Feira de Santana","BRA:UEFS:HUEFS:0000059282","3842","HUEFS - Herbario da Universidade Estadual de Feira de Santana","Coribe","Cerca de 10 km L de Coribe. Estrada Coribe/Descoberto","pt","HUEFS",1094777285,"BRA:UEFS:HUEFS:0000059282","Collection","França, F.","59282","UEFS","Universidade Estadual de Feira de Santana (UEFS)","Cerrado",670,0,"","F.França","","",NA,"","","","","","",NA,"",NA,"","","","","","","","",NA,"","",NA,"","",NA,"","","","","","Coribe","Bahia","brazil",3368,"Coribe",2909109,-44.375972,-13.814427,"BAHIA","BA","Bahia",-41.72018023,-12.47295682,"Bahia","ba",-13.789444,-44.324722,"original coordinates","original coordinates OK"
"38","Callisthene microphylla",1913572756,-11.398611,-42.535556,"gass84","f45c5ee0-e5ec-42e3-a80a-07318144efa4","202d5f34-ff58-4ad7-964f-c947ce18078e","none","b38ff2b7-c8af-454e-b5af-ee760f0d5bca","BR","DWC_ARCHIVE","2018-11-23T15:41:02.190+0000","2018-09-24T16:38:53.250+0000",130,"none","PRESERVED_SPECIMEN",4030799,6,7707728,220,690,3231623,7288309,4030799,4030799,"Callisthene microphylla Warm.","Callisthene microphylla Warm.","Plantae","Tracheophyta","Myrtales","Vochysiaceae","Callisthene","Callisthene microphylla","Callisthene","microphylla","SPECIES","ACCEPTED","2018-05-17T00:00:00","Bahia",2002,5,6,"2002-05-06T00:00:00","2018-12-10T13:35:42.900+0000","http://creativecommons.org/licenses/by-nc/4.0/legalcode","none","none","none","WGS84","Magnoliopsida","BR","Brazil","IPA - Herbário - IPA Dárdano de Andrade Lima","BRA:IPA:IPA:0000061070","24","IPA - Herbário - IPA Dárdano de Andrade Lima","Gentio do Ouro","Cerro","pt","IPA",1913572756,"BRA:IPA:IPA:0000061070","Collection","Tourinho, R.; Ferreira, M.C.; Jost, T.; Ferreira, M.C.; Jost, T.","61070","IPA","Empresa Pernambucana de Pesquisa Agropecuária, IPA","",NA,NA,"2018-09-10T18:33:22.000+0000","Oliveira, M.","","SOUTH_AMERICA",NA,"","","","","","",NA,"",NA,"","","","","","","","",NA,"","",NA,"","",NA,"","","","","","Gentio do Ouro","Bahia","brazil",3686,"Gentio do Ouro",2911303,-42.598198,-11.408074,"BAHIA","BA","Bahia",-41.72018023,-12.47295682,"Bahia","ba",-11.398611,-42.535556,"original coordinates","original coordinates OK"
"39","Callisthene microphylla",1094773467,-4.084167,-41.687778,"gass84","2e684fd6-09e2-4661-910a-0a188b610c04","60545be9-4f28-4245-b4b4-07635c8dfa54","none","b38ff2b7-c8af-454e-b5af-ee760f0d5bca","BR","DWC_ARCHIVE","2018-11-14T17:18:22.058+0000","2018-09-10T18:26:19.008+0000",124,"none","PRESERVED_SPECIMEN",4030799,6,7707728,220,690,3231623,7288309,4030799,4030799,"Callisthene microphylla Warm.","Callisthene microphylla Warm.","Plantae","Tracheophyta","Myrtales","Vochysiaceae","Callisthene","Callisthene microphylla","Callisthene","microphylla","SPECIES","ACCEPTED","none","Piauí",2001,6,1,"2001-06-01T00:00:00","2018-09-10T18:26:28.105+0000","http://creativecommons.org/licenses/by-nc/4.0/legalcode","none","none","none","WGS84","Magnoliopsida","BR","Brazil","HUEFS - Herbario da Universidade Estadual de Feira de Santana","BRA:UEFS:HUEFS:0000055434","1327","HUEFS - Herbario da Universidade Estadual de Feira de Santana","Piracuruca","Subida da Serra NEGRA - PARNA de Sete Cidades.","pt","HUEFS",1094773467,"BRA:UEFS:HUEFS:0000055434","Collection","Alencar, M.E.","55434","UEFS","Universidade Estadual de Feira de Santana (UEFS)","",155,0,"","","","",NA,"","","","","","",NA,"",NA,"","","","","","","","",NA,"","",NA,"","",NA,"","","","","","Piracuruca","Piauí","brazil",5246,"Piracuruca",2208304,-41.614014,-3.852075,"PIAUI","PI","Piauí",-42.9686162,-7.38798322,"Piauí","pi",-4.084167,-41.687778,"original coordinates","original coordinates OK"
"40","Callisthene microphylla",1094765289,-9.883333,-42.55,"gass84","2e684fd6-09e2-4661-910a-0a188b610c04","60545be9-4f28-4245-b4b4-07635c8dfa54","none","b38ff2b7-c8af-454e-b5af-ee760f0d5bca","BR","DWC_ARCHIVE","2018-11-14T17:18:17.051+0000","2018-09-10T18:26:14.111+0000",124,"none","PRESERVED_SPECIMEN",4030799,6,7707728,220,690,3231623,7288309,4030799,4030799,"Callisthene microphylla Warm.","Callisthene microphylla Warm.","Plantae","Tracheophyta","Myrtales","Vochysiaceae","Callisthene","Callisthene microphylla","Callisthene","microphylla","SPECIES","ACCEPTED","none","Bahia",2000,2,29,"2000-02-29T00:00:00","2018-09-10T18:26:22.422+0000","http://creativecommons.org/licenses/by-nc/4.0/legalcode","none","none","none","WGS84","Magnoliopsida","BR","Brazil","HUEFS - Herbario da Universidade Estadual de Feira de Santana","BRA:UEFS:HUEFS:0000047244","396","HUEFS - Herbario da Universidade Estadual de Feira de Santana","Pilão Arcado","Estrada de Espinheiro.","pt","HUEFS",1094765289,"BRA:UEFS:HUEFS:0000047244","Collection","Passos, L.","47244","UEFS","Universidade Estadual de Feira de Santana (UEFS)","Caatinga arbustiva-arbórea.",NA,NA,"","","","",NA,"","","","","","",NA,"",NA,"","","","","","","","",NA,"","",NA,"","",NA,"","","","","","Pilão Arcado","Bahia","brazil",3913,"Pilão Arcado",2924405,-43.113591,-10.008905,"BAHIA","BA","Bahia",-41.72018023,-12.47295682,"Bahia","ba",-9.883333,-42.55,"original coordinates","original coordinates OK"
"41","Callisthene microphylla",1252654655,-9.88,-42.55,"gass84","cd6e21c8-9e8a-493a-8a76-fbf7862069e5","061b4f20-f241-11da-a328-b8a03c50a862","none","996e30f8-f762-11e1-a439-00145eb45e9a","GB","DWC_ARCHIVE","2018-06-12T07:05:14.834+0000","2018-04-09T11:05:07.451+0000",96,"none","PRESERVED_SPECIMEN",4030799,6,7707728,220,690,3231623,7288309,4030799,4030799,"Callisthene microphylla Warm.","Callisthene microphylla Warm.","Plantae","Tracheophyta","Myrtales","Vochysiaceae","Callisthene","Callisthene microphylla","Callisthene","microphylla","SPECIES","ACCEPTED","none","",2000,2,29,"2000-02-29T00:00:00","2018-12-08T15:43:55.897+0000","http://creativecommons.org/licenses/by/4.0/legalcode","none","none","none","WGS84","Magnoliopsida","BR","Brazil","","K001076676","396","","Pilão Arcado","Estrada de Espinheiro.","","Herbarium",1252654655,"http://specimens.kew.org/herbarium/K001076676","","Jesus, N.; Guedes, M.L.; Passos, L.; Fonseca, M.; Cavalcanti, G.","K001076676","K","","[Multiple sheets K001076677] 0",NA,NA,"2015-03-02T00:00:00.000+0000","Guedes, M.L.","","",NA,"","","Data not transcribed","","","",NA,"",NA,"","","","Pilão Arcado","Label","Data not transcribed","VOCHYSIACEAE","",NA,"","",NA,"","",NA,"","","","","","Pilão Arcado","","brazil",NA,"",NA,NA,NA,"","","",NA,NA,NA,"",-9.88,-42.55,"original coordinates","original coordinates OK"
"42","Callisthene microphylla",1095223920,-9.883333,-42.55,"cdround,gass84","e38d4c95-3a1d-4594-9ae9-883b48042e6d","7ef169f9-81f8-46a2-a7f7-240df6a1889c","none","b38ff2b7-c8af-454e-b5af-ee760f0d5bca","BR","DWC_ARCHIVE","2018-11-23T18:21:15.716+0000","2018-11-23T18:21:15.766+0000",123,"none","PRESERVED_SPECIMEN",4030799,6,7707728,220,690,3231623,7288309,4030799,4030799,"Callisthene microphylla Warm.","Callisthene microphylla Warm.","Plantae","Tracheophyta","Myrtales","Vochysiaceae","Callisthene","Callisthene microphylla","Callisthene","microphylla","SPECIES","ACCEPTED","none","Bahia",2000,2,29,"2000-02-29T00:00:00","2018-11-23T18:22:15.482+0000","http://creativecommons.org/licenses/by-nc/4.0/legalcode","none","none","none","WGS84","Magnoliopsida","BR","Brazil","CEN - Herbário da Embrapa Recursos Genéticos e Biotecnologia","BRA:Cenargen:CEN:0000045782","396","CEN - Herbário da Embrapa Recursos Genéticos e Biotecnologia","PILAO ARCADO","Estrada de Espinheiro.","pt","CEN",1095223920,"BRA:Cenargen:CEN:0000045782","Collection","L. Passos","45782","Cenargen","Empresa Brasileira de Pesquisa Agropecuária (EMBRAPA)","Folhas coriáceas, discolores. Frutos capsulados imaturos verde-petróleo, maduros marrons. Doação do Projeto Flora da Bahia. Herbário Alexandre Leal Costa - ALCB (46583). Projeto Financiado pelo CNPq.",NA,NA,"","","","",1,"Exsicatas","","","","","",NA,"",NA,"","","","","","","","",NA,"","",NA,"","",NA,"","","","","","PILAO ARCADO","Bahia","brazil",3913,"Pilão Arcado",2924405,-43.113591,-10.008905,"BAHIA","BA","Bahia",-41.72018023,-12.47295682,"Bahia","ba",-9.883333,-42.55,"original coordinates","original coordinates OK"
"43","Callisthene microphylla",1094768382,-4.089167,-41.680556,"gass84,iddatunl","2e684fd6-09e2-4661-910a-0a188b610c04","60545be9-4f28-4245-b4b4-07635c8dfa54","none","b38ff2b7-c8af-454e-b5af-ee760f0d5bca","BR","DWC_ARCHIVE","2018-11-14T17:18:19.151+0000","2018-09-10T18:26:15.968+0000",124,"none","PRESERVED_SPECIMEN",4030799,6,7707728,220,690,3231623,7288309,4030799,4030799,"Callisthene microphylla Warm.","Callisthene microphylla Warm.","Plantae","Tracheophyta","Myrtales","Vochysiaceae","Callisthene","Callisthene microphylla","Callisthene","microphylla","SPECIES","ACCEPTED","2014-07-01T00:00:00","Piauí",1999,9,8,"1999-09-08T00:00:00","2018-09-10T18:26:24.314+0000","http://creativecommons.org/licenses/by-nc/4.0/legalcode","none","none","none","WGS84","Magnoliopsida","BR","Brazil","HUEFS - Herbario da Universidade Estadual de Feira de Santana","BRA:UEFS:HUEFS:0000050367","777","HUEFS - Herbario da Universidade Estadual de Feira de Santana","Piracuruca","Subida da Serra NEGRA- Parna de Sete Cidades","pt","HUEFS",1094768382,"BRA:UEFS:HUEFS:0000050367","Collection","Alencar, M.E.","50367","UEFS","Universidade Estadual de Feira de Santana (UEFS)","Cerrado Típico",160,0,"","D.J.P.Gonçalves & G.H.Shimizu","","",NA,"","","","","","",NA,"",NA,"","","","","","","","",NA,"","",NA,"","",NA,"","","","","","Piracuruca","Piauí","brazil",5246,"Piracuruca",2208304,-41.614014,-3.852075,"PIAUI","PI","Piauí",-42.9686162,-7.38798322,"Piauí","pi",-4.089167,-41.680556,"original coordinates","original coordinates OK"
"44","Callisthene microphylla",1455400022,-18.083333,-43.333333,"gass84","1bb3cae3-b91f-4109-8a2d-a1f05f2d6fd3","76dbcb10-efc5-4d5f-87a5-bcd409fc92c8","none","b38ff2b7-c8af-454e-b5af-ee760f0d5bca","BR","DWC_ARCHIVE","2018-11-24T12:30:38.595+0000","2018-09-25T14:05:08.770+0000",126,"none","PRESERVED_SPECIMEN",4030799,6,7707728,220,690,3231623,7288309,4030799,4030799,"Callisthene microphylla Warm.","Callisthene microphylla Warm.","Plantae","Tracheophyta","Myrtales","Vochysiaceae","Callisthene","Callisthene microphylla","Callisthene","microphylla","SPECIES","ACCEPTED","2000-01-01T00:00:00","Minas Gerais",1999,11,17,"1999-11-17T00:00:00","2018-12-09T07:19:29.770+0000","http://creativecommons.org/licenses/by-nc/4.0/legalcode","none","none","none","WGS84","Magnoliopsida","BR","Brazil","SPF - Herbário da Universidade de São Paulo","BRA:USP:SPF:0000148331","3366","SPF - Herbário da Universidade de São Paulo","São Gonçalo do Rio Preto","Parque Estadual do Rio Preto","pt","SPF",1455400022,"BRA:USP:SPF:0000148331","Collection","Lombardi, JA","148331","USP","Universidade de São Paulo, USP","",NA,NA,"2018-08-21T18:49:12.000+0000","Kawasaki, ML","","",NA,"","","","","","",NA,"",NA,"","","","","","","","",NA,"","",NA,"","",NA,"","","","","","São Gonçalo do Rio Preto","Minas Gerais","brazil",2789,"São Gonçalo do Rio Preto",3125507,-43.359005,-18.0765,"MINAS GERAIS","MG","Minas Gerais",-44.67333254,-18.45539008,"Minas Gerais","mg",-18.083333,-43.333333,"original coordinates","original coordinates OK"
"45","Callisthene microphylla",1455400023,-13.627778,-45.452222,"gass84","1bb3cae3-b91f-4109-8a2d-a1f05f2d6fd3","76dbcb10-efc5-4d5f-87a5-bcd409fc92c8","none","b38ff2b7-c8af-454e-b5af-ee760f0d5bca","BR","DWC_ARCHIVE","2018-11-24T12:30:38.511+0000","2018-09-25T14:05:08.611+0000",126,"none","PRESERVED_SPECIMEN",4030799,6,7707728,220,690,3231623,7288309,4030799,4030799,"Callisthene microphylla Warm.","Callisthene microphylla Warm.","Plantae","Tracheophyta","Myrtales","Vochysiaceae","Callisthene","Callisthene microphylla","Callisthene","microphylla","SPECIES","ACCEPTED","1999-12-01T00:00:00","Bahia",1999,12,7,"1999-12-07T00:00:00","2018-12-09T07:19:29.842+0000","http://creativecommons.org/licenses/by-nc/4.0/legalcode","none","none","none","WGS84","Magnoliopsida","BR","Brazil","SPF - Herbário da Universidade de São Paulo","BRA:USP:SPF:0000148026","3247","SPF - Herbário da Universidade de São Paulo","Correntina","","pt","SPF",1455400023,"BRA:USP:SPF:0000148026","Collection","Melo, E","148026","USP","Universidade de São Paulo, USP","",765,0,"2018-08-21T18:49:12.000+0000","França, F","","",NA,"","","","","","",NA,"",NA,"","","","","","","","",NA,"","",NA,"","",NA,"","","","","","Correntina","Bahia","brazil",3408,"Correntina",2909307,-45.407042,-13.477608,"BAHIA","BA","Bahia",-41.72018023,-12.47295682,"Bahia","ba",-13.627778,-45.452222,"original coordinates","original coordinates OK"
"46","Callisthene microphylla",1077593088,-13.719167,-45.921389,"gass84","a0cb1f6e-5766-4cc5-a8a0-cfc6a22c5c3d","81114709-2a6c-4e0b-908b-cb207a8708c2","none","b38ff2b7-c8af-454e-b5af-ee760f0d5bca","BR","DWC_ARCHIVE","2018-11-23T18:20:41.841+0000","2018-11-23T18:20:41.937+0000",125,"none","PRESERVED_SPECIMEN",4030799,6,7707728,220,690,3231623,7288309,4030799,4030799,"Callisthene microphylla Warm.","Callisthene microphylla Warm.","Plantae","Tracheophyta","Myrtales","Vochysiaceae","Callisthene","Callisthene microphylla","Callisthene","microphylla","SPECIES","ACCEPTED","none","Bahia",1997,4,1,"1997-04-01T00:00:00","2018-12-09T10:54:53.290+0000","http://creativecommons.org/licenses/by-nc/4.0/legalcode","none","none","none","WGS84","Magnoliopsida","BR","Brazil","MAC - Herbário do Instituto do Meio Ambiente do Estado de Alagoas","BRA:IMA:MAC:0000015511","28591","MAC - Herbário do Instituto do Meio Ambiente do Estado de Alagoas","Correntina","27Km do entroncamento com a BR 020 e BR 349; região de solo, arenoso e pouco avermelhado.","pt","MAC",1077593088,"BRA:IMA:MAC:0000015511","Collection","R.M.Harley; et al.","15511","IMA","Instituto do Meio Ambiente do Estado de Alagoas, IMA","Arbusto Arbusto muito ramificado, caule esbranquiçado, folhas complanadas, coriáceas, discolores, nervura da face abaxial vermelho. Flores ausentes Fruto com ápice escurecido, imaturos.; Caatinga",NA,NA,"2018-11-22T17:05:35.000+0000","","","",NA,"","","","","","",NA,"",NA,"","","","","","","","",NA,"","",NA,"","",NA,"","","","","","Correntina","Bahia","brazil",3408,"Correntina",2909307,-45.407042,-13.477608,"BAHIA","BA","Bahia",-41.72018023,-12.47295682,"Bahia","ba",-13.719167,-45.921389,"original coordinates","original coordinates OK"
"47","Callisthene microphylla",1260262226,-7.18611,-37.43138,"gass84","7bd65a7a-f762-11e1-a439-00145eb45e9a","90fd6680-349f-11d8-aa2d-b8a03c50a862","none","c4e134d3-c68f-406d-a116-6a37895602e0","US","DWC_ARCHIVE","2018-06-20T08:01:50.801+0000","2016-03-21T15:53:36.305+0000",28,"none","PRESERVED_SPECIMEN",4030799,6,7707728,220,690,3231623,7288309,4030799,4030799,"Callisthene microphylla Warm.","Callisthene microphylla Warm.","Plantae","Tracheophyta","Myrtales","Vochysiaceae","Callisthene","Callisthene microphylla","Callisthene","microphylla","SPECIES","ACCEPTED","2012-01-01T00:00:00","Paraíba",1997,10,12,"1997-10-12T00:00:00","2018-12-09T16:36:57.417+0000","http://creativecommons.org/licenses/by/4.0/legalcode","none","none","none","WGS84","Magnoliopsida","BR","Brazil","Missouri Botanical Garden","urn:catalog:MO:Tropicos:2901266","Agra 4504","Tropicos","","Serra de Teixeira. Município de de Maturéia, Pico do Jabre. Vegetacão arbustivo-arbórea, semicaducifolia, subxerofítica, com elementos da caatinga e da mata úmida. ao Norte em direcao Nordeste da sede da Telpa.","","MO",1260262226,"urn:catalog:MO:Tropicos:2901266","PhysicalObject","M. de F. Agra","2901266","MO","MOBOT","",905,105,"2012-07-17T18:28:00.000+0000","D.J.P. Gonçalves (UEC)","","SOUTH_AMERICA",NA,"","","","","ICNafp","",NA,"",NA,"","http://biocol.org/urn:lsid:biocol.org:col:15859","","","","","","No opinion",50061266,"http://www.tropicos.org/Specimen/2901266","",NA,"","",NA,"","","","","","","Paraíba","brazil",NA,"",NA,NA,NA,"","","Paraíba",-36.83226341,-7.12079672,"Paraíba","pb",-7.18611,-37.43138,"original coordinates","original coordinates outside municipality original in  falls in mae d'agua"
"48","Callisthene microphylla",1087510327,-22.872222,-48.434167,"gass84","92e7a11c-2765-4eee-9341-2a89083e6132","f22ff2ae-6384-4d40-9ded-4d96befcacf0","none","b38ff2b7-c8af-454e-b5af-ee760f0d5bca","BR","DWC_ARCHIVE","2018-11-24T12:32:34.293+0000","2017-12-29T14:41:55.646+0000",122,"none","PRESERVED_SPECIMEN",4030799,6,7707728,220,690,3231623,7288309,4030799,4030799,"Callisthene microphylla Warm.","Callisthene microphylla Warm.","Plantae","Tracheophyta","Myrtales","Vochysiaceae","Callisthene","Callisthene microphylla","Callisthene","microphylla","SPECIES","ACCEPTED","none","São Paulo",1993,10,21,"1993-10-21T00:00:00","2018-12-08T13:04:50.940+0000","http://creativecommons.org/licenses/by-nc/4.0/legalcode","none","none","none","WGS84","Magnoliopsida","BR","Brazil","BOTU - Herbário Irina Delanova Gemtchújnicov","BRA:UNESPIBB:BOTU:0000030192","3","BOTU - Herbário Irina Delanova Gemtchújnicov","Botucatu","","pt","BOTU",1087510327,"BRA:UNESPIBB:BOTU:0000030192","Collection","Galhego, A.A.","30192","Universidade Estadual Paulista, UNESP","Universidade Estadual Paulista, UNESP","Jardim Botânico UNESP Botucatu",NA,NA,"2016-08-22T19:26:56.000+0000","","","",NA,"","","","","","",NA,"",NA,"","","","","","","","",NA,"","",NA,"","",NA,"","","","","","Botucatu","São Paulo","brazil",1381,"Botucatu",3507506,-48.467603,-22.862462,"SAO PAULO","SP","São Paulo",-48.72944932,-22.26440593,"São Paulo","sp",-22.872222,-48.434167,"original coordinates","original coordinates OK"
"49","Callisthene microphylla",1424308079,-13,-46.75,"gass84,preneglon","4300f8d5-1ae5-49e5-a101-63894b005868","838537fc-4aeb-4980-8b58-97fbdcd1d91a","none","da7fe11a-b42c-46cb-9e9d-02243edb738a","BR","DWC_ARCHIVE","2018-10-02T15:41:04.869+0000","2018-09-24T20:02:19.020+0000",207,"none","PRESERVED_SPECIMEN",4030799,6,7707728,220,690,3231623,7288309,4030799,4030799,"Callisthene microphylla Warm.","Callisthene microphylla Warm.","Plantae","Tracheophyta","Myrtales","Vochysiaceae","Callisthene","Callisthene microphylla","Callisthene","microphylla","SPECIES","ACCEPTED","1999-01-01T00:00:00","Bahia",1992,6,26,"1992-06-26T00:00:00","2018-12-06T16:59:04.950+0000","http://creativecommons.org/licenses/by/4.0/legalcode","none","none","none","WGS84","Magnoliopsida","BR","Brazil","Rio de Janeiro Botanical Garden","urn:catalog:JBRJ:RB:597270","1365","RB - Rio de Janeiro Botanical Garden Herbarium Collection","Correntina","Fazenda Jatobá.","","RB",1424308079,"urn:catalog:JBRJ:RB:597270","PhysicalObject","M.Aparecida da Silva; et al.","RB00597270","JBRJ","","Arbusto ca.2m de altura.frutos iamturos de cor verde.",NA,NA,"2013-06-11T19:13:18.185+0000","K.Yamamoto & P.F.D.Castro","RB 312139","",NA,"","","","","","",NA,"",NA,"","","Cerrado.parcela 13.","","","","","",NA,"","",NA,"","",NA,"","","","","","Correntina","Bahia","brazil",3408,"Correntina",2909307,-45.407042,-13.477608,"BAHIA","BA","Bahia",-41.72018023,-12.47295682,"Bahia","ba",-13,-46.75,"original coordinates","original coordinates outside municipality original in correntina falls in campos belos"
"50","Callisthene microphylla",1931020662,-6.025341,-50.292149,"cdround","d415c253-4d61-4459-9d25-4015b9084fb0","ae447c50-b8a8-11d8-92a4-b8a03c50a862","none","17017c2c-036b-45d9-b045-606d21b00771","US","DWC_ARCHIVE","2018-11-18T16:23:58.290+0000","2018-10-19T15:08:51.146+0000",96,"none","PRESERVED_SPECIMEN",4030799,6,7707728,220,690,3231623,7288309,4030799,4030799,"Callisthene microphylla Warm.","Callisthene microphylla Warm.","Plantae","Tracheophyta","Myrtales","Vochysiaceae","Callisthene","Callisthene microphylla","Callisthene","microphylla","SPECIES","ACCEPTED","1983-01-01T00:00:00","ParÃ¡",1983,1,23,"1983-01-23T00:00:00","2018-12-08T04:57:46.237+0000","http://creativecommons.org/publicdomain/zero/1.0/legalcode","none","none","none","WGS84","Magnoliopsida","BR","Brazil","The New York Botanical Garden","e6215978-42ef-471c-af71-a04f40b59beb","4488","Vascular plants","","Serra Norte (Serra dos CarajÃ¡s) arredores do alojamento N1","en","NY",1931020662,"e6215978-42ef-471c-af71-a04f40b59beb","PhysicalObject","N. A. Rosa","813692","NY","","",700,0,"","N. A. Rosa","","SOUTH_AMERICA",NA,"sheet","http://sweetgum.nybg.org/science/vh/specimen_details.php?irn=806210","VegetaÃ§Ã£o sobre canga de ferro.","http://biocol.org/urn:lsid:biocol.org:col:15556","ICN","23 Jan 1983",23,"MarabÃ¡",23,"2297 ft","http://biocol.org/urn:lsid:biocol.org:col:15556","","","Georeferencing Quick Reference Guide, Version 2012","","","",NA,"","",NA,"","",4244.55,"2014-01-02","Google Maps (map data 2014)","","","","","ParÃ¡","brazil",NA,"",NA,NA,NA,"","","Pará",-53.0625366,-3.972184,"Pará","pa",-6.025341,-50.292149,"original coordinates","original coordinates outside municipality original in  falls in parauapebas"
"51","Callisthene microphylla",1089018414,-18.55,-43.54,"gass84","7741a517-ab3d-4b85-ae58-56322e44c8ce","d073b448-6b80-4364-8c38-18d08b88797f","none","b38ff2b7-c8af-454e-b5af-ee760f0d5bca","BR","DWC_ARCHIVE","2018-12-03T13:50:54.493+0000","2018-12-03T16:40:58.449+0000",122,"none","PRESERVED_SPECIMEN",4030799,6,7707728,220,690,3231623,7288309,4030799,4030799,"Callisthene microphylla Warm.","Callisthene microphylla Warm.","Plantae","Tracheophyta","Myrtales","Vochysiaceae","Callisthene","Callisthene microphylla","Callisthene","microphylla","SPECIES","ACCEPTED","2010-05-01T00:00:00","Minas Gerais",1982,3,24,"1982-03-24T00:00:00","2018-12-08T04:37:35.665+0000","http://creativecommons.org/licenses/by-nc/4.0/legalcode","none","none","none","WGS84","Magnoliopsida","BR","Brazil","UEC - Herbário da Universidade Estadual de Campinas","BRA:UNICAMP:UEC:0000053835","s.n.","UEC - Herbário da Universidade Estadual de Campinas","Santana de Pirapama","Faz. Inhame (Serra Mineira), Serra do Cipó","pt","UEC",1089018414,"BRA:UNICAMP:UEC:0000053835","Collection","Cordeiro, I.; Pirani, J.R.; Wagner, H.L.; Hensold, N.","53835","UNICAMP","Universidade Estadual de Campinas, UNICAMP","Arbusto de 1m, frutos verdes a negros.",NA,NA,"2018-11-21T16:40:52.000+0000","Shimizu, G.H.","","",NA,"","","","","","",NA,"",NA,"","","","","","","","",NA,"","",NA,"","",NA,"","","","","","Santana de Pirapama","Minas Gerais","brazil",2648,"Santana de Pirapama",3158508,-43.904348,-18.918993,"MINAS GERAIS","MG","Minas Gerais",-44.67333254,-18.45539008,"Minas Gerais","mg",-18.55,-43.54,"original coordinates","original coordinates outside municipality original in santana de pirapama falls in serro"
"52","Callisthene microphylla",1099317350,-6.266667,-38.383333,"gass84","fdce6e69-a78c-409c-8d66-dd79ad3fc4e9","00bf6c83-097b-4b63-8857-62c89ba17eb2","none","b38ff2b7-c8af-454e-b5af-ee760f0d5bca","BR","DWC_ARCHIVE","2018-11-14T17:17:24.554+0000","2017-12-16T12:19:29.704+0000",143,"none","PRESERVED_SPECIMEN",4030799,6,7707728,220,690,3231623,7288309,4030799,4030799,"Callisthene microphylla Warm.","Callisthene microphylla Warm.","Plantae","Tracheophyta","Myrtales","Vochysiaceae","Callisthene","Callisthene microphylla","Callisthene","microphylla","SPECIES","ACCEPTED","none","Rio Grande do Norte",1981,5,26,"1981-05-26T00:00:00","2018-07-07T09:16:13.887+0000","http://creativecommons.org/licenses/by-nc/4.0/legalcode","none","none","none","WGS84","Magnoliopsida","BR","Brazil","MOSS - Herbário Dárdano de Andrade Lima","BRA:UFERSA:MOSS:0000003536","1883","MOSS - Herbário Dárdano de Andrade Lima","Cel. João Pessoa","Mata Redonda.","pt","MOSS",1099317350,"BRA:UFERSA:MOSS:0000003536","Collection","Oliveira, O.F. de","3536","UFERSA","Universidade Federal Rural do Semi-Árido, UFERSA","árvore com 1,5 m.; coletada na mata; solo areno-argiloso, pedregoso; frequente; fruto marrom, imatura.",750,0,"","","","SOUTH_AMERICA",0,"","","","","","",NA,"",NA,"","","","","","","","",NA,"","",NA,"","",NA,"","","","","","Cel. João Pessoa","Rio Grande do Norte","brazil",NA,"",NA,NA,NA,"","","Rio Grande do Norte",-36.67312218,-5.83926444,"Rio Grande do Norte","rn",-6.266667,-38.383333,"original coordinates","original coordinates outside municipality original in cel. joao pessoa falls in riacho de santana"
"53","Callisthene microphylla",1089090957,-6,-50.15,"gass84","7741a517-ab3d-4b85-ae58-56322e44c8ce","d073b448-6b80-4364-8c38-18d08b88797f","none","b38ff2b7-c8af-454e-b5af-ee760f0d5bca","BR","DWC_ARCHIVE","2018-12-03T13:51:37.981+0000","2018-12-03T16:41:31.152+0000",122,"none","PRESERVED_SPECIMEN",4030799,6,7707728,220,690,3231623,7288309,4030799,4030799,"Callisthene microphylla Warm.","Callisthene microphylla Warm.","Plantae","Tracheophyta","Myrtales","Vochysiaceae","Callisthene","Callisthene microphylla","Callisthene","microphylla","SPECIES","ACCEPTED","1981-08-01T00:00:00","Pará",1977,10,14,"1977-10-14T00:00:00","2018-12-08T04:38:14.825+0000","http://creativecommons.org/licenses/by-nc/4.0/legalcode","none","none","none","WGS84","Magnoliopsida","BR","Brazil","UEC - Herbário da Universidade Estadual de Campinas","BRA:UNICAMP:UEC:0000150696","BG517","UEC - Herbário da Universidade Estadual de Campinas","Serra Norte","Serra dos Carajás","pt","UEC",1089090957,"BRA:UNICAMP:UEC:0000150696","Collection","Berg, C.C.; Henderson, A.J.","150696","UNICAMP","Universidade Estadual de Campinas, UNICAMP","Tree 9m tall. Flowers pale-green to white filament pink.; Patch of disturbed low forest near AMZA. Exploration Camp.",NA,NA,"2018-11-21T16:40:52.000+0000","Martins, H.F.","","",NA,"","","","","","",NA,"",NA,"","","","","","","","",NA,"","",NA,"","",NA,"","","","","","Serra Norte","Pará","brazil",NA,"",NA,NA,NA,"","","Pará",-53.0625366,-3.972184,"Pará","pa",-6,-50.15,"original coordinates","original coordinates outside municipality original in serra norte falls in parauapebas"
"54","Callisthene microphylla",1929516771,-12.15,-44.99,"gass84","d415c253-4d61-4459-9d25-4015b9084fb0","ae447c50-b8a8-11d8-92a4-b8a03c50a862","none","17017c2c-036b-45d9-b045-606d21b00771","US","DWC_ARCHIVE","2018-11-18T15:23:40.687+0000","2018-11-18T15:23:40.760+0000",96,"none","PRESERVED_SPECIMEN",4030799,6,7707728,220,690,3231623,7288309,4030799,4030799,"Callisthene microphylla Warm.","Callisthene microphylla Warm.","Plantae","Tracheophyta","Myrtales","Vochysiaceae","Callisthene","Callisthene microphylla","Callisthene","microphylla","SPECIES","ACCEPTED","1980-01-01T00:00:00","Bahia",1972,3,2,"1972-03-02T00:00:00","2018-12-08T17:14:36.358+0000","http://creativecommons.org/publicdomain/zero/1.0/legalcode","none","none","none","WGS84","Magnoliopsida","BR","Brazil","The New York Botanical Garden","7bcc9716-b14d-4a6c-9fde-e1aa57ab1f2f","36459","Vascular plants","","EspigÃ£o Mestre. Serra 34 km W of Barreiras","en","NY",1929516771,"7bcc9716-b14d-4a6c-9fde-e1aa57ab1f2f","PhysicalObject","W. R. Anderson","813693","NY","","",710,0,"","H. Balslev","","SOUTH_AMERICA",NA,"sheet","http://sweetgum.nybg.org/science/vh/specimen_details.php?irn=806211","Cerrado or cerradÃ£e.","http://biocol.org/urn:lsid:biocol.org:col:15556","ICN","02 Mar 1972",62,"",62,"ca. 2329 ft","http://biocol.org/urn:lsid:biocol.org:col:15556","","","Other source","","","",NA,"","",NA,"","",NA,"","IBGE (Instituto Brasileiro de Geografia e EstatÃ­stica)","","","","","Bahia","brazil",NA,"",NA,NA,NA,"","","Bahia",-41.72018023,-12.47295682,"Bahia","ba",-12.15,-44.99,"original coordinates","original coordinates outside municipality original in  falls in barreiras"
"55","Callisthene microphylla",1228340647,-5,-40,"gass84","90c853e6-56bd-480b-8e8f-6285c3f8d42b","7b8aff00-a9f8-11d8-944b-b8a03c50a862","none","3b84ff5b-79ce-427c-acb7-b4004e160f66","US","DWC_ARCHIVE","2018-11-22T21:36:30.434+0000","2018-11-22T21:36:30.502+0000",97,"none","PRESERVED_SPECIMEN",4030799,6,7707728,220,690,3231623,7288309,4030799,4030799,"Callisthene microphylla Warm.","Callisthene microphylla Warm.","Plantae","Tracheophyta","Myrtales","Vochysiaceae","Callisthene","Callisthene microphylla","Callisthene","microphylla","SPECIES","ACCEPTED","none","Ceará",1970,3,27,"1970-03-27T00:00:00","2018-12-07T20:10:39.702+0000","http://creativecommons.org/publicdomain/zero/1.0/legalcode","none","none","none","WGS84","Magnoliopsida","BR","Brazil","The Field Museum of Natural History","7fa5da97-f337-4313-9491-bab8658b5a14","70-5831","GDI 2013-2015 SAPP","","","en","Botany",1228340647,"7fa5da97-f337-4313-9491-bab8658b5a14","PhysicalObject","A. D. Andrade-Lima","V0389969F","F","F","",NA,NA,"","RRC ID Flag","","SOUTH_AMERICA",NA,"","","","F","ICBN","",NA,"",NA,"","Botany","","South America, Brazil, Ceará","","","Plantae Spermatophyta Dicotyledoneae Vochysiaceae","",NA,"","70-5831",590015,"seeds-20-nov-2018","http://fieldmuseum.org/about/copyright-information",NA,"","","","","","","Ceará","brazil",NA,"",NA,NA,NA,"","","Ceará",-39.61556123,-5.09311398,"Ceará","ce",-5,-40,"original coordinates","original coordinates outside municipality original in  falls in monsenhor tabosa"
"56","Callisthene microphylla",1228404662,-10.8339,-52.8731,"gass84","90c853e6-56bd-480b-8e8f-6285c3f8d42b","7b8aff00-a9f8-11d8-944b-b8a03c50a862","none","3b84ff5b-79ce-427c-acb7-b4004e160f66","US","DWC_ARCHIVE","2018-11-22T21:34:51.308+0000","2018-11-22T21:34:51.323+0000",97,"none","PRESERVED_SPECIMEN",4030799,6,7707728,220,690,3231623,7288309,4030799,4030799,"Callisthene microphylla Warm.","Callisthene microphylla Warm.","Plantae","Tracheophyta","Myrtales","Vochysiaceae","Callisthene","Callisthene microphylla","Callisthene","microphylla","SPECIES","ACCEPTED","none","",1846,NA,NA,"1846-01-01T00:00:00","2018-12-07T20:11:16.586+0000","http://creativecommons.org/publicdomain/zero/1.0/legalcode","none","none","none","WGS84","Magnoliopsida","BR","Brazil","The Field Museum of Natural History","30adad08-ec81-4af4-b9ab-527c99a5a301","2315","Negatives/Types","","","en","Botany",1228404662,"30adad08-ec81-4af4-b9ab-527c99a5a301","PhysicalObject","G. Gardner","V0074789F","F","F","",NA,NA,"","","","SOUTH_AMERICA",NA,"","","","F","ICBN","",NA,"",NA,"","Botany","","South America, BRAZIL","","","Plantae Spermatophyta Dicotyledoneae Vochysiaceae","",NA,"","",343469,"seeds-20-nov-2018","http://fieldmuseum.org/about/copyright-information",NA,"","","ISOSYNTYPE","","","","","brazil",NA,"",NA,NA,NA,"","","",NA,NA,NA,"",-10.8339,-52.8731,"original coordinates","original coordinates outside municipality original in  falls in sao jose do xingu"
"57","Callisthene microphylla",1228303101,-10.8339,-52.8731,"gass84","90c853e6-56bd-480b-8e8f-6285c3f8d42b","7b8aff00-a9f8-11d8-944b-b8a03c50a862","none","3b84ff5b-79ce-427c-acb7-b4004e160f66","US","DWC_ARCHIVE","2018-11-22T21:36:32.226+0000","2018-11-22T21:36:32.398+0000",97,"none","PRESERVED_SPECIMEN",4030799,6,7707728,220,690,3231623,7288309,4030799,4030799,"Callisthene microphylla Warm.","Callisthene microphylla Warm.","Plantae","Tracheophyta","Myrtales","Vochysiaceae","Callisthene","Callisthene microphylla","Callisthene","microphylla","SPECIES","ACCEPTED","none","",1846,NA,NA,"1846-01-01T00:00:00","2018-12-07T20:10:16.630+0000","http://creativecommons.org/publicdomain/zero/1.0/legalcode","none","none","none","WGS84","Magnoliopsida","BR","Brazil","The Field Museum of Natural History","81359bfd-22f9-459d-b7d8-0ba5d009efdf","3142","Negatives/Types","","","en","Botany",1228303101,"81359bfd-22f9-459d-b7d8-0ba5d009efdf","PhysicalObject","G. Gardner","V0074787F","F","F","",NA,NA,"","","","SOUTH_AMERICA",NA,"","","","F","ICBN","",NA,"",NA,"","Botany","","South America, BRAZIL","","","Plantae Spermatophyta Dicotyledoneae Vochysiaceae","",NA,"","",275926,"seeds-20-nov-2018","http://fieldmuseum.org/about/copyright-information",NA,"","","ISOLECTOTYPE","","","","","brazil",NA,"",NA,NA,NA,"","","",NA,NA,NA,"",-10.8339,-52.8731,"original coordinates","original coordinates outside municipality original in  falls in sao jose do xingu"
"58","Callisthene microphylla",1057393783,-10.773109,-53.08982,"gass84","7e380070-f762-11e1-a439-00145eb45e9a","19456090-b49a-11d8-abeb-b8a03c50a862","none","60277b56-f762-11e1-a439-00145eb45e9a","GB","DWC_ARCHIVE","2018-12-05T05:47:02.093+0000","2018-12-05T05:47:02.515+0000",100,"none","PRESERVED_SPECIMEN",4030799,6,7707728,220,690,3231623,7288309,4030799,4030799,"Callisthene microphylla Warm.","Callisthene microphylla Warm.","Plantae","Tracheophyta","Myrtales","Vochysiaceae","Callisthene","Callisthene microphylla","Callisthene","microphylla","SPECIES","ACCEPTED","none","",1839,3,NA,"1839-03-01T00:00:00","2018-12-08T02:10:30.078+0000","http://creativecommons.org/publicdomain/zero/1.0/legalcode","none","none","none","WGS84","Magnoliopsida","BR","Brazil","","4979829","2315","","","","","BOT",1057393783,"b59297a6-7ef7-4f98-986d-dd695642b15c","","George Gardner","BM000566633","NHMUK","","",NA,NA,"2018-03-12T00:00:00.000+0000","Gustavo Hiroaki Shimizu","NHMUK:ecatalogue:4979829","SOUTH_AMERICA",NA,"","","","","","",NA,"",NA,"","","","South America; Brazil","","","Angiosperm; Vochysiaceae","",NA,"","2315",NA,"","",NA,"","","PARATYPE","{""determinationfiledas"": [""Yes"", ""No""], ""collectionkind"": ""Sheet"", ""gbifissue"": [""COORDINATE_ROUNDED;GEODETIC_DATUM_ASSUMED_WGS84""], ""created"": ""2007-09-27"", ""gbifid"": 1057393783, ""project"": ""GPI Georeferencing"", ""determinationnames"": [""Callisthene microphylla Warm"", ""Callisthene microphylla Warm""], ""geom"": ""-10.773109,-53.089820"", ""subdepartment"": ""Flowering Plants"", ""imagecategory"": [""Specimen""]}","","","","brazil",NA,"",NA,NA,NA,"","","",NA,NA,NA,"",-10.773109,-53.08982,"original coordinates","original coordinates outside municipality original in  falls in sao jose do xingu"
"59","Callisthene microphylla",1144666187,-15.81194,-49.56972,"gass84,rdativ","f577c9f3-ae71-4278-b6bf-512ba1dfaa21","43a26bbf-466a-4335-96cc-01d0656c614a","none","6040a0d6-f762-11e1-a439-00145eb45e9a","CH","BIOCASE","2018-12-11T22:10:26.242+0000","2016-02-23T13:22:51.826+0000",43,"none","PRESERVED_SPECIMEN",4030799,6,7707728,220,690,3231623,7288309,4030799,4030799,"Callisthene microphylla Warm.","Callisthene microphylla Warm.","Plantae","Tracheophyta","Myrtales","Vochysiaceae","Callisthene","Callisthene microphylla","Callisthene","microphylla","SPECIES","ACCEPTED","none","",NA,NA,NA,"none","2018-12-06T21:54:25.238+0000","http://creativecommons.org/licenses/by-nc/4.0/legalcode","none","none","none","WGS84","Magnoliopsida","BR","Brazil","","","","","","Goias/Estado de Goiás","","Geneva Herbarium – General Collection (G)",1144666187,"","","Gardner, G. (Coll. Moricand)","G-G-241948/3","G","","",NA,NA,"","Stafleu, F. A. (1950)","","",NA,"","","","","","",NA,"",NA,"","","","","","","","",NA,"","",NA,"","",NA,"","","TYPE","","Callisthene microphylla Warm.","","","brazil",NA,"",NA,NA,NA,"","","",NA,NA,NA,"",-15.81194,-49.56972,"original coordinates","original coordinates outside municipality original in  falls in jaragua"
