"","name","key","decimalLatitude","decimalLongitude","issues","datasetKey","publishingOrgKey","networkKeys","installationKey","publishingCountry","protocol","lastCrawled","lastParsed","crawlId","extensions","basisOfRecord","taxonKey","kingdomKey","phylumKey","classKey","orderKey","familyKey","genusKey","speciesKey","acceptedTaxonKey","scientificName","acceptedScientificName","kingdom","phylum","order","family","genus","species","genericName","specificEpithet","taxonRank","taxonomicStatus","dateIdentified","elevation","elevationAccuracy","stateProvince.original","year","month","day","eventDate","modified","lastInterpreted","license","identifiers","facts","relations","geodeticDatum","class","countryCode","country.original","rightsHolder","identifier","recordNumber","datasetName","municipality.original","locality","language","collectionCode","gbifID","occurrenceID","type","recordedBy","catalogNumber","institutionCode","ownerInstitutionCode","occurrenceRemarks","otherCatalogNumbers","identificationQualifier","identifiedBy","continent","references","habitat","nomenclaturalCode","institutionID","verbatimEventDate","endDayOfYear","county","preparations","startDayOfYear","collectionID","fieldNotes","identificationRemarks","georeferenceSources","rights","verbatimElevation","verbatimTaxonRank","higherClassification","individualCount","nomenclaturalStatus","taxonID","bibliographicCitation","higherGeography","coordinateUncertaintyInMeters","georeferencedDate","georeferenceProtocol","coordinatePrecision","eventID","dynamicProperties","eventRemarks","higherGeographyID","verbatimLocality","locationID","accessRights","identificationID","organismID","datasetID","typeStatus","typifiedName","municipality","stateProvince","country","FID","NOME","GEOCODIGO","POINT_X","POINT_Y","NOMEUF","SIGLAUF","estados_shp","x_estado","y_estado","nome","sigla","new_Lat","new_Lon","notes","comments"
"1","Bellucia dichotoma",1913596187,-10.206667,-48.32,"gass84","965b5ae5-7b2d-4155-a7ff-e9e496d70f90","605d693a-f335-44fb-b6cf-3ac49842358e","none","b38ff2b7-c8af-454e-b5af-ee760f0d5bca","BR","DWC_ARCHIVE","2018-11-24T12:22:34.280+0000","2018-09-25T13:28:51.323+0000",129,"none","PRESERVED_SPECIMEN",3866664,6,7707728,220,690,6683,8323398,3866664,3866664,"Bellucia dichotoma Cogn.","Bellucia dichotoma Cogn.","Plantae","Tracheophyta","Myrtales","Melastomataceae","Bellucia","Bellucia dichotoma","Bellucia","dichotoma","SPECIES","ACCEPTED","none",9999,0,"Tocantins",2017,10,27,"2017-10-27T00:00:00","2018-08-28T15:49:19.000+0000","2018-12-10T13:35:55.785+0000","http://creativecommons.org/licenses/by-nc/4.0/legalcode","none","none","none","WGS84","Magnoliopsida","BR","Brazil","HUTO - Herbário da Universidade de Tocantins","BRA:UNITINS:HUTO:0000007258","15","HUTO - Herbário da Universidade de Tocantins","Palmas","Parque Cesmar","pt","HUTO",1913596187,"BRA:UNITINS:HUTO:0000007258","Collection","Lima, I.F.R.","7258","UNITINS","Fundação Universidade de Tocantins (UNITINS)","Árvore com cerca de 3 m de altura. Flor de cor branca. Projeto PIBIC Unitins.; Mata de galeria.","","","","","","","","","",NA,"","",NA,"","","","","","","","",NA,"",NA,"","",NA,"","",NA,NA,NA,NA,NA,NA,NA,"",NA,NA,"","","","Palmas","Tocantins","brazil",3877,"Palmas",1721000,-48.15252,-10.220926,"TOCANTINS","TO","Tocantins",-48.32919432,-10.14913269,"Tocantins","to",-10.206667,-48.32,"original coordinates","original coordinates OK"
"2","Bellucia dichotoma",1852375938,-5.662222,-50.3575,"cdround,gass84","4300f8d5-1ae5-49e5-a101-63894b005868","838537fc-4aeb-4980-8b58-97fbdcd1d91a","none","da7fe11a-b42c-46cb-9e9d-02243edb738a","BR","DWC_ARCHIVE","2018-10-02T15:37:27.480+0000","2018-09-24T19:59:07.997+0000",207,"none","PRESERVED_SPECIMEN",3866664,6,7707728,220,690,6683,8323398,3866664,3866664,"Bellucia dichotoma Cogn.","Bellucia dichotoma Cogn.","Plantae","Tracheophyta","Myrtales","Melastomataceae","Bellucia","Bellucia dichotoma","Bellucia","dichotoma","SPECIES","ACCEPTED","none",NA,NA,"Pará",2017,11,13,"2017-11-13T00:00:00","2018-06-26T10:52:39.963+0000","2018-12-09T17:12:38.020+0000","http://creativecommons.org/licenses/by/4.0/legalcode","none","none","none","WGS84","Magnoliopsida","BR","Brazil","Rio de Janeiro Botanical Garden","urn:catalog:JBRJ:RB:1393062","3135","RB - Rio de Janeiro Botanical Garden Herbarium Collection","Marabá","Reserva Biológica do Tapirapé, Unidade amostral UA-3 (Ponto amostral Leste). Reserva Biológica do Tapirapé","","RB",1852375938,"urn:catalog:JBRJ:RB:1393062","PhysicalObject","Castro, W.; Oliveira, E.C.; Cunha-Neto, J.P.; Guedes, R.F.;  Hering-Ribeiro, A.; Mesquita, C.F.; Silva, F.T.; Silva, L.S.","RB01393062","JBRJ","","Árvore 26 m, Placa:#297. Estéril","RB 770494","cf.","R.C. Forzza","","","","","","",NA,"","",NA,"","","","","","","","",NA,"",NA,"","",NA,"","",NA,NA,NA,NA,NA,NA,NA,"",NA,NA,"","","","Marabá","Pará","brazil",4967,"Marabá",1504208,-50.020249,-5.630959,"PARA","PA","Pará",-53.0625366,-3.972184,"Pará","pa",-5.662222,-50.3575,"original coordinates","original coordinates OK"
"3","Bellucia dichotoma",1852375949,-5.662222,-50.3575,"cdround,gass84","4300f8d5-1ae5-49e5-a101-63894b005868","838537fc-4aeb-4980-8b58-97fbdcd1d91a","none","da7fe11a-b42c-46cb-9e9d-02243edb738a","BR","DWC_ARCHIVE","2018-10-02T15:37:27.473+0000","2018-09-24T19:59:08.042+0000",207,"none","PRESERVED_SPECIMEN",3866664,6,7707728,220,690,6683,8323398,3866664,3866664,"Bellucia dichotoma Cogn.","Bellucia dichotoma Cogn.","Plantae","Tracheophyta","Myrtales","Melastomataceae","Bellucia","Bellucia dichotoma","Bellucia","dichotoma","SPECIES","ACCEPTED","none",NA,NA,"Pará",2017,11,13,"2017-11-13T00:00:00","2018-06-26T10:52:45.358+0000","2018-12-09T17:12:37.984+0000","http://creativecommons.org/licenses/by/4.0/legalcode","none","none","none","WGS84","Magnoliopsida","BR","Brazil","Rio de Janeiro Botanical Garden","urn:catalog:JBRJ:RB:1393064","3105","RB - Rio de Janeiro Botanical Garden Herbarium Collection","Marabá","Reserva Biológica do Tapirapé, Unidade amostral UA-3 (Ponto amostral Leste). Reserva Biológica do Tapirapé","","RB",1852375949,"urn:catalog:JBRJ:RB:1393064","PhysicalObject","Castro, W.; Oliveira, E.C.; Cunha-Neto, J.P.; Guedes, R.F.;  Hering-Ribeiro, A.; Mesquita, C.F.; Silva, F.T.; Silva, L.S.","RB01393064","JBRJ","","Árvore 27 m, Placa:#252. Estéril","RB 770496","cf.","R.C. Forzza","","","","","","",NA,"","",NA,"","","","","","","","",NA,"",NA,"","",NA,"","",NA,NA,NA,NA,NA,NA,NA,"",NA,NA,"","","","Marabá","Pará","brazil",4967,"Marabá",1504208,-50.020249,-5.630959,"PARA","PA","Pará",-53.0625366,-3.972184,"Pará","pa",-5.662222,-50.3575,"original coordinates","original coordinates OK"
"4","Bellucia dichotoma",1852375806,-5.662222,-50.3575,"cdround,gass84","4300f8d5-1ae5-49e5-a101-63894b005868","838537fc-4aeb-4980-8b58-97fbdcd1d91a","none","da7fe11a-b42c-46cb-9e9d-02243edb738a","BR","DWC_ARCHIVE","2018-10-02T15:37:27.456+0000","2018-09-24T19:59:08.002+0000",207,"none","PRESERVED_SPECIMEN",3866664,6,7707728,220,690,6683,8323398,3866664,3866664,"Bellucia dichotoma Cogn.","Bellucia dichotoma Cogn.","Plantae","Tracheophyta","Myrtales","Melastomataceae","Bellucia","Bellucia dichotoma","Bellucia","dichotoma","SPECIES","ACCEPTED","none",NA,NA,"Pará",2017,11,13,"2017-11-13T00:00:00","2018-06-26T10:52:42.684+0000","2018-12-09T17:12:37.933+0000","http://creativecommons.org/licenses/by/4.0/legalcode","none","none","none","WGS84","Magnoliopsida","BR","Brazil","Rio de Janeiro Botanical Garden","urn:catalog:JBRJ:RB:1393063","3112","RB - Rio de Janeiro Botanical Garden Herbarium Collection","Marabá","Reserva Biológica do Tapirapé, Unidade amostral UA-3 (Ponto amostral Leste). Reserva Biológica do Tapirapé","","RB",1852375806,"urn:catalog:JBRJ:RB:1393063","PhysicalObject","Castro, W.; Oliveira, E.C.; Cunha-Neto, J.P.; Guedes, R.F.;  Hering-Ribeiro, A.; Mesquita, C.F.; Silva, F.T.; Silva, L.S.","RB01393063","JBRJ","","Árvore 27 m, Placa:#249. Estéril","RB 770495","cf.","R.C. Forzza","","","","","","",NA,"","",NA,"","","","","","","","",NA,"",NA,"","",NA,"","",NA,NA,NA,NA,NA,NA,NA,"",NA,NA,"","","","Marabá","Pará","brazil",4967,"Marabá",1504208,-50.020249,-5.630959,"PARA","PA","Pará",-53.0625366,-3.972184,"Pará","pa",-5.662222,-50.3575,"original coordinates","original coordinates OK"
"5","Bellucia dichotoma",1889177079,-9.833333,-56.977778,"gass84","22331d58-4a7e-40da-b7db-652a4d4d85ed","e7132376-4a7e-458a-be08-946850a2beac","none","b38ff2b7-c8af-454e-b5af-ee760f0d5bca","BR","DWC_ARCHIVE","2018-10-25T12:34:31.599+0000","2018-08-03T12:12:58.104+0000",118,"none","PRESERVED_SPECIMEN",3866664,6,7707728,220,690,6683,8323398,3866664,3866664,"Bellucia dichotoma Cogn.","Bellucia dichotoma Cogn.","Plantae","Tracheophyta","Myrtales","Melastomataceae","Bellucia","Bellucia dichotoma","Bellucia","dichotoma","SPECIES","ACCEPTED","2016-06-18T00:00:00",NA,NA,"Pará",2016,4,8,"2016-04-08T00:00:00","","2018-08-03T12:12:58.111+0000","http://creativecommons.org/licenses/by-nc/4.0/legalcode","none","none","none","WGS84","Magnoliopsida","BR","Brazil","HERBAM - Herbário da Amazônia Meridional","BRA:UNEMAT:HERBAM:0000011848","106","HERBAM - Herbário da Amazônia Meridional","Jacareacanga","UHE São Manoel - Aragon Piculo","pt","HERBAM",1889177079,"BRA:UNEMAT:HERBAM:0000011848","Collection","Zanzini, LP; E. dos Santos; R. Silva","11848","UNEMAT","Universidade do Estado de Mato Grosso (UNEMAT)","Flora UHE São Manoel - FAESPE- HERBAM","","","Koch, AK","","","","","","",NA,"","",NA,"","","","","","","","",NA,"",NA,"","",NA,"","",NA,NA,NA,NA,NA,NA,NA,"",NA,NA,"","","","Jacareacanga","Pará","brazil",4424,"Jacareacanga",1503754,-57.303127,-7.445992,"PARA","PA","Pará",-53.0625366,-3.972184,"Pará","pa",-9.833333,-56.977778,"original coordinates","original coordinates outside municipality original in jacareacanga falls in nova monte verde"
"6","Bellucia dichotoma",1889177222,-9.243333,-57.010278,"gass84","22331d58-4a7e-40da-b7db-652a4d4d85ed","e7132376-4a7e-458a-be08-946850a2beac","none","b38ff2b7-c8af-454e-b5af-ee760f0d5bca","BR","DWC_ARCHIVE","2018-10-25T12:34:31.598+0000","2018-08-03T12:12:58.234+0000",118,"none","PRESERVED_SPECIMEN",3866664,6,7707728,220,690,6683,8323398,3866664,3866664,"Bellucia dichotoma Cogn.","Bellucia dichotoma Cogn.","Plantae","Tracheophyta","Myrtales","Melastomataceae","Bellucia","Bellucia dichotoma","Bellucia","dichotoma","SPECIES","ACCEPTED","2016-07-25T00:00:00",NA,NA,"Pará",2016,5,27,"2016-05-27T00:00:00","","2018-08-03T12:12:58.242+0000","http://creativecommons.org/licenses/by-nc/4.0/legalcode","none","none","none","WGS84","Magnoliopsida","BR","Brazil","HERBAM - Herbário da Amazônia Meridional","BRA:UNEMAT:HERBAM:0000011889","88","HERBAM - Herbário da Amazônia Meridional","Jacareacanga","UHE São Manoel","pt","HERBAM",1889177222,"BRA:UNEMAT:HERBAM:0000011889","Collection","Melo, JAM; Bruno, J; Zanin, H","11889","UNEMAT","Universidade do Estado de Mato Grosso (UNEMAT)","Flora UHE São Manoel - FAESPE- HERBAM","","","Koch, AK","","","","","","",NA,"","",NA,"","","","","","","","",NA,"",NA,"","",NA,"","",NA,NA,NA,NA,NA,NA,NA,"",NA,NA,"","","","Jacareacanga","Pará","brazil",4424,"Jacareacanga",1503754,-57.303127,-7.445992,"PARA","PA","Pará",-53.0625366,-3.972184,"Pará","pa",-9.243333,-57.010278,"original coordinates","original coordinates outside municipality original in jacareacanga falls in paranaita"
"7","Bellucia dichotoma",1930998803,-9.9,-64.98,"gass84","d415c253-4d61-4459-9d25-4015b9084fb0","ae447c50-b8a8-11d8-92a4-b8a03c50a862","none","17017c2c-036b-45d9-b045-606d21b00771","US","DWC_ARCHIVE","2018-11-18T16:23:47.659+0000","2018-11-18T16:23:47.774+0000",96,"none","PRESERVED_SPECIMEN",3866664,6,7707728,220,690,6683,8323398,3866664,3866664,"Bellucia dichotoma Cogn.","Bellucia dichotoma Cogn.","Plantae","Tracheophyta","Myrtales","Melastomataceae","Bellucia","Bellucia dichotoma","Bellucia","dichotoma","SPECIES","ACCEPTED","2015-03-16T00:00:00",0,0,"RondÃ´nia",2015,1,30,"2015-01-30T00:00:00","","2018-12-08T04:57:32.208+0000","http://creativecommons.org/publicdomain/zero/1.0/legalcode","none","none","none","WGS84","Magnoliopsida","BR","Brazil","The New York Botanical Garden","e48fef4e-6872-4297-b9e5-bdcab6096294","1411","Vascular plants","","InventÃ¡rio Florestal Nacional - RondÃ´nia (IFN - RO). Conglomerado RO - 160, Ãrvore nÂº 1 extra.","en","NY",1930998803,"e48fef4e-6872-4297-b9e5-bdcab6096294","PhysicalObject","L. Santos","02852551","NY","","","","","D. S. Santiago","SOUTH_AMERICA","http://sweetgum.nybg.org/science/vh/specimen_details.php?irn=3102592","Arvore isolada, campo aberto.","ICN","http://biocol.org/urn:lsid:biocol.org:col:15556","30 Jan 2015",30,"Porto Velho","sheet",30,"http://biocol.org/urn:lsid:biocol.org:col:15556","","","","","","","",NA,"",NA,"","",NA,"","",NA,NA,NA,NA,NA,NA,NA,"",NA,NA,"","","","","RondÃ´nia","brazil",NA,"",NA,NA,NA,"","","",NA,NA,NA,"",-9.9,-64.98,"original coordinates","original coordinates outside municipality original in  falls in porto velho"
"8","Bellucia dichotoma",1423936403,-9.9,-64.98,"gass84","4300f8d5-1ae5-49e5-a101-63894b005868","838537fc-4aeb-4980-8b58-97fbdcd1d91a","none","da7fe11a-b42c-46cb-9e9d-02243edb738a","BR","DWC_ARCHIVE","2018-10-02T15:35:46.858+0000","2018-09-24T19:58:06.892+0000",207,"none","PRESERVED_SPECIMEN",3866664,6,7707728,220,690,6683,8323398,3866664,3866664,"Bellucia dichotoma Cogn.","Bellucia dichotoma Cogn.","Plantae","Tracheophyta","Myrtales","Melastomataceae","Bellucia","Bellucia dichotoma","Bellucia","dichotoma","SPECIES","ACCEPTED","2015-03-16T00:00:00",NA,NA,"Rondônia",2015,1,30,"2015-01-30T00:00:00","2016-10-26T13:40:05.802+0000","2018-12-06T16:55:40.086+0000","http://creativecommons.org/licenses/by/4.0/legalcode","none","none","none","WGS84","Magnoliopsida","BR","Brazil","Rio de Janeiro Botanical Garden","urn:catalog:JBRJ:RB:1190805","1411","RB - Rio de Janeiro Botanical Garden Herbarium Collection","Porto Velho","Conglomerado RO_160. Árvore nº 1 extra.","","RB",1423936403,"urn:catalog:JBRJ:RB:1190805","PhysicalObject","Santos. L. A. S.","RB01190805","JBRJ","","Árvore ca 9m. Base reta. Botões florais verdes. Casca lenhosa, coloração externa marrom e interna amarelo esverdeada, espessura grossa, desprendimento esfoliante.","RB 665641","","Santiago, D. S.","","","","","","",NA,"","",NA,"","Árvore isolada, campo aberto.","","","","","","",NA,"",NA,"","",NA,"","",NA,NA,NA,NA,NA,NA,NA,"",NA,NA,"","","","Porto Velho","Rondônia","brazil",4065,"Porto Velho",1100205,-64.306275,-9.153378,"RONDONIA","RO","Rondônia",-62.84395074,-10.91095782,"Rondônia","ro",-9.9,-64.98,"original coordinates","original coordinates OK"
"9","Bellucia dichotoma",1928074777,-9.3592,-61.6469,"gass84","d415c253-4d61-4459-9d25-4015b9084fb0","ae447c50-b8a8-11d8-92a4-b8a03c50a862","none","17017c2c-036b-45d9-b045-606d21b00771","US","DWC_ARCHIVE","2018-11-18T14:46:49.515+0000","2018-11-18T14:46:49.631+0000",96,"none","PRESERVED_SPECIMEN",3866664,6,7707728,220,690,6683,8323398,3866664,3866664,"Bellucia dichotoma Cogn.","Bellucia dichotoma Cogn.","Plantae","Tracheophyta","Myrtales","Melastomataceae","Bellucia","Bellucia dichotoma","Bellucia","dichotoma","SPECIES","ACCEPTED","2015-07-27T00:00:00",0,0,"RondÃ´nia",2015,6,3,"2015-06-03T00:00:00","","2018-12-05T23:32:48.049+0000","http://creativecommons.org/publicdomain/zero/1.0/legalcode","none","none","none","WGS84","Magnoliopsida","BR","Brazil","The New York Botanical Garden","15a9bca3-9745-4493-ac9c-70556d5cb25f","90","Vascular plants","","Inventario Floretal Nacional - Rondonia ( IFN - RO) Conglomerado RO_101. Subunidade 4.","en","NY",1928074777,"15a9bca3-9745-4493-ac9c-70556d5cb25f","PhysicalObject","W. J. Geremia","02808768","NY","","","","","","SOUTH_AMERICA","http://sweetgum.nybg.org/science/vh/specimen_details.php?irn=3101219","Vegetacao secundaria, grande quantidade de materia organica","ICN","http://biocol.org/urn:lsid:biocol.org:col:15556","03 Jun 2015",154,"Machadinho d'Oeste","sheet",154,"http://biocol.org/urn:lsid:biocol.org:col:15556","","Santiago. D. S.","Label","","","","",NA,"",NA,"","",NA,"","",NA,NA,NA,NA,NA,NA,NA,"",NA,NA,"","","","","RondÃ´nia","brazil",NA,"",NA,NA,NA,"","","",NA,NA,NA,"",-9.3592,-61.6469,"original coordinates","original coordinates outside municipality original in  falls in machadinho d'oeste"
"10","Bellucia dichotoma",1090153354,-2.945972,-48.954247,"gass84","0c00cc8f-fd48-4771-acae-216bfc42dfc2","dbf378dd-b030-4049-bc9c-b5b8643e67cd","none","b38ff2b7-c8af-454e-b5af-ee760f0d5bca","BR","DWC_ARCHIVE","2018-11-24T12:36:10.593+0000","2018-10-25T12:35:42.970+0000",130,"none","PRESERVED_SPECIMEN",3866664,6,7707728,220,690,6683,8323398,3866664,3866664,"Bellucia dichotoma Cogn.","Bellucia dichotoma Cogn.","Plantae","Tracheophyta","Myrtales","Melastomataceae","Bellucia","Bellucia dichotoma","Bellucia","dichotoma","SPECIES","ACCEPTED","none",9999,0,"Pará",2013,2,16,"2013-02-16T00:00:00","2018-10-16T18:33:22.000+0000","2018-12-08T04:39:58.154+0000","http://creativecommons.org/licenses/by-nc/4.0/legalcode","none","none","none","WGS84","Magnoliopsida","BR","Brazil","MFS - Herbário Profª. Drª. Marlene Freitas da Silva","BRA:UEPA:MFS:0000002893","726","MFS - Herbário Profª. Drª. Marlene Freitas da Silva","Tailândia","Agropalmas Mata secundária, solo arenoso","pt","MFS",1090153354,"BRA:UEPA:MFS:0000002893","Collection","Lucas, F.C.A.","002893","UEPA","Universidade do Estado do Pará (UEPA)","árvore de 8m de altura, frutos imaturo verde.","","","Silva, CAS da","","","","","","",NA,"","",NA,"","","","","","","","",NA,"",NA,"","",NA,"","",NA,NA,NA,NA,NA,NA,NA,"",NA,NA,"","","","Tailândia","Pará","brazil",5384,"Tailândia",1507953,-48.736652,-2.907911,"PARA","PA","Pará",-53.0625366,-3.972184,"Pará","pa",-2.945972,-48.954247,"original coordinates","original coordinates OK"
"11","Bellucia dichotoma",1423931351,-9.356389,-61.646944,"cdround,gass84","4300f8d5-1ae5-49e5-a101-63894b005868","838537fc-4aeb-4980-8b58-97fbdcd1d91a","none","da7fe11a-b42c-46cb-9e9d-02243edb738a","BR","DWC_ARCHIVE","2018-10-02T15:35:37.178+0000","2018-09-24T19:58:04.144+0000",207,"none","PRESERVED_SPECIMEN",3866664,6,7707728,220,690,6683,8323398,3866664,3866664,"Bellucia dichotoma Cogn.","Bellucia dichotoma Cogn.","Plantae","Tracheophyta","Myrtales","Melastomataceae","Bellucia","Bellucia dichotoma","Bellucia","dichotoma","SPECIES","ACCEPTED","2015-08-27T00:00:00",NA,NA,"Rondônia",2013,6,3,"2013-06-03T00:00:00","2016-09-30T15:36:49.528+0000","2018-12-06T16:55:37.510+0000","http://creativecommons.org/licenses/by/4.0/legalcode","none","none","none","WGS84","Magnoliopsida","BR","Brazil","Rio de Janeiro Botanical Garden","urn:catalog:JBRJ:RB:1183091","90","RB - Rio de Janeiro Botanical Garden Herbarium Collection","Machadinho d'Oeste","Inventário florestal nacional Rondônia (IFN-RO). Conglomerando RO-101. Subunidade 4. Suparcela 1, árvore nº 1/F6.","","RB",1423931351,"urn:catalog:JBRJ:RB:1183091","PhysicalObject","W.J.M. Geremia","RB01183091","JBRJ","","","RB 662251","","D.S. Santiago","","","","","","",NA,"","",NA,"","","","","","","","",NA,"",NA,"","",NA,"","",NA,NA,NA,NA,NA,NA,NA,"",NA,NA,"","","","Machadinho d'Oeste","Rondônia","brazil",4057,"Machadinho D'oeste",1100130,-62.010378,-9.204018,"RONDONIA","RO","Rondônia",-62.84395074,-10.91095782,"Rondônia","ro",-9.356389,-61.646944,"original coordinates","original coordinates OK"
"12","Bellucia dichotoma",1837387081,-2.437203,-60.290897,"gass84","7aeb3ded-7443-4512-95f7-2ec7ab0f308c","a8d26b9b-a0c0-42b3-a479-b575f9b60793","none","b38ff2b7-c8af-454e-b5af-ee760f0d5bca","BR","DWC_ARCHIVE","2018-11-23T18:22:14.353+0000","2018-08-03T12:06:31.221+0000",127,"none","PRESERVED_SPECIMEN",3866664,6,7707728,220,690,6683,8323398,3866664,3866664,"Bellucia dichotoma Cogn.","Bellucia dichotoma Cogn.","Plantae","Tracheophyta","Myrtales","Melastomataceae","Bellucia","Bellucia dichotoma","Bellucia","dichotoma","SPECIES","ACCEPTED","2012-08-24T00:00:00",0,0,"Amazonas",2012,8,24,"2012-08-24T00:00:00","2018-07-19T12:35:22.000+0000","2018-12-08T03:39:45.538+0000","http://creativecommons.org/licenses/by-nc/4.0/legalcode","none","none","none","WGS84","Magnoliopsida","BR","Brazil","EAFM - Herbário do Instituto Federal de Educação, Ciência e Tecnologia do Amazonas","BRA:IFAM - CMZL:EAFM:0000015280","897","EAFM - Herbário do Instituto Federal de Educação, Ciência e Tecnologia do Amazonas","Manaus, Presidente Figueiredo","Ramal ZF5 (SUFRAMA), BR-174, Km 83, Parcelas permanentes instaladas ao longo de transectos que cruzam uma floresta de terra-firme (ca. 900 hectares) atingida por uma tempestade de vento ocorrida no ano de 1996","pt","EAFM",1837387081,"BRA:IFAM - CMZL:EAFM:0000015280","Collection","Marra, D.M.; Neves, A.F. & Souza, I.G.","15280","Instituto Federal de Educação, Ciência e Tecnologia (IFAM)","Instituto Federal de Educação, Ciência e Tecnologia (IFAM)","árvore, DAP = 24.6 cm; Floresta de terra-firme ; HA","","","Marra, D.M.","","","","","","",NA,"","",NA,"","","","","","","","",NA,"",NA,"","",NA,"","",NA,NA,NA,NA,NA,NA,NA,"",NA,NA,"","","","Manaus, Presidente Figueiredo","Amazonas","brazil",NA,"",NA,NA,NA,"","","Amazonas",-64.65219948,-4.15548242,"Amazonas","am",-2.437203,-60.290897,"original coordinates","original coordinates outside municipality original in manaus, presidente figueiredo falls in manaus"
"13","Bellucia dichotoma",1837387271,-3.663967,-61.255303,"gass84","7aeb3ded-7443-4512-95f7-2ec7ab0f308c","a8d26b9b-a0c0-42b3-a479-b575f9b60793","none","b38ff2b7-c8af-454e-b5af-ee760f0d5bca","BR","DWC_ARCHIVE","2018-11-23T18:22:14.582+0000","2018-08-03T12:06:31.345+0000",127,"none","PRESERVED_SPECIMEN",3866664,6,7707728,220,690,6683,8323398,3866664,3866664,"Bellucia dichotoma Cogn.","Bellucia dichotoma Cogn.","Plantae","Tracheophyta","Myrtales","Melastomataceae","Bellucia","Bellucia dichotoma","Bellucia","dichotoma","SPECIES","ACCEPTED","2012-09-20T00:00:00",0,0,"Amazonas",2012,9,20,"2012-09-20T00:00:00","2018-07-19T12:35:22.000+0000","2018-12-08T03:39:45.538+0000","http://creativecommons.org/licenses/by-nc/4.0/legalcode","none","none","none","WGS84","Magnoliopsida","BR","Brazil","EAFM - Herbário do Instituto Federal de Educação, Ciência e Tecnologia do Amazonas","BRA:IFAM - CMZL:EAFM:0000015678","1295","EAFM - Herbário do Instituto Federal de Educação, Ciência e Tecnologia do Amazonas","Manacapurú, Novo Airão","Reserva de Desenvolvimento Sustentável do Rio Negr, Parcelas permanentes instaladas ao longo de transectos que cruzam uma área (ca. 75 hectares) de floresta atingida por uma tempestade de vento ocorrida no ano de 1987","pt","EAFM",1837387271,"BRA:IFAM - CMZL:EAFM:0000015678","Collection","Marra, D.M.; Neves, A.F. & Pereira, S. .L.","15678","Instituto Federal de Educação, Ciência e Tecnologia (IFAM)","Instituto Federal de Educação, Ciência e Tecnologia (IFAM)","árvore, DAP = 11 cm; Floresta de terra-firme ; HA","","","Marra, D.M.; Carneiro, V.M.C.","","","","","","",NA,"","",NA,"","","","","","","","",NA,"",NA,"","",NA,"","",NA,NA,NA,NA,NA,NA,NA,"",NA,NA,"","","","Manacapurú, Novo Airão","Amazonas","brazil",NA,"",NA,NA,NA,"","","Amazonas",-64.65219948,-4.15548242,"Amazonas","am",-3.663967,-61.255303,"original coordinates","original coordinates outside municipality original in manacapuru, novo airao falls in manacapuru"
"14","Bellucia dichotoma",1095271094,-1.191,-61.98475,"gass84","7aeb3ded-7443-4512-95f7-2ec7ab0f308c","a8d26b9b-a0c0-42b3-a479-b575f9b60793","none","b38ff2b7-c8af-454e-b5af-ee760f0d5bca","BR","DWC_ARCHIVE","2018-11-23T18:22:11.549+0000","2018-08-03T12:06:29.616+0000",127,"none","PRESERVED_SPECIMEN",3866664,6,7707728,220,690,6683,8323398,3866664,3866664,"Bellucia dichotoma Cogn.","Bellucia dichotoma Cogn.","Plantae","Tracheophyta","Myrtales","Melastomataceae","Bellucia","Bellucia dichotoma","Bellucia","dichotoma","SPECIES","ACCEPTED","none",29,0,"Roraima",2012,10,10,"2012-10-10T00:00:00","","2018-08-03T12:06:30.690+0000","http://creativecommons.org/licenses/by-nc/4.0/legalcode","none","none","none","WGS84","Magnoliopsida","BR","Brazil","EAFM - Herbário do Instituto Federal de Educação, Ciência e Tecnologia do Amazonas","BRA:IFAM - CMZL:EAFM:0000010361","189","EAFM - Herbário do Instituto Federal de Educação, Ciência e Tecnologia do Amazonas","Rorainópolis","Itaquera, Terra firme atrás da comunidade.","pt","EAFM",1095271094,"BRA:IFAM - CMZL:EAFM:0000010361","Collection","Ammann, S.; Marinho, T. & Bagre","10361","Instituto Federal de Educação, Ciência e Tecnologia (IFAM)","Instituto Federal de Educação, Ciência e Tecnologia (IFAM)","Arvoreta 4m. Entrecasca libera resina transparente.; Terra firme. Capoeira abandonada. ; HA","","","Coorrêa. A.L.","","","","","","",NA,"","",NA,"","","","","","","","",NA,"",NA,"","",NA,"","",NA,NA,NA,NA,NA,NA,NA,"",NA,NA,"","","","Rorainópolis","Roraima","brazil",5538,"Rorainópolis",1400472,-61.012044,0.037437,"RORAIMA","RR","Roraima",-61.38936422,2.08232311,"Roraima","rr",-1.191,-61.98475,"original coordinates","original coordinates outside municipality original in rorainopolis falls in caracarai"
"15","Bellucia dichotoma",1042693362,-9.605833,-64.94,"elmms,gass84,gdativ,iddatunl","3cc6171e-8c52-4f65-ad7a-32c74e395f29","c0d9c91a-0f83-4819-bf7e-bb5e1184eb6b","none","ada4205f-679c-4a86-9759-ff652ac467b3","BR","DWC_ARCHIVE","2017-10-08T07:25:22.964+0000","2014-11-24T14:45:53.658+0000",50,"none","PRESERVED_SPECIMEN",3866664,6,7707728,220,690,6683,8323398,3866664,3866664,"Bellucia dichotoma Cogn.","Bellucia dichotoma Cogn.","Plantae","Tracheophyta","Myrtales","Melastomataceae","Bellucia","Bellucia dichotoma","Bellucia","dichotoma","SPECIES","ACCEPTED","2011-11-01T00:00:00",42.5,42.5,"Rondônia",2010,3,21,"2010-03-21T00:00:00","2014-09-26T00:00:00.000+0000","2018-07-07T16:22:45.312+0000","http://creativecommons.org/publicdomain/zero/1.0/legalcode","none","none","none","WGS84","Magnoliopsida","BR","Brazil","Instituto Nacional de Pesquisas da Amazônia (INPA)","urn:catalog:inpa:herbarium:227296","15083","Coleção Botânica, Instituto Nacional de Pesquisas da Amazônia (INPA)","","UHE Jirau, Estrada de acesso ao porto Prainha (balsa da mineradora) km 02.","pt","Coleção Botânica, Instituto Nacional de Pesquisas da Amazônia (INPA)",1042693362,"urn:catalog:inpa:herbarium:227296","Collection","","244606","Instituto Nacional de Pesquisas da Amazônia (INPA)","","","","","Santos, A.J.B. dos","SOUTH_AMERICA","","","","01.263.896/0015-60","",NA,"Porto Velho","",NA,"","","","","License Elements","","","",NA,"",NA,"","",NA,"","",NA,NA,NA,NA,NA,NA,NA,"",NA,NA,"","","","","Rondônia","brazil",NA,"",NA,NA,NA,"","","Rondônia",-62.84395074,-10.91095782,"Rondônia","ro",-9.605833,-64.94,"original coordinates","original coordinates outside municipality original in  falls in porto velho"
"16","Bellucia dichotoma",1928834034,-3.0769,-59.9297,"gass84","d415c253-4d61-4459-9d25-4015b9084fb0","ae447c50-b8a8-11d8-92a4-b8a03c50a862","none","17017c2c-036b-45d9-b045-606d21b00771","US","DWC_ARCHIVE","2018-11-18T14:52:25.609+0000","2018-11-18T14:52:25.761+0000",96,"none","PRESERVED_SPECIMEN",3866664,6,7707728,220,690,6683,8323398,3866664,3866664,"Bellucia dichotoma Cogn.","Bellucia dichotoma Cogn.","Plantae","Tracheophyta","Myrtales","Melastomataceae","Bellucia","Bellucia dichotoma","Bellucia","dichotoma","SPECIES","ACCEPTED","2009-07-01T00:00:00",66,0,"Amazonas",2009,7,8,"2009-07-08T00:00:00","","2018-12-08T19:29:28.697+0000","http://creativecommons.org/publicdomain/zero/1.0/legalcode","none","none","none","WGS84","Magnoliopsida","BR","Brazil","The New York Botanical Garden","4b60aa0c-3d24-419e-a35c-c290efaa5102","591","Vascular plants","","Escola AgrotÃ©cnica de Manaus, ao lado do herbÃ¡rio","en","NY",1928834034,"4b60aa0c-3d24-419e-a35c-c290efaa5102","PhysicalObject","M. K. Caddah","01462481","NY","","","","","M. K. Caddah","SOUTH_AMERICA","http://sweetgum.nybg.org/science/vh/specimen_details.php?irn=1305550","","ICN","http://biocol.org/urn:lsid:biocol.org:col:15556","08 Jul 2009",189,"Manaus","sheet",189,"http://biocol.org/urn:lsid:biocol.org:col:15556","","","","","217 ft","","",NA,"",NA,"","",NA,"","",NA,NA,NA,NA,NA,NA,NA,"",NA,NA,"","","","","Amazonas","brazil",NA,"",NA,NA,NA,"","","Amazonas",-64.65219948,-4.15548242,"Amazonas","am",-3.0769,-59.9297,"original coordinates","original coordinates outside municipality original in  falls in manaus"
"17","Bellucia dichotoma",1090152182,-4.854167,-65.2725,"gass84","0c00cc8f-fd48-4771-acae-216bfc42dfc2","dbf378dd-b030-4049-bc9c-b5b8643e67cd","none","b38ff2b7-c8af-454e-b5af-ee760f0d5bca","BR","DWC_ARCHIVE","2018-11-24T12:36:10.071+0000","2018-07-04T12:09:00.975+0000",130,"none","PRESERVED_SPECIMEN",3866664,6,7707728,220,690,6683,8323398,3866664,3866664,"Bellucia dichotoma Cogn.","Bellucia dichotoma Cogn.","Plantae","Tracheophyta","Myrtales","Melastomataceae","Bellucia","Bellucia dichotoma","Bellucia","dichotoma","SPECIES","ACCEPTED","none",9999,0,"Amazonas",2009,12,18,"2009-12-18T00:00:00","2018-06-14T13:43:25.000+0000","2018-12-08T04:39:57.613+0000","http://creativecommons.org/licenses/by-nc/4.0/legalcode","none","none","none","WGS84","Magnoliopsida","BR","Brazil","MFS - Herbário Profª. Drª. Marlene Freitas da Silva","BRA:UEPA:MFS:0000001725","122","MFS - Herbário Profª. Drª. Marlene Freitas da Silva","Coari","Base de Operações Geólogo Pedro de Moura, Estrada do porto Evandro. Vegetação secundária. Solo areno-argiloso.","pt","MFS",1090152182,"BRA:UEPA:MFS:0000001725","Collection","Sousa, JS","001725","UEPA","Universidade do Estado do Pará (UEPA)","","","","Sousa, JS","","","","","","",NA,"","",NA,"","","","","","","","",NA,"",NA,"","",NA,"","",NA,NA,NA,NA,NA,NA,NA,"",NA,NA,"","","","Coari","Amazonas","brazil",5153,"Coari",1301209,-64.126189,-4.438089,"AMAZONAS","AM","Amazonas",-64.65219948,-4.15548242,"Amazonas","am",-4.854167,-65.2725,"original coordinates","original coordinates OK"
"18","Bellucia dichotoma",1087649798,-6.170911,-51.598147,"gass84","d2470ef8-edfa-4ba7-821e-c3e1a537bdba","4265f332-341c-45f6-b30b-5dc2e39b86e8","none","b38ff2b7-c8af-454e-b5af-ee760f0d5bca","BR","DWC_ARCHIVE","2018-11-14T17:11:38.937+0000","2017-12-29T14:10:12.446+0000",121,"none","PRESERVED_SPECIMEN",3866664,6,7707728,220,690,6683,8323398,3866664,3866664,"Bellucia dichotoma Cogn.","Bellucia dichotoma Cogn.","Plantae","Tracheophyta","Myrtales","Melastomataceae","Bellucia","Bellucia dichotoma","Bellucia","dichotoma","SPECIES","ACCEPTED","none",0,0,"Pará",2008,6,1,"2008-06-01T00:00:00","2017-03-31T17:56:46.000+0000","2018-12-08T13:05:42.780+0000","http://creativecommons.org/licenses/by-nc/4.0/legalcode","none","none","none","WGS84","Magnoliopsida","BR","Brazil","BHCB - Herbário da Universidade Federal de Minas Gerais","BRA:UFMG:BHCB:0000141693","679","BHCB - Herbário da Universidade Federal de Minas Gerais","Parauapebas","Floresta Nacional de Carajás","pt","BHCB",1087649798,"BRA:UFMG:BHCB:0000141693","Collection","Vidal, CV","141693","Universidade Federal de Minas Gerais (UFMG)","Universidade Federal de Minas Gerais (UFMG)","Árvore, no interior de floresta ombrófila densa","","","","SOUTH_AMERICA","","","","","",NA,"","",NA,"","","","","","","","",NA,"",NA,"","",NA,"","",NA,NA,NA,NA,NA,NA,NA,"",NA,NA,"","","","Parauapebas","Pará","brazil",4842,"Parauapebas",1505536,-50.496191,-6.155004,"PARA","PA","Pará",-53.0625366,-3.972184,"Pará","pa",-6.170911,-51.598147,"original coordinates","original coordinates outside municipality original in parauapebas falls in sao felix do xingu"
"19","Bellucia dichotoma",1944851974,-2.535833,-60.846944,"gass84,iddatunl","a51fa32f-831d-49d6-8b8a-c7b52ae65b3b","f6e2efc9-42a3-47ea-99c6-3eda8d653cc9","none","b38ff2b7-c8af-454e-b5af-ee760f0d5bca","BR","DWC_ARCHIVE","2018-11-23T15:40:58.449+0000","2018-11-23T15:40:58.479+0000",125,"none","PRESERVED_SPECIMEN",3866664,6,7707728,220,690,6683,8323398,3866664,3866664,"Bellucia dichotoma Cogn.","Bellucia dichotoma Cogn.","Plantae","Tracheophyta","Myrtales","Melastomataceae","Bellucia","Bellucia dichotoma","Bellucia","dichotoma","SPECIES","ACCEPTED","2018-01-01T00:00:00",NA,NA,"Amazonas",2007,2,10,"2007-02-10T00:00:00","","2018-11-23T15:40:58.549+0000","http://creativecommons.org/licenses/by-nc/4.0/legalcode","none","none","none","WGS84","Magnoliopsida","BR","Brazil","UPCB - Herbário do Departamento de Botânica","BRA:UFPR:UPCB:0000093114","36","UPCB - Herbário do Departamento de Botânica","Novo Airão","Estação ecológica Anavilhanas. Rio Negro; Base II do IBAMA; Terra Preta.","pt","UPCB",1944851974,"BRA:UFPR:UPCB:0000093114","Collection","Galvanese, M.S. | Nogueira, A. | Sandrini","93114","UFPR","Universidade Federal do Paraná, UFPR","Árvore ca. 10 m de altura. Fruto imaturo verde, amarelo quando maduro.","","","Goldenberg, R.","","","","","","",NA,"","",NA,"","","","","","","","",NA,"",NA,"","",NA,"","",NA,NA,NA,NA,NA,NA,NA,"",NA,NA,"","","","Novo Airão","Amazonas","brazil",5445,"Novo Airão",1303205,-61.702438,-2.048498,"AMAZONAS","AM","Amazonas",-64.65219948,-4.15548242,"Amazonas","am",-2.535833,-60.846944,"original coordinates","original coordinates OK"
"20","Bellucia dichotoma",1042675529,-2.511917,-56.18,"gass84,gdativ,iddatunl","3cc6171e-8c52-4f65-ad7a-32c74e395f29","c0d9c91a-0f83-4819-bf7e-bb5e1184eb6b","none","ada4205f-679c-4a86-9759-ff652ac467b3","BR","DWC_ARCHIVE","2017-10-08T07:25:19.000+0000","2014-11-24T14:45:32.709+0000",50,"none","PRESERVED_SPECIMEN",3866664,6,7707728,220,690,6683,8323398,3866664,3866664,"Bellucia dichotoma Cogn.","Bellucia dichotoma Cogn.","Plantae","Tracheophyta","Myrtales","Melastomataceae","Bellucia","Bellucia dichotoma","Bellucia","dichotoma","SPECIES","ACCEPTED","2007-11-01T00:00:00",0,0,"Pará",2007,6,17,"2007-06-17T00:00:00","2014-09-26T00:00:00.000+0000","2018-07-07T16:22:45.255+0000","http://creativecommons.org/publicdomain/zero/1.0/legalcode","none","none","none","WGS84","Magnoliopsida","BR","Brazil","Instituto Nacional de Pesquisas da Amazônia (INPA)","urn:catalog:inpa:herbarium:210038","248","Coleção Botânica, Instituto Nacional de Pesquisas da Amazônia (INPA)","","Eixo da Ferrovia Inicio.","pt","Coleção Botânica, Instituto Nacional de Pesquisas da Amazônia (INPA)",1042675529,"urn:catalog:inpa:herbarium:210038","Collection","Ramos, MP","228547","Instituto Nacional de Pesquisas da Amazônia (INPA)","","Árvore de 7m de altura, DAP 8.8cm. Flores brancas com calice verde, frutos jovens verde.","","","Formiga, K.","SOUTH_AMERICA","","","","01.263.896/0015-60","",NA,"Juruti","",NA,"","","","","License Elements","","","",NA,"",NA,"","",NA,"","",NA,NA,NA,NA,NA,NA,NA,"",NA,NA,"","","","","Pará","brazil",NA,"",NA,NA,NA,"","","Pará",-53.0625366,-3.972184,"Pará","pa",-2.511917,-56.18,"original coordinates","original coordinates outside municipality original in  falls in juruti"
"21","Bellucia dichotoma",1090573880,-2.652389,-59.645333,"gass84","1064b787-c882-493e-b17d-4ffba363b776","c47cd3b0-2178-4a4b-87a6-740b482970a9","none","b38ff2b7-c8af-454e-b5af-ee760f0d5bca","BR","DWC_ARCHIVE","2018-11-23T18:20:26.228+0000","2018-09-24T19:21:09.566+0000",129,"none","PRESERVED_SPECIMEN",3866664,6,7707728,220,690,6683,8323398,3866664,3866664,"Bellucia dichotoma Cogn.","Bellucia dichotoma Cogn.","Plantae","Tracheophyta","Myrtales","Melastomataceae","Bellucia","Bellucia dichotoma","Bellucia","dichotoma","SPECIES","ACCEPTED","2006-04-20T00:00:00",NA,NA,"Amazonas",2006,4,20,"2006-04-20T00:00:00","2018-09-03T13:15:50.000+0000","2018-12-08T04:43:26.732+0000","http://creativecommons.org/licenses/by-nc/4.0/legalcode","none","none","none","WGS84","Magnoliopsida","BR","Brazil","IAC - Herbário do Instituto Agronômico de Campinas","BRA:IAC:IAC:0000047028","4187","IAC - Herbário do Instituto Agronômico de Campinas","Rio Preto da Eva","AM010, para Itacoatiara","pt","IAC",1090573880,"BRA:IAC:IAC:0000047028","Collection","L.C. Bernacci & H. Lorenzi","47028","IAC","Instituto Agronômico de Campinas, IAC","59d38#?#43.2""w,02d39#?#08.6""s. Nome popular: goiaba-de-anta(comestível)","","","L.C. Bernacci & H. Lorenzi","","","","","","",NA,"","",NA,"","","","","","","","",NA,"",NA,"","",NA,"","",NA,NA,NA,NA,NA,NA,NA,"",NA,NA,"","","","Rio Preto da Eva","Amazonas","brazil",5418,"Rio Preto da Eva",1303569,-59.638252,-2.529897,"AMAZONAS","AM","Amazonas",-64.65219948,-4.15548242,"Amazonas","am",-2.652389,-59.645333,"original coordinates","original coordinates OK"
"22","Bellucia dichotoma",1944851948,-2.535556,-60.838889,"gass84,iddatunl","a51fa32f-831d-49d6-8b8a-c7b52ae65b3b","f6e2efc9-42a3-47ea-99c6-3eda8d653cc9","none","b38ff2b7-c8af-454e-b5af-ee760f0d5bca","BR","DWC_ARCHIVE","2018-11-23T15:40:58.388+0000","2018-11-23T15:40:58.413+0000",125,"none","PRESERVED_SPECIMEN",3866664,6,7707728,220,690,6683,8323398,3866664,3866664,"Bellucia dichotoma Cogn.","Bellucia dichotoma Cogn.","Plantae","Tracheophyta","Myrtales","Melastomataceae","Bellucia","Bellucia dichotoma","Bellucia","dichotoma","SPECIES","ACCEPTED","2018-01-01T00:00:00",NA,NA,"Amazonas",2006,5,8,"2006-05-08T00:00:00","","2018-11-23T15:40:58.435+0000","http://creativecommons.org/licenses/by-nc/4.0/legalcode","none","none","none","WGS84","Magnoliopsida","BR","Brazil","UPCB - Herbário do Departamento de Botânica","BRA:UFPR:UPCB:0000093113","787","UPCB - Herbário do Departamento de Botânica","Novo Airão","Estação ecológica Anavilhanas. Rio Negro; Base II do IBAMA; Terra Preta.","pt","UPCB",1944851948,"BRA:UFPR:UPCB:0000093113","Collection","Lohmann, L.G. | Castanho, C.T. | Sandrini M.P.","93113","UFPR","Universidade Federal do Paraná, UFPR","Mata de Igapó. Solo arenoso.. Árvore ca. 12 m de altura. Cálice verde. Corola creme-esverdeada. Frutos creme. Nome comum: goiaba-de-anta.","","","Goldenberg, R.","","","","","","",NA,"","",NA,"","","","","","","","",NA,"",NA,"","",NA,"","",NA,NA,NA,NA,NA,NA,NA,"",NA,NA,"","","","Novo Airão","Amazonas","brazil",5445,"Novo Airão",1303205,-61.702438,-2.048498,"AMAZONAS","AM","Amazonas",-64.65219948,-4.15548242,"Amazonas","am",-2.535556,-60.838889,"original coordinates","original coordinates OK"
"23","Bellucia dichotoma",1424199820,3.498056,-52.027778,"cdround,gass84","4300f8d5-1ae5-49e5-a101-63894b005868","838537fc-4aeb-4980-8b58-97fbdcd1d91a","none","da7fe11a-b42c-46cb-9e9d-02243edb738a","BR","DWC_ARCHIVE","2018-10-02T15:39:59.763+0000","2018-09-24T20:01:21.064+0000",207,"none","PRESERVED_SPECIMEN",3866664,6,7707728,220,690,6683,8323398,3866664,3866664,"Bellucia dichotoma Cogn.","Bellucia dichotoma Cogn.","Plantae","Tracheophyta","Myrtales","Melastomataceae","Bellucia","Bellucia dichotoma","Bellucia","dichotoma","SPECIES","ACCEPTED","none",NA,NA,"Amapá",2005,9,4,"2005-09-04T00:00:00","2014-07-22T16:02:47.144+0000","2018-12-06T16:58:06.654+0000","http://creativecommons.org/licenses/by/4.0/legalcode","none","none","none","WGS84","Magnoliopsida","BR","Brazil","Rio de Janeiro Botanical Garden","urn:catalog:JBRJ:RB:471071","1007","RB - Rio de Janeiro Botanical Garden Herbarium Collection","Amapá","Rio Anotaié. Acampamento base, trilha 2. A4-49 . .","","RB",1424199820,"urn:catalog:JBRJ:RB:471071","PhysicalObject","A.Lobão; F.Cesarino & M.Cordeiro","RB00471071","JBRJ","","Árvore, ca. 3m alt.,CAP 16cm. Estéril.","RB 439556","","","","","","","","",NA,"","",NA,"","","","","","","","",NA,"",NA,"","",NA,"","",NA,NA,NA,NA,NA,NA,NA,"",NA,NA,"","","","Amapá","Amapá","brazil",5557,"Amapá",1600105,-50.584501,1.760192,"AMAPA","AP","Amapá",-51.9538472,1.44881681,"Amapá","ap",3.498056,-52.027778,"original coordinates","original coordinates outside municipality original in amapa falls in oiapoque"
"24","Bellucia dichotoma",1042478658,1.102305,-60.83,"gass84,gdativ,iddatunl","3cc6171e-8c52-4f65-ad7a-32c74e395f29","c0d9c91a-0f83-4819-bf7e-bb5e1184eb6b","none","ada4205f-679c-4a86-9759-ff652ac467b3","BR","DWC_ARCHIVE","2017-10-08T07:24:31.992+0000","2014-11-24T14:40:20.496+0000",50,"none","PRESERVED_SPECIMEN",3866664,6,7707728,220,690,6683,8323398,3866664,3866664,"Bellucia dichotoma Cogn.","Bellucia dichotoma Cogn.","Plantae","Tracheophyta","Myrtales","Melastomataceae","Bellucia","Bellucia dichotoma","Bellucia","dichotoma","SPECIES","ACCEPTED","2003-01-01T00:00:00",0,0,"Roraima",2003,8,29,"2003-08-29T00:00:00","2014-09-26T00:00:00.000+0000","2018-07-07T16:22:45.294+0000","http://creativecommons.org/publicdomain/zero/1.0/legalcode","none","none","none","WGS84","Magnoliopsida","BR","Brazil","Instituto Nacional de Pesquisas da Amazônia (INPA)","urn:catalog:inpa:herbarium:12764","63","Coleção Botânica, Instituto Nacional de Pesquisas da Amazônia (INPA)","","Campus Experimental Água Boa (EMBRAPA). Próximo a um buritizal sob o lago artificial.","pt","Coleção Botânica, Instituto Nacional de Pesquisas da Amazônia (INPA)",1042478658,"urn:catalog:inpa:herbarium:12764","Collection","Barbosa, RI","213519","Instituto Nacional de Pesquisas da Amazônia (INPA)","","","","","Santos, J.L. dos","SOUTH_AMERICA","","","","01.263.896/0015-60","",NA,"Boa Vista","",NA,"","","","","License Elements","","","",NA,"",NA,"","",NA,"","",NA,NA,NA,NA,NA,NA,NA,"",NA,NA,"","","","","Roraima","brazil",NA,"",NA,NA,NA,"","","Roraima",-61.38936422,2.08232311,"Roraima","rr",1.102305,-60.83,"original coordinates","original coordinates outside municipality original in  falls in caracarai"
"25","Bellucia dichotoma",1260610766,-2.88333,-59.96666,"gass84","7bd65a7a-f762-11e1-a439-00145eb45e9a","90fd6680-349f-11d8-aa2d-b8a03c50a862","none","c4e134d3-c68f-406d-a116-6a37895602e0","US","DWC_ARCHIVE","2018-06-20T08:03:02.497+0000","2016-03-21T16:09:46.176+0000",28,"none","PRESERVED_SPECIMEN",3866664,6,7707728,220,690,6683,8323398,3866664,3866664,"Bellucia dichotoma Cogn.","Bellucia dichotoma Cogn.","Plantae","Tracheophyta","Myrtales","Melastomataceae","Bellucia","Bellucia dichotoma","Bellucia","dichotoma","SPECIES","ACCEPTED","1995-01-01T00:00:00",NA,NA,"Amazonas",1996,5,20,"1996-05-20T00:00:00","2014-04-05T06:07:00.000+0000","2018-12-09T00:37:16.131+0000","http://creativecommons.org/licenses/by/4.0/legalcode","none","none","none","WGS84","Magnoliopsida","BR","Brazil","Missouri Botanical Garden","urn:catalog:MO:Tropicos:3216508","Sothers 862","Tropicos","","Reserva Florestal Ducke, Manaus-Itacoatiara, km 26. Capoeira. Solo areno-argiloso. Floresta de Vertente.","","MO",1260610766,"urn:catalog:MO:Tropicos:3216508","PhysicalObject","Cynthia A. Sothers|E. da C. Pereira|C. Fernandes da Silva","3216508","MO","MOBOT","","","","Renner, S.S.","SOUTH_AMERICA","","","ICNafp","","",NA,"","",NA,"http://biocol.org/urn:lsid:biocol.org:col:15859","","","","","","","",NA,"No opinion",20300361,"http://www.tropicos.org/Specimen/3216508","",NA,"","",NA,NA,NA,NA,NA,NA,NA,"",NA,NA,"","","","","Amazonas","brazil",NA,"",NA,NA,NA,"","","Amazonas",-64.65219948,-4.15548242,"Amazonas","am",-2.88333,-59.96666,"original coordinates","original coordinates outside municipality original in  falls in manaus"
"26","Bellucia dichotoma",1042639339,-2.883333,-59.97,"gass84,gdativ,iddatunl","3cc6171e-8c52-4f65-ad7a-32c74e395f29","c0d9c91a-0f83-4819-bf7e-bb5e1184eb6b","none","ada4205f-679c-4a86-9759-ff652ac467b3","BR","DWC_ARCHIVE","2017-10-08T07:25:10.120+0000","2014-11-24T14:44:48.884+0000",50,"none","PRESERVED_SPECIMEN",3866664,6,7707728,220,690,6683,8323398,3866664,3866664,"Bellucia dichotoma Cogn.","Bellucia dichotoma Cogn.","Plantae","Tracheophyta","Myrtales","Melastomataceae","Bellucia","Bellucia dichotoma","Bellucia","dichotoma","SPECIES","ACCEPTED","1995-03-01T00:00:00",0,0,"Amazonas",1996,5,20,"1996-05-20T00:00:00","2014-09-26T00:00:00.000+0000","2018-07-07T16:22:45.320+0000","http://creativecommons.org/publicdomain/zero/1.0/legalcode","none","none","none","WGS84","Magnoliopsida","BR","Brazil","Instituto Nacional de Pesquisas da Amazônia (INPA)","urn:catalog:inpa:herbarium:173128","s.n.","Coleção Botânica, Instituto Nacional de Pesquisas da Amazônia (INPA)","","Reserva Florestal Adolfo Ducke, Solo areno-argiloso.","pt","Coleção Botânica, Instituto Nacional de Pesquisas da Amazônia (INPA)",1042639339,"urn:catalog:inpa:herbarium:173128","Collection","Sothers, CA","186387","Instituto Nacional de Pesquisas da Amazônia (INPA)","","","","","Renner, S.S.","SOUTH_AMERICA","","","","01.263.896/0015-60","",NA,"Manaus","",NA,"","","","","License Elements","","","",NA,"",NA,"","",NA,"","",NA,NA,NA,NA,NA,NA,NA,"",NA,NA,"","","","","Amazonas","brazil",NA,"",NA,NA,NA,"","","Amazonas",-64.65219948,-4.15548242,"Amazonas","am",-2.883333,-59.97,"original coordinates","original coordinates outside municipality original in  falls in manaus"
"27","Bellucia dichotoma",1042654427,-2.883333,-59.97,"gass84,gdativ,iddatunl","3cc6171e-8c52-4f65-ad7a-32c74e395f29","c0d9c91a-0f83-4819-bf7e-bb5e1184eb6b","none","ada4205f-679c-4a86-9759-ff652ac467b3","BR","DWC_ARCHIVE","2017-10-08T07:25:13.989+0000","2014-11-24T14:45:08.302+0000",50,"none","PRESERVED_SPECIMEN",3866664,6,7707728,220,690,6683,8323398,3866664,3866664,"Bellucia dichotoma Cogn.","Bellucia dichotoma Cogn.","Plantae","Tracheophyta","Myrtales","Melastomataceae","Bellucia","Bellucia dichotoma","Bellucia","dichotoma","SPECIES","ACCEPTED","1995-03-01T00:00:00",0,0,"Amazonas",1996,5,20,"1996-05-20T00:00:00","2014-09-26T00:00:00.000+0000","2018-07-07T16:22:45.333+0000","http://creativecommons.org/publicdomain/zero/1.0/legalcode","none","none","none","WGS84","Magnoliopsida","BR","Brazil","Instituto Nacional de Pesquisas da Amazônia (INPA)","urn:catalog:inpa:herbarium:188393","862","Coleção Botânica, Instituto Nacional de Pesquisas da Amazônia (INPA)","","Reserva Florestal Adolfo Ducke, Solo areno-argiloso.","pt","Coleção Botânica, Instituto Nacional de Pesquisas da Amazônia (INPA)",1042654427,"urn:catalog:inpa:herbarium:188393","Collection","Sothers, CA","186387","Instituto Nacional de Pesquisas da Amazônia (INPA)","","","","","Renner, S.S.","SOUTH_AMERICA","","","","01.263.896/0015-60","",NA,"Manaus","",NA,"","","","","License Elements","","","",NA,"",NA,"","",NA,"","",NA,NA,NA,NA,NA,NA,NA,"",NA,NA,"","","","","Amazonas","brazil",NA,"",NA,NA,NA,"","","Amazonas",-64.65219948,-4.15548242,"Amazonas","am",-2.883333,-59.97,"original coordinates","original coordinates outside municipality original in  falls in manaus"
"28","Bellucia dichotoma",1042537530,-2.883333,-59.97,"gass84,gdativ,iddatunl","3cc6171e-8c52-4f65-ad7a-32c74e395f29","c0d9c91a-0f83-4819-bf7e-bb5e1184eb6b","none","ada4205f-679c-4a86-9759-ff652ac467b3","BR","DWC_ARCHIVE","2017-10-08T07:24:46.066+0000","2014-11-24T14:42:17.322+0000",50,"none","PRESERVED_SPECIMEN",3866664,6,7707728,220,690,6683,8323398,3866664,3866664,"Bellucia dichotoma Cogn.","Bellucia dichotoma Cogn.","Plantae","Tracheophyta","Myrtales","Melastomataceae","Bellucia","Bellucia dichotoma","Bellucia","dichotoma","SPECIES","ACCEPTED","1995-03-01T00:00:00",0,0,"Amazonas",1994,7,12,"1994-07-12T00:00:00","2014-09-26T00:00:00.000+0000","2018-07-07T16:22:45.294+0000","http://creativecommons.org/publicdomain/zero/1.0/legalcode","none","none","none","WGS84","Magnoliopsida","BR","Brazil","Instituto Nacional de Pesquisas da Amazônia (INPA)","urn:catalog:inpa:herbarium:71734","1463","Coleção Botânica, Instituto Nacional de Pesquisas da Amazônia (INPA)","","Reserva Florestal Adolfo Ducke, Alojamento, área aberta do viveiro","pt","Coleção Botânica, Instituto Nacional de Pesquisas da Amazônia (INPA)",1042537530,"urn:catalog:inpa:herbarium:71734","Collection","Hopkins, MJG","184203","Instituto Nacional de Pesquisas da Amazônia (INPA)","","","","","Renner, S.S.","SOUTH_AMERICA","","","","01.263.896/0015-60","",NA,"Manaus","",NA,"","","","","License Elements","","","",NA,"",NA,"","",NA,"","",NA,NA,NA,NA,NA,NA,NA,"",NA,NA,"","","","","Amazonas","brazil",NA,"",NA,NA,NA,"","","Amazonas",-64.65219948,-4.15548242,"Amazonas","am",-2.883333,-59.97,"original coordinates","original coordinates outside municipality original in  falls in manaus"
"29","Bellucia dichotoma",1042618917,-2.883333,-59.97,"gass84,gdativ","3cc6171e-8c52-4f65-ad7a-32c74e395f29","c0d9c91a-0f83-4819-bf7e-bb5e1184eb6b","none","ada4205f-679c-4a86-9759-ff652ac467b3","BR","DWC_ARCHIVE","2017-10-08T07:25:05.379+0000","2014-11-24T14:44:19.801+0000",50,"none","PRESERVED_SPECIMEN",3866664,6,7707728,220,690,6683,8323398,3866664,3866664,"Bellucia dichotoma Cogn.","Bellucia dichotoma Cogn.","Plantae","Tracheophyta","Myrtales","Melastomataceae","Bellucia","Bellucia dichotoma","Bellucia","dichotoma","SPECIES","ACCEPTED","none",0,0,"Amazonas",1993,6,3,"1993-06-03T00:00:00","2014-09-26T00:00:00.000+0000","2018-07-07T16:22:45.285+0000","http://creativecommons.org/publicdomain/zero/1.0/legalcode","none","none","none","WGS84","Magnoliopsida","BR","Brazil","Instituto Nacional de Pesquisas da Amazônia (INPA)","urn:catalog:inpa:herbarium:152862","801","Coleção Botânica, Instituto Nacional de Pesquisas da Amazônia (INPA)","","Reserva Florestal Adolfo Ducke, Igarapé da Bolívia. Picada oeste da Reserva.","pt","Coleção Botânica, Instituto Nacional de Pesquisas da Amazônia (INPA)",1042618917,"urn:catalog:inpa:herbarium:152862","Collection","Ribeiro, JELS","184225","Instituto Nacional de Pesquisas da Amazônia (INPA)","","","","","Sothers, C.A.","SOUTH_AMERICA","","","","01.263.896/0015-60","",NA,"Manaus","",NA,"","","","","License Elements","","","",NA,"",NA,"","",NA,"","",NA,NA,NA,NA,NA,NA,NA,"",NA,NA,"","","","","Amazonas","brazil",NA,"",NA,NA,NA,"","","Amazonas",-64.65219948,-4.15548242,"Amazonas","am",-2.883333,-59.97,"original coordinates","original coordinates outside municipality original in  falls in manaus"
"30","Bellucia dichotoma",1260610013,-2.88333,-59.96666,"gass84","7bd65a7a-f762-11e1-a439-00145eb45e9a","90fd6680-349f-11d8-aa2d-b8a03c50a862","none","c4e134d3-c68f-406d-a116-6a37895602e0","US","DWC_ARCHIVE","2018-06-20T08:03:02.375+0000","2016-03-21T16:09:43.679+0000",28,"none","PRESERVED_SPECIMEN",3866664,6,7707728,220,690,6683,8323398,3866664,3866664,"Bellucia dichotoma Cogn.","Bellucia dichotoma Cogn.","Plantae","Tracheophyta","Myrtales","Melastomataceae","Bellucia","Bellucia dichotoma","Bellucia","dichotoma","SPECIES","ACCEPTED","1994-01-01T00:00:00",NA,NA,"Amazonas",1993,6,3,"1993-06-03T00:00:00","2011-08-12T15:56:00.000+0000","2018-12-09T00:37:15.523+0000","http://creativecommons.org/licenses/by/4.0/legalcode","none","none","none","WGS84","Magnoliopsida","BR","Brazil","Missouri Botanical Garden","urn:catalog:MO:Tropicos:3215781","Ribeiro 801","Tropicos","","Reserva Florestal Ducke, Manaus-Itacoatiara, km 26. Igarapé da Bolívia. Picada oeste da Reserva. Floresta de Platô.","","MO",1260610013,"urn:catalog:MO:Tropicos:3215781","PhysicalObject","José Eduardo L. da S. Ribeiro|José F. Ramos|E.M. Santana f.|S.S. Souza","3215781","MO","MOBOT","","","","Sothers, C.A. & Renner, S.S.","SOUTH_AMERICA","","","ICNafp","","",NA,"","",NA,"http://biocol.org/urn:lsid:biocol.org:col:15859","","","","","","","",NA,"No opinion",20300361,"http://www.tropicos.org/Specimen/3215781","",NA,"","",NA,NA,NA,NA,NA,NA,NA,"",NA,NA,"","","","","Amazonas","brazil",NA,"",NA,NA,NA,"","","Amazonas",-64.65219948,-4.15548242,"Amazonas","am",-2.88333,-59.96666,"original coordinates","original coordinates outside municipality original in  falls in manaus"
"31","Bellucia dichotoma",1929963631,-2.699663,-60.352943,"cdround","d415c253-4d61-4459-9d25-4015b9084fb0","ae447c50-b8a8-11d8-92a4-b8a03c50a862","none","17017c2c-036b-45d9-b045-606d21b00771","US","DWC_ARCHIVE","2018-11-18T15:27:35.475+0000","2018-11-18T15:27:35.487+0000",96,"none","PRESERVED_SPECIMEN",3866664,6,7707728,220,690,6683,8323398,3866664,3866664,"Bellucia dichotoma Cogn.","Bellucia dichotoma Cogn.","Plantae","Tracheophyta","Myrtales","Melastomataceae","Bellucia","Bellucia dichotoma","Bellucia","dichotoma","SPECIES","ACCEPTED","1990-01-01T00:00:00",0,0,"Amazonas",1989,6,5,"1989-06-05T00:00:00","","2018-12-06T11:23:42.310+0000","http://creativecommons.org/publicdomain/zero/1.0/legalcode","none","none","none","WGS84","Magnoliopsida","BR","Brazil","The New York Botanical Garden","9b8290f6-f839-44e6-8d38-8b7367241093","20361","Vascular plants","","Lago de JaradÃ¡, Rio Cuieiras, ca 40 km from mouth at the rio Negro.","en","NY",1929963631,"9b8290f6-f839-44e6-8d38-8b7367241093","PhysicalObject","S. A. Mori","1254116","NY","","","","","J. J. Wurdack","SOUTH_AMERICA","http://sweetgum.nybg.org/science/vh/specimen_details.php?irn=1758542","Terra firme.","ICN","http://biocol.org/urn:lsid:biocol.org:col:15556","5 Jun 1989",156,"","sheet",156,"http://biocol.org/urn:lsid:biocol.org:col:15556","","","Google Maps (map data 2013)","","","","",NA,"",NA,"","",952.04,"2013-08-20","Georeferencing Quick Reference Guide, Version 2012",NA,NA,NA,NA,NA,NA,NA,"",NA,NA,"","","","","Amazonas","brazil",NA,"",NA,NA,NA,"","","Amazonas",-64.65219948,-4.15548242,"Amazonas","am",-2.699663,-60.352943,"original coordinates","original coordinates outside municipality original in  falls in manaus"
"32","Bellucia dichotoma",1928793359,-2.41625,-59.74583,"gass84","d415c253-4d61-4459-9d25-4015b9084fb0","ae447c50-b8a8-11d8-92a4-b8a03c50a862","none","17017c2c-036b-45d9-b045-606d21b00771","US","DWC_ARCHIVE","2018-11-18T14:52:07.791+0000","2018-11-18T14:52:07.804+0000",96,"none","PRESERVED_SPECIMEN",3866664,6,7707728,220,690,6683,8323398,3866664,3866664,"Bellucia dichotoma Cogn.","Bellucia dichotoma Cogn.","Plantae","Tracheophyta","Myrtales","Melastomataceae","Bellucia","Bellucia dichotoma","Bellucia","dichotoma","SPECIES","ACCEPTED","2006-01-01T00:00:00",87.5,37.5,"Amazonas",1989,7,8,"1989-07-08T00:00:00","2017-11-08T07:54:00.000+0000","2018-12-08T19:29:06.459+0000","http://creativecommons.org/publicdomain/zero/1.0/legalcode","none","none","none","WGS84","Magnoliopsida","BR","Brazil","The New York Botanical Garden","4879f33b-ee8e-45b1-aa6c-933d453eaed7","210a","Vascular plants","","Distrito AgropecuÃ¡rio, Reserva 1501 (km 41) da WWF/INPA Projeto da Dinamica Biologica dos Fragmentos Florestais.","en","NY",1928793359,"4879f33b-ee8e-45b1-aa6c-933d453eaed7","PhysicalObject","N. M. Lepsch da Cunha","1254112","NY","","","","","R. Goldenberg; F. A. Michelangeli","SOUTH_AMERICA","http://sweetgum.nybg.org/science/vh/specimen_details.php?irn=1758538","Terra Firme.","ICN","http://biocol.org/urn:lsid:biocol.org:col:15556","08 Jul 1989",189,"","sheet",189,"http://biocol.org/urn:lsid:biocol.org:col:15556","","","","","ca. 164-410 ft","","",NA,"",NA,"","",NA,"","",NA,NA,NA,NA,NA,NA,NA,"",NA,NA,"","","","","Amazonas","brazil",NA,"",NA,NA,NA,"","","Amazonas",-64.65219948,-4.15548242,"Amazonas","am",-2.41625,-59.74583,"original coordinates","original coordinates outside municipality original in  falls in rio preto da eva"
"33","Bellucia dichotoma",1042501363,-2.4,-59.72,"gass84,gdativ,iddatunl","3cc6171e-8c52-4f65-ad7a-32c74e395f29","c0d9c91a-0f83-4819-bf7e-bb5e1184eb6b","none","ada4205f-679c-4a86-9759-ff652ac467b3","BR","DWC_ARCHIVE","2017-10-08T07:24:37.526+0000","2014-11-24T14:41:04.989+0000",50,"none","PRESERVED_SPECIMEN",3866664,6,7707728,220,690,6683,8323398,3866664,3866664,"Bellucia dichotoma Cogn.","Bellucia dichotoma Cogn.","Plantae","Tracheophyta","Myrtales","Melastomataceae","Bellucia","Bellucia dichotoma","Bellucia","dichotoma","SPECIES","ACCEPTED","2006-01-01T00:00:00",87.5,37.5,"Amazonas",1989,7,8,"1989-07-08T00:00:00","2014-09-26T00:00:00.000+0000","2018-07-07T16:22:45.287+0000","http://creativecommons.org/publicdomain/zero/1.0/legalcode","none","none","none","WGS84","Magnoliopsida","BR","Brazil","Instituto Nacional de Pesquisas da Amazônia (INPA)","urn:catalog:inpa:herbarium:35439","210A","Coleção Botânica, Instituto Nacional de Pesquisas da Amazônia (INPA)","","Distrito Agropecuário, ZF3, Distrito Agropecuário, Reserva 1501 (Km41) da WWF/INPA. Projeto Dinâmica Biológica dos Fragmentos Florestais.","pt","Coleção Botânica, Instituto Nacional de Pesquisas da Amazônia (INPA)",1042501363,"urn:catalog:inpa:herbarium:35439","Collection","Cunha, NML da","198845","Instituto Nacional de Pesquisas da Amazônia (INPA)","","","","","""Goldenberg, R.; Michelangeli, F.A.""","SOUTH_AMERICA","","","","01.263.896/0015-60","",NA,"Manaus","",NA,"","","","","License Elements","","","",NA,"",NA,"","",NA,"","",NA,NA,NA,NA,NA,NA,NA,"",NA,NA,"","","","","Amazonas","brazil",NA,"",NA,NA,NA,"","","Amazonas",-64.65219948,-4.15548242,"Amazonas","am",-2.4,-59.72,"original coordinates","original coordinates outside municipality original in  falls in rio preto da eva"
"34","Bellucia dichotoma",1042584809,-2.316667,-60.08,"gass84,gdativ,iddatunl","3cc6171e-8c52-4f65-ad7a-32c74e395f29","c0d9c91a-0f83-4819-bf7e-bb5e1184eb6b","none","ada4205f-679c-4a86-9759-ff652ac467b3","BR","DWC_ARCHIVE","2017-10-08T07:24:57.226+0000","2014-11-24T14:43:20.981+0000",50,"none","PRESERVED_SPECIMEN",3866664,6,7707728,220,690,6683,8323398,3866664,3866664,"Bellucia dichotoma Cogn.","Bellucia dichotoma Cogn.","Plantae","Tracheophyta","Myrtales","Melastomataceae","Bellucia","Bellucia dichotoma","Bellucia","dichotoma","SPECIES","ACCEPTED","1995-01-01T00:00:00",0,0,"Amazonas",1988,11,8,"1988-11-08T00:00:00","2014-09-26T00:00:00.000+0000","2018-07-07T16:22:45.269+0000","http://creativecommons.org/publicdomain/zero/1.0/legalcode","none","none","none","WGS84","Magnoliopsida","BR","Brazil","Instituto Nacional de Pesquisas da Amazônia (INPA)","urn:catalog:inpa:herbarium:118831","70","Coleção Botânica, Instituto Nacional de Pesquisas da Amazônia (INPA)","","Distrito Agropecuário, ZF3, Distrito Agropecuário, Fazenda Dimina, 72 Km N Manaus","pt","Coleção Botânica, Instituto Nacional de Pesquisas da Amazônia (INPA)",1042584809,"urn:catalog:inpa:herbarium:118831","Collection","Pacheco, M","175023","Instituto Nacional de Pesquisas da Amazônia (INPA)","","","","","Renner, S.S.","SOUTH_AMERICA","","","","01.263.896/0015-60","",NA,"Manaus","",NA,"","","","","License Elements","","","",NA,"",NA,"","",NA,"","",NA,NA,NA,NA,NA,NA,NA,"",NA,NA,"","","","","Amazonas","brazil",NA,"",NA,NA,NA,"","","Amazonas",-64.65219948,-4.15548242,"Amazonas","am",-2.316667,-60.08,"original coordinates","original coordinates outside municipality original in  falls in manaus"
"35","Bellucia dichotoma",1042467699,-2.483333,-54.95,"gass84,gdativ,iddatunl","3cc6171e-8c52-4f65-ad7a-32c74e395f29","c0d9c91a-0f83-4819-bf7e-bb5e1184eb6b","none","ada4205f-679c-4a86-9759-ff652ac467b3","BR","DWC_ARCHIVE","2017-10-08T07:24:29.404+0000","2014-11-24T14:39:59.686+0000",50,"none","PRESERVED_SPECIMEN",3866664,6,7707728,220,690,6683,8323398,3866664,3866664,"Bellucia dichotoma Cogn.","Bellucia dichotoma Cogn.","Plantae","Tracheophyta","Myrtales","Melastomataceae","Bellucia","Bellucia dichotoma","Bellucia","dichotoma","SPECIES","ACCEPTED","1986-01-01T00:00:00",0,0,"Pará",1986,2,23,"1986-02-23T00:00:00","2014-09-26T00:00:00.000+0000","2018-07-07T16:22:45.256+0000","http://creativecommons.org/publicdomain/zero/1.0/legalcode","none","none","none","WGS84","Magnoliopsida","BR","Brazil","Instituto Nacional de Pesquisas da Amazônia (INPA)","urn:catalog:inpa:herbarium:1670","160","Coleção Botânica, Instituto Nacional de Pesquisas da Amazônia (INPA)","","Península de Alter do Chão","pt","Coleção Botânica, Instituto Nacional de Pesquisas da Amazônia (INPA)",1042467699,"urn:catalog:inpa:herbarium:1670","Collection","Ackerly, DD","141487","Instituto Nacional de Pesquisas da Amazônia (INPA)","","","","","Renner, S.S.","SOUTH_AMERICA","","","","01.263.896/0015-60","",NA,"Santarém","",NA,"","","","","License Elements","","","",NA,"",NA,"","",NA,"","",NA,NA,NA,NA,NA,NA,NA,"",NA,NA,"","","","","Pará","brazil",NA,"",NA,NA,NA,"","","Pará",-53.0625366,-3.972184,"Pará","pa",-2.483333,-54.95,"original coordinates","original coordinates outside municipality original in  falls in santarem"
"36","Bellucia dichotoma",1258010312,-2.483333,-54.95,"cdround,gass84,iddatunl","7bd65a7a-f762-11e1-a439-00145eb45e9a","90fd6680-349f-11d8-aa2d-b8a03c50a862","none","c4e134d3-c68f-406d-a116-6a37895602e0","US","DWC_ARCHIVE","2018-06-20T07:54:05.741+0000","2016-03-21T14:27:13.162+0000",28,"none","PRESERVED_SPECIMEN",3866664,6,7707728,220,690,6683,8323398,3866664,3866664,"Bellucia dichotoma Cogn.","Bellucia dichotoma Cogn.","Plantae","Tracheophyta","Myrtales","Melastomataceae","Bellucia","Bellucia dichotoma","Bellucia","dichotoma","SPECIES","ACCEPTED","1986-01-01T00:00:00",NA,NA,"Amazonas",1986,2,23,"1986-02-23T00:00:00","2014-02-03T10:37:00.000+0000","2018-07-07T19:41:46.099+0000","http://creativecommons.org/licenses/by/4.0/legalcode","none","none","none","WGS84","Magnoliopsida","BR","Brazil","Missouri Botanical Garden","urn:catalog:MO:Tropicos:100669338","Ackerly 160","Tropicos","","Municipio de Santarem, peninsula de Alter-do-Chao.","","MO",1258010312,"urn:catalog:MO:Tropicos:100669338","PhysicalObject","David D. Ackerly","100669338","MO","MOBOT","","","","S.S. Renner","SOUTH_AMERICA","","","ICNafp","","",NA,"","",NA,"http://biocol.org/urn:lsid:biocol.org:col:15859","","","","","","","",1,"No opinion",20300361,"http://www.tropicos.org/Specimen/100669338","",NA,"","",NA,NA,NA,NA,NA,NA,NA,"",NA,NA,"","","","","Amazonas","brazil",NA,"",NA,NA,NA,"","","Amazonas",-64.65219948,-4.15548242,"Amazonas","am",-2.483333,-54.95,"original coordinates","original coordinates outside municipality original in  falls in santarem"
"37","Bellucia dichotoma",1930870210,-2.48,-54.95,"gass84","d415c253-4d61-4459-9d25-4015b9084fb0","ae447c50-b8a8-11d8-92a4-b8a03c50a862","none","17017c2c-036b-45d9-b045-606d21b00771","US","DWC_ARCHIVE","2018-11-18T16:20:17.167+0000","2018-11-18T16:20:17.174+0000",96,"none","PRESERVED_SPECIMEN",3866664,6,7707728,220,690,6683,8323398,3866664,3866664,"Bellucia dichotoma Cogn.","Bellucia dichotoma Cogn.","Plantae","Tracheophyta","Myrtales","Melastomataceae","Bellucia","Bellucia dichotoma","Bellucia","dichotoma","SPECIES","ACCEPTED","1986-01-01T00:00:00",0,0,"ParÃ¡",1986,2,23,"1986-02-23T00:00:00","","2018-12-08T07:07:17.524+0000","http://creativecommons.org/publicdomain/zero/1.0/legalcode","none","none","none","WGS84","Magnoliopsida","BR","Brazil","The New York Botanical Garden","db601beb-75c6-424a-8034-6cd0134e7198","160","Vascular plants","","PenÃ­nsula de Alter do ChÃ£o.","en","NY",1930870210,"db601beb-75c6-424a-8034-6cd0134e7198","PhysicalObject","D. D. Ackerly","1254118","NY","","","","","S. S. Renner","SOUTH_AMERICA","http://sweetgum.nybg.org/science/vh/specimen_details.php?irn=1758544","VegetaÃ§Ã£o de savana.","ICN","http://biocol.org/urn:lsid:biocol.org:col:15556","23 Feb 1986",54,"SantarÃ©m","sheet",54,"http://biocol.org/urn:lsid:biocol.org:col:15556","","","","","","","",NA,"",NA,"","",NA,"","",NA,NA,NA,NA,NA,NA,NA,"",NA,NA,"","","","","ParÃ¡","brazil",NA,"",NA,NA,NA,"","","Pará",-53.0625366,-3.972184,"Pará","pa",-2.48,-54.95,"original coordinates","original coordinates outside municipality original in  falls in santarem"
"38","Bellucia dichotoma",1930524971,-8.7517,-63.4547,"","d415c253-4d61-4459-9d25-4015b9084fb0","ae447c50-b8a8-11d8-92a4-b8a03c50a862","none","17017c2c-036b-45d9-b045-606d21b00771","US","DWC_ARCHIVE","2018-11-18T15:59:42.452+0000","2018-11-18T15:59:42.577+0000",96,"none","PRESERVED_SPECIMEN",3866664,6,7707728,220,690,6683,8323398,3866664,3866664,"Bellucia dichotoma Cogn.","Bellucia dichotoma Cogn.","Plantae","Tracheophyta","Myrtales","Melastomataceae","Bellucia","Bellucia dichotoma","Bellucia","dichotoma","SPECIES","ACCEPTED","1990-01-01T00:00:00",0,0,"RondÃ´nia",1986,6,13,"1986-06-13T00:00:00","","2018-12-08T07:43:46.406+0000","http://creativecommons.org/publicdomain/zero/1.0/legalcode","none","none","none","WGS84","Magnoliopsida","BR","Brazil","The New York Botanical Garden","c30c693c-a7cf-40fa-b8f0-8f652e73a216","7435","Vascular plants","","Ãrea do ReservatÃ³rio da Usina HidrelÃ©trica de Samuel.","en","NY",1930524971,"c30c693c-a7cf-40fa-b8f0-8f652e73a216","PhysicalObject","C. A. Cid Ferreira","1254110","NY","","","","","J. J. Wurdack","SOUTH_AMERICA","http://sweetgum.nybg.org/science/vh/specimen_details.php?irn=1758536","Mata de terra firme.","ICN","http://biocol.org/urn:lsid:biocol.org:col:15556","13 Jun 1986",164,"Porto Velho","sheet",164,"http://biocol.org/urn:lsid:biocol.org:col:15556","","","Google Earth","","","","",NA,"",NA,"","",NA,"","",NA,NA,NA,NA,NA,NA,NA,"",NA,NA,"","","","","RondÃ´nia","brazil",NA,"",NA,NA,NA,"","","",NA,NA,NA,"",-8.7517,-63.4547,"original coordinates","original coordinates outside municipality original in  falls in candeias do jamari"
"39","Bellucia dichotoma",1260609144,-4.00046,-59.00056,"gass84","7bd65a7a-f762-11e1-a439-00145eb45e9a","90fd6680-349f-11d8-aa2d-b8a03c50a862","none","c4e134d3-c68f-406d-a116-6a37895602e0","US","DWC_ARCHIVE","2018-06-20T08:03:01.710+0000","2016-03-21T16:09:40.948+0000",28,"none","PRESERVED_SPECIMEN",3866664,6,7707728,220,690,6683,8323398,3866664,3866664,"Bellucia dichotoma Cogn.","Bellucia dichotoma Cogn.","Plantae","Tracheophyta","Myrtales","Melastomataceae","Bellucia","Bellucia dichotoma","Bellucia","dichotoma","SPECIES","ACCEPTED","1984-01-01T00:00:00",NA,NA,"Amazonas",1983,6,27,"1983-06-27T00:00:00","2009-12-04T16:13:00.000+0000","2018-12-09T00:37:15.284+0000","http://creativecommons.org/licenses/by/4.0/legalcode","none","none","none","WGS84","Magnoliopsida","BR","Brazil","Missouri Botanical Garden","urn:catalog:MO:Tropicos:3214930","Todzia 2264","Tropicos","","Municipio de Borba, mouth of Rio Canuma, across river from Canuma; blackwater.","","MO",1260609144,"urn:catalog:MO:Tropicos:3214930","PhysicalObject","Carol A. Todzia|James L. Zarucchi|Steven R. Hill|Bruce W. Nelson|C.A. Cid Ferreira|José Guedes|J. Lima dos Santos","3214930","MO","MOBOT","","","","J. Wurdack","SOUTH_AMERICA","","","ICNafp","","",NA,"","",NA,"http://biocol.org/urn:lsid:biocol.org:col:15859","","","","","","","",NA,"No opinion",20300361,"http://www.tropicos.org/Specimen/3214930","",NA,"","",NA,NA,NA,NA,NA,NA,NA,"",NA,NA,"","","","","Amazonas","brazil",NA,"",NA,NA,NA,"","","Amazonas",-64.65219948,-4.15548242,"Amazonas","am",-4.00046,-59.00056,"original coordinates","original coordinates outside municipality original in  falls in borba"
"40","Bellucia dichotoma",1042665225,-4,-59,"gass84,gdativ,iddatunl","3cc6171e-8c52-4f65-ad7a-32c74e395f29","c0d9c91a-0f83-4819-bf7e-bb5e1184eb6b","none","ada4205f-679c-4a86-9759-ff652ac467b3","BR","DWC_ARCHIVE","2017-10-08T07:25:16.475+0000","2014-11-24T14:45:20.224+0000",50,"none","PRESERVED_SPECIMEN",3866664,6,7707728,220,690,6683,8323398,3866664,3866664,"Bellucia dichotoma Cogn.","Bellucia dichotoma Cogn.","Plantae","Tracheophyta","Myrtales","Melastomataceae","Bellucia","Bellucia dichotoma","Bellucia","dichotoma","SPECIES","ACCEPTED","1984-01-01T00:00:00",0,0,"Amazonas",1983,6,27,"1983-06-27T00:00:00","2014-09-26T00:00:00.000+0000","2018-07-07T16:22:45.310+0000","http://creativecommons.org/publicdomain/zero/1.0/legalcode","none","none","none","WGS84","Magnoliopsida","BR","Brazil","Instituto Nacional de Pesquisas da Amazônia (INPA)","urn:catalog:inpa:herbarium:199269","2264","Coleção Botânica, Instituto Nacional de Pesquisas da Amazônia (INPA)","","Mouth of Rio Canuma, across river from Canuma, blackwater","pt","Coleção Botânica, Instituto Nacional de Pesquisas da Amazônia (INPA)",1042665225,"urn:catalog:inpa:herbarium:199269","Collection","Todzia, CA","124531","Instituto Nacional de Pesquisas da Amazônia (INPA)","","","","","Wurdack, J.J.","SOUTH_AMERICA","","","","01.263.896/0015-60","",NA,"Borba","",NA,"","","","","License Elements","","","",NA,"",NA,"","",NA,"","",NA,NA,NA,NA,NA,NA,NA,"",NA,NA,"","","","","Amazonas","brazil",NA,"",NA,NA,NA,"","","Amazonas",-64.65219948,-4.15548242,"Amazonas","am",-4,-59,"original coordinates","original coordinates outside municipality original in  falls in borba"
"41","Bellucia dichotoma",1928230038,-3.017366,-60.093702,"cdround","d415c253-4d61-4459-9d25-4015b9084fb0","ae447c50-b8a8-11d8-92a4-b8a03c50a862","none","17017c2c-036b-45d9-b045-606d21b00771","US","DWC_ARCHIVE","2018-11-18T14:47:58.618+0000","2018-11-18T14:47:58.659+0000",96,"none","PRESERVED_SPECIMEN",3866664,6,7707728,220,690,6683,8323398,3866664,3866664,"Bellucia dichotoma Cogn.","Bellucia dichotoma Cogn.","Plantae","Tracheophyta","Myrtales","Melastomataceae","Bellucia","Bellucia dichotoma","Bellucia","dichotoma","SPECIES","ACCEPTED","1985-01-01T00:00:00",0,0,"Amazonas",1980,5,24,"1980-05-24T00:00:00","2016-09-26T20:01:00.000+0000","2018-12-05T23:34:14.123+0000","http://creativecommons.org/publicdomain/zero/1.0/legalcode","none","none","none","WGS84","Magnoliopsida","BR","Brazil","The New York Botanical Garden","2089d61f-21fa-4e81-8101-6085a575daa1","9972","Vascular plants","","Praia Dourada, private beach on Rio Negro, near Manaus","en","NY",1928230038,"2089d61f-21fa-4e81-8101-6085a575daa1","PhysicalObject","C. Davidson","1254113","NY","","","","","S. S. Renner","SOUTH_AMERICA","http://sweetgum.nybg.org/science/vh/specimen_details.php?irn=1758539","Disturbed roadside margins in tall forest, terra firme.","ICN","http://biocol.org/urn:lsid:biocol.org:col:15556","24 May 1980",145,"Manaus","sheet",145,"http://biocol.org/urn:lsid:biocol.org:col:15556","","","Google Maps (map data 2013)","","","","",NA,"",NA,"","",795.1,"2013-08-26","Georeferencing Quick Reference Guide, Version 2012",NA,NA,NA,NA,NA,NA,NA,"",NA,NA,"","","","","Amazonas","brazil",NA,"",NA,NA,NA,"","","Amazonas",-64.65219948,-4.15548242,"Amazonas","am",-3.017366,-60.093702,"original coordinates","original coordinates outside municipality original in  falls in manaus"
"42","Bellucia dichotoma",1928913773,-3.396906,-55.059354,"cdround","d415c253-4d61-4459-9d25-4015b9084fb0","ae447c50-b8a8-11d8-92a4-b8a03c50a862","none","17017c2c-036b-45d9-b045-606d21b00771","US","DWC_ARCHIVE","2018-11-18T14:53:01.550+0000","2018-11-18T14:53:01.605+0000",96,"none","PRESERVED_SPECIMEN",3866664,6,7707728,220,690,6683,8323398,3866664,3866664,"Bellucia dichotoma Cogn.","Bellucia dichotoma Cogn.","Plantae","Tracheophyta","Myrtales","Melastomataceae","Bellucia","Bellucia dichotoma","Bellucia","dichotoma","SPECIES","ACCEPTED","none",0,0,"ParÃ¡",1978,11,12,"1978-11-12T00:00:00","","2018-12-08T19:30:11.974+0000","http://creativecommons.org/publicdomain/zero/1.0/legalcode","none","none","none","WGS84","Magnoliopsida","BR","Brazil","The New York Botanical Garden","510b611b-8076-46b5-a448-d76e5933678d","3685","Vascular plants","","Km 63 da estrada Itaituba, Jacareacanga, parque Nacional do TapajÃ³s (I.B.D.F.) reserva BiolÃ³g.","en","NY",1928913773,"510b611b-8076-46b5-a448-d76e5933678d","PhysicalObject","M. G. da Silva","1254120","NY","","","","","","SOUTH_AMERICA","http://sweetgum.nybg.org/science/vh/specimen_details.php?irn=1542862","","ICN","http://biocol.org/urn:lsid:biocol.org:col:15556","12 Nov 1978",316,"Itaituba","sheet",316,"http://biocol.org/urn:lsid:biocol.org:col:15556","","","Google Maps (map data 2013)","","","","",NA,"",NA,"","",79976.5,"2013-10-23","Georeferencing Quick Reference Guide, Version 2012",NA,NA,NA,NA,NA,NA,NA,"",NA,NA,"","","","","ParÃ¡","brazil",NA,"",NA,NA,NA,"","","Pará",-53.0625366,-3.972184,"Pará","pa",-3.396906,-55.059354,"original coordinates","original coordinates outside municipality original in  falls in belterra"
"43","Bellucia dichotoma",1929026905,-2.626469,-54.980084,"","d415c253-4d61-4459-9d25-4015b9084fb0","ae447c50-b8a8-11d8-92a4-b8a03c50a862","none","17017c2c-036b-45d9-b045-606d21b00771","US","DWC_ARCHIVE","2018-11-18T14:53:51.650+0000","2018-11-18T14:53:51.819+0000",96,"none","PRESERVED_SPECIMEN",3866664,6,7707728,220,690,6683,8323398,3866664,3866664,"Bellucia dichotoma Cogn.","Bellucia dichotoma Cogn.","Plantae","Tracheophyta","Myrtales","Melastomataceae","Bellucia","Bellucia dichotoma","Bellucia","dichotoma","SPECIES","ACCEPTED","1979-01-01T00:00:00",0,0,"ParÃ¡",1978,12,5,"1978-12-05T00:00:00","2016-09-26T22:10:00.000+0000","2018-12-08T19:31:13.423+0000","http://creativecommons.org/publicdomain/zero/1.0/legalcode","none","none","none","WGS84","Magnoliopsida","BR","Brazil","The New York Botanical Garden","58f8deb2-1dfc-4ee8-8b37-0d3da4e92a19","145","Vascular plants","","Belterra, Porto Novo. Estrada para o acampamento.","en","NY",1929026905,"58f8deb2-1dfc-4ee8-8b37-0d3da4e92a19","PhysicalObject","M. G. A. Lobo","1254114","NY","","","","cf.;","M. G. A. Lobo","SOUTH_AMERICA","http://sweetgum.nybg.org/science/vh/specimen_details.php?irn=1758540","Capoeira de terra firme.","ICN","http://biocol.org/urn:lsid:biocol.org:col:15556","5 Dec 1978",339,"SantarÃ©m","sheet",339,"http://biocol.org/urn:lsid:biocol.org:col:15556","","! S. S. Renner, 1985","Google Maps (map data 2014), Manis Georef. Calculator","","","","",NA,"",NA,"","",2714.07,"2014-11-14","Georeferencing Quick Reference Guide, Version 2012",NA,NA,NA,NA,NA,NA,NA,"",NA,NA,"","","","","ParÃ¡","brazil",NA,"",NA,NA,NA,"","","Pará",-53.0625366,-3.972184,"Pará","pa",-2.626469,-54.980084,"original coordinates","original coordinates outside municipality original in  falls in belterra"
"44","Bellucia dichotoma",1042578928,-2.883333,-59.97,"gass84,gdativ,iddatunl","3cc6171e-8c52-4f65-ad7a-32c74e395f29","c0d9c91a-0f83-4819-bf7e-bb5e1184eb6b","none","ada4205f-679c-4a86-9759-ff652ac467b3","BR","DWC_ARCHIVE","2017-10-08T07:24:55.799+0000","2014-11-24T14:43:15.436+0000",50,"none","PRESERVED_SPECIMEN",3866664,6,7707728,220,690,6683,8323398,3866664,3866664,"Bellucia dichotoma Cogn.","Bellucia dichotoma Cogn.","Plantae","Tracheophyta","Myrtales","Melastomataceae","Bellucia","Bellucia dichotoma","Bellucia","dichotoma","SPECIES","ACCEPTED","1990-01-01T00:00:00",0,0,"Amazonas",1977,1,6,"1977-01-06T00:00:00","2014-09-26T00:00:00.000+0000","2018-07-07T16:22:45.296+0000","http://creativecommons.org/publicdomain/zero/1.0/legalcode","none","none","none","WGS84","Magnoliopsida","BR","Brazil","Instituto Nacional de Pesquisas da Amazônia (INPA)","urn:catalog:inpa:herbarium:112419","308","Coleção Botânica, Instituto Nacional de Pesquisas da Amazônia (INPA)","","Reserva Florestal Adolfo Ducke, Reserva Florestal Ducke, estrada Manaus-Itacoatiara, Km 26","pt","Coleção Botânica, Instituto Nacional de Pesquisas da Amazônia (INPA)",1042578928,"urn:catalog:inpa:herbarium:112419","Collection","Nascimento, JR","65749","Instituto Nacional de Pesquisas da Amazônia (INPA)","","","","","Renner, S.S.","SOUTH_AMERICA","","","","01.263.896/0015-60","",NA,"Manaus","",NA,"","","","","License Elements","","","",NA,"",NA,"","",NA,"","",NA,NA,NA,NA,NA,NA,NA,"",NA,NA,"","","","","Amazonas","brazil",NA,"",NA,NA,NA,"","","Amazonas",-64.65219948,-4.15548242,"Amazonas","am",-2.883333,-59.97,"original coordinates","original coordinates outside municipality original in  falls in manaus"
"45","Bellucia dichotoma",1095185312,-2.248078,-45.292535,"gass84","a59636ef-6028-4fa4-8895-553ba8af3b02","9ceb2103-24bb-44db-9211-13712279a055","none","b38ff2b7-c8af-454e-b5af-ee760f0d5bca","BR","DWC_ARCHIVE","2018-11-24T12:29:21.828+0000","2017-12-29T14:57:20.313+0000",127,"none","PRESERVED_SPECIMEN",3866597,6,7707728,220,690,6683,8323398,3866664,3866664,"Bellucia imperialis Sald. & Cogn. ex Cogn.","Bellucia dichotoma Cogn.","Plantae","Tracheophyta","Myrtales","Melastomataceae","Bellucia","Bellucia dichotoma","Bellucia","imperialis","SPECIES","SYNONYM","1977-12-15T00:00:00",9999,0,"Maranhão",1977,9,5,"1977-09-05T00:00:00","","2018-07-07T12:37:42.180+0000","http://creativecommons.org/licenses/by-nc/4.0/legalcode","none","none","none","WGS84","Magnoliopsida","BR","Brazil","HUCPE - Herbário da Universidade Católica de Pernambuco","BRA:UNICAP:HUCPE:0000000476","149","HUCPE - Herbário da Universidade Católica de Pernambuco","Santa Helena","Mata da Fazenda Café da Mata.","pt","HUCPE",1095185312,"BRA:UNICAP:HUCPE:0000000476","Collection","Silva, A. .E. da","476","UNICAP","Universidade Católica de Pernambuco (UNICAP)","Árvore com cerca de 4,0m de altura por 10cm de diâmetro. Flores cor de gelo com bastante perfume enjoativo. Resina marrom claro, um pouco pegajosa.","","","E. Tavares","","","","","","",NA,"","",NA,"","","","","","","","",NA,"",NA,"","",NA,"","",NA,NA,NA,NA,NA,NA,NA,"",NA,NA,"","","","Santa Helena","Maranhão","brazil",5426,"Santa Helena",2109809,-45.3835,-2.425298,"MARANHAO","MA","Maranhão",-45.28117854,-5.05609075,"Maranhão","ma",-2.248078,-45.292535,"original coordinates","original coordinates OK"
"46","Bellucia dichotoma",1042584019,-2.883333,-59.97,"gass84,gdativ,iddatunl","3cc6171e-8c52-4f65-ad7a-32c74e395f29","c0d9c91a-0f83-4819-bf7e-bb5e1184eb6b","none","ada4205f-679c-4a86-9759-ff652ac467b3","BR","DWC_ARCHIVE","2017-10-08T07:24:57.033+0000","2014-11-24T14:43:19.184+0000",50,"none","PRESERVED_SPECIMEN",3866664,6,7707728,220,690,6683,8323398,3866664,3866664,"Bellucia dichotoma Cogn.","Bellucia dichotoma Cogn.","Plantae","Tracheophyta","Myrtales","Melastomataceae","Bellucia","Bellucia dichotoma","Bellucia","dichotoma","SPECIES","ACCEPTED","1990-01-01T00:00:00",0,0,"Amazonas",1976,6,8,"1976-06-08T00:00:00","2014-09-26T00:00:00.000+0000","2018-07-07T16:22:45.299+0000","http://creativecommons.org/publicdomain/zero/1.0/legalcode","none","none","none","WGS84","Magnoliopsida","BR","Brazil","Instituto Nacional de Pesquisas da Amazônia (INPA)","urn:catalog:inpa:herbarium:118038","s.n.","Coleção Botânica, Instituto Nacional de Pesquisas da Amazônia (INPA)","","Reserva Florestal Adolfo Ducke, Reserva Florestal Ducke, Km 26, estrada Manaus-Itacoatiara","pt","Coleção Botânica, Instituto Nacional de Pesquisas da Amazônia (INPA)",1042584019,"urn:catalog:inpa:herbarium:118038","Collection","Oliveira, JA de","59893","Instituto Nacional de Pesquisas da Amazônia (INPA)","","","","","Renner, S.S.","SOUTH_AMERICA","","","","01.263.896/0015-60","",NA,"Manaus","",NA,"","","","","License Elements","","","",NA,"",NA,"","",NA,"","",NA,NA,NA,NA,NA,NA,NA,"",NA,NA,"","","","","Amazonas","brazil",NA,"",NA,NA,NA,"","","Amazonas",-64.65219948,-4.15548242,"Amazonas","am",-2.883333,-59.97,"original coordinates","original coordinates outside municipality original in  falls in manaus"
"47","Bellucia dichotoma",1930714204,-2.8275,-60.5089,"","d415c253-4d61-4459-9d25-4015b9084fb0","ae447c50-b8a8-11d8-92a4-b8a03c50a862","none","17017c2c-036b-45d9-b045-606d21b00771","US","DWC_ARCHIVE","2018-11-18T16:01:09.206+0000","2018-11-18T16:01:09.370+0000",96,"none","PRESERVED_SPECIMEN",3866664,6,7707728,220,690,6683,8323398,3866664,3866664,"Bellucia dichotoma Cogn.","Bellucia dichotoma Cogn.","Plantae","Tracheophyta","Myrtales","Melastomataceae","Bellucia","Bellucia dichotoma","Bellucia","dichotoma","SPECIES","ACCEPTED","1985-01-01T00:00:00",0,0,"Amazonas",1971,9,26,"1971-09-26T00:00:00","","2018-12-08T18:06:58.741+0000","http://creativecommons.org/publicdomain/zero/1.0/legalcode","none","none","none","WGS84","Magnoliopsida","BR","Brazil","The New York Botanical Garden","d073fd2b-e393-45a0-a83c-df0ddc08d642","14913","Vascular plants","","Rio Cuieras just below mouth of Rio Brancinho","en","NY",1930714204,"d073fd2b-e393-45a0-a83c-df0ddc08d642","PhysicalObject","G. T. Prance","1254109","NY","","","","","S. S. Renner","SOUTH_AMERICA","http://sweetgum.nybg.org/science/vh/specimen_details.php?irn=1758535","Capoeira.","ICN","http://biocol.org/urn:lsid:biocol.org:col:15556","26 Sep 1971",269,"","sheet",269,"http://biocol.org/urn:lsid:biocol.org:col:15556","","","Google Earth","","","","",NA,"",NA,"","",NA,"","",NA,NA,NA,NA,NA,NA,NA,"",NA,NA,"","","","","Amazonas","brazil",NA,"",NA,NA,NA,"","","Amazonas",-64.65219948,-4.15548242,"Amazonas","am",-2.8275,-60.5089,"original coordinates","original coordinates outside municipality original in  falls in manaus"
"48","Bellucia dichotoma",1929134745,-0.889473,-52.500883,"cdround","d415c253-4d61-4459-9d25-4015b9084fb0","ae447c50-b8a8-11d8-92a4-b8a03c50a862","none","17017c2c-036b-45d9-b045-606d21b00771","US","DWC_ARCHIVE","2018-11-18T15:05:57.498+0000","2018-11-18T15:05:57.506+0000",96,"none","PRESERVED_SPECIMEN",3866664,6,7707728,220,690,6683,8323398,3866664,3866664,"Bellucia dichotoma Cogn.","Bellucia dichotoma Cogn.","Plantae","Tracheophyta","Myrtales","Melastomataceae","Bellucia","Bellucia dichotoma","Bellucia","dichotoma","SPECIES","ACCEPTED","1985-01-01T00:00:00",0,0,"ParÃ¡",1969,5,21,"1969-05-21T00:00:00","","2018-12-08T19:04:59.662+0000","http://creativecommons.org/publicdomain/zero/1.0/legalcode","none","none","none","WGS84","Magnoliopsida","BR","Brazil","The New York Botanical Garden","60ae3e69-1b4e-404e-8b5a-c5df35cd1e79","2022","Vascular plants","","Estrada do Munguba, km 7.","en","NY",1929134745,"60ae3e69-1b4e-404e-8b5a-c5df35cd1e79","PhysicalObject","N. T. da Silva","1254117","NY","","","","","S. S. Renner","SOUTH_AMERICA","http://sweetgum.nybg.org/science/vh/specimen_details.php?irn=1758543","","ICN","http://biocol.org/urn:lsid:biocol.org:col:15556","21 May 1969",141,"Jari","sheet",141,"http://biocol.org/urn:lsid:biocol.org:col:15556","","","Google Maps (map data 2013), Manis Georef. Calculator","","","","",NA,"",NA,"","",6539.33,"2013-10-08","Georeferencing Quick Reference Guide, Version 2012",NA,NA,NA,NA,NA,NA,NA,"",NA,NA,"","","","","ParÃ¡","brazil",NA,"",NA,NA,NA,"","","Pará",-53.0625366,-3.972184,"Pará","pa",-0.889473,-52.500883,"original coordinates","original coordinates outside municipality original in  falls in almeirim"
"49","Bellucia dichotoma",1929920643,-2.95487,-59.928188,"cdround","d415c253-4d61-4459-9d25-4015b9084fb0","ae447c50-b8a8-11d8-92a4-b8a03c50a862","none","17017c2c-036b-45d9-b045-606d21b00771","US","DWC_ARCHIVE","2018-11-18T15:27:13.001+0000","2018-11-18T15:27:13.025+0000",96,"none","PRESERVED_SPECIMEN",3866664,6,7707728,220,690,6683,8323398,3866664,3866664,"Bellucia dichotoma Cogn.","Bellucia dichotoma Cogn.","Plantae","Tracheophyta","Myrtales","Melastomataceae","Bellucia","Bellucia dichotoma","Bellucia","dichotoma","SPECIES","ACCEPTED","1985-01-01T00:00:00",0,0,"Amazonas",1966,8,31,"1966-08-31T00:00:00","","2018-12-06T11:23:16.105+0000","http://creativecommons.org/publicdomain/zero/1.0/legalcode","none","none","none","WGS84","Magnoliopsida","BR","Brazil","The New York Botanical Garden","9877fadc-cc4e-495e-8107-673531e31239","2161","Vascular plants","","Manaus- Itacoatiara Highway, Reserva florestal Ducke, km 26. Forest on terra firme.","en","NY",1929920643,"9877fadc-cc4e-495e-8107-673531e31239","PhysicalObject","G. T. Prance","1254108","NY","","","","","S. S. Renner","SOUTH_AMERICA","http://sweetgum.nybg.org/science/vh/specimen_details.php?irn=1758534","","ICN","http://biocol.org/urn:lsid:biocol.org:col:15556","31 Aug 1966",243,"","sheet",243,"http://biocol.org/urn:lsid:biocol.org:col:15556","","","Google Maps (map data 2013), Manis Georef. Calculator","","","","",NA,"",NA,"","",8514.21,"2014-09-02","Georeferencing Quick Reference Guide, Version 2012",NA,NA,NA,NA,NA,NA,NA,"",NA,NA,"","","","","Amazonas","brazil",NA,"",NA,NA,NA,"","","Amazonas",-64.65219948,-4.15548242,"Amazonas","am",-2.95487,-59.928188,"original coordinates","original coordinates outside municipality original in  falls in manaus"
"50","Bellucia dichotoma",1930402720,-1.284992,-48.455522,"cdround,rdatm","d415c253-4d61-4459-9d25-4015b9084fb0","ae447c50-b8a8-11d8-92a4-b8a03c50a862","none","17017c2c-036b-45d9-b045-606d21b00771","US","DWC_ARCHIVE","2018-11-18T15:58:46.548+0000","2018-11-18T15:58:46.593+0000",96,"none","PRESERVED_SPECIMEN",3866664,6,7707728,220,690,6683,8323398,3866664,3866664,"Bellucia dichotoma Cogn.","Bellucia dichotoma Cogn.","Plantae","Tracheophyta","Myrtales","Melastomataceae","Bellucia","Bellucia dichotoma","Bellucia","dichotoma","SPECIES","ACCEPTED","none",0,0,"ParÃ¡",1961,9,NA,"1961-09-01T00:00:00","","2018-12-10T17:09:12.528+0000","http://creativecommons.org/publicdomain/zero/1.0/legalcode","none","none","none","WGS84","Magnoliopsida","BR","Brazil","The New York Botanical Garden","ba5f6ed6-d27a-4025-84d2-a867b4a55052","51755","Vascular plants","","Vicinity of Belem","en","NY",1930402720,"ba5f6ed6-d27a-4025-84d2-a867b4a55052","PhysicalObject","J. M. Pires","1254124","NY","","","","","","SOUTH_AMERICA","http://sweetgum.nybg.org/science/vh/specimen_details.php?irn=1542866","","ICN","http://biocol.org/urn:lsid:biocol.org:col:15556","Sep 1961 - Oct 1961",0,"","sheet",0,"http://biocol.org/urn:lsid:biocol.org:col:15556","","","Google Maps (map data 2013)","","","","",NA,"",NA,"","",28045.7,"2013-09-20","Georeferencing Quick Reference Guide, Version 2012",NA,NA,NA,NA,NA,NA,NA,"",NA,NA,"","","","","ParÃ¡","brazil",NA,"",NA,NA,NA,"","","Pará",-53.0625366,-3.972184,"Pará","pa",-1.284992,-48.455522,"original coordinates","original coordinates outside municipality original in  falls in belem"
"51","Bellucia dichotoma",1930822563,3.6,-51.32,"gass84","d415c253-4d61-4459-9d25-4015b9084fb0","ae447c50-b8a8-11d8-92a4-b8a03c50a862","none","17017c2c-036b-45d9-b045-606d21b00771","US","DWC_ARCHIVE","2018-11-18T16:06:54.484+0000","2018-11-18T16:06:54.491+0000",96,"none","PRESERVED_SPECIMEN",3866664,6,7707728,220,690,6683,8323398,3866664,3866664,"Bellucia dichotoma Cogn.","Bellucia dichotoma Cogn.","Plantae","Tracheophyta","Myrtales","Melastomataceae","Bellucia","Bellucia dichotoma","Bellucia","dichotoma","SPECIES","ACCEPTED","none",50,50,"AmapÃ¡",1960,10,16,"1960-10-16T00:00:00","","2018-12-09T00:31:27.540+0000","http://creativecommons.org/publicdomain/zero/1.0/legalcode","none","none","none","WGS84","Magnoliopsida","BR","Brazil","The New York Botanical Garden","d81d90f4-c42e-45ea-818f-d007293f91fb","48756","Vascular plants","","Rio Oiapoque.  Lower slopes and base of Mt. Tipac.","en","NY",1930822563,"d81d90f4-c42e-45ea-818f-d007293f91fb","PhysicalObject","H. S. Irwin","1254122","NY","","","","","","SOUTH_AMERICA","http://sweetgum.nybg.org/science/vh/specimen_details.php?irn=1542864","","ICN","http://biocol.org/urn:lsid:biocol.org:col:15556","16 Oct 1960",290,"","sheet",290,"http://biocol.org/urn:lsid:biocol.org:col:15556","","","","","0-328 ft","","",NA,"",NA,"","",NA,"","",NA,NA,NA,NA,NA,NA,NA,"",NA,NA,"","","","","AmapÃ¡","brazil",NA,"",NA,NA,NA,"","","Amapá",-51.9538472,1.44881681,"Amapá","ap",3.6,-51.32,"original coordinates","original coordinates outside municipality original in  falls in oiapoque"
"52","Bellucia dichotoma",1138491447,3.6,-51.316667,"","15f819bd-6612-4447-854b-14d12ee1022d","396d5f30-dea9-11db-8ab4-b8a03c50a862","none","65eb93af-41b8-4917-a5fc-cfe2a45aa4bf","NL","DWC_ARCHIVE","2018-12-11T19:21:01.478+0000","2018-01-23T11:26:55.202+0000",81,"none","PRESERVED_SPECIMEN",3866664,6,7707728,220,690,6683,8323398,3866664,3866664,"Bellucia dichotoma Cogn.","Bellucia dichotoma Cogn.","Plantae","Tracheophyta","Myrtales","Melastomataceae","Bellucia","Bellucia dichotoma","Bellucia","dichotoma","SPECIES","ACCEPTED","none",NA,NA,"",1960,10,16,"1960-10-16T00:00:00","","2018-07-07T00:15:49.945+0000","http://creativecommons.org/publicdomain/zero/1.0/legalcode","none","none","none","WGS84","Magnoliopsida","BR","Brazil","","U.1385485","","","","Territorio Amapa, Rio Oiapoque. Lower slopes and base Mt. Tipac.","","Botany",1138491447,"http://data.biodiversitydata.nl/naturalis/specimen/U.1385485","","Irwin HS","U.1385485","","","","","","","SOUTH_AMERICA","","","ICN","","1960/10/16",NA,"","",NA,"","","","","","","species","Plantae|Magnoliopsidae|Myrtales|Melastomataceae",NA,"",NA,"","",NA,"","",NA,NA,NA,NA,NA,NA,NA,"",NA,NA,"","","","","","brazil",NA,"",NA,NA,NA,"","","",NA,NA,NA,"",3.6,-51.316667,"original coordinates","original coordinates outside municipality original in  falls in oiapoque"
"53","Bellucia dichotoma",1929200454,-3.1053211279086,-60.0262053899244,"cdrep","d415c253-4d61-4459-9d25-4015b9084fb0","ae447c50-b8a8-11d8-92a4-b8a03c50a862","none","17017c2c-036b-45d9-b045-606d21b00771","US","DWC_ARCHIVE","2018-11-18T15:20:52.624+0000","2018-11-18T15:20:52.638+0000",96,"none","PRESERVED_SPECIMEN",3866664,6,7707728,220,690,6683,8323398,3866664,3866664,"Bellucia dichotoma Cogn.","Bellucia dichotoma Cogn.","Plantae","Tracheophyta","Myrtales","Melastomataceae","Bellucia","Bellucia dichotoma","Bellucia","dichotoma","SPECIES","ACCEPTED","1985-01-01T00:00:00",0,0,"Amazonas",1935,8,25,"1935-08-25T00:00:00","2016-09-26T19:56:00.000+0000","2018-12-09T09:23:51.280+0000","http://creativecommons.org/publicdomain/zero/1.0/legalcode","none","none","none","WGS84","Magnoliopsida","BR","Brazil","The New York Botanical Garden","655c4740-7179-4d32-81e5-40ba7f7ae150","8","Vascular plants","","Loco Cachoeira Grande.","en","NY",1929200454,"655c4740-7179-4d32-81e5-40ba7f7ae150","PhysicalObject","W. A. Ducke","1254121","NY","","","","","S. S. Renner","SOUTH_AMERICA","http://sweetgum.nybg.org/science/vh/specimen_details.php?irn=1758546","","ICN","http://biocol.org/urn:lsid:biocol.org:col:15556","25 Aug 1935",237,"Manaus","sheet",237,"http://biocol.org/urn:lsid:biocol.org:col:15556","","","CRIA (Centro de Referência em Informação Ambiental)","","","","",NA,"",NA,"","",138090,"","",NA,NA,NA,NA,NA,NA,NA,"",NA,NA,"","","","","Amazonas","brazil",NA,"",NA,NA,NA,"","","Amazonas",-64.65219948,-4.15548242,"Amazonas","am",-3.1053211279086,-60.0262053899244,"original coordinates","original coordinates outside municipality original in  falls in manaus"
"54","Bellucia dichotoma",1701429123,-2.44306,-54.70833,"","7f5260c2-f762-11e1-a439-00145eb45e9a","4e11d750-bafb-11d9-8e53-b8a03c50a862","none","602f1096-f762-11e1-a439-00145eb45e9a","AT","BIOCASE","2018-12-06T04:09:04.323+0000","2018-11-05T10:48:50.294+0000",41,"none","PRESERVED_SPECIMEN",3866664,6,7707728,220,690,6683,8323398,3866664,3866664,"Bellucia dichotoma Cogn.","Bellucia dichotoma Cogn.","Plantae","Tracheophyta","Myrtales","Melastomataceae","Bellucia","Bellucia dichotoma","Bellucia","dichotoma","SPECIES","ACCEPTED","none",NA,NA,"",1850,4,NA,"1850-04-01T00:00:00","","2018-12-06T00:06:57.276+0000","http://creativecommons.org/licenses/by/4.0/legalcode","none","none","none","WGS84","Magnoliopsida","BR","Brazil","","","","","","In vicinibus Santarem, Prov. Parà.","","Herbarium W",1701429123,"","","Spruce,R.","1889-0009630","W","","","","","S. S. Renner 1985","","","","","","",NA,"","",NA,"","","","","","","","",NA,"",NA,"","",NA,"","",NA,NA,NA,NA,NA,NA,NA,"",NA,NA,"","","","","","brazil",NA,"",NA,NA,NA,"","","",NA,NA,NA,"",-2.44306,-54.70833,"original coordinates","original coordinates outside municipality original in  falls in santarem"
"55","Bellucia dichotoma",1144577778,-5.64861,-52.53,"gass84,rdativ","63e9e22d-a649-4087-b39e-acb1651af077","43a26bbf-466a-4335-96cc-01d0656c614a","none","6040a0d6-f762-11e1-a439-00145eb45e9a","CH","BIOCASE","2018-12-11T19:49:07.297+0000","2018-03-08T03:32:45.920+0000",41,"none","PRESERVED_SPECIMEN",3866664,6,7707728,220,690,6683,8323398,3866664,3866664,"Bellucia dichotoma Cogn.","Bellucia dichotoma Cogn.","Plantae","Tracheophyta","Myrtales","Melastomataceae","Bellucia","Bellucia dichotoma","Bellucia","dichotoma","SPECIES","ACCEPTED","none",NA,NA,"",NA,NA,NA,"none","","2018-12-06T21:53:13.729+0000","http://creativecommons.org/licenses/by-nc/4.0/legalcode","none","none","none","WGS84","Magnoliopsida","BR","Brazil","","","","","","Pará - In vicinibus Santarem, Prov. Parà/Estado do Pará","","Geneva Herbarium – De Candolle's Prodromus (G-DC)",1144577778,"","","Spruce, R.","G-DC-258924/1","G","","","","","Renner, S. S. (1986)","","","","","","",NA,"","",NA,"","","","","","","","",NA,"",NA,"","",NA,"","",NA,NA,NA,NA,NA,NA,NA,"",NA,NA,"","ISOSYNTYPE","Bellucia dichotoma Cogn.","","","brazil",NA,"",NA,NA,NA,"","","",NA,NA,NA,"",-5.64861,-52.53,"original coordinates","original coordinates outside municipality original in  falls in sao felix do xingu"
"56","Bellucia dichotoma",1228200253,-10.8339,-52.8731,"gass84","90c853e6-56bd-480b-8e8f-6285c3f8d42b","7b8aff00-a9f8-11d8-944b-b8a03c50a862","none","3b84ff5b-79ce-427c-acb7-b4004e160f66","US","DWC_ARCHIVE","2018-11-22T21:38:37.075+0000","2018-11-22T21:38:37.094+0000",97,"none","PRESERVED_SPECIMEN",3866664,6,7707728,220,690,6683,8323398,3866664,3866664,"Bellucia dichotoma Cogn.","Bellucia dichotoma Cogn.","Plantae","Tracheophyta","Myrtales","Melastomataceae","Bellucia","Bellucia dichotoma","Bellucia","dichotoma","SPECIES","ACCEPTED","none",NA,NA,"",NA,NA,NA,"none","","2018-12-07T20:09:13.800+0000","http://creativecommons.org/publicdomain/zero/1.0/legalcode","none","none","none","WGS84","Magnoliopsida","BR","Brazil","The Field Museum of Natural History","e564fcb5-2d12-43e1-90aa-67c1805a50fe","9816","Negatives/Types","","","en","Botany",1228200253,"e564fcb5-2d12-43e1-90aa-67c1805a50fe","PhysicalObject","A. F. M. Glaziou",NA,"F","F","","","","","SOUTH_AMERICA","","","ICBN","F","",NA,"","",NA,"Botany","","","","","","","Plantae Spermatophyta Dicotyledoneae Melastomataceae",NA,"",NA,"","South America, BRAZIL",NA,"","",NA,NA,NA,NA,NA,NA,NA,"http://fieldmuseum.org/about/copyright-information",NA,242706,"seeds-20-nov-2018","TYPE","","","","brazil",NA,"",NA,NA,NA,"","","",NA,NA,NA,"",-10.8339,-52.8731,"original coordinates","original coordinates outside municipality original in  falls in sao jose do xingu"
"57","Bellucia dichotoma",1260611345,-2.88333,-59.96666,"gass84","7bd65a7a-f762-11e1-a439-00145eb45e9a","90fd6680-349f-11d8-aa2d-b8a03c50a862","none","c4e134d3-c68f-406d-a116-6a37895602e0","US","DWC_ARCHIVE","2018-06-20T08:03:02.122+0000","2016-03-21T16:09:48.384+0000",28,"none","PRESERVED_SPECIMEN",3866664,6,7707728,220,690,6683,8323398,3866664,3866664,"Bellucia dichotoma Cogn.","Bellucia dichotoma Cogn.","Plantae","Tracheophyta","Myrtales","Melastomataceae","Bellucia","Bellucia dichotoma","Bellucia","dichotoma","SPECIES","ACCEPTED","1995-01-01T00:00:00",NA,NA,"Amazonas",NA,NA,NA,"none","2014-01-03T21:57:00.000+0000","2018-12-09T00:37:16.234+0000","http://creativecommons.org/licenses/by/4.0/legalcode","none","none","none","WGS84","Magnoliopsida","BR","Brazil","Missouri Botanical Garden","urn:catalog:MO:Tropicos:3216965","Hopkins 1463","Tropicos","","Reserva Florestal Ducke, Manaus-Itacoatiara, km 26. Clareira perto do alojamento. Capoeira.","","MO",1260611345,"urn:catalog:MO:Tropicos:3216965","PhysicalObject","Michael J.G. Hopkins|J.R. Nascimento|E. da C. Pereira","3216965","MO","MOBOT","","","","Renner, S.S.","SOUTH_AMERICA","","","ICNafp","","",NA,"","",NA,"http://biocol.org/urn:lsid:biocol.org:col:15859","","","","","","","",NA,"No opinion",20300361,"http://www.tropicos.org/Specimen/3216965","",NA,"","",NA,NA,NA,NA,NA,NA,NA,"",NA,NA,"","","","","Amazonas","brazil",NA,"",NA,NA,NA,"","","Amazonas",-64.65219948,-4.15548242,"Amazonas","am",-2.88333,-59.96666,"original coordinates","original coordinates outside municipality original in  falls in manaus"
"58","Bellucia dichotoma",1090155438,-3.841247,-51.823881,"gass84","0c00cc8f-fd48-4771-acae-216bfc42dfc2","dbf378dd-b030-4049-bc9c-b5b8643e67cd","none","b38ff2b7-c8af-454e-b5af-ee760f0d5bca","BR","DWC_ARCHIVE","2018-11-24T12:36:11.581+0000","2018-10-25T12:35:43.509+0000",130,"none","PRESERVED_SPECIMEN",3866664,6,7707728,220,690,6683,8323398,3866664,3866664,"Bellucia dichotoma Cogn.","Bellucia dichotoma Cogn.","Plantae","Tracheophyta","Myrtales","Melastomataceae","Bellucia","Bellucia dichotoma","Bellucia","dichotoma","SPECIES","ACCEPTED","none",0,0,"Amapá",NA,NA,NA,"none","2018-10-16T18:33:22.000+0000","2018-12-08T04:39:59.121+0000","http://creativecommons.org/licenses/by-nc/4.0/legalcode","none","none","none","WGS84","Magnoliopsida","BR","Brazil","MFS - Herbário Profª. Drª. Marlene Freitas da Silva","BRA:UEPA:MFS:0000004992","1575","MFS - Herbário Profª. Drª. Marlene Freitas da Silva","Oíapoque","","pt","MFS",1090155438,"BRA:UEPA:MFS:0000004992","Collection","Lucas, F.C.A.","004992","UEPA","Universidade do Estado do Pará (UEPA)","Árvore de 9 m de alt5ura com fruto imaturo verde.","","","","","","","","","",NA,"","",NA,"","","","","","","","",NA,"",NA,"","",NA,"","",NA,NA,NA,NA,NA,NA,NA,"",NA,NA,"","","","Oíapoque","Amapá","brazil",5564,"Oiapoque",1600501,-51.900829,3.104499,"AMAPA","AP","Amapá",-51.9538472,1.44881681,"Amapá","ap",-3.841247,-51.823881,"original coordinates","original coordinates outside municipality original in oiapoque falls in senador jose porfirio"
