"","name","key","decimalLatitude","decimalLongitude","issues","datasetKey","publishingOrgKey","networkKeys","installationKey","publishingCountry","protocol","lastCrawled","lastParsed","crawlId","extensions","basisOfRecord","taxonKey","kingdomKey","phylumKey","classKey","orderKey","familyKey","genusKey","speciesKey","acceptedTaxonKey","scientificName","acceptedScientificName","kingdom","phylum","order","family","genus","species","genericName","specificEpithet","taxonRank","taxonomicStatus","dateIdentified","stateProvince.original","year","month","day","eventDate","lastInterpreted","license","identifiers","facts","relations","geodeticDatum","class","countryCode","country.original","rightsHolder","identifier","recordNumber","datasetName","municipality.original","locality","language","collectionCode","gbifID","occurrenceID","type","recordedBy","catalogNumber","otherCatalogNumbers","institutionCode","ownerInstitutionCode","occurrenceRemarks","identifiedBy","continent","modified","fieldNotes","elevation","elevationAccuracy","references","nomenclaturalCode","institutionID","verbatimEventDate","endDayOfYear","county","preparations","startDayOfYear","verbatimElevation","collectionID","typeStatus","coordinateUncertaintyInMeters","habitat","georeferenceProtocol","georeferenceSources","identificationRemarks","georeferencedDate","municipality","stateProvince","country","FID","NOME","GEOCODIGO","POINT_X","POINT_Y","NOMEUF","SIGLAUF","estados_shp","x_estado","y_estado","nome","sigla","new_Lat","new_Lon","notes","comments"
"1","Ficus bahiensis",1944983355,-12.211111,-38.2025,"gass84","bc81e05b-ed51-46ba-a0a4-90fbae9b5545","c6aacf9d-a5a7-4d7f-a6fc-ea0a4b8ec450","none","b38ff2b7-c8af-454e-b5af-ee760f0d5bca","BR","DWC_ARCHIVE","2018-11-24T12:34:55.150+0000","2018-11-24T12:34:55.170+0000",122,"none","PRESERVED_SPECIMEN",5571703,6,7707728,220,691,6640,2984588,5571703,5571703,"Ficus bahiensis C.C.Berg & Carauta","Ficus bahiensis C.C.Berg & Carauta","Plantae","Tracheophyta","Rosales","Moraceae","Ficus","Ficus bahiensis","Ficus","bahiensis","SPECIES","ACCEPTED","none","Bahia",2016,3,2,"2016-03-02T00:00:00","2018-11-24T12:36:01.804+0000","http://creativecommons.org/licenses/by-nc/4.0/legalcode","none","none","none","WGS84","Magnoliopsida","BR","Brazil","CEPEC - Herbário do Centro de Pesquisas do Cacau","BRA:CEPLAC:CEPEC:0000153290","181","CEPEC - Herbário do Centro de Pesquisas do Cacau","araçás","Conglomerado BA_722-4-8-13","pt","CEPEC",1944983355,"BRA:CEPLAC:CEPEC:0000153290","Collection","Schulte, T.F.","153290","15/5/2017","Comissão Executiva do Plano da Lavoura Cacaueira (CEPLAC)","Comissão Executiva do Plano da Lavoura Cacaueira (CEPLAC)","<ll>dwc_commonname:</ll>","R. Asprino","","","",NA,NA,"","","","",NA,"","",NA,NA,"","",NA,"","","","","","araçás","Bahia","brazil",3570,"Araças",2902054,-38.214061,-12.177535,"BAHIA","BA","Bahia",-41.72018023,-12.47295682,"Bahia","ba",-12.211111,-38.2025,"original coordinates","original coordinates OK"
"2","Ficus bahiensis",1455752870,-12.92,-38.318333,"gass84","5b5cf455-a448-4c0a-aecd-3e0956f27f10","afdd8e93-b4e3-491c-88f0-8a22834ac1a9","none","b38ff2b7-c8af-454e-b5af-ee760f0d5bca","BR","DWC_ARCHIVE","2018-12-03T14:13:54.769+0000","2018-12-03T16:16:13.259+0000",122,"none","PRESERVED_SPECIMEN",5571703,6,7707728,220,691,6640,2984588,5571703,5571703,"Ficus bahiensis C.C.Berg & Carauta","Ficus bahiensis C.C.Berg & Carauta","Plantae","Tracheophyta","Rosales","Moraceae","Ficus","Ficus bahiensis","Ficus","bahiensis","SPECIES","ACCEPTED","2017-01-01T00:00:00","Bahia",2016,10,20,"2016-10-20T00:00:00","2018-12-03T16:17:15.297+0000","http://creativecommons.org/licenses/by-nc/4.0/legalcode","none","none","none","WGS84","Magnoliopsida","BR","Brazil","ALCB - Herbário Alexandre Leal Costa","BRA:UFBA:ALCB:0000126363","25075","ALCB - Herbário Alexandre Leal Costa","Lauro de Freitas","UNIDUNAS, parcela nº3.","pt","ALCB",1455752870,"BRA:UFBA:ALCB:0000126363","Collection","Guedes, ML; Barbosa, MCF; Sales, EF; Teixeira, Lde J","126363","","Universidade Federal da Bahia (UFBA)","Universidade Federal da Bahia (UFBA)","látex leitoso. Folhas cartáceas, discolores. Inflorescência axilar, sincônio.","Guedes, ML","SOUTH_AMERICA","2018-08-28T19:13:24.000+0000","",NA,NA,"","","","",NA,"","",NA,NA,"","",NA,"","","","","","Lauro de Freitas","Bahia","brazil",3475,"Lauro de Freitas",2919207,-38.335338,-12.858924,"BAHIA","BA","Bahia",-41.72018023,-12.47295682,"Bahia","ba",-12.92,-38.318333,"original coordinates","original coordinates outside municipality original in lauro de freitas falls in salvador"
"3","Ficus bahiensis",1213523308,-12.166667,-37.783333,"gass84,iddatunl","a8e78a51-12b2-4ca1-8945-6d909022ef6a","6cc5aff1-f24c-4d67-a827-a666dc680b66","none","b38ff2b7-c8af-454e-b5af-ee760f0d5bca","BR","DWC_ARCHIVE","2018-11-24T12:31:58.524+0000","2018-08-03T12:12:42.171+0000",121,"none","PRESERVED_SPECIMEN",5571703,6,7707728,220,691,6640,2984588,5571703,5571703,"Ficus bahiensis C.C.Berg & Carauta","Ficus bahiensis C.C.Berg & Carauta","Plantae","Tracheophyta","Rosales","Moraceae","Ficus","Ficus bahiensis","Ficus","bahiensis","SPECIES","ACCEPTED","2015-01-01T00:00:00","Bahia",2015,1,10,"2015-01-10T00:00:00","2018-08-03T12:12:46.106+0000","http://creativecommons.org/licenses/by-nc/4.0/legalcode","none","none","none","WGS84","Magnoliopsida","BR","Brazil","HURB - Herbário do Recôncavo da Bahia","BRA:UFRB:HURB:0000012262","940","HURB - Herbário do Recôncavo da Bahia","Mata de São João","Condomínio particular Quintas de Sauípe;","pt","HURB",1213523308,"BRA:UFRB:HURB:0000012262","Collection","Marinho, L.C.; Pimenta, K.M.","12262","","UFRB","Universidade Federal do Recôncavo da Bahia (UFRB)","Látex alvo. Fotos e material em sílica. Sem alcoolHábito: árvore","A.F.P.Machado","","","",NA,NA,"","","","",NA,"","",NA,NA,"","",NA,"","","","","","Mata de São João","Bahia","brazil",3532,"Mata de São João",2921005,-38.14797,-12.478165,"BAHIA","BA","Bahia",-41.72018023,-12.47295682,"Bahia","ba",-12.166667,-37.783333,"original coordinates","original coordinates outside municipality original in mata de sao joao falls in esplanada"
"4","Ficus bahiensis",1423918486,-6.558611,-38.610278,"cdround,gass84","4300f8d5-1ae5-49e5-a101-63894b005868","838537fc-4aeb-4980-8b58-97fbdcd1d91a","none","da7fe11a-b42c-46cb-9e9d-02243edb738a","BR","DWC_ARCHIVE","2018-10-02T15:35:14.083+0000","2018-09-24T19:57:57.933+0000",207,"none","PRESERVED_SPECIMEN",5571703,6,7707728,220,691,6640,2984588,5571703,5571703,"Ficus bahiensis C.C.Berg & Carauta","Ficus bahiensis C.C.Berg & Carauta","Plantae","Tracheophyta","Rosales","Moraceae","Ficus","Ficus bahiensis","Ficus","bahiensis","SPECIES","ACCEPTED","2017-03-30T00:00:00","Paraíba",2014,9,23,"2014-09-23T00:00:00","2018-12-06T16:55:30.135+0000","http://creativecommons.org/licenses/by/4.0/legalcode","none","none","none","WGS84","Magnoliopsida","BR","Brazil","Rio de Janeiro Botanical Garden","urn:catalog:JBRJ:RB:1147422","1819","RB - Rio de Janeiro Botanical Garden Herbarium Collection","Triunfo","Nas proximidades do olho d´água do Sítio Gamela, ca. 1 Km a NW da sede municipal.","","RB",1423918486,"urn:catalog:JBRJ:RB:1147422","PhysicalObject","J.L. Costa-Lima; F.M.S. Sena; J.S. Oliveira","RB01147422","RB 655388","JBRJ","","","L.C. Pederneiras","","2017-04-12T15:54:37.052+0000","Nativa; Savana Estépica; Luvissolo Crômico Pálico; Caatinga.",NA,NA,"","","","",NA,"","",NA,NA,"","",NA,"","","","","","Triunfo","Paraíba","brazil",4701,"Triunfo",2516805,-38.573411,-6.606622,"PARAIBA","PB","Paraíba",-36.83226341,-7.12079672,"Paraíba","pb",-6.558611,-38.610278,"original coordinates","original coordinates OK"
"5","Ficus bahiensis",1944981911,-14.58,-39.599722,"gass84","bc81e05b-ed51-46ba-a0a4-90fbae9b5545","c6aacf9d-a5a7-4d7f-a6fc-ea0a4b8ec450","none","b38ff2b7-c8af-454e-b5af-ee760f0d5bca","BR","DWC_ARCHIVE","2018-11-24T12:34:53.096+0000","2018-11-24T12:34:53.125+0000",122,"none","PRESERVED_SPECIMEN",5571703,6,7707728,220,691,6640,2984588,5571703,5571703,"Ficus bahiensis C.C.Berg & Carauta","Ficus bahiensis C.C.Berg & Carauta","Plantae","Tracheophyta","Rosales","Moraceae","Ficus","Ficus bahiensis","Ficus","bahiensis","SPECIES","ACCEPTED","none","Bahia",2014,10,30,"2014-10-30T00:00:00","2018-11-24T12:36:01.016+0000","http://creativecommons.org/licenses/by-nc/4.0/legalcode","none","none","none","WGS84","Magnoliopsida","BR","Brazil","CEPEC - Herbário do Centro de Pesquisas do Cacau","BRA:CEPLAC:CEPEC:0000150653","503","CEPEC - Herbário do Centro de Pesquisas do Cacau","COARACI","Conglomerado BA_1250-extra","pt","CEPEC",1944981911,"BRA:CEPLAC:CEPEC:0000150653","Collection","Oliveira, N.E.","150653","","Comissão Executiva do Plano da Lavoura Cacaueira (CEPLAC)","Comissão Executiva do Plano da Lavoura Cacaueira (CEPLAC)","<ll>dwc_commonname:</ll>","","","","",NA,NA,"","","","",NA,"","",NA,NA,"","",NA,"","","","","","COARACI","Bahia","brazil",3268,"Coaraci",2908002,-39.593377,-14.631037,"BAHIA","BA","Bahia",-41.72018023,-12.47295682,"Bahia","ba",-14.58,-39.599722,"original coordinates","original coordinates OK"
"6","Ficus bahiensis",1638347162,-16.200278,-39.060278,"cdround,gass84","4300f8d5-1ae5-49e5-a101-63894b005868","838537fc-4aeb-4980-8b58-97fbdcd1d91a","none","da7fe11a-b42c-46cb-9e9d-02243edb738a","BR","DWC_ARCHIVE","2018-10-02T15:37:09.963+0000","2018-09-24T19:58:50.089+0000",207,"none","PRESERVED_SPECIMEN",5571703,6,7707728,220,691,6640,2984588,5571703,5571703,"Ficus bahiensis C.C.Berg & Carauta","Ficus bahiensis C.C.Berg & Carauta","Plantae","Tracheophyta","Rosales","Moraceae","Ficus","Ficus bahiensis","Ficus","bahiensis","SPECIES","ACCEPTED","2015-11-11T00:00:00","Bahia",2014,12,3,"2014-12-03T00:00:00","2018-12-06T03:12:52.532+0000","http://creativecommons.org/licenses/by/4.0/legalcode","none","none","none","WGS84","Magnoliopsida","BR","Brazil","Rio de Janeiro Botanical Garden","urn:catalog:JBRJ:RB:1357211","128","RB - Rio de Janeiro Botanical Garden Herbarium Collection","Belmonte","Conglomerado BA_1381-2-1-1","","RB",1638347162,"urn:catalog:JBRJ:RB:1357211","PhysicalObject","Paulino, R. C.","RB01357211","RB 743144","JBRJ","","Árvore, exsudado observado, tipo látex, cor branco. Casca externa marrom e fina, casca interna verde, tipo áspera, desprendimento: mão informado, com odor. Flor verde. Frutos carnosos, forma arredondada, cor externa verde, consistência em arilo","L. Daneu","","2017-08-28T14:17:11.751+0000","",NA,NA,"","","","",NA,"","",NA,NA,"","",NA,"","","","","","Belmonte","Bahia","brazil",3079,"Belmonte",2903409,-39.185654,-15.936505,"BAHIA","BA","Bahia",-41.72018023,-12.47295682,"Bahia","ba",-16.200278,-39.060278,"original coordinates","original coordinates outside municipality original in belmonte falls in santa cruz cabralia"
"7","Ficus bahiensis",1089186978,-11.406611,-37.440611,"gass84","c9bc6b8d-a4ff-4a47-9cff-d0d1b9e548c7","f4cf14c8-58db-4947-a93c-e43f2b7fe171","none","b38ff2b7-c8af-454e-b5af-ee760f0d5bca","BR","DWC_ARCHIVE","2018-11-24T12:33:21.965+0000","2018-11-24T12:33:22.061+0000",128,"none","PRESERVED_SPECIMEN",5571703,6,7707728,220,691,6640,2984588,5571703,5571703,"Ficus bahiensis C.C.Berg & Carauta","Ficus bahiensis C.C.Berg & Carauta","Plantae","Tracheophyta","Rosales","Moraceae","Ficus","Ficus bahiensis","Ficus","bahiensis","SPECIES","ACCEPTED","2012-05-01T00:00:00","Sergipe",2012,4,16,"2012-04-16T00:00:00","2018-12-08T04:38:51.808+0000","http://creativecommons.org/licenses/by-nc/4.0/legalcode","none","none","none","WGS84","Magnoliopsida","BR","Brazil","JPB - Herbário Lauro Pires Xavier","BRA:UFPB:JPB:0000050832","102","JPB - Herbário Lauro Pires Xavier","Santa Luzia do Itanhy","RPPN Mata do Crasto","pt","JPB",1089186978,"BRA:UFPB:JPB:0000050832","Collection","Déda, RM; Amorim, BS; Chagas, MA; Costa-Lima, JL; Lourenço, AR; Santos, E","50832","","UFPB","Universidade Federal da Paraíba, UFPB","Árvore com ca. de 7m. Com frutos amarelos quando maduros e verdes quando imaturos. Com látex branco.; Mata Atlântica.; HABITAT: Mata Atlântica.; DESC: Árvore com ca. de 7m. Com frutos amarelos quando maduros e verdes quando imaturos.","Déda, RM","SOUTH_AMERICA","2018-11-05T21:17:41.000+0000","",0,0,"","","","",NA,"","",NA,NA,"","",NA,"","","","","","Santa Luzia do Itanhy","Sergipe","brazil",3694,"Santa Luzia do Itanhy",2806305,-37.507024,-11.361095,"SERGIPE","SE","Sergipe",-37.44360505,-10.583842,"Sergipe","se",-11.406611,-37.440611,"original coordinates","original coordinates OK"
"8","Ficus bahiensis",1077244573,-12.983333,-38.5,"gass84","5b5cf455-a448-4c0a-aecd-3e0956f27f10","afdd8e93-b4e3-491c-88f0-8a22834ac1a9","none","b38ff2b7-c8af-454e-b5af-ee760f0d5bca","BR","DWC_ARCHIVE","2018-12-03T14:13:48.650+0000","2018-12-03T16:16:08.687+0000",122,"none","PRESERVED_SPECIMEN",5571703,6,7707728,220,691,6640,2984588,5571703,5571703,"Ficus bahiensis C.C.Berg & Carauta","Ficus bahiensis C.C.Berg & Carauta","Plantae","Tracheophyta","Rosales","Moraceae","Ficus","Ficus bahiensis","Ficus","bahiensis","SPECIES","ACCEPTED","2013-03-01T00:00:00","Bahia",2012,11,6,"2012-11-06T00:00:00","2018-12-06T14:16:40.126+0000","http://creativecommons.org/licenses/by-nc/4.0/legalcode","none","none","none","WGS84","Magnoliopsida","BR","Brazil","ALCB - Herbário Alexandre Leal Costa","BRA:UFBA:ALCB:0000109788","162","ALCB - Herbário Alexandre Leal Costa","Salvador","Salvador","pt","ALCB",1077244573,"BRA:UFBA:ALCB:0000109788","Collection","Oliveira, DSC de; Mattos Andrade, PE de; Duplat, VS; Guedes, ML","109788","","Universidade Federal da Bahia (UFBA)","Universidade Federal da Bahia (UFBA)","","Oliveira, DSC de","SOUTH_AMERICA","2017-09-12T18:03:52.000+0000","",NA,NA,"","","","",NA,"","",NA,NA,"","",NA,"","","","","","Salvador","Bahia","brazil",3474,"Salvador",2927408,-38.51033,-12.871185,"BAHIA","BA","Bahia",-41.72018023,-12.47295682,"Bahia","ba",-12.983333,-38.5,"original coordinates","original coordinates OK"
"9","Ficus bahiensis",1077237595,-11.677778,-37.546944,"gass84","5b5cf455-a448-4c0a-aecd-3e0956f27f10","afdd8e93-b4e3-491c-88f0-8a22834ac1a9","none","b38ff2b7-c8af-454e-b5af-ee760f0d5bca","BR","DWC_ARCHIVE","2018-12-03T14:13:43.999+0000","2018-12-03T16:16:05.276+0000",122,"none","PRESERVED_SPECIMEN",5571703,6,7707728,220,691,6640,2984588,5571703,5571703,"Ficus bahiensis C.C.Berg & Carauta","Ficus bahiensis C.C.Berg & Carauta","Plantae","Tracheophyta","Rosales","Moraceae","Ficus","Ficus bahiensis","Ficus","bahiensis","SPECIES","ACCEPTED","2011-11-01T00:00:00","Bahia",2011,1,25,"2011-01-25T00:00:00","2018-12-06T14:16:37.403+0000","http://creativecommons.org/licenses/by-nc/4.0/legalcode","none","none","none","WGS84","Magnoliopsida","BR","Brazil","ALCB - Herbário Alexandre Leal Costa","BRA:UFBA:ALCB:0000098582","676","ALCB - Herbário Alexandre Leal Costa","Jandaíra","Litoral Norte, Caminho para Costa Azul","pt","ALCB",1077237595,"BRA:UFBA:ALCB:0000098582","Collection","Gomes, FS; Guedes, ML; Costa, AS","98582","","Universidade Federal da Bahia (UFBA)","Universidade Federal da Bahia (UFBA)","ca. 12 m alt. Látex branco. Folhas coriáceas, discolores. Sincônios verdes.; arbustivo-arbórea.","Gomes, FS","SOUTH_AMERICA","2018-08-28T19:13:24.000+0000","",32,0,"","","","",NA,"","",NA,NA,"","",NA,"","","","","","Jandaíra","Bahia","brazil",3653,"Jandaíra",2917904,-37.597289,-11.597756,"BAHIA","BA","Bahia",-41.72018023,-12.47295682,"Bahia","ba",-11.677778,-37.546944,"original coordinates","original coordinates OK"
"10","Ficus bahiensis",1096932816,-16.123559,-39.17731,"gass84","86894738-457d-4d25-89ca-d05231a02d46","c38fb00b-8564-406c-b05b-2720815a0bd0","none","b38ff2b7-c8af-454e-b5af-ee760f0d5bca","BR","DWC_ARCHIVE","2018-11-14T17:17:35.304+0000","2018-07-04T19:29:24.573+0000",138,"none","PRESERVED_SPECIMEN",5571703,6,7707728,220,691,6640,2984588,5571703,5571703,"Ficus bahiensis C.C.Berg & Carauta","Ficus bahiensis C.C.Berg & Carauta","Plantae","Tracheophyta","Rosales","Moraceae","Ficus","Ficus bahiensis","Ficus","bahiensis","SPECIES","ACCEPTED","2011-06-07T00:00:00","Bahia",2011,3,30,"2011-03-30T00:00:00","2018-07-07T13:11:16.976+0000","http://creativecommons.org/licenses/by-nc/4.0/legalcode","none","none","none","WGS84","Magnoliopsida","BR","Brazil","CVRD - Herbário da Reserva Natural Vale","BRA:CVRD:CVRD:0000013402","6773","CVRD - Herbário da Reserva Natural Vale","BELMONTE","","pt","CVRD",1096932816,"BRA:CVRD:CVRD:0000013402","Collection","Folli, D.A.","13402","","Reserva Natural Vale (CVRD)","Reserva Natural Vale (CVRD)","<ll>dwc_commonname:</ll> Gameleira vermelha","Geovane S. Siqueira","SOUTH_AMERICA","","",71,0,"","","","",NA,"","",NA,NA,"","",NA,"","","","","","BELMONTE","Bahia","brazil",3079,"Belmonte",2903409,-39.185654,-15.936505,"BAHIA","BA","Bahia",-41.72018023,-12.47295682,"Bahia","ba",-16.123559,-39.17731,"original coordinates","original coordinates outside municipality original in belmonte falls in santa cruz cabralia"
"11","Ficus bahiensis",1094892574,-12.05,-38,"gass84","2e684fd6-09e2-4661-910a-0a188b610c04","60545be9-4f28-4245-b4b4-07635c8dfa54","none","b38ff2b7-c8af-454e-b5af-ee760f0d5bca","BR","DWC_ARCHIVE","2018-11-14T17:19:37.974+0000","2018-09-10T18:27:20.106+0000",124,"none","PRESERVED_SPECIMEN",5571703,6,7707728,220,691,6640,2984588,5571703,5571703,"Ficus bahiensis C.C.Berg & Carauta","Ficus bahiensis C.C.Berg & Carauta","Plantae","Tracheophyta","Rosales","Moraceae","Ficus","Ficus bahiensis","Ficus","bahiensis","SPECIES","ACCEPTED","none","Bahia",2011,7,20,"2011-07-20T00:00:00","2018-09-10T18:27:45.388+0000","http://creativecommons.org/licenses/by-nc/4.0/legalcode","none","none","none","WGS84","Magnoliopsida","BR","Brazil","HUEFS - Herbario da Universidade Estadual de Feira de Santana","BRA:UEFS:HUEFS:0000175489","904","HUEFS - Herbario da Universidade Estadual de Feira de Santana","Entre Rios","Imbé.","pt","HUEFS",1094892574,"BRA:UEFS:HUEFS:0000175489","Collection","Popovkin, A.V.","175489","","UEFS","Universidade Estadual de Feira de Santana (UEFS)","Atlantic Forest.","","","","",NA,NA,"","","","",NA,"","",NA,NA,"","",NA,"","","","","","Entre Rios","Bahia","brazil",3584,"Entre Rios",2910503,-38.042945,-12.073204,"BAHIA","BA","Bahia",-41.72018023,-12.47295682,"Bahia","ba",-12.05,-38,"original coordinates","original coordinates outside municipality original in entre rios falls in cardeal da silva"
"12","Ficus bahiensis",1094897630,-11.565556,-49.463333,"gass84","2e684fd6-09e2-4661-910a-0a188b610c04","60545be9-4f28-4245-b4b4-07635c8dfa54","none","b38ff2b7-c8af-454e-b5af-ee760f0d5bca","BR","DWC_ARCHIVE","2018-11-14T17:19:41.361+0000","2018-09-10T18:27:23.858+0000",124,"none","PRESERVED_SPECIMEN",5571703,6,7707728,220,691,6640,2984588,5571703,5571703,"Ficus bahiensis C.C.Berg & Carauta","Ficus bahiensis C.C.Berg & Carauta","Plantae","Tracheophyta","Rosales","Moraceae","Ficus","Ficus bahiensis","Ficus","bahiensis","SPECIES","ACCEPTED","none","Bahia",2011,7,26,"2011-07-26T00:00:00","2018-09-10T18:27:49.421+0000","http://creativecommons.org/licenses/by-nc/4.0/legalcode","none","none","none","WGS84","Magnoliopsida","BR","Brazil","HUEFS - Herbario da Universidade Estadual de Feira de Santana","BRA:UEFS:HUEFS:0000180585","256","HUEFS - Herbario da Universidade Estadual de Feira de Santana","Jandaíra","Fazenda LUZOMAR.","pt","HUEFS",1094897630,"BRA:UEFS:HUEFS:0000180585","Collection","Matos, E.N.de","180585","","UEFS","Universidade Estadual de Feira de Santana (UEFS)","Floresta","","","","",NA,NA,"","","","",NA,"","",NA,NA,"","",NA,"","","","","","Jandaíra","Bahia","brazil",3653,"Jandaíra",2917904,-37.597289,-11.597756,"BAHIA","BA","Bahia",-41.72018023,-12.47295682,"Bahia","ba",-11.565556,-49.463333,"original coordinates","original coordinates outside municipality original in jandaira falls in duere"
"13","Ficus bahiensis",1094905654,-11.543333,-37.481667,"gass84","2e684fd6-09e2-4661-910a-0a188b610c04","60545be9-4f28-4245-b4b4-07635c8dfa54","none","b38ff2b7-c8af-454e-b5af-ee760f0d5bca","BR","DWC_ARCHIVE","2018-11-14T17:19:45.608+0000","2018-09-10T18:27:28.272+0000",124,"none","PRESERVED_SPECIMEN",5571703,6,7707728,220,691,6640,2984588,5571703,5571703,"Ficus bahiensis C.C.Berg & Carauta","Ficus bahiensis C.C.Berg & Carauta","Plantae","Tracheophyta","Rosales","Moraceae","Ficus","Ficus bahiensis","Ficus","bahiensis","SPECIES","ACCEPTED","none","Bahia",2011,11,30,"2011-11-30T00:00:00","2018-09-10T18:27:54.358+0000","http://creativecommons.org/licenses/by-nc/4.0/legalcode","none","none","none","WGS84","Magnoliopsida","BR","Brazil","HUEFS - Herbario da Universidade Estadual de Feira de Santana","BRA:UEFS:HUEFS:0000188792","2935","HUEFS - Herbario da Universidade Estadual de Feira de Santana","Jandaira","Abadia-Fazenda Areia Branca","pt","HUEFS",1094905654,"BRA:UEFS:HUEFS:0000188792","Collection","Matos, E.N.de","188792","","UEFS","Universidade Estadual de Feira de Santana (UEFS)","Restinga. Floresta.","","","","",NA,NA,"","","","",NA,"","",NA,NA,"","",NA,"","","","","","Jandaira","Bahia","brazil",3653,"Jandaíra",2917904,-37.597289,-11.597756,"BAHIA","BA","Bahia",-41.72018023,-12.47295682,"Bahia","ba",-11.543333,-37.481667,"original coordinates","original coordinates OK"
"14","Ficus bahiensis",1424424944,-11.41,-37.440556,"cdround,gass84","4300f8d5-1ae5-49e5-a101-63894b005868","838537fc-4aeb-4980-8b58-97fbdcd1d91a","none","da7fe11a-b42c-46cb-9e9d-02243edb738a","BR","DWC_ARCHIVE","2018-10-02T15:42:15.357+0000","2018-09-24T20:03:31.701+0000",207,"none","PRESERVED_SPECIMEN",5571703,6,7707728,220,691,6640,2984588,5571703,5571703,"Ficus bahiensis C.C.Berg & Carauta","Ficus bahiensis C.C.Berg & Carauta","Plantae","Tracheophyta","Rosales","Moraceae","Ficus","Ficus bahiensis","Ficus","bahiensis","SPECIES","ACCEPTED","2015-10-21T00:00:00","Sergipe",2011,11,11,"2011-11-11T00:00:00","2018-12-06T17:00:15.507+0000","http://creativecommons.org/licenses/by/4.0/legalcode","none","none","none","WGS84","Magnoliopsida","BR","Brazil","Rio de Janeiro Botanical Garden","urn:catalog:JBRJ:RB:729477","256","RB - Rio de Janeiro Botanical Garden Herbarium Collection","Santa Luzia do Itanhy","RPPN Mata do Crastro.","","RB",1424424944,"urn:catalog:JBRJ:RB:729477","PhysicalObject","L.A. Gomes; R.M. Deda; E. Santos","RB00729477","RB 556657","JBRJ","","Árvore com ca. 8m. Frutos imaturos verde amarelados e maturos vermelhos. Possui látex branco.","A.F.P.Machado","","2015-10-21T15:55:45.081+0000","",NA,NA,"","","","",NA,"","",NA,NA,"","",NA,"","","","","","Santa Luzia do Itanhy","Sergipe","brazil",3694,"Santa Luzia do Itanhy",2806305,-37.507024,-11.361095,"SERGIPE","SE","Sergipe",-37.44360505,-10.583842,"Sergipe","se",-11.41,-37.440556,"original coordinates","original coordinates OK"
"15","Ficus bahiensis",1094905109,-14.386389,-39.039167,"gass84,iddatunl","2e684fd6-09e2-4661-910a-0a188b610c04","60545be9-4f28-4245-b4b4-07635c8dfa54","none","b38ff2b7-c8af-454e-b5af-ee760f0d5bca","BR","DWC_ARCHIVE","2018-11-14T17:19:45.408+0000","2018-09-10T18:27:28.046+0000",124,"none","PRESERVED_SPECIMEN",5571703,6,7707728,220,691,6640,2984588,5571703,5571703,"Ficus bahiensis C.C.Berg & Carauta","Ficus bahiensis C.C.Berg & Carauta","Plantae","Tracheophyta","Rosales","Moraceae","Ficus","Ficus bahiensis","Ficus","bahiensis","SPECIES","ACCEPTED","2013-02-01T00:00:00","Bahia",2011,12,3,"2011-12-03T00:00:00","2018-09-10T18:27:54.010+0000","http://creativecommons.org/licenses/by-nc/4.0/legalcode","none","none","none","WGS84","Magnoliopsida","BR","Brazil","HUEFS - Herbario da Universidade Estadual de Feira de Santana","BRA:UEFS:HUEFS:0000188234","26","HUEFS - Herbario da Universidade Estadual de Feira de Santana","Itacaré","Campo Cheiroso. Rodovia Ilhéus-Itacaré, Km 46.","pt","HUEFS",1094905109,"BRA:UEFS:HUEFS:0000188234","Collection","Pereira, R.C.A.","188234","","UEFS","Universidade Estadual de Feira de Santana (UEFS)","Floresta Ombrófila Densa.","A.F.P.Machado","","","",NA,NA,"","","","",NA,"","",NA,NA,"","",NA,"","","","","","Itacaré","Bahia","brazil",3305,"Itacaré",2914901,-39.157785,-14.360606,"BAHIA","BA","Bahia",-41.72018023,-12.47295682,"Bahia","ba",-14.386389,-39.039167,"original coordinates","original coordinates OK"
"16","Ficus bahiensis",1087678359,-10.758056,-37.315,"gass84","76823beb-2f33-47a6-96a1-ccd2df47ac28","9243118c-e750-412b-91f4-ac987666eee1","none","b38ff2b7-c8af-454e-b5af-ee760f0d5bca","BR","DWC_ARCHIVE","2018-11-23T18:46:57.556+0000","2018-09-24T19:50:07.874+0000",132,"none","PRESERVED_SPECIMEN",5571703,6,7707728,220,691,6640,2984588,5571703,5571703,"Ficus bahiensis C.C.Berg & Carauta","Ficus bahiensis C.C.Berg & Carauta","Plantae","Tracheophyta","Rosales","Moraceae","Ficus","Ficus bahiensis","Ficus","bahiensis","SPECIES","ACCEPTED","2015-08-04T00:00:00","Sergipe",2009,3,NA,"2009-03-01T00:00:00","2018-12-08T13:05:55.654+0000","http://creativecommons.org/licenses/by-nc/4.0/legalcode","none","none","none","WGS84","Magnoliopsida","BR","Brazil","ASE - Herbário da Universidade Federal de Sergipe","BRA:UFS:ASE:0000014701","223","ASE - Herbário da Universidade Federal de Sergipe","Areia Branca","Parque Nacional da Serra de Itabaiana","pt","ASE",1087678359,"BRA:UFS:ASE:0000014701","Collection","Matos, ECA","14701","","Universidade Federal de Sergipe, UFS","Universidade Federal de Sergipe, UFS","","Machado, AFP","SOUTH_AMERICA","2018-08-31T18:28:29.000+0000","",NA,NA,"","","","",NA,"","",NA,NA,"","",NA,"","","","","","Areia Branca","Sergipe","brazil",3769,"Areia Branca",2800506,-37.331991,-10.788646,"SERGIPE","SE","Sergipe",-37.44360505,-10.583842,"Sergipe","se",-10.758056,-37.315,"original coordinates","original coordinates OK"
"17","Ficus bahiensis",1094888753,-15.27,-39.051389,"gass84,iddatunl","2e684fd6-09e2-4661-910a-0a188b610c04","60545be9-4f28-4245-b4b4-07635c8dfa54","none","b38ff2b7-c8af-454e-b5af-ee760f0d5bca","BR","DWC_ARCHIVE","2018-11-14T17:19:35.715+0000","2018-09-10T18:27:17.521+0000",124,"none","PRESERVED_SPECIMEN",5571703,6,7707728,220,691,6640,2984588,5571703,5571703,"Ficus bahiensis C.C.Berg & Carauta","Ficus bahiensis C.C.Berg & Carauta","Plantae","Tracheophyta","Rosales","Moraceae","Ficus","Ficus bahiensis","Ficus","bahiensis","SPECIES","ACCEPTED","2012-06-01T00:00:00","Bahia",2009,6,27,"2009-06-27T00:00:00","2018-09-10T18:27:43.131+0000","http://creativecommons.org/licenses/by-nc/4.0/legalcode","none","none","none","WGS84","Magnoliopsida","BR","Brazil","HUEFS - Herbario da Universidade Estadual de Feira de Santana","BRA:UEFS:HUEFS:0000171682","923","HUEFS - Herbario da Universidade Estadual de Feira de Santana","Una","Rodovia Ilhéus-Una (BA-001), a 55km de Ilhéus, estrada vicinal em direção a pedra de Una. Floresta ombrófila densa sobre tabuleiro.","pt","HUEFS",1094888753,"BRA:UEFS:HUEFS:0000171682","Collection","Saavedra, M.M.","171682","","UEFS","Universidade Estadual de Feira de Santana (UEFS)","Floresta.","A.F.P.Machado","","","",71,0,"","","","",NA,"","",NA,NA,"","",NA,"","","","","","Una","Bahia","brazil",3186,"Una",2932507,-39.154571,-15.224128,"BAHIA","BA","Bahia",-41.72018023,-12.47295682,"Bahia","ba",-15.27,-39.051389,"original coordinates","original coordinates OK"
"18","Ficus bahiensis",1135077447,-17.686667,-39.248611,"gass84","bc81e05b-ed51-46ba-a0a4-90fbae9b5545","c6aacf9d-a5a7-4d7f-a6fc-ea0a4b8ec450","none","b38ff2b7-c8af-454e-b5af-ee760f0d5bca","BR","DWC_ARCHIVE","2018-11-24T12:34:41.535+0000","2018-11-24T12:34:41.541+0000",122,"none","PRESERVED_SPECIMEN",5571703,6,7707728,220,691,6640,2984588,5571703,5571703,"Ficus bahiensis C.C.Berg & Carauta","Ficus bahiensis C.C.Berg & Carauta","Plantae","Tracheophyta","Rosales","Moraceae","Ficus","Ficus bahiensis","Ficus","bahiensis","SPECIES","ACCEPTED","none","Bahia",2008,4,11,"2008-04-11T00:00:00","2018-11-24T12:35:55.801+0000","http://creativecommons.org/licenses/by-nc/4.0/legalcode","none","none","none","WGS84","Magnoliopsida","BR","Brazil","CEPEC - Herbário do Centro de Pesquisas do Cacau","BRA:CEPLAC:CEPEC:0000136752","399","CEPEC - Herbário do Centro de Pesquisas do Cacau","caravelas","Extremo Sul da Bahia. Área entre os Rios do Macaco e Massangano. Em Área particula da COOPEX, onde há intenções de implementação da Fazs. de camarões (carcinicultura).","pt","CEPEC",1135077447,"BRA:CEPLAC:CEPEC:0000136752","Collection","H. M. Dias","136752","15/07/2011","Comissão Executiva do Plano da Lavoura Cacaueira (CEPLAC)","Comissão Executiva do Plano da Lavoura Cacaueira (CEPLAC)","","L. C. Pederneira","","","",NA,NA,"","","","",NA,"","",NA,NA,"","",NA,"","","","","","caravelas","Bahia","brazil",2833,"Caravelas",2906907,-39.695063,-17.656909,"BAHIA","BA","Bahia",-41.72018023,-12.47295682,"Bahia","ba",-17.686667,-39.248611,"original coordinates","original coordinates OK"
"19","Ficus bahiensis",1424251831,-9.481389,-56.442222,"cdround,gass84","4300f8d5-1ae5-49e5-a101-63894b005868","838537fc-4aeb-4980-8b58-97fbdcd1d91a","none","da7fe11a-b42c-46cb-9e9d-02243edb738a","BR","DWC_ARCHIVE","2018-10-02T15:40:31.373+0000","2018-09-24T20:01:48.651+0000",207,"none","PRESERVED_SPECIMEN",5571703,6,7707728,220,691,6640,2984588,5571703,5571703,"Ficus bahiensis C.C.Berg & Carauta","Ficus bahiensis C.C.Berg & Carauta","Plantae","Tracheophyta","Rosales","Moraceae","Ficus","Ficus bahiensis","Ficus","bahiensis","SPECIES","ACCEPTED","2017-03-30T00:00:00","Mato Grosso",2008,6,1,"2008-06-01T00:00:00","2018-12-06T16:58:34.017+0000","http://creativecommons.org/licenses/by/4.0/legalcode","none","none","none","WGS84","Magnoliopsida","BR","Brazil","Rio de Janeiro Botanical Garden","urn:catalog:JBRJ:RB:534879","642","RB - Rio de Janeiro Botanical Garden Herbarium Collection","Paranaíta","Ilha Porto de Areia.","","RB",1424251831,"urn:catalog:JBRJ:RB:534879","PhysicalObject","V.Maioli; R.M.Dias, Sirineu & Chiquinho","RB00534879","RB 454527","JBRJ","","Folhas discolores mais claras na face inferior, pilosa. Frutos verdes.","L.C. Pederneiras","","2017-10-18T18:27:20.023+0000","",203,NA,"","","","",NA,"","",NA,NA,"","",NA,"","","","","","Paranaíta","Mato Grosso","brazil",3982,"Paranaíta",5106299,-56.684596,-9.592842,"MATO GROSSO","MT","Mato Grosso",-55.91290105,-12.94917881,"Mato Grosso","mt",-9.481389,-56.442222,"original coordinates","original coordinates OK"
"20","Ficus bahiensis",1094899280,-13.263889,-41.917778,"gass84,iddatunl","2e684fd6-09e2-4661-910a-0a188b610c04","60545be9-4f28-4245-b4b4-07635c8dfa54","none","b38ff2b7-c8af-454e-b5af-ee760f0d5bca","BR","DWC_ARCHIVE","2018-11-14T17:19:42.248+0000","2018-09-10T18:27:24.741+0000",124,"none","PRESERVED_SPECIMEN",5571703,6,7707728,220,691,6640,2984588,5571703,5571703,"Ficus bahiensis C.C.Berg & Carauta","Ficus bahiensis C.C.Berg & Carauta","Plantae","Tracheophyta","Rosales","Moraceae","Ficus","Ficus bahiensis","Ficus","bahiensis","SPECIES","ACCEPTED","2013-05-01T00:00:00","Bahia",2008,11,NA,"2008-11-01T00:00:00","2018-09-10T18:27:50.515+0000","http://creativecommons.org/licenses/by-nc/4.0/legalcode","none","none","none","WGS84","Magnoliopsida","BR","Brazil","HUEFS - Herbario da Universidade Estadual de Feira de Santana","BRA:UEFS:HUEFS:0000182197","621","HUEFS - Herbario da Universidade Estadual de Feira de Santana","Rio do Pires","Serra Itubira. Mata do Cigano.","pt","HUEFS",1094899280,"BRA:UEFS:HUEFS:0000182197","Collection","Nascimento, F.H.F.","182197","","UEFS","Universidade Estadual de Feira de Santana (UEFS)","Floresta Alto Montana.","A.F.P.Machado","","","",1750,0,"","","","",NA,"","",NA,NA,"","",NA,"","","","","","Rio do Pires","Bahia","brazil",3443,"Rio do Pires",2926905,-42.147263,-13.136186,"BAHIA","BA","Bahia",-41.72018023,-12.47295682,"Bahia","ba",-13.263889,-41.917778,"original coordinates","original coordinates OK"
"21","Ficus bahiensis",1094863354,-12.017778,-38.048611,"gass84","2e684fd6-09e2-4661-910a-0a188b610c04","60545be9-4f28-4245-b4b4-07635c8dfa54","none","b38ff2b7-c8af-454e-b5af-ee760f0d5bca","BR","DWC_ARCHIVE","2018-11-14T17:19:19.878+0000","2018-09-10T18:27:04.843+0000",124,"none","PRESERVED_SPECIMEN",5571703,6,7707728,220,691,6640,2984588,5571703,5571703,"Ficus bahiensis C.C.Berg & Carauta","Ficus bahiensis C.C.Berg & Carauta","Plantae","Tracheophyta","Rosales","Moraceae","Ficus","Ficus bahiensis","Ficus","bahiensis","SPECIES","ACCEPTED","none","Bahia",2008,12,31,"2008-12-31T00:00:00","2018-09-10T18:27:23.906+0000","http://creativecommons.org/licenses/by-nc/4.0/legalcode","none","none","none","WGS84","Magnoliopsida","BR","Brazil","HUEFS - Herbario da Universidade Estadual de Feira de Santana","BRA:UEFS:HUEFS:0000146071","473","HUEFS - Herbario da Universidade Estadual de Feira de Santana","Entre Rios","Fazenda Rio do Negro. Residual stands of the Atlantic Forest of the Rio do Negro valley, ca. 15 km southeast of Entre Rios.","pt","HUEFS",1094863354,"BRA:UEFS:HUEFS:0000146071","Collection","Popovkin, A.V.","146071","","UEFS","Universidade Estadual de Feira de Santana (UEFS)","","","","","",NA,NA,"","","","",NA,"","",NA,NA,"","",NA,"","","","","","Entre Rios","Bahia","brazil",3584,"Entre Rios",2910503,-38.042945,-12.073204,"BAHIA","BA","Bahia",-41.72018023,-12.47295682,"Bahia","ba",-12.017778,-38.048611,"original coordinates","original coordinates OK"
"22","Ficus bahiensis",1094844396,-14.705833,-39.603333,"gass84,iddatunl","2e684fd6-09e2-4661-910a-0a188b610c04","60545be9-4f28-4245-b4b4-07635c8dfa54","none","b38ff2b7-c8af-454e-b5af-ee760f0d5bca","BR","DWC_ARCHIVE","2018-11-14T17:19:07.352+0000","2018-09-10T18:26:55.115+0000",124,"none","PRESERVED_SPECIMEN",5571703,6,7707728,220,691,6640,2984588,5571703,5571703,"Ficus bahiensis C.C.Berg & Carauta","Ficus bahiensis C.C.Berg & Carauta","Plantae","Tracheophyta","Rosales","Moraceae","Ficus","Ficus bahiensis","Ficus","bahiensis","SPECIES","ACCEPTED","2010-09-01T00:00:00","Bahia",2007,4,19,"2007-04-19T00:00:00","2018-09-10T18:27:11.348+0000","http://creativecommons.org/licenses/by-nc/4.0/legalcode","none","none","none","WGS84","Magnoliopsida","BR","Brazil","HUEFS - Herbario da Universidade Estadual de Feira de Santana","BRA:UEFS:HUEFS:0000126863","1281","HUEFS - Herbario da Universidade Estadual de Feira de Santana","Almadina","Serra do Corcovado. 9,8 Km ao SW de Coarací na estrada para Almadina, daí N até a Fazenda ão José. Proprietário Senhor São Francisco. Parte alta da encosta.","pt","HUEFS",1094844396,"BRA:UEFS:HUEFS:0000126863","Collection","Lopes, M.M.M.","126863","","UEFS","Universidade Estadual de Feira de Santana (UEFS)","","A.F.P.Machado","","","",800,0,"","","","",NA,"","",NA,NA,"","",NA,"","","","","","Almadina","Bahia","brazil",3258,"Almadina",2900900,-39.663617,-14.70145,"BAHIA","BA","Bahia",-41.72018023,-12.47295682,"Bahia","ba",-14.705833,-39.603333,"original coordinates","original coordinates OK"
"23","Ficus bahiensis",1094846520,-12.517222,-45.0975,"gass84,iddatunl","2e684fd6-09e2-4661-910a-0a188b610c04","60545be9-4f28-4245-b4b4-07635c8dfa54","none","b38ff2b7-c8af-454e-b5af-ee760f0d5bca","BR","DWC_ARCHIVE","2018-11-14T17:19:08.776+0000","2018-09-10T18:26:55.956+0000",124,"none","PRESERVED_SPECIMEN",5571703,6,7707728,220,691,6640,2984588,5571703,5571703,"Ficus bahiensis C.C.Berg & Carauta","Ficus bahiensis C.C.Berg & Carauta","Plantae","Tracheophyta","Rosales","Moraceae","Ficus","Ficus bahiensis","Ficus","bahiensis","SPECIES","ACCEPTED","2011-11-01T00:00:00","Bahia",2007,7,21,"2007-07-21T00:00:00","2018-09-10T18:27:12.625+0000","http://creativecommons.org/licenses/by-nc/4.0/legalcode","none","none","none","WGS84","Magnoliopsida","BR","Brazil","HUEFS - Herbario da Universidade Estadual de Feira de Santana","BRA:UEFS:HUEFS:0000129002","857","HUEFS - Herbario da Universidade Estadual de Feira de Santana","São Desidério","Manoel de Souza.","pt","HUEFS",1094846520,"BRA:UEFS:HUEFS:0000129002","Collection","Cotrim, A.","129002","","UEFS","Universidade Estadual de Feira de Santana (UEFS)","Área antropizada.","A.F.P.Machado","","","",583,0,"","","","",NA,"","",NA,NA,"","",NA,"","","","","","São Desidério","Bahia","brazil",3489,"São Desidério",2928901,-45.482902,-12.798637,"BAHIA","BA","Bahia",-41.72018023,-12.47295682,"Bahia","ba",-12.517222,-45.0975,"original coordinates","original coordinates OK"
"24","Ficus bahiensis",1090513009,-14.416667,-39.083333,"gass84","bc81e05b-ed51-46ba-a0a4-90fbae9b5545","c6aacf9d-a5a7-4d7f-a6fc-ea0a4b8ec450","none","b38ff2b7-c8af-454e-b5af-ee760f0d5bca","BR","DWC_ARCHIVE","2018-11-24T12:34:30.719+0000","2018-11-24T12:34:30.727+0000",122,"none","PRESERVED_SPECIMEN",5571703,6,7707728,220,691,6640,2984588,5571703,5571703,"Ficus bahiensis C.C.Berg & Carauta","Ficus bahiensis C.C.Berg & Carauta","Plantae","Tracheophyta","Rosales","Moraceae","Ficus","Ficus bahiensis","Ficus","bahiensis","SPECIES","ACCEPTED","none","Bahia",2007,7,15,"2007-07-15T00:00:00","2018-12-08T04:42:58.988+0000","http://creativecommons.org/licenses/by-nc/4.0/legalcode","none","none","none","WGS84","Magnoliopsida","BR","Brazil","CEPEC - Herbário do Centro de Pesquisas do Cacau","BRA:CEPLAC:CEPEC:0000123760","550","CEPEC - Herbário do Centro de Pesquisas do Cacau","URUÇUCA","Parque Estadual da Serra do Conduru","pt","CEPEC",1090513009,"BRA:CEPLAC:CEPEC:0000123760","Collection","Piotto, D.","123760","","Comissão Executiva do Plano da Lavoura Cacaueira (CEPLAC)","Comissão Executiva do Plano da Lavoura Cacaueira (CEPLAC)","Floresta secundária, idade: 25 anos, sítio: 9 , linha: 7 , #: 9 , dist.: 16.5 , dap: 11.7 cm, altura: 10 m","Sem Informação","","2018-11-14T18:12:31.000+0000","",120,0,"","","","",NA,"","",NA,NA,"","",NA,"","","","","","URUÇUCA","Bahia","brazil",3281,"Uruçuca",2932705,-39.232321,-14.527691,"BAHIA","BA","Bahia",-41.72018023,-12.47295682,"Bahia","ba",-14.416667,-39.083333,"original coordinates","original coordinates outside municipality original in urucuca falls in itacare"
"25","Ficus bahiensis",1094859704,-14.705833,-39.603333,"gass84,iddatunl","2e684fd6-09e2-4661-910a-0a188b610c04","60545be9-4f28-4245-b4b4-07635c8dfa54","none","b38ff2b7-c8af-454e-b5af-ee760f0d5bca","BR","DWC_ARCHIVE","2018-11-14T17:19:17.610+0000","2018-09-10T18:27:02.585+0000",124,"none","PRESERVED_SPECIMEN",5571703,6,7707728,220,691,6640,2984588,5571703,5571703,"Ficus bahiensis C.C.Berg & Carauta","Ficus bahiensis C.C.Berg & Carauta","Plantae","Tracheophyta","Rosales","Moraceae","Ficus","Ficus bahiensis","Ficus","bahiensis","SPECIES","ACCEPTED","2010-09-01T00:00:00","Bahia",2007,8,12,"2007-08-12T00:00:00","2018-09-10T18:27:20.333+0000","http://creativecommons.org/licenses/by-nc/4.0/legalcode","none","none","none","WGS84","Magnoliopsida","BR","Brazil","HUEFS - Herbario da Universidade Estadual de Feira de Santana","BRA:UEFS:HUEFS:0000142344","2121","HUEFS - Herbario da Universidade Estadual de Feira de Santana","Almadina","Serra do Corcovado. 13,8 km ao SW de Coaraci na estrada para Almadina. Faz. São José. Proprietário Sr. Francisco. Floresta ombrófila Densa Montana.","pt","HUEFS",1094859704,"BRA:UEFS:HUEFS:0000142344","Collection","Cardoso, D.","142344","","UEFS","Universidade Estadual de Feira de Santana (UEFS)","","A.F.P.Machado","","","",775,125,"","","","",NA,"","",NA,NA,"","",NA,"","","","","","Almadina","Bahia","brazil",3258,"Almadina",2900900,-39.663617,-14.70145,"BAHIA","BA","Bahia",-41.72018023,-12.47295682,"Bahia","ba",-14.705833,-39.603333,"original coordinates","original coordinates OK"
"26","Ficus bahiensis",1094823218,-12.933333,-38.35,"gass84,iddatunl","2e684fd6-09e2-4661-910a-0a188b610c04","60545be9-4f28-4245-b4b4-07635c8dfa54","none","b38ff2b7-c8af-454e-b5af-ee760f0d5bca","BR","DWC_ARCHIVE","2018-11-14T17:18:53.260+0000","2018-09-10T18:26:45.119+0000",124,"none","PRESERVED_SPECIMEN",5571703,6,7707728,220,691,6640,2984588,5571703,5571703,"Ficus bahiensis C.C.Berg & Carauta","Ficus bahiensis C.C.Berg & Carauta","Plantae","Tracheophyta","Rosales","Moraceae","Ficus","Ficus bahiensis","Ficus","bahiensis","SPECIES","ACCEPTED","2006-02-01T00:00:00","Bahia",2006,2,3,"2006-02-03T00:00:00","2018-09-10T18:26:57.849+0000","http://creativecommons.org/licenses/by-nc/4.0/legalcode","none","none","none","WGS84","Magnoliopsida","BR","Brazil","HUEFS - Herbario da Universidade Estadual de Feira de Santana","BRA:UEFS:HUEFS:0000105515","1071","HUEFS - Herbario da Universidade Estadual de Feira de Santana","Camaçari","Arembepe. Condomínio Laguna.","pt","HUEFS",1094823218,"BRA:UEFS:HUEFS:0000105515","Collection","Cardoso, D.","105515","","UEFS","Universidade Estadual de Feira de Santana (UEFS)","Fragmentos de restinga arbórea com áreas abertas em solo bastante arenoso.","R.M.de Castro","","","",5.5,3.5,"","","","",NA,"","",NA,NA,"","",NA,"","","","","","Camaçari","Bahia","brazil",3510,"Camaçari",2905701,-38.207021,-12.66877,"BAHIA","BA","Bahia",-41.72018023,-12.47295682,"Bahia","ba",-12.933333,-38.35,"original coordinates","original coordinates outside municipality original in camacari falls in salvador"
"27","Ficus bahiensis",1094823213,-12.933333,-38.35,"gass84,iddatunl","2e684fd6-09e2-4661-910a-0a188b610c04","60545be9-4f28-4245-b4b4-07635c8dfa54","none","b38ff2b7-c8af-454e-b5af-ee760f0d5bca","BR","DWC_ARCHIVE","2018-11-14T17:18:53.273+0000","2018-09-10T18:26:45.114+0000",124,"none","PRESERVED_SPECIMEN",5571703,6,7707728,220,691,6640,2984588,5571703,5571703,"Ficus bahiensis C.C.Berg & Carauta","Ficus bahiensis C.C.Berg & Carauta","Plantae","Tracheophyta","Rosales","Moraceae","Ficus","Ficus bahiensis","Ficus","bahiensis","SPECIES","ACCEPTED","2006-02-01T00:00:00","Bahia",2006,2,3,"2006-02-03T00:00:00","2018-09-10T18:26:57.818+0000","http://creativecommons.org/licenses/by-nc/4.0/legalcode","none","none","none","WGS84","Magnoliopsida","BR","Brazil","HUEFS - Herbario da Universidade Estadual de Feira de Santana","BRA:UEFS:HUEFS:0000105500","1056","HUEFS - Herbario da Universidade Estadual de Feira de Santana","Camaçari","Arembepe. Condomínio Laguna.","pt","HUEFS",1094823213,"BRA:UEFS:HUEFS:0000105500","Collection","Cardoso, D.","105500","","UEFS","Universidade Estadual de Feira de Santana (UEFS)","Fragmentos de restinga arbórea com áreas abertas em solo bastante arenoso.","R.M.de Castro","","","",5.5,3.5,"","","","",NA,"","",NA,NA,"","",NA,"","","","","","Camaçari","Bahia","brazil",3510,"Camaçari",2905701,-38.207021,-12.66877,"BAHIA","BA","Bahia",-41.72018023,-12.47295682,"Bahia","ba",-12.933333,-38.35,"original coordinates","original coordinates outside municipality original in camacari falls in salvador"
"28","Ficus bahiensis",1094810833,-13.083333,-41.366667,"gass84,iddatunl","2e684fd6-09e2-4661-910a-0a188b610c04","60545be9-4f28-4245-b4b4-07635c8dfa54","none","b38ff2b7-c8af-454e-b5af-ee760f0d5bca","BR","DWC_ARCHIVE","2018-11-14T17:18:44.677+0000","2018-09-10T18:26:39.281+0000",124,"none","PRESERVED_SPECIMEN",5571703,6,7707728,220,691,6640,2984588,5571703,5571703,"Ficus bahiensis C.C.Berg & Carauta","Ficus bahiensis C.C.Berg & Carauta","Plantae","Tracheophyta","Rosales","Moraceae","Ficus","Ficus bahiensis","Ficus","bahiensis","SPECIES","ACCEPTED","2006-01-01T00:00:00","Bahia",2005,1,20,"2005-01-20T00:00:00","2018-09-10T18:26:50.828+0000","http://creativecommons.org/licenses/by-nc/4.0/legalcode","none","none","none","WGS84","Magnoliopsida","BR","Brazil","HUEFS - Herbario da Universidade Estadual de Feira de Santana","BRA:UEFS:HUEFS:0000092956","1103","HUEFS - Herbario da Universidade Estadual de Feira de Santana","Mucugê","Base do Pico do Gobira. Área de cultivo (agricultura de subsistência) e pastagem com manchas de vegetação florestal em regeneração.","pt","HUEFS",1094810833,"BRA:UEFS:HUEFS:0000092956","Collection","Castro, R.M.","92956","","UEFS","Universidade Estadual de Feira de Santana (UEFS)","Campo rupestre no declive. Blocos de rocha expostos. Nascentes e cursos d'água efêmeros presentes.","A.Rapini","","","",NA,NA,"","","","",NA,"","",NA,NA,"","",NA,"","","","","","Mucugê","Bahia","brazil",3451,"Mucugê",2921906,-41.469352,-13.061639,"BAHIA","BA","Bahia",-41.72018023,-12.47295682,"Bahia","ba",-13.083333,-41.366667,"original coordinates","original coordinates OK"
"29","Ficus bahiensis",1094818667,-11.881944,-45.825833,"gass84,iddatunl","2e684fd6-09e2-4661-910a-0a188b610c04","60545be9-4f28-4245-b4b4-07635c8dfa54","none","b38ff2b7-c8af-454e-b5af-ee760f0d5bca","BR","DWC_ARCHIVE","2018-11-14T17:18:49.864+0000","2018-09-10T18:26:42.893+0000",124,"none","PRESERVED_SPECIMEN",5571703,6,7707728,220,691,6640,2984588,5571703,5571703,"Ficus bahiensis C.C.Berg & Carauta","Ficus bahiensis C.C.Berg & Carauta","Plantae","Tracheophyta","Rosales","Moraceae","Ficus","Ficus bahiensis","Ficus","bahiensis","SPECIES","ACCEPTED","2006-01-01T00:00:00","Bahia",2005,9,5,"2005-09-05T00:00:00","2018-09-10T18:26:55.098+0000","http://creativecommons.org/licenses/by-nc/4.0/legalcode","none","none","none","WGS84","Magnoliopsida","BR","Brazil","HUEFS - Herbario da Universidade Estadual de Feira de Santana","BRA:UEFS:HUEFS:0000100899","4020","HUEFS - Herbario da Universidade Estadual de Feira de Santana","Barreiras","Rio de Janeiro. Vereda formada.","pt","HUEFS",1094818667,"BRA:UEFS:HUEFS:0000100899","Collection","Melo, E.","100899","","UEFS","Universidade Estadual de Feira de Santana (UEFS)","Cerrado s.s.","R.M.de Castro","","","",750,0,"","","","",NA,"","",NA,NA,"","",NA,"","","","","","Barreiras","Bahia","brazil",3594,"Barreiras",2903201,-45.522683,-12.018207,"BAHIA","BA","Bahia",-41.72018023,-12.47295682,"Bahia","ba",-11.881944,-45.825833,"original coordinates","original coordinates OK"
"30","Ficus bahiensis",1094796130,-12.315,-37.831389,"gass84,iddatunl","2e684fd6-09e2-4661-910a-0a188b610c04","60545be9-4f28-4245-b4b4-07635c8dfa54","none","b38ff2b7-c8af-454e-b5af-ee760f0d5bca","BR","DWC_ARCHIVE","2018-11-14T17:18:35.936+0000","2018-09-10T18:26:31.141+0000",124,"none","PRESERVED_SPECIMEN",5571703,6,7707728,220,691,6640,2984588,5571703,5571703,"Ficus bahiensis C.C.Berg & Carauta","Ficus bahiensis C.C.Berg & Carauta","Plantae","Tracheophyta","Rosales","Moraceae","Ficus","Ficus bahiensis","Ficus","bahiensis","SPECIES","ACCEPTED","2005-11-01T00:00:00","Bahia",2004,1,21,"2004-01-21T00:00:00","2018-09-10T18:26:41.892+0000","http://creativecommons.org/licenses/by-nc/4.0/legalcode","none","none","none","WGS84","Magnoliopsida","BR","Brazil","HUEFS - Herbario da Universidade Estadual de Feira de Santana","BRA:UEFS:HUEFS:0000078174","415","HUEFS - Herbario da Universidade Estadual de Feira de Santana","Mata de São João","Massarandupió","pt","HUEFS",1094796130,"BRA:UEFS:HUEFS:0000078174","Collection","Macedo, G.E.L.","78174","","UEFS","Universidade Estadual de Feira de Santana (UEFS)","Restinga. Dunas.","","","","",NA,NA,"","","","",NA,"","",NA,NA,"","",NA,"","","","","","Mata de São João","Bahia","brazil",3532,"Mata de São João",2921005,-38.14797,-12.478165,"BAHIA","BA","Bahia",-41.72018023,-12.47295682,"Bahia","ba",-12.315,-37.831389,"original coordinates","original coordinates outside municipality original in mata de sao joao falls in entre rios"
"31","Ficus bahiensis",1087032278,-16.423056,-39.353889,"gass84","cd6905cf-54d7-4628-b762-f63d269e239b","4205110f-3f0f-40d8-bd0f-2fa71bc827b5","none","b38ff2b7-c8af-454e-b5af-ee760f0d5bca","BR","DWC_ARCHIVE","2018-11-14T17:15:10.751+0000","2018-11-14T17:15:10.862+0000",135,"none","PRESERVED_SPECIMEN",5571703,6,7707728,220,691,6640,2984588,5571703,5571703,"Ficus bahiensis C.C.Berg & Carauta","Ficus bahiensis C.C.Berg & Carauta","Plantae","Tracheophyta","Rosales","Moraceae","Ficus","Ficus bahiensis","Ficus","bahiensis","SPECIES","ACCEPTED","2004-12-01T00:00:00","Bahia",2004,12,6,"2004-12-06T00:00:00","2018-12-08T13:02:05.794+0000","http://creativecommons.org/licenses/by-nc/4.0/legalcode","none","none","none","WGS84","Magnoliopsida","BR","Brazil","R - Herbário do Museu Nacional","BRA:MN:R:0000215190","1066","R - Herbário do Museu Nacional","Eunápolis","","pt","R",1087032278,"BRA:MN:R:0000215190","Collection","Castro, R.M.","215190","","MN","Museu Nacional (MN)","mata atlântica, cabruca (lavoura de cacau sob árvores remanescentes da mata) substrato argiloso","Castro, R.M.","","2018-10-18T12:02:15.000+0000","",40,0,"","","","",NA,"","",NA,NA,"","",NA,"","","","","","Eunápolis","Bahia","brazil",3021,"Eunápolis",2910727,-39.605974,-16.298544,"BAHIA","BA","Bahia",-41.72018023,-12.47295682,"Bahia","ba",-16.423056,-39.353889,"original coordinates","original coordinates outside municipality original in eunapolis falls in porto seguro"
"32","Ficus bahiensis",1094781117,-12.933333,-38.35,"gass84,iddatunl","2e684fd6-09e2-4661-910a-0a188b610c04","60545be9-4f28-4245-b4b4-07635c8dfa54","none","b38ff2b7-c8af-454e-b5af-ee760f0d5bca","BR","DWC_ARCHIVE","2018-11-14T17:18:27.017+0000","2018-09-10T18:26:22.758+0000",124,"none","PRESERVED_SPECIMEN",5571703,6,7707728,220,691,6640,2984588,5571703,5571703,"Ficus bahiensis C.C.Berg & Carauta","Ficus bahiensis C.C.Berg & Carauta","Plantae","Tracheophyta","Rosales","Moraceae","Ficus","Ficus bahiensis","Ficus","bahiensis","SPECIES","ACCEPTED","2005-11-01T00:00:00","Bahia",2002,1,20,"2002-01-20T00:00:00","2018-09-10T18:26:33.118+0000","http://creativecommons.org/licenses/by-nc/4.0/legalcode","none","none","none","WGS84","Magnoliopsida","BR","Brazil","HUEFS - Herbario da Universidade Estadual de Feira de Santana","BRA:UEFS:HUEFS:0000063098","336","HUEFS - Herbario da Universidade Estadual de Feira de Santana","Salvador","Bairro de Stella Maris, APA do Abaeté. Condomínio Petromar.","pt","HUEFS",1094781117,"BRA:UEFS:HUEFS:0000063098","Collection","Costa, J.","63098","","UEFS","Universidade Estadual de Feira de Santana (UEFS)","Restinga em dunas de areias brancas.","","","","",NA,NA,"","","","",NA,"","",NA,NA,"","",NA,"","","","","","Salvador","Bahia","brazil",3474,"Salvador",2927408,-38.51033,-12.871185,"BAHIA","BA","Bahia",-41.72018023,-12.47295682,"Bahia","ba",-12.933333,-38.35,"original coordinates","original coordinates OK"
"33","Ficus bahiensis",1123799503,-19.9075,-40.553056,"gass84","9129ec89-afa7-45af-8b73-509f1f8942ab","667644b9-7b93-4892-80c7-c4271735c515","none","b38ff2b7-c8af-454e-b5af-ee760f0d5bca","BR","DWC_ARCHIVE","2018-10-11T11:54:29.044+0000","2017-12-15T16:34:32.721+0000",129,"none","PRESERVED_SPECIMEN",5571703,6,7707728,220,691,6640,2984588,5571703,5571703,"Ficus bahiensis C.C.Berg & Carauta","Ficus bahiensis C.C.Berg & Carauta","Plantae","Tracheophyta","Rosales","Moraceae","Ficus","Ficus bahiensis","Ficus","bahiensis","SPECIES","ACCEPTED","none","Espírito Santo",2002,4,11,"2002-04-11T00:00:00","2018-12-08T12:04:50.240+0000","http://creativecommons.org/licenses/by-nc/4.0/legalcode","none","none","none","WGS84","Magnoliopsida","BR","Brazil","MBML-Herbario - Herbário Mello Leitão","BRA:MBML:MBML-HERBARIO:0000016820","99","MBML-Herbario - Herbário Mello Leitão","Santa Teresa","Reserva Biológica Augusto Ruschi - Nova Lombardia","pt","MBML-HERBARIO",1123799503,"BRA:MBML:MBML-HERBARIO:0000016820","Collection","R.R. Vervloet; et al","16820","","MBML","Museu de Biologia Professor Mello Leitão, MBML","Árvore 12m de altura, a 5m da estrada, lado direito, frutos imaturos de cor verde clara, maduro de cor marrom avermelhado, planta com látex.","A.F.P. Machado/11-XI-2008","","2017-10-26T10:55:48.000+0000","",NA,NA,"","","","",NA,"","",NA,NA,"","",NA,"","","","","","Santa Teresa","Espírito Santo","brazil",2456,"Santa Teresa",3204609,-40.635175,-19.877577,"ESPIRITO SANTO","ES","Espírito Santo",-40.6681057,-19.57475617,"Espírito Santo","es",-19.9075,-40.553056,"original coordinates","original coordinates OK"
"34","Ficus bahiensis",1077211008,-12.329167,-37.89,"gass84","5b5cf455-a448-4c0a-aecd-3e0956f27f10","afdd8e93-b4e3-491c-88f0-8a22834ac1a9","none","b38ff2b7-c8af-454e-b5af-ee760f0d5bca","BR","DWC_ARCHIVE","2018-12-03T14:09:38.061+0000","2018-12-03T16:15:54.563+0000",122,"none","PRESERVED_SPECIMEN",5571703,6,7707728,220,691,6640,2984588,5571703,5571703,"Ficus bahiensis C.C.Berg & Carauta","Ficus bahiensis C.C.Berg & Carauta","Plantae","Tracheophyta","Rosales","Moraceae","Ficus","Ficus bahiensis","Ficus","bahiensis","SPECIES","ACCEPTED","2006-02-01T00:00:00","Bahia",2001,3,28,"2001-03-28T00:00:00","2018-12-06T14:16:26.241+0000","http://creativecommons.org/licenses/by-nc/4.0/legalcode","none","none","none","WGS84","Magnoliopsida","BR","Brazil","ALCB - Herbário Alexandre Leal Costa","BRA:UFBA:ALCB:0000051871","s/n","ALCB - Herbário Alexandre Leal Costa","Entre Rios","Litoral Norte, Massarandupió, a 20 km de Porto de Sauípe.","pt","ALCB",1077211008,"BRA:UFBA:ALCB:0000051871","Collection","Fonseca, MR; Silva, MCR","51871","","Universidade Federal da Bahia (UFBA)","Universidade Federal da Bahia (UFBA)","6,0 m; látex alvo. Folhas coriáceas, discolores. Frutos imaturos verdes.","Castro, RM de","SOUTH_AMERICA","2018-08-28T19:13:24.000+0000","",NA,NA,"","","","",NA,"","",NA,NA,"","",NA,"","","","","","Entre Rios","Bahia","brazil",3584,"Entre Rios",2910503,-38.042945,-12.073204,"BAHIA","BA","Bahia",-41.72018023,-12.47295682,"Bahia","ba",-12.329167,-37.89,"original coordinates","original coordinates OK"
"35","Ficus bahiensis",1077211499,-12.311667,-37.8375,"gass84","5b5cf455-a448-4c0a-aecd-3e0956f27f10","afdd8e93-b4e3-491c-88f0-8a22834ac1a9","none","b38ff2b7-c8af-454e-b5af-ee760f0d5bca","BR","DWC_ARCHIVE","2018-12-03T14:09:59.249+0000","2018-12-03T16:15:54.664+0000",122,"none","PRESERVED_SPECIMEN",5571703,6,7707728,220,691,6640,2984588,5571703,5571703,"Ficus bahiensis C.C.Berg & Carauta","Ficus bahiensis C.C.Berg & Carauta","Plantae","Tracheophyta","Rosales","Moraceae","Ficus","Ficus bahiensis","Ficus","bahiensis","SPECIES","ACCEPTED","2006-02-01T00:00:00","Bahia",2001,6,17,"2001-06-17T00:00:00","2018-12-06T14:16:26.480+0000","http://creativecommons.org/licenses/by-nc/4.0/legalcode","none","none","none","WGS84","Magnoliopsida","BR","Brazil","ALCB - Herbário Alexandre Leal Costa","BRA:UFBA:ALCB:0000052488","9003","ALCB - Herbário Alexandre Leal Costa","Entre Rios","Litoral Norte, Massarandupió, a 20 km de Porto de Sauípe.","pt","ALCB",1077211499,"BRA:UFBA:ALCB:0000052488","Collection","Guedes, ML; Nascimento, AFS; Santana, DL","52488","","Universidade Federal da Bahia (UFBA)","Universidade Federal da Bahia (UFBA)","6,0 m; látex alvo. Folhas coriáceas, discolores. Inflorescência passada.","Castro, RM de","SOUTH_AMERICA","2018-08-28T19:13:24.000+0000","",NA,NA,"","","","",NA,"","",NA,NA,"","",NA,"","","","","","Entre Rios","Bahia","brazil",3584,"Entre Rios",2910503,-38.042945,-12.073204,"BAHIA","BA","Bahia",-41.72018023,-12.47295682,"Bahia","ba",-12.311667,-37.8375,"original coordinates","original coordinates OK"
"36","Ficus bahiensis",1090487323,-14.735,-39.696111,"gass84,txmathi","bc81e05b-ed51-46ba-a0a4-90fbae9b5545","c6aacf9d-a5a7-4d7f-a6fc-ea0a4b8ec450","none","b38ff2b7-c8af-454e-b5af-ee760f0d5bca","BR","DWC_ARCHIVE","2018-11-24T12:34:09.794+0000","2018-11-24T12:34:09.817+0000",122,"none","PRESERVED_SPECIMEN",5571703,6,7707728,220,691,6640,2984588,5571703,5571703,"Ficus bahiensis C.C.Berg & Carauta","Ficus bahiensis C.C.Berg & Carauta","Plantae","Tracheophyta","Rosales","Moraceae","Ficus","Ficus bahiensis","Ficus","bahiensis","SPECIES","ACCEPTED","none","Bahia",1998,1,21,"1998-01-21T00:00:00","2018-12-08T04:42:48.352+0000","http://creativecommons.org/licenses/by-nc/4.0/legalcode","none","none","none","WGS84","Magnoliopsida","BR","Brazil","CEPEC - Herbário do Centro de Pesquisas do Cacau","BRA:CEPLAC:CEPEC:0000095162","1431","CEPEC - Herbário do Centro de Pesquisas do Cacau","ALMADINA","Rod. Almadina/Ibitupã, entrada ca. 5Km ao W da sede do municipio . Faz. Cruzeiro do Sul. Serra dos sete Paus,ca. 8Km da entrada. Inventário Florestal e Fitrossociologico. # 443.","pt","CEPEC",1090487323,"BRA:CEPLAC:CEPEC:0000095162","Collection","J. G. Jardim","95162","30/12/2004","Comissão Executiva do Plano da Lavoura Cacaueira (CEPLAC)","Comissão Executiva do Plano da Lavoura Cacaueira (CEPLAC)","","R. M. de Castro","","2018-11-14T14:24:36.000+0000","",NA,NA,"","","","",NA,"","",NA,NA,"","",NA,"","","","","","ALMADINA","Bahia","brazil",3258,"Almadina",2900900,-39.663617,-14.70145,"BAHIA","BA","Bahia",-41.72018023,-12.47295682,"Bahia","ba",-14.735,-39.696111,"original coordinates","original coordinates OK"
"37","Ficus bahiensis",1424730418,-15.405556,-45.920556,"cdround,gass84","4300f8d5-1ae5-49e5-a101-63894b005868","838537fc-4aeb-4980-8b58-97fbdcd1d91a","none","da7fe11a-b42c-46cb-9e9d-02243edb738a","BR","DWC_ARCHIVE","2018-10-02T15:36:01.434+0000","2018-06-24T13:13:49.880+0000",207,"none","PRESERVED_SPECIMEN",5571703,6,7707728,220,691,6640,2984588,5571703,5571703,"Ficus bahiensis C.C.Berg & Carauta","Ficus bahiensis C.C.Berg & Carauta","Plantae","Tracheophyta","Rosales","Moraceae","Ficus","Ficus bahiensis","Ficus","bahiensis","SPECIES","ACCEPTED","2003-04-15T00:00:00","Goiás",1997,10,16,"1997-10-16T00:00:00","2018-12-08T17:23:49.425+0000","http://creativecommons.org/licenses/by/4.0/legalcode","none","none","none","WGS84","Magnoliopsida","BR","Brazil","Rio de Janeiro Botanical Garden","urn:catalog:JBRJ:RB:1209335","3420","RB - Rio de Janeiro Botanical Garden Herbarium Collection","Formoso","Parque Nacional Grande Sertão Veredas. Cabeceira do rio Preto. Vereda do Veado","","RB",1424730418,"urn:catalog:JBRJ:RB:1209335","PhysicalObject","M. Aparecida da Silva; A.J.V. Santos; R.C. Mendonça; D. Alvarenga","RB01209335","","JBRJ","","Arbusto ca. 1,6 m de altura. Frutos imaturos verde arroxeados, látex copioso branco","P. Carauta","","2017-10-15T12:22:48.318+0000","relevo plano. Floresta de galeria/Vereda",830,NA,"","","","",NA,"","",NA,NA,"","PARATYPE",NA,"","","","","","Formoso","Goiás","brazil",3377,"Formoso",5208103,-48.867793,-13.722638,"GOIAS","GO","Goiás",-49.62349059,-16.04162242,"Goiás","go",-15.405556,-45.920556,"original coordinates","original coordinates OK"
"38","Ficus bahiensis",1087670779,-11.385528,-37.425861,"gass84","76823beb-2f33-47a6-96a1-ccd2df47ac28","9243118c-e750-412b-91f4-ac987666eee1","none","b38ff2b7-c8af-454e-b5af-ee760f0d5bca","BR","DWC_ARCHIVE","2018-11-23T18:46:54.736+0000","2018-09-24T19:50:04.190+0000",132,"none","PRESERVED_SPECIMEN",5571703,6,7707728,220,691,6640,2984588,5571703,5571703,"Ficus bahiensis C.C.Berg & Carauta","Ficus bahiensis C.C.Berg & Carauta","Plantae","Tracheophyta","Rosales","Moraceae","Ficus","Ficus bahiensis","Ficus","bahiensis","SPECIES","ACCEPTED","2015-08-04T00:00:00","Sergipe",1996,6,20,"1996-06-20T00:00:00","2018-12-08T13:05:52.127+0000","http://creativecommons.org/licenses/by-nc/4.0/legalcode","none","none","none","WGS84","Magnoliopsida","BR","Brazil","ASE - Herbário da Universidade Federal de Sergipe","BRA:UFS:ASE:0000006700","952","ASE - Herbário da Universidade Federal de Sergipe","Santa Luzia do Itanhy","Mata do Crasto","pt","ASE",1087670779,"BRA:UFS:ASE:0000006700","Collection","Landim, M","6700","","Universidade Federal de Sergipe, UFS","Universidade Federal de Sergipe, UFS","Árvore ca. 18 m; casca marrom com ritidomas estreiros e curtos; leite branco, folhas alternas.; Árvore ca. 18 m; casca marrom com ritidomas estreiros e curtos; leite branco, folhas alternas.; Mata","Machado, AFP","SOUTH_AMERICA","2018-08-31T18:28:29.000+0000","",NA,NA,"","","","",NA,"","",NA,NA,"","",NA,"","","","","","Santa Luzia do Itanhy","Sergipe","brazil",3694,"Santa Luzia do Itanhy",2806305,-37.507024,-11.361095,"SERGIPE","SE","Sergipe",-37.44360505,-10.583842,"Sergipe","se",-11.385528,-37.425861,"original coordinates","original coordinates OK"
"39","Ficus bahiensis",1090460060,-14.781944,-39.069167,"gass84","bc81e05b-ed51-46ba-a0a4-90fbae9b5545","c6aacf9d-a5a7-4d7f-a6fc-ea0a4b8ec450","none","b38ff2b7-c8af-454e-b5af-ee760f0d5bca","BR","DWC_ARCHIVE","2018-11-24T12:33:48.412+0000","2018-11-24T12:33:48.439+0000",122,"none","PRESERVED_SPECIMEN",5571703,6,7707728,220,691,6640,2984588,5571703,5571703,"Ficus bahiensis C.C.Berg & Carauta","Ficus bahiensis C.C.Berg & Carauta","Plantae","Tracheophyta","Rosales","Moraceae","Ficus","Ficus bahiensis","Ficus","bahiensis","SPECIES","ACCEPTED","none","Bahia",1995,1,12,"1995-01-12T00:00:00","2018-12-08T04:42:36.614+0000","http://creativecommons.org/licenses/by-nc/4.0/legalcode","none","none","none","WGS84","Magnoliopsida","BR","Brazil","CEPEC - Herbário do Centro de Pesquisas do Cacau","BRA:CEPLAC:CEPEC:0000064178","5438","CEPEC - Herbário do Centro de Pesquisas do Cacau","ILHÉUS","Mata da Esperança. Entrada a 2Km a partir da antiga ponte do Rio Fundão. Árvore n. 1289 Parcela n. 32.","pt","CEPEC",1090460060,"BRA:CEPLAC:CEPEC:0000064178","Collection","A. M. de Carvalho","64178","31/01/2012","Comissão Executiva do Plano da Lavoura Cacaueira (CEPLAC)","Comissão Executiva do Plano da Lavoura Cacaueira (CEPLAC)","","A. F. P. Machado","","2018-11-14T14:24:36.000+0000","",NA,NA,"","","","",NA,"","",NA,NA,"","",NA,"","","","","","ILHÉUS","Bahia","brazil",3250,"Ilhéus",2913606,-39.190761,-14.766458,"BAHIA","BA","Bahia",-41.72018023,-12.47295682,"Bahia","ba",-14.781944,-39.069167,"original coordinates","original coordinates OK"
"40","Ficus bahiensis",1930572507,-15.2970177652254,-39.0751882637406,"cdrep","d415c253-4d61-4459-9d25-4015b9084fb0","ae447c50-b8a8-11d8-92a4-b8a03c50a862","none","17017c2c-036b-45d9-b045-606d21b00771","US","DWC_ARCHIVE","2018-11-18T16:00:03.450+0000","2018-11-18T16:00:03.577+0000",96,"none","PRESERVED_SPECIMEN",5571703,6,7707728,220,691,6640,2984588,5571703,5571703,"Ficus bahiensis C.C.Berg & Carauta","Ficus bahiensis C.C.Berg & Carauta","Plantae","Tracheophyta","Rosales","Moraceae","Ficus","Ficus bahiensis","Ficus","bahiensis","SPECIES","ACCEPTED","2008-01-01T00:00:00","Bahia",1995,4,5,"1995-04-05T00:00:00","2018-12-08T00:44:25.351+0000","http://creativecommons.org/publicdomain/zero/1.0/legalcode","none","none","none","WGS84","Magnoliopsida","BR","Brazil","The New York Botanical Garden","c660b945-99d3-491d-8a40-b4a56edf3a30","6017","Vascular plants","","Ca. 3 km na estrada Una/IlhÃ©us. Entrada para o Distrito de Pedras.","en","NY",1930572507,"c660b945-99d3-491d-8a40-b4a56edf3a30","PhysicalObject","A. M. V. de Carvalho","886797","","NY","","","C. C. Berg","SOUTH_AMERICA","","",0,0,"http://sweetgum.nybg.org/science/vh/specimen_details.php?irn=1062950","ICN","http://biocol.org/urn:lsid:biocol.org:col:15556","05 Apr 1995",95,"Una","sheet",95,NA,"http://biocol.org/urn:lsid:biocol.org:col:15556","",36070,"Mata higrÃ³fila Sul Baiana, mata de restinga perturbada.","Other source","CRIA (Centro de ReferÃªncia em InformaÃ§Ã£o Ambiental)","","","","Bahia","brazil",NA,"",NA,NA,NA,"","","Bahia",-41.72018023,-12.47295682,"Bahia","ba",-15.2970177652254,-39.0751882637406,"original coordinates","original coordinates outside municipality original in  falls in una"
"41","Ficus bahiensis",1094790234,-12.026111,-37.695,"gass84,iddatunl","2e684fd6-09e2-4661-910a-0a188b610c04","60545be9-4f28-4245-b4b4-07635c8dfa54","none","b38ff2b7-c8af-454e-b5af-ee760f0d5bca","BR","DWC_ARCHIVE","2018-11-14T17:18:32.493+0000","2018-09-10T18:26:27.652+0000",124,"none","PRESERVED_SPECIMEN",5571703,6,7707728,220,691,6640,2984588,5571703,5571703,"Ficus bahiensis C.C.Berg & Carauta","Ficus bahiensis C.C.Berg & Carauta","Plantae","Tracheophyta","Rosales","Moraceae","Ficus","Ficus bahiensis","Ficus","bahiensis","SPECIES","ACCEPTED","2005-09-01T00:00:00","Bahia",1995,4,28,"1995-04-28T00:00:00","2018-09-10T18:26:38.411+0000","http://creativecommons.org/licenses/by-nc/4.0/legalcode","none","none","none","WGS84","Magnoliopsida","BR","Brazil","HUEFS - Herbario da Universidade Estadual de Feira de Santana","BRA:UEFS:HUEFS:0000072276","1716","HUEFS - Herbario da Universidade Estadual de Feira de Santana","Conde","Fazenda do Bu, Mata da Areia Branca","pt","HUEFS",1094790234,"BRA:UEFS:HUEFS:0000072276","Collection","Bautista, H.P.","72276","","UEFS","Universidade Estadual de Feira de Santana (UEFS)","Floresta Ombrófita aberta","R.M.de Castro","","","",NA,NA,"","","","",NA,"","",NA,NA,"","",NA,"","","","","","Conde","Bahia","brazil",3622,"Conde",2908606,-37.67734,-11.827324,"BAHIA","BA","Bahia",-41.72018023,-12.47295682,"Bahia","ba",-12.026111,-37.695,"original coordinates","original coordinates OK"
"42","Ficus bahiensis",1424730402,-13.519444,-45.35,"cdround,gass84","4300f8d5-1ae5-49e5-a101-63894b005868","838537fc-4aeb-4980-8b58-97fbdcd1d91a","none","da7fe11a-b42c-46cb-9e9d-02243edb738a","BR","DWC_ARCHIVE","2018-10-02T15:36:01.277+0000","2018-06-24T13:13:49.690+0000",207,"none","PRESERVED_SPECIMEN",5571703,6,7707728,220,691,6640,2984588,5571703,5571703,"Ficus bahiensis C.C.Berg & Carauta","Ficus bahiensis C.C.Berg & Carauta","Plantae","Tracheophyta","Rosales","Moraceae","Ficus","Ficus bahiensis","Ficus","bahiensis","SPECIES","ACCEPTED","2003-04-15T00:00:00","Bahia",1995,8,26,"1995-08-26T00:00:00","2018-12-08T17:23:49.273+0000","http://creativecommons.org/licenses/by/4.0/legalcode","none","none","none","WGS84","Magnoliopsida","BR","Brazil","Rio de Janeiro Botanical Garden","urn:catalog:JBRJ:RB:1209290","523","RB - Rio de Janeiro Botanical Garden Herbarium Collection","Correntina","Velha da Galinha, cachoeira da Fumaça, rio Corrente. Margem do rio Corrente","","RB",1424730402,"urn:catalog:JBRJ:RB:1209290","PhysicalObject","M.L. Fonseca; R.C. Mendonça; E. Cardoso","RB01209290","","JBRJ","","Subarbusto ca. 1,2 m de altura. Caule liso, folhas gçabras, frutos verde-avermelhados; látex no caule","P. Carauta","","2017-10-19T11:34:06.295+0000","solo arenoso",NA,NA,"","","","",NA,"","",NA,NA,"","PARATYPE",NA,"","","","","","Correntina","Bahia","brazil",3408,"Correntina",2909307,-45.407042,-13.477608,"BAHIA","BA","Bahia",-41.72018023,-12.47295682,"Bahia","ba",-13.519444,-45.35,"original coordinates","original coordinates OK"
"43","Ficus bahiensis",1094790087,-12.036944,-37.703611,"gass84,iddatunl","2e684fd6-09e2-4661-910a-0a188b610c04","60545be9-4f28-4245-b4b4-07635c8dfa54","none","b38ff2b7-c8af-454e-b5af-ee760f0d5bca","BR","DWC_ARCHIVE","2018-11-14T17:18:32.348+0000","2018-09-10T18:26:27.547+0000",124,"none","PRESERVED_SPECIMEN",5571703,6,7707728,220,691,6640,2984588,5571703,5571703,"Ficus bahiensis C.C.Berg & Carauta","Ficus bahiensis C.C.Berg & Carauta","Plantae","Tracheophyta","Rosales","Moraceae","Ficus","Ficus bahiensis","Ficus","bahiensis","SPECIES","ACCEPTED","2005-09-01T00:00:00","Bahia",1995,12,16,"1995-12-16T00:00:00","2018-09-10T18:26:38.254+0000","http://creativecommons.org/licenses/by-nc/4.0/legalcode","none","none","none","WGS84","Magnoliopsida","BR","Brazil","HUEFS - Herbario da Universidade Estadual de Feira de Santana","BRA:UEFS:HUEFS:0000072104","1758","HUEFS - Herbario da Universidade Estadual de Feira de Santana","Conde","Fazenda do Bu, Mata do Cajuí","pt","HUEFS",1094790087,"BRA:UEFS:HUEFS:0000072104","Collection","Bautista, H.P.","72104","","UEFS","Universidade Estadual de Feira de Santana (UEFS)","Floresta Ombrófila Aberta.","R.M.de Castro","","","",NA,NA,"","","","",NA,"","",NA,NA,"","",NA,"","","","","","Conde","Bahia","brazil",3622,"Conde",2908606,-37.67734,-11.827324,"BAHIA","BA","Bahia",-41.72018023,-12.47295682,"Bahia","ba",-12.036944,-37.703611,"original coordinates","original coordinates OK"
"44","Ficus bahiensis",1094736980,-12.916667,-38.016667,"gass84,iddatunl","2e684fd6-09e2-4661-910a-0a188b610c04","60545be9-4f28-4245-b4b4-07635c8dfa54","none","b38ff2b7-c8af-454e-b5af-ee760f0d5bca","BR","DWC_ARCHIVE","2018-11-14T17:17:58.796+0000","2018-09-10T18:25:55.061+0000",124,"none","PRESERVED_SPECIMEN",5571703,6,7707728,220,691,6640,2984588,5571703,5571703,"Ficus bahiensis C.C.Berg & Carauta","Ficus bahiensis C.C.Berg & Carauta","Plantae","Tracheophyta","Rosales","Moraceae","Ficus","Ficus bahiensis","Ficus","bahiensis","SPECIES","ACCEPTED","2005-09-01T00:00:00","Bahia",1994,11,14,"1994-11-14T00:00:00","2018-09-10T18:25:59.059+0000","http://creativecommons.org/licenses/by-nc/4.0/legalcode","none","none","none","WGS84","Magnoliopsida","BR","Brazil","HUEFS - Herbario da Universidade Estadual de Feira de Santana","BRA:UEFS:HUEFS:0000018831","4251","HUEFS - Herbario da Universidade Estadual de Feira de Santana","Salvador","","pt","HUEFS",1094736980,"BRA:UEFS:HUEFS:0000018831","Collection","Queiroz, L.P.de","18831","","UEFS","Universidade Estadual de Feira de Santana (UEFS)","","R.M.de Castro","","","",NA,NA,"","","","",NA,"","",NA,NA,"","",NA,"","","","","","Salvador","Bahia","brazil",3474,"Salvador",2927408,-38.51033,-12.871185,"BAHIA","BA","Bahia",-41.72018023,-12.47295682,"Bahia","ba",-12.916667,-38.016667,"original coordinates","original coordinates outside Brazil"
"45","Ficus bahiensis",1077217932,-12.016667,-37.7125,"gass84","5b5cf455-a448-4c0a-aecd-3e0956f27f10","afdd8e93-b4e3-491c-88f0-8a22834ac1a9","none","b38ff2b7-c8af-454e-b5af-ee760f0d5bca","BR","DWC_ARCHIVE","2018-12-03T14:13:30.412+0000","2018-12-03T16:16:12.652+0000",122,"none","PRESERVED_SPECIMEN",5571703,6,7707728,220,691,6640,2984588,5571703,5571703,"Ficus bahiensis C.C.Berg & Carauta","Ficus bahiensis C.C.Berg & Carauta","Plantae","Tracheophyta","Rosales","Moraceae","Ficus","Ficus bahiensis","Ficus","bahiensis","SPECIES","ACCEPTED","2009-07-17T00:00:00","Bahia",1994,12,1,"1994-12-01T00:00:00","2018-12-06T14:16:29.226+0000","http://creativecommons.org/licenses/by-nc/4.0/legalcode","none","none","none","WGS84","Magnoliopsida","BR","Brazil","ALCB - Herbário Alexandre Leal Costa","BRA:UFBA:ALCB:0000062487","60","ALCB - Herbário Alexandre Leal Costa","Conde","Litoral Norte, Faz. do Bu. Mata do Fundão","pt","ALCB",1077217932,"BRA:UFBA:ALCB:0000062487","Collection","Jost, T; et al.","62487","","Universidade Federal da Bahia (UFBA)","Universidade Federal da Bahia (UFBA)","Ca. de 7m. Folhas coriáceas, discolores. Flores brancas com pétalas brancas, fechadas, semelhantes a frutos.","Machado, AFP","SOUTH_AMERICA","2018-08-28T19:13:24.000+0000","",NA,NA,"","","","",NA,"","",NA,NA,"","",NA,"","","","","","Conde","Bahia","brazil",3622,"Conde",2908606,-37.67734,-11.827324,"BAHIA","BA","Bahia",-41.72018023,-12.47295682,"Bahia","ba",-12.016667,-37.7125,"original coordinates","original coordinates OK"
"46","Ficus bahiensis",1929491429,-16.13,-39.25,"gass84","d415c253-4d61-4459-9d25-4015b9084fb0","ae447c50-b8a8-11d8-92a4-b8a03c50a862","none","17017c2c-036b-45d9-b045-606d21b00771","US","DWC_ARCHIVE","2018-11-18T15:23:27.263+0000","2018-11-18T15:23:27.329+0000",96,"none","PRESERVED_SPECIMEN",5571703,6,7707728,220,691,6640,2984588,5571703,5571703,"Ficus bahiensis C.C.Berg & Carauta","Ficus bahiensis C.C.Berg & Carauta","Plantae","Tracheophyta","Rosales","Moraceae","Ficus","Ficus bahiensis","Ficus","bahiensis","SPECIES","ACCEPTED","1996-01-01T00:00:00","Bahia",1993,5,12,"1993-05-12T00:00:00","2018-12-08T02:24:31.257+0000","http://creativecommons.org/publicdomain/zero/1.0/legalcode","none","none","none","WGS84","Magnoliopsida","BR","Brazil","The New York Botanical Garden","79fc09fe-89bb-49ca-b5dc-84cdee836368","9882","Vascular plants","","BarrolÃ¢ndia, EstaÃ§Ã£o Experimental ""Gregorio Bondar"" CEPLAC, 48 km east of BR 101 on road to Belmonte","en","NY",1929491429,"79fc09fe-89bb-49ca-b5dc-84cdee836368","PhysicalObject","W. W. Thomas","95166","","NY","","","C. C. Berg","SOUTH_AMERICA","","",0,0,"http://sweetgum.nybg.org/science/vh/specimen_details.php?irn=108238","ICN","http://biocol.org/urn:lsid:biocol.org:col:15556","12 May 1993",132,"Belmonte","sheet",132,NA,"http://biocol.org/urn:lsid:biocol.org:col:15556","",NA,"Adjacent ""mussununga"" savanna.","","","","","","Bahia","brazil",NA,"",NA,NA,NA,"","","Bahia",-41.72018023,-12.47295682,"Bahia","ba",-16.13,-39.25,"original coordinates","original coordinates outside municipality original in  falls in santa cruz cabralia"
"47","Ficus bahiensis",1930886293,-11.3544256439251,-37.4478844629906,"cdrep","d415c253-4d61-4459-9d25-4015b9084fb0","ae447c50-b8a8-11d8-92a4-b8a03c50a862","none","17017c2c-036b-45d9-b045-606d21b00771","US","DWC_ARCHIVE","2018-11-18T16:22:53.806+0000","2018-11-18T16:22:53.869+0000",96,"none","PRESERVED_SPECIMEN",5571703,6,7707728,220,691,6640,2984588,5571703,5571703,"Ficus bahiensis C.C.Berg & Carauta","Ficus bahiensis C.C.Berg & Carauta","Plantae","Tracheophyta","Rosales","Moraceae","Ficus","Ficus bahiensis","Ficus","bahiensis","SPECIES","ACCEPTED","2001-12-13T00:00:00","Sergipe",1993,11,27,"1993-11-27T00:00:00","2018-12-08T04:56:12.857+0000","http://creativecommons.org/publicdomain/zero/1.0/legalcode","none","none","none","WGS84","Magnoliopsida","BR","Brazil","The New York Botanical Garden","dcaf5369-ff20-4df4-bad1-35a323fbdfae","1491","Vascular plants","","Cerca de 2,5 km do Distrito de Crasto, na estrada para Sta Luzia do Itanhi","en","NY",1930886293,"dcaf5369-ff20-4df4-bad1-35a323fbdfae","PhysicalObject","A. M. Amorim","609229","","NY","","","C. C. Berg","SOUTH_AMERICA","","",0,0,"http://sweetgum.nybg.org/science/vh/specimen_details.php?irn=108239","ICN","http://biocol.org/urn:lsid:biocol.org:col:15556","27 Nov 1993",331,"Santa Luzia do Itanhi","sheet",331,NA,"http://biocol.org/urn:lsid:biocol.org:col:15556","",26417,"Mata AtlÃ¢ntica","Other source","CRIA (Centro de ReferÃªncia em InformaÃ§Ã£o Ambiental)","[no ref. found for this species.  Possibly ined.]","","","Sergipe","brazil",NA,"",NA,NA,NA,"","","Sergipe",-37.44360505,-10.583842,"Sergipe","se",-11.3544256439251,-37.4478844629906,"original coordinates","original coordinates outside municipality original in  falls in santa luzia do itanhy"
"48","Ficus bahiensis",1929382440,-12.93708,-38.352556,"","d415c253-4d61-4459-9d25-4015b9084fb0","ae447c50-b8a8-11d8-92a4-b8a03c50a862","none","17017c2c-036b-45d9-b045-606d21b00771","US","DWC_ARCHIVE","2018-11-18T15:22:29.242+0000","2018-11-18T15:22:29.270+0000",96,"none","PRESERVED_SPECIMEN",5571703,6,7707728,220,691,6640,2984588,5571703,5571703,"Ficus bahiensis C.C.Berg & Carauta","Ficus bahiensis C.C.Berg & Carauta","Plantae","Tracheophyta","Rosales","Moraceae","Ficus","Ficus bahiensis","Ficus","bahiensis","SPECIES","ACCEPTED","2001-12-13T00:00:00","Bahia",1991,6,15,"1991-06-15T00:00:00","2018-12-08T03:40:23.101+0000","http://creativecommons.org/publicdomain/zero/1.0/legalcode","none","none","none","WGS84","Magnoliopsida","BR","Brazil","The New York Botanical Garden","72415591-495f-42cb-8674-3b7ae7782a7f","3329","Vascular plants","","Dunas de Itapoa, arredores da Lagoa de Abaete","en","NY",1929382440,"72415591-495f-42cb-8674-3b7ae7782a7f","PhysicalObject","A. M. V. de Carvalho","609232","","NY","","","C. C. Berg","SOUTH_AMERICA","","",0,0,"http://sweetgum.nybg.org/science/vh/specimen_details.php?irn=108240","ICN","http://biocol.org/urn:lsid:biocol.org:col:15556","15 Jun 1991",166,"Salvador","sheet",166,NA,"http://biocol.org/urn:lsid:biocol.org:col:15556","",1726.57,"","Georeferencing Quick Reference Guide, Version 2012","Google Maps (map data 2016), Manis Georef. Calculator","[no ref. found for this species.  Possibly ined.]","2016-03-16","","Bahia","brazil",NA,"",NA,NA,NA,"","","Bahia",-41.72018023,-12.47295682,"Bahia","ba",-12.93708,-38.352556,"original coordinates","original coordinates outside municipality original in  falls in salvador"
"49","Ficus bahiensis",1928114257,-12.93708,-38.352556,"","d415c253-4d61-4459-9d25-4015b9084fb0","ae447c50-b8a8-11d8-92a4-b8a03c50a862","none","17017c2c-036b-45d9-b045-606d21b00771","US","DWC_ARCHIVE","2018-11-18T14:47:08.244+0000","2018-11-18T14:47:08.267+0000",96,"none","PRESERVED_SPECIMEN",5571703,6,7707728,220,691,6640,2984588,5571703,5571703,"Ficus bahiensis C.C.Berg & Carauta","Ficus bahiensis C.C.Berg & Carauta","Plantae","Tracheophyta","Rosales","Moraceae","Ficus","Ficus bahiensis","Ficus","bahiensis","SPECIES","ACCEPTED","2001-12-13T00:00:00","Bahia",1991,6,15,"1991-06-15T00:00:00","2018-12-05T23:33:09.860+0000","http://creativecommons.org/publicdomain/zero/1.0/legalcode","none","none","none","WGS84","Magnoliopsida","BR","Brazil","The New York Botanical Garden","189877c1-316d-470d-8a57-d8d0cef86b7e","3324","Vascular plants","","Dunas de Itapoa, arredores da Lagoa de Abaete","en","NY",1928114257,"189877c1-316d-470d-8a57-d8d0cef86b7e","PhysicalObject","A. M. V. de Carvalho","609231","","NY","","","C. C. Berg","SOUTH_AMERICA","","",0,0,"http://sweetgum.nybg.org/science/vh/specimen_details.php?irn=108242","ICN","http://biocol.org/urn:lsid:biocol.org:col:15556","15 Jun 1991",166,"Salvador","sheet",166,NA,"http://biocol.org/urn:lsid:biocol.org:col:15556","",1726.57,"","Georeferencing Quick Reference Guide, Version 2012","Google Maps (map data 2016), Manis Georef. Calculator","[no ref. found for this species.  Possibly ined.]","2016-03-16","","Bahia","brazil",NA,"",NA,NA,NA,"","","Bahia",-41.72018023,-12.47295682,"Bahia","ba",-12.93708,-38.352556,"original coordinates","original coordinates outside municipality original in  falls in salvador"
"50","Ficus bahiensis",1087669142,-10.688611,-37.148333,"gass84","76823beb-2f33-47a6-96a1-ccd2df47ac28","9243118c-e750-412b-91f4-ac987666eee1","none","b38ff2b7-c8af-454e-b5af-ee760f0d5bca","BR","DWC_ARCHIVE","2018-11-23T18:46:54.226+0000","2018-09-24T19:50:03.370+0000",132,"none","PRESERVED_SPECIMEN",5571703,6,7707728,220,691,6640,2984588,5571703,5571703,"Ficus bahiensis C.C.Berg & Carauta","Ficus bahiensis C.C.Berg & Carauta","Plantae","Tracheophyta","Rosales","Moraceae","Ficus","Ficus bahiensis","Ficus","bahiensis","SPECIES","ACCEPTED","2015-08-04T00:00:00","Sergipe",1987,7,7,"1987-07-07T00:00:00","2018-12-08T13:05:51.313+0000","http://creativecommons.org/licenses/by-nc/4.0/legalcode","none","none","none","WGS84","Magnoliopsida","BR","Brazil","ASE - Herbário da Universidade Federal de Sergipe","BRA:UFS:ASE:0000004801","1845","ASE - Herbário da Universidade Federal de Sergipe","Itabaiana","","pt","ASE",1087669142,"BRA:UFS:ASE:0000004801","Collection","Viana, G","4801","","Universidade Federal de Sergipe, UFS","Universidade Federal de Sergipe, UFS","Mata ciliar.","Machado, AFP","SOUTH_AMERICA","2018-08-31T18:28:29.000+0000","",NA,NA,"","","","",NA,"","",NA,NA,"","",NA,"","","","","","Itabaiana","Sergipe","brazil",3794,"Itabaiana",2802908,-37.421727,-10.685911,"SERGIPE","SE","Sergipe",-37.44360505,-10.583842,"Sergipe","se",-10.688611,-37.148333,"original coordinates","original coordinates outside municipality original in itabaiana falls in divina pastora"
"51","Ficus bahiensis",1424730448,-16.383333,-39.133333,"cdround,gass84","4300f8d5-1ae5-49e5-a101-63894b005868","838537fc-4aeb-4980-8b58-97fbdcd1d91a","none","da7fe11a-b42c-46cb-9e9d-02243edb738a","BR","DWC_ARCHIVE","2018-10-02T15:36:01.386+0000","2018-05-04T14:22:12.890+0000",207,"none","PRESERVED_SPECIMEN",5571703,6,7707728,220,691,6640,2984588,5571703,5571703,"Ficus bahiensis C.C.Berg & Carauta","Ficus bahiensis C.C.Berg & Carauta","Plantae","Tracheophyta","Rosales","Moraceae","Ficus","Ficus bahiensis","Ficus","bahiensis","SPECIES","ACCEPTED","2003-04-15T00:00:00","Bahia",1986,8,5,"1986-08-05T00:00:00","2018-12-08T17:23:49.325+0000","http://creativecommons.org/licenses/by/4.0/legalcode","none","none","none","WGS84","Magnoliopsida","BR","Brazil","Rio de Janeiro Botanical Garden","urn:catalog:JBRJ:RB:1209352","4291","RB - Rio de Janeiro Botanical Garden Herbarium Collection","Santa Cruz de Cabrália","Área da Estação Ecológica do Pau-Brasil (ESPB), ca. 16 km a W de Porto Seguro, Rod. BR-367 (Porto Seguro/Eunapólis)","","RB",1424730448,"urn:catalog:JBRJ:RB:1209352","PhysicalObject","T.S. Santos","RB01209352","","JBRJ","","Árvore 10 m x 10 cm. Frutos imaturos de coloração verde. Látex branco","P. Carauta","","2017-10-19T12:00:13.798+0000","Região de mata higrófila sul baiana",40,NA,"","","","",NA,"","",NA,NA,"","PARATYPE",NA,"","","","","","Santa Cruz de Cabrália","Bahia","brazil",NA,"",NA,NA,NA,"","","Bahia",-41.72018023,-12.47295682,"Bahia","ba",-16.383333,-39.133333,"original coordinates","original coordinates outside municipality original in santa cruz de cabralia falls in porto seguro"
"52","Ficus bahiensis",1094725229,-12.933333,-38.35,"gass84,iddatunl","2e684fd6-09e2-4661-910a-0a188b610c04","60545be9-4f28-4245-b4b4-07635c8dfa54","none","b38ff2b7-c8af-454e-b5af-ee760f0d5bca","BR","DWC_ARCHIVE","2018-11-14T17:17:51.235+0000","2018-09-10T18:25:48.372+0000",124,"none","PRESERVED_SPECIMEN",5571703,6,7707728,220,691,6640,2984588,5571703,5571703,"Ficus bahiensis C.C.Berg & Carauta","Ficus bahiensis C.C.Berg & Carauta","Plantae","Tracheophyta","Rosales","Moraceae","Ficus","Ficus bahiensis","Ficus","bahiensis","SPECIES","ACCEPTED","2005-09-01T00:00:00","Bahia",1986,11,20,"1986-11-20T00:00:00","2018-09-10T18:25:50.199+0000","http://creativecommons.org/licenses/by-nc/4.0/legalcode","none","none","none","WGS84","Magnoliopsida","BR","Brazil","HUEFS - Herbario da Universidade Estadual de Feira de Santana","BRA:UEFS:HUEFS:0000007091","1392","HUEFS - Herbario da Universidade Estadual de Feira de Santana","Salvador","","pt","HUEFS",1094725229,"BRA:UEFS:HUEFS:0000007091","Collection","Queiroz, L.P.de","7091","","UEFS","Universidade Estadual de Feira de Santana (UEFS)","","R.M.de Castro","","","",NA,NA,"","","","",NA,"","",NA,NA,"","",NA,"","","","","","Salvador","Bahia","brazil",3474,"Salvador",2927408,-38.51033,-12.871185,"BAHIA","BA","Bahia",-41.72018023,-12.47295682,"Bahia","ba",-12.933333,-38.35,"original coordinates","original coordinates OK"
"53","Ficus bahiensis",1424425009,-14.783333,-39.033333,"cdround,gass84","4300f8d5-1ae5-49e5-a101-63894b005868","838537fc-4aeb-4980-8b58-97fbdcd1d91a","none","da7fe11a-b42c-46cb-9e9d-02243edb738a","BR","DWC_ARCHIVE","2018-10-02T15:42:15.433+0000","2018-09-24T20:03:31.714+0000",207,"none","PRESERVED_SPECIMEN",5571703,6,7707728,220,691,6640,2984588,5571703,5571703,"Ficus bahiensis C.C.Berg & Carauta","Ficus bahiensis C.C.Berg & Carauta","Plantae","Tracheophyta","Rosales","Moraceae","Ficus","Ficus bahiensis","Ficus","bahiensis","SPECIES","ACCEPTED","none","Bahia",1984,7,5,"1984-07-05T00:00:00","2018-12-06T17:00:15.346+0000","http://creativecommons.org/licenses/by/4.0/legalcode","none","none","none","WGS84","Magnoliopsida","BR","Brazil","Rio de Janeiro Botanical Garden","urn:catalog:JBRJ:RB:729578","09","RB - Rio de Janeiro Botanical Garden Herbarium Collection","Ilhéus","Fazenda Barra do Manguinho, Km 11 da Rodovia Ilhéus/Olivença/Una (BA 001).","","RB",1424425009,"urn:catalog:JBRJ:RB:729578","PhysicalObject","R. Voeks","RB00729578","RB 556745","JBRJ","","Árvore, 12 m de altura. Látex branco. Sicônio imaturo.","A.F.P. Machado","","2017-10-19T00:22:08.480+0000","Vegetação de restinga, estragada anteriormente pelo homem. Solo arenoso",10,NA,"","","","",NA,"","",NA,NA,"","",NA,"","","","","","Ilhéus","Bahia","brazil",3250,"Ilhéus",2913606,-39.190761,-14.766458,"BAHIA","BA","Bahia",-41.72018023,-12.47295682,"Bahia","ba",-14.783333,-39.033333,"original coordinates","original coordinates outside Brazil"
"54","Ficus bahiensis",1424730519,-14.783333,-39.033333,"cdround,gass84","4300f8d5-1ae5-49e5-a101-63894b005868","838537fc-4aeb-4980-8b58-97fbdcd1d91a","none","da7fe11a-b42c-46cb-9e9d-02243edb738a","BR","DWC_ARCHIVE","2018-10-02T15:36:01.532+0000","2018-05-04T14:22:13.066+0000",207,"none","PRESERVED_SPECIMEN",5571703,6,7707728,220,691,6640,2984588,5571703,5571703,"Ficus bahiensis C.C.Berg & Carauta","Ficus bahiensis C.C.Berg & Carauta","Plantae","Tracheophyta","Rosales","Moraceae","Ficus","Ficus bahiensis","Ficus","bahiensis","SPECIES","ACCEPTED","2003-04-15T00:00:00","Bahia",1984,7,5,"1984-07-05T00:00:00","2018-12-08T17:23:49.420+0000","http://creativecommons.org/licenses/by/4.0/legalcode","none","none","none","WGS84","Magnoliopsida","BR","Brazil","Rio de Janeiro Botanical Garden","urn:catalog:JBRJ:RB:1209397","9","RB - Rio de Janeiro Botanical Garden Herbarium Collection","Ilhéus","Fazenda Barra do Manguinho, km 11 da Rodovia Ilhéus/Olivença/Uma (BA-001)","","RB",1424730519,"urn:catalog:JBRJ:RB:1209397","PhysicalObject","R. Voeks","RB01209397","","JBRJ","","Árvore 12 m de altura. Látex branco. Sincônio imaturo","P. Carauta","","2017-10-18T18:16:51.274+0000","Vegetação de restinga, estragada anteriormente pelo homem. Solo arenoso",10,NA,"","","","",NA,"","",NA,NA,"","PARATYPE",NA,"","","","","","Ilhéus","Bahia","brazil",3250,"Ilhéus",2913606,-39.190761,-14.766458,"BAHIA","BA","Bahia",-41.72018023,-12.47295682,"Bahia","ba",-14.783333,-39.033333,"original coordinates","original coordinates outside Brazil"
"55","Ficus bahiensis",1424730568,-14.783333,-39.033333,"cdround,gass84","4300f8d5-1ae5-49e5-a101-63894b005868","838537fc-4aeb-4980-8b58-97fbdcd1d91a","none","da7fe11a-b42c-46cb-9e9d-02243edb738a","BR","DWC_ARCHIVE","2018-10-02T15:36:01.484+0000","2018-05-04T14:22:12.904+0000",207,"none","PRESERVED_SPECIMEN",5571703,6,7707728,220,691,6640,2984588,5571703,5571703,"Ficus bahiensis C.C.Berg & Carauta","Ficus bahiensis C.C.Berg & Carauta","Plantae","Tracheophyta","Rosales","Moraceae","Ficus","Ficus bahiensis","Ficus","bahiensis","SPECIES","ACCEPTED","2003-04-15T00:00:00","Bahia",1984,7,25,"1984-07-25T00:00:00","2018-12-08T17:23:49.468+0000","http://creativecommons.org/licenses/by/4.0/legalcode","none","none","none","WGS84","Magnoliopsida","BR","Brazil","Rio de Janeiro Botanical Garden","urn:catalog:JBRJ:RB:1209383","24","RB - Rio de Janeiro Botanical Garden Herbarium Collection","Ilhéus","Fazenda Barra do Manguinho, km 11 da Rodovia Ilhéus/Olivença/Uma (BA-001)","","RB",1424730568,"urn:catalog:JBRJ:RB:1209383","PhysicalObject","R. Voeks","RB01209383","","JBRJ","","Árvore. Frutos imaturos","P. Carauta","","","Vegetação de restinga, estragada anteriormente pelo homem. Solo arenoso",10,NA,"","","","",NA,"","",NA,NA,"","PARATYPE",NA,"","","","","","Ilhéus","Bahia","brazil",3250,"Ilhéus",2913606,-39.190761,-14.766458,"BAHIA","BA","Bahia",-41.72018023,-12.47295682,"Bahia","ba",-14.783333,-39.033333,"original coordinates","original coordinates outside Brazil"
"56","Ficus bahiensis",1424730578,-12.933333,-38.333333,"cdround,gass84","4300f8d5-1ae5-49e5-a101-63894b005868","838537fc-4aeb-4980-8b58-97fbdcd1d91a","none","da7fe11a-b42c-46cb-9e9d-02243edb738a","BR","DWC_ARCHIVE","2018-10-02T15:36:01.253+0000","2018-06-24T13:13:49.641+0000",207,"none","PRESERVED_SPECIMEN",5571703,6,7707728,220,691,6640,2984588,5571703,5571703,"Ficus bahiensis C.C.Berg & Carauta","Ficus bahiensis C.C.Berg & Carauta","Plantae","Tracheophyta","Rosales","Moraceae","Ficus","Ficus bahiensis","Ficus","bahiensis","SPECIES","ACCEPTED","2003-01-01T00:00:00","Bahia",1983,7,14,"1983-07-14T00:00:00","2018-12-08T17:23:49.520+0000","http://creativecommons.org/licenses/by/4.0/legalcode","none","none","none","WGS84","Magnoliopsida","BR","Brazil","Rio de Janeiro Botanical Garden","urn:catalog:JBRJ:RB:1209340","283","RB - Rio de Janeiro Botanical Garden Herbarium Collection","Salvador","Itapoã","","RB",1424730578,"urn:catalog:JBRJ:RB:1209340","PhysicalObject","G.C.P. Pinto; H.P. Bautista","RB01209340","","JBRJ","","Arvoreta de ca. 3 m de altura com ramos tocando o solo. Estéril","P. Carauta","","","Vegetação de Dunas, solo areia.",NA,NA,"","","","",NA,"","",NA,NA,"","PARATYPE",NA,"","","","","","Salvador","Bahia","brazil",3474,"Salvador",2927408,-38.51033,-12.871185,"BAHIA","BA","Bahia",-41.72018023,-12.47295682,"Bahia","ba",-12.933333,-38.333333,"original coordinates","original coordinates OK"
"57","Ficus bahiensis",1424257476,-16.083333,-39,"cdround,gass84","4300f8d5-1ae5-49e5-a101-63894b005868","838537fc-4aeb-4980-8b58-97fbdcd1d91a","none","da7fe11a-b42c-46cb-9e9d-02243edb738a","BR","DWC_ARCHIVE","2018-10-02T15:40:34.424+0000","2018-09-24T20:01:51.586+0000",207,"none","PRESERVED_SPECIMEN",5571703,6,7707728,220,691,6640,2984588,5571703,5571703,"Ficus bahiensis C.C.Berg & Carauta","Ficus bahiensis C.C.Berg & Carauta","Plantae","Tracheophyta","Rosales","Moraceae","Ficus","Ficus bahiensis","Ficus","bahiensis","SPECIES","ACCEPTED","2001-02-16T00:00:00","Bahia",1983,11,5,"1983-11-05T00:00:00","2018-12-06T16:58:37.460+0000","http://creativecommons.org/licenses/by/4.0/legalcode","none","none","none","WGS84","Magnoliopsida","BR","Brazil","Rio de Janeiro Botanical Garden","urn:catalog:JBRJ:RB:541706","1672","RB - Rio de Janeiro Botanical Garden Herbarium Collection","Santa Cruz de Cabrália","km 15 da estrada Santa Cruz de Cabralia- Porto Seguro. Transição de mata higrófila-Restinga.","","RB",1424257476,"urn:catalog:JBRJ:RB:541706","PhysicalObject","Callejas, R.; A.M. Carvalho & L.M. Silva","RB00541706","RB 232590","JBRJ","","Arbol de 10-15 m, dbh 40 cm. Siconos de color verde. Ocasional.","C.C. Berg","","2017-10-17T15:58:41.831+0000","",NA,NA,"","","","",NA,"","",NA,NA,"","PARATYPE",NA,"","","","","","Santa Cruz de Cabrália","Bahia","brazil",NA,"",NA,NA,NA,"","","Bahia",-41.72018023,-12.47295682,"Bahia","ba",-16.083333,-39,"original coordinates","original coordinates outside municipality original in santa cruz de cabralia falls in santa cruz cabralia"
"58","Ficus bahiensis",1928901934,-14.1069915207267,-39.0142848699912,"cdrep","d415c253-4d61-4459-9d25-4015b9084fb0","ae447c50-b8a8-11d8-92a4-b8a03c50a862","none","17017c2c-036b-45d9-b045-606d21b00771","US","DWC_ARCHIVE","2018-11-18T14:52:56.002+0000","2018-11-18T14:52:56.019+0000",96,"none","PRESERVED_SPECIMEN",5571703,6,7707728,220,691,6640,2984588,5571703,5571703,"Ficus bahiensis C.C.Berg & Carauta","Ficus bahiensis C.C.Berg & Carauta","Plantae","Tracheophyta","Rosales","Moraceae","Ficus","Ficus bahiensis","Ficus","bahiensis","SPECIES","ACCEPTED","2001-01-01T00:00:00","Bahia",1967,1,12,"1967-01-12T00:00:00","2018-12-08T19:30:05.395+0000","http://creativecommons.org/publicdomain/zero/1.0/legalcode","none","none","none","WGS84","Magnoliopsida","BR","Brazil","The New York Botanical Garden","5033a4df-d82e-4625-9d1c-0714905f087d","3083","Vascular plants","","","en","NY",1928901934,"5033a4df-d82e-4625-9d1c-0714905f087d","PhysicalObject","R. P. BelÃ©m","886766","","NY","","","C. C. Berg","SOUTH_AMERICA","","",0,0,"http://sweetgum.nybg.org/science/vh/specimen_details.php?irn=1060877","ICN","http://biocol.org/urn:lsid:biocol.org:col:15556","12 Jan 1967",12,"MaraÃº","sheet",12,NA,"http://biocol.org/urn:lsid:biocol.org:col:15556","",47076,"Mata costeira.","Other source","CRIA (Centro de ReferÃªncia em InformaÃ§Ã£o Ambiental)","","","","Bahia","brazil",NA,"",NA,NA,NA,"","","Bahia",-41.72018023,-12.47295682,"Bahia","ba",-14.1069915207267,-39.0142848699912,"original coordinates","original coordinates outside municipality original in  falls in marau"
"59","Ficus bahiensis",1848739288,-14.219167,-38.998611,"gass84","2e684fd6-09e2-4661-910a-0a188b610c04","60545be9-4f28-4245-b4b4-07635c8dfa54","none","b38ff2b7-c8af-454e-b5af-ee760f0d5bca","BR","DWC_ARCHIVE","2018-11-14T17:20:05.285+0000","2018-09-10T18:28:00.149+0000",124,"none","PRESERVED_SPECIMEN",5571703,6,7707728,220,691,6640,2984588,5571703,5571703,"Ficus bahiensis C.C.Berg & Carauta","Ficus bahiensis C.C.Berg & Carauta","Plantae","Tracheophyta","Rosales","Moraceae","Ficus","Ficus bahiensis","Ficus","bahiensis","SPECIES","ACCEPTED","none","Bahia",NA,NA,NA,"none","2018-12-08T22:44:20.246+0000","http://creativecommons.org/licenses/by-nc/4.0/legalcode","none","none","none","WGS84","Magnoliopsida","BR","Brazil","HUEFS - Herbario da Universidade Estadual de Feira de Santana","BRA:UEFS:HUEFS:0000240678","257","HUEFS - Herbario da Universidade Estadual de Feira de Santana","Maraú","Piracanga.","pt","HUEFS",1848739288,"BRA:UEFS:HUEFS:0000240678","Collection","Fernandes, M.F.","240678","","UEFS","Universidade Estadual de Feira de Santana (UEFS)","Floresta","","","2018-09-06T20:12:11.000+0000","",NA,NA,"","","","",NA,"","",NA,NA,"","",NA,"","","","","","Maraú","Bahia","brazil",3329,"Maraú",2920700,-39.150172,-14.151743,"BAHIA","BA","Bahia",-41.72018023,-12.47295682,"Bahia","ba",-14.219167,-38.998611,"original coordinates","original coordinates OK"
