"","name","key","decimalLatitude","decimalLongitude","issues","datasetKey","publishingOrgKey","networkKeys","installationKey","publishingCountry","protocol","lastCrawled","lastParsed","crawlId","extensions","basisOfRecord","taxonKey","kingdomKey","phylumKey","classKey","orderKey","familyKey","genusKey","speciesKey","acceptedTaxonKey","scientificName","acceptedScientificName","kingdom","phylum","order","family","genus","species","genericName","specificEpithet","taxonRank","taxonomicStatus","dateIdentified","elevation","elevationAccuracy","stateProvince.original","waterBody","year","month","day","eventDate","lastInterpreted","license","identifiers","facts","relations","geodeticDatum","class","countryCode","country.original","identifier","recordNumber","habitat","verbatimSRS","verbatimCoordinateSystem","locality","county","collectionCode","gbifID","occurrenceID","preparations","recordedBy","catalogNumber","vernacularName","institutionCode","ownerInstitutionCode","samplingProtocol","occurrenceRemarks","identifiedBy","lifeStage","continent","rightsHolder","institutionID","dynamicProperties","eventRemarks","materialSampleID","identificationQualifier","organismQuantity","otherCatalogNumbers","organismQuantityType","modified","datasetName","municipality.original","type","language","individualCount","rights","coordinateUncertaintyInMeters","eventID","higherGeographyID","identificationRemarks","georeferencedDate","higherGeography","verbatimLocality","locationID","accessRights","identificationID","references","collectionID","georeferenceProtocol","higherClassification","nomenclaturalCode","georeferencedBy","associatedReferences","reproductiveCondition","georeferenceVerificationStatus","georeferenceRemarks","disposition","previousIdentifications","georeferenceSources","nomenclaturalStatus","taxonID","bibliographicCitation","infraspecificEpithet","verbatimEventDate","verbatimTaxonRank","occurrenceStatus","fieldNotes","fieldNumber","organismID","datasetID","endDayOfYear","startDayOfYear","associatedOccurrences","verbatimElevation","typeStatus","typifiedName","municipality","stateProvince","country","FID","NOME","GEOCODIGO","POINT_X","POINT_Y","NOMEUF","SIGLAUF","estados_shp","x_estado","y_estado","nome","sigla","new_Lat","new_Lon","notes","comments"
"1","Xylopia polyantha",1423936089,-9.403333,-64.396111,"cdround,gass84","4300f8d5-1ae5-49e5-a101-63894b005868","838537fc-4aeb-4980-8b58-97fbdcd1d91a","none","da7fe11a-b42c-46cb-9e9d-02243edb738a","BR","DWC_ARCHIVE","2018-10-02T15:35:46.604+0000","2018-09-24T19:58:06.727+0000",207,"none","PRESERVED_SPECIMEN",3157090,6,7707728,220,718,9291,3157015,3157090,3157090,"Xylopia polyantha R.E.Fr.","Xylopia polyantha R.E.Fr.","Plantae","Tracheophyta","Magnoliales","Annonaceae","Xylopia","Xylopia polyantha","Xylopia","polyantha","SPECIES","ACCEPTED","none",NA,NA,"Rondônia",NA,2015,3,2,"2015-03-02T00:00:00","2018-12-06T16:55:40.015+0000","http://creativecommons.org/licenses/by/4.0/legalcode","none","none","none","WGS84","Magnoliopsida","BR","Brazil","urn:catalog:JBRJ:RB:1190376","380","",NA,NA,"Jaci-Paraná, Módulo Novo-T3 2000","","RB",1423936089,"urn:catalog:JBRJ:RB:1190376","","D.M. Torres; M.P.P. do Nascimento; R. Nascimento; A.E. Brina","RB01190376",NA,"JBRJ","",NA,"","D.M. Torres; M.P.P. do Nascimento",NA,"","Rio de Janeiro Botanical Garden","",NA,"",NA,"",NA,"RB 665488",NA,"2017-10-24T19:18:03.708+0000","RB - Rio de Janeiro Botanical Garden Herbarium Collection","Porto Velho","PhysicalObject","",NA,"",NA,NA,NA,NA,"","",NA,NA,"",NA,"","","","","",NA,NA,NA,NA,NA,NA,NA,"","",NA,"","","","",NA,NA,NA,NA,"",NA,NA,NA,NA,"","","Porto Velho","Rondônia","brazil",4065,"Porto Velho",1100205,-64.306275,-9.153378,"RONDONIA","RO","Rondônia",-62.84395074,-10.91095782,"Rondônia","ro",-9.403333,-64.396111,"original coordinates","original coordinates OK"
"2","Xylopia polyantha",1676474794,-2.933917,-59.952078,"gass84","c9bc6b8d-a4ff-4a47-9cff-d0d1b9e548c7","f4cf14c8-58db-4947-a93c-e43f2b7fe171","none","b38ff2b7-c8af-454e-b5af-ee760f0d5bca","BR","DWC_ARCHIVE","2018-11-24T12:33:33.593+0000","2018-11-24T12:33:33.642+0000",128,"none","PRESERVED_SPECIMEN",3157090,6,7707728,220,718,9291,3157015,3157090,3157090,"Xylopia polyantha R.E.Fr.","Xylopia polyantha R.E.Fr.","Plantae","Tracheophyta","Magnoliales","Annonaceae","Xylopia","Xylopia polyantha","Xylopia","polyantha","SPECIES","ACCEPTED","2015-09-18T00:00:00",134,0,"Amazonas",NA,2015,9,18,"2015-09-18T00:00:00","2018-12-10T07:36:51.108+0000","http://creativecommons.org/licenses/by-nc/4.0/legalcode","none","none","none","WGS84","Magnoliopsida","BR","Brazil","BRA:UFPB:JPB:0000063287","921","",NA,NA,"Reserva Ducke, Trilha da Torre.","","JPB",1676474794,"BRA:UFPB:JPB:0000063287","","Pontes Pires, AF; Mergulhão, LS; Pombo, MM","63287",NA,"UFPB","Universidade Federal da Paraíba, UFPB",NA,"Árvore ca. de 35 m de altura. Botões florais amarelados-claros e mais jovens esverdeados. Flores brancas quando maduras e quando velhas, marron-avermelhadas.; Floresta de terra firme de platô.; HABITAT: Floresta de terra firme de plat","Pontes Pires, AF",NA,"SOUTH_AMERICA","JPB - Herbário Lauro Pires Xavier","",NA,"",NA,"",NA,"",NA,"2018-11-05T21:11:47.000+0000","JPB - Herbário Lauro Pires Xavier","Manaus","Collection","pt",NA,"",NA,NA,NA,NA,"","",NA,NA,"",NA,"","","","","",NA,NA,NA,NA,NA,NA,NA,"","",NA,"","","","",NA,NA,NA,NA,"",NA,NA,NA,NA,"","","Manaus","Amazonas","brazil",5411,"Manaus",1302603,-60.251153,-2.607107,"AMAZONAS","AM","Amazonas",-64.65219948,-4.15548242,"Amazonas","am",-2.933917,-59.952078,"original coordinates","original coordinates OK"
"3","Xylopia polyantha",1090154522,-1.975336,-48.198161,"gass84","0c00cc8f-fd48-4771-acae-216bfc42dfc2","dbf378dd-b030-4049-bc9c-b5b8643e67cd","none","b38ff2b7-c8af-454e-b5af-ee760f0d5bca","BR","DWC_ARCHIVE","2018-11-24T12:36:11.200+0000","2018-10-25T12:35:43.239+0000",130,"none","PRESERVED_SPECIMEN",3157090,6,7707728,220,718,9291,3157015,3157090,3157090,"Xylopia polyantha R.E.Fr.","Xylopia polyantha R.E.Fr.","Plantae","Tracheophyta","Magnoliales","Annonaceae","Xylopia","Xylopia polyantha","Xylopia","polyantha","SPECIES","ACCEPTED","none",9999,0,"Pará",NA,2013,9,28,"2013-09-28T00:00:00","2018-12-08T04:39:58.701+0000","http://creativecommons.org/licenses/by-nc/4.0/legalcode","none","none","none","WGS84","Magnoliopsida","BR","Brazil","BRA:UEPA:MFS:0000004086","1316","",NA,NA,"Capoeira","","MFS",1090154522,"BRA:UEPA:MFS:0000004086","","Lucas, F.C.A.","004086",NA,"UEPA","Universidade do Estado do Pará (UEPA)",NA,"Árvore de 5 metros de altura com inflorescências douradas.","Silva, CAS da",NA,"","MFS - Herbário Profª. Drª. Marlene Freitas da Silva","",NA,"",NA,"",NA,"",NA,"2018-10-16T18:32:51.000+0000","MFS - Herbário Profª. Drª. Marlene Freitas da Silva","Acará","Collection","pt",NA,"",NA,NA,NA,NA,"","",NA,NA,"",NA,"","","","","",NA,NA,NA,NA,NA,NA,NA,"","",NA,"","","","",NA,NA,NA,NA,"",NA,NA,NA,NA,"","","Acará","Pará","brazil",5447,"Acará",1500206,-48.411516,-2.034095,"PARA","PA","Pará",-53.0625366,-3.972184,"Pará","pa",-1.975336,-48.198161,"original coordinates","original coordinates OK"
"4","Xylopia polyantha",1095257634,-9.2325,-64.3275,"gass84","e38d4c95-3a1d-4594-9ae9-883b48042e6d","7ef169f9-81f8-46a2-a7f7-240df6a1889c","none","b38ff2b7-c8af-454e-b5af-ee760f0d5bca","BR","DWC_ARCHIVE","2018-11-23T18:21:33.618+0000","2018-11-23T18:21:33.724+0000",123,"none","PRESERVED_SPECIMEN",3157090,6,7707728,220,718,9291,3157015,3157090,3157090,"Xylopia polyantha R.E.Fr.","Xylopia polyantha R.E.Fr.","Plantae","Tracheophyta","Magnoliales","Annonaceae","Xylopia","Xylopia polyantha","Xylopia","polyantha","SPECIES","ACCEPTED","none",116,0,"Rondônia",NA,2012,4,17,"2012-04-17T00:00:00","2018-11-23T18:22:48.163+0000","http://creativecommons.org/licenses/by-nc/4.0/legalcode","none","none","none","WGS84","Magnoliopsida","BR","Brazil","BRA:Cenargen:CEN:0000082571","1542","",NA,NA,"Ao longo da BR-364, 9 km E de Jaci Paraná, ramal 1 km ao sul, linha de transmissão Jirau-Porto Velho.","","CEN",1095257634,"BRA:Cenargen:CEN:0000082571","Exsicatas","Marcelo Fragomeni Simon","82571",NA,"Cenargen","Empresa Brasileira de Pesquisa Agropecuária (EMBRAPA)",NA,"Árvore 7m. Frutos imaturos verdes.","J. Mendes-Silva",NA,"","CEN - Herbário da Embrapa Recursos Genéticos e Biotecnologia","",NA,"",NA,"",NA,"",NA,"","CEN - Herbário da Embrapa Recursos Genéticos e Biotecnologia","PORTO VELHO","Collection","pt",7,"",NA,NA,NA,NA,"","",NA,NA,"",NA,"","","","","",NA,NA,NA,NA,NA,NA,NA,"","",NA,"","","","",NA,NA,NA,NA,"",NA,NA,NA,NA,"","","PORTO VELHO","Rondônia","brazil",4065,"Porto Velho",1100205,-64.306275,-9.153378,"RONDONIA","RO","Rondônia",-62.84395074,-10.91095782,"Rondônia","ro",-9.2325,-64.3275,"original coordinates","original coordinates OK"
"5","Xylopia polyantha",1042713118,-2.3838,-60.09,"gass84,gdativ,iddatunl","3cc6171e-8c52-4f65-ad7a-32c74e395f29","c0d9c91a-0f83-4819-bf7e-bb5e1184eb6b","none","ada4205f-679c-4a86-9759-ff652ac467b3","BR","DWC_ARCHIVE","2017-10-08T07:25:27.602+0000","2014-11-24T14:46:16.899+0000",50,"none","PRESERVED_SPECIMEN",3157090,6,7707728,220,718,9291,3157015,3157090,3157090,"Xylopia polyantha R.E.Fr.","Xylopia polyantha R.E.Fr.","Plantae","Tracheophyta","Magnoliales","Annonaceae","Xylopia","Xylopia polyantha","Xylopia","polyantha","SPECIES","ACCEPTED","2013-01-01T00:00:00",112.5,12.5,"Amazonas",NA,2012,6,NA,"2012-06-01T00:00:00","2018-07-07T16:30:37.421+0000","http://creativecommons.org/publicdomain/zero/1.0/legalcode","none","none","none","WGS84","Magnoliopsida","BR","Brazil","urn:catalog:inpa:herbarium:247023","148","",NA,NA,"ZF2, Vicinal de origem no Km 50 da Rodovia BR-174","Manaus","Coleção Botânica, Instituto Nacional de Pesquisas da Amazônia (INPA)",1042713118,"urn:catalog:inpa:herbarium:247023","","Gaui, TD","258812",NA,"Instituto Nacional de Pesquisas da Amazônia (INPA)","",NA,"","Batista, J.",NA,"SOUTH_AMERICA","Instituto Nacional de Pesquisas da Amazônia (INPA)","01.263.896/0015-60",NA,"",NA,"",NA,"",NA,"2014-09-26T00:00:00.000+0000","Coleção Botânica, Instituto Nacional de Pesquisas da Amazônia (INPA)","","Collection","pt",NA,"License Elements",NA,NA,NA,NA,"","",NA,NA,"",NA,"","","","","",NA,NA,NA,NA,NA,NA,NA,"","",NA,"","","","",NA,NA,NA,NA,"",NA,NA,NA,NA,"","","","Amazonas","brazil",NA,"",NA,NA,NA,"","","Amazonas",-64.65219948,-4.15548242,"Amazonas","am",-2.3838,-60.09,"original coordinates","original coordinates outside municipality original in  falls in manaus"
"6","Xylopia polyantha",1801348582,-11.584,-61.769556,"gass84","22331d58-4a7e-40da-b7db-652a4d4d85ed","e7132376-4a7e-458a-be08-946850a2beac","none","b38ff2b7-c8af-454e-b5af-ee760f0d5bca","BR","DWC_ARCHIVE","2018-10-25T12:34:30.175+0000","2017-12-29T14:48:11.606+0000",118,"none","PRESERVED_SPECIMEN",3157090,6,7707728,220,718,9291,3157015,3157090,3157090,"Xylopia polyantha R.E.Fr.","Xylopia polyantha R.E.Fr.","Plantae","Tracheophyta","Magnoliales","Annonaceae","Xylopia","Xylopia polyantha","Xylopia","polyantha","SPECIES","ACCEPTED","2013-06-26T00:00:00",NA,NA,"Rondônia",NA,2012,9,5,"2012-09-05T00:00:00","2018-12-08T01:46:36.833+0000","http://creativecommons.org/licenses/by-nc/4.0/legalcode","none","none","none","WGS84","Magnoliopsida","BR","Brazil","BRA:UNEMAT:HERBAM:0000006024","05exs04","",NA,NA,"Campus Experimental Km15-UNIR, Floresta Ombrófila Aberta Submontana","","HERBAM",1801348582,"BRA:UNEMAT:HERBAM:0000006024","","Spirotto, EO; Alves, WC; Cavalheiro, WCS; Pires, SR; Possimoser, D","6024",NA,"UNEMAT","Universidade do Estado de Mato Grosso (UNEMAT)",NA,"Rede BioFitoAmazon / BIONORTE / UNIR","Silva, DR",NA,"","HERBAM - Herbário da Amazônia Meridional","",NA,"",NA,"",NA,"",NA,"2017-12-20T17:46:49.000+0000","HERBAM - Herbário da Amazônia Meridional","Rolim de Moura","Collection","pt",NA,"",NA,NA,NA,NA,"","",NA,NA,"",NA,"","","","","",NA,NA,NA,NA,NA,NA,NA,"","",NA,"","","","",NA,NA,NA,NA,"",NA,NA,NA,NA,"","","Rolim de Moura","Rondônia","brazil",3635,"Rolim de Moura",1100288,-61.772128,-11.732621,"RONDONIA","RO","Rondônia",-62.84395074,-10.91095782,"Rondônia","ro",-11.584,-61.769556,"original coordinates","original coordinates outside municipality original in rolim de moura falls in castanheiras"
"7","Xylopia polyantha",1213529614,-4.097964,-54.908606,"gass84","0c00cc8f-fd48-4771-acae-216bfc42dfc2","dbf378dd-b030-4049-bc9c-b5b8643e67cd","none","b38ff2b7-c8af-454e-b5af-ee760f0d5bca","BR","DWC_ARCHIVE","2018-11-24T12:36:11.682+0000","2018-07-04T12:09:02.639+0000",130,"none","PRESERVED_SPECIMEN",3157090,6,7707728,220,718,9291,3157015,3157090,3157090,"Xylopia polyantha R.E.Fr.","Xylopia polyantha R.E.Fr.","Plantae","Tracheophyta","Magnoliales","Annonaceae","Xylopia","Xylopia polyantha","Xylopia","polyantha","SPECIES","ACCEPTED","none",9999,0,"Pará",NA,2012,12,12,"2012-12-12T00:00:00","2018-07-08T01:37:29.907+0000","http://creativecommons.org/licenses/by-nc/4.0/legalcode","none","none","none","WGS84","Magnoliopsida","BR","Brazil","BRA:UEPA:MFS:0000005421","356","",NA,NA,"Floresta Nacional do Tapajos","","MFS",1213529614,"BRA:UEPA:MFS:0000005421","","Tyeen, TC","005421",NA,"UEPA","Universidade do Estado do Pará (UEPA)",NA,"Tree, DBH = 17,4cm.&nf;Fertile structures: flowers.&nf;Transect ID: C.&nf;Fef. ao NID: 07/2013.","",NA,"","MFS - Herbário Profª. Drª. Marlene Freitas da Silva","",NA,"",NA,"",NA,"",NA,"","MFS - Herbário Profª. Drª. Marlene Freitas da Silva","Santarém","Collection","pt",NA,"",NA,NA,NA,NA,"","",NA,NA,"",NA,"","","","","",NA,NA,NA,NA,NA,NA,NA,"","",NA,"","","","",NA,NA,NA,NA,"",NA,NA,NA,NA,"","","Santarém","Pará","brazil",5404,"Santarém",1506807,-55.239613,-2.675716,"PARA","PA","Pará",-53.0625366,-3.972184,"Pará","pa",-4.097964,-54.908606,"original coordinates","original coordinates outside municipality original in santarem falls in ruropolis"
"8","Xylopia polyantha",1837386299,-2.406581,-60.308775,"gass84","7aeb3ded-7443-4512-95f7-2ec7ab0f308c","a8d26b9b-a0c0-42b3-a479-b575f9b60793","none","b38ff2b7-c8af-454e-b5af-ee760f0d5bca","BR","DWC_ARCHIVE","2018-11-23T18:22:13.790+0000","2018-08-03T12:06:30.837+0000",127,"none","PRESERVED_SPECIMEN",3157090,6,7707728,220,718,9291,3157015,3157090,3157090,"Xylopia polyantha R.E.Fr.","Xylopia polyantha R.E.Fr.","Plantae","Tracheophyta","Magnoliales","Annonaceae","Xylopia","Xylopia polyantha","Xylopia","polyantha","SPECIES","ACCEPTED","2011-04-05T00:00:00",0,0,"Amazonas",NA,2011,4,5,"2011-04-05T00:00:00","2018-12-08T03:39:44.999+0000","http://creativecommons.org/licenses/by-nc/4.0/legalcode","none","none","none","WGS84","Magnoliopsida","BR","Brazil","BRA:IFAM - CMZL:EAFM:0000014563","180","",NA,NA,"Ramal ZF5 (SUFRAMA), BR-174, Km 83, Parcelas permanentes instaladas ao longo de transectos que cruzam uma floresta de terra-firme (ca. 900 hectares) atingida por uma tempestade de vento ocorrida no ano de 1996","","EAFM",1837386299,"BRA:IFAM - CMZL:EAFM:0000014563","","Marra, D.M.; Neves, A.F. & Souza, I.G.","14563",NA,"Instituto Federal de Educação, Ciência e Tecnologia (IFAM)","Instituto Federal de Educação, Ciência e Tecnologia (IFAM)",NA,"árvore, DAP = 17.3 cm; Floresta de terra-firme ; HA","Marra, D.M.; Carneiro, V.M.C.",NA,"","EAFM - Herbário do Instituto Federal de Educação, Ciência e Tecnologia do Amazonas","",NA,"",NA,"",NA,"",NA,"2018-07-19T12:33:21.000+0000","EAFM - Herbário do Instituto Federal de Educação, Ciência e Tecnologia do Amazonas","Manaus, Presidente Figueiredo","Collection","pt",NA,"",NA,NA,NA,NA,"","",NA,NA,"",NA,"","","","","",NA,NA,NA,NA,NA,NA,NA,"","",NA,"","","","",NA,NA,NA,NA,"",NA,NA,NA,NA,"","","Manaus, Presidente Figueiredo","Amazonas","brazil",NA,"",NA,NA,NA,"","","Amazonas",-64.65219948,-4.15548242,"Amazonas","am",-2.406581,-60.308775,"original coordinates","original coordinates outside municipality original in manaus, presidente figueiredo falls in manaus"
"9","Xylopia polyantha",1090665495,-9.229722,-56.770556,"gass84","22331d58-4a7e-40da-b7db-652a4d4d85ed","e7132376-4a7e-458a-be08-946850a2beac","none","b38ff2b7-c8af-454e-b5af-ee760f0d5bca","BR","DWC_ARCHIVE","2018-10-25T12:34:29.769+0000","2017-12-29T14:48:07.373+0000",118,"none","PRESERVED_SPECIMEN",3157090,6,7707728,220,718,9291,3157015,3157090,3157090,"Xylopia polyantha R.E.Fr.","Xylopia polyantha R.E.Fr.","Plantae","Tracheophyta","Magnoliales","Annonaceae","Xylopia","Xylopia polyantha","Xylopia","polyantha","SPECIES","ACCEPTED","2009-05-01T00:00:00",NA,NA,"Mato Grosso",NA,2009,5,25,"2009-05-25T00:00:00","2018-12-08T04:44:01.652+0000","http://creativecommons.org/licenses/by-nc/4.0/legalcode","none","none","none","WGS84","Magnoliopsida","BR","Brazil","BRA:UNEMAT:HERBAM:0000004386","2219","",NA,NA,"UHE São Manoel, Mata de terra firme","","HERBAM",1090665495,"BRA:UNEMAT:HERBAM:0000004386","","Soares, CRA; Piva, JH; Rocha Filho, JA; Rodrigues, L; Melo, JAM; Cabral, FF","4386",NA,"UNEMAT","Universidade do Estado de Mato Grosso (UNEMAT)",NA,"UHE São Manoel (EIA)","Soares, CRA; Assunção, PACL",NA,"","HERBAM - Herbário da Amazônia Meridional","",NA,"",NA,"",NA,"",NA,"2017-12-20T17:46:49.000+0000","HERBAM - Herbário da Amazônia Meridional","Paranaíta","Collection","pt",NA,"",NA,NA,NA,NA,"","",NA,NA,"",NA,"","","","","",NA,NA,NA,NA,NA,NA,NA,"","",NA,"","","","",NA,NA,NA,NA,"",NA,NA,NA,NA,"","","Paranaíta","Mato Grosso","brazil",3982,"Paranaíta",5106299,-56.684596,-9.592842,"MATO GROSSO","MT","Mato Grosso",-55.91290105,-12.94917881,"Mato Grosso","mt",-9.229722,-56.770556,"original coordinates","original coordinates outside municipality original in paranaita falls in jacareacanga"
"10","Xylopia polyantha",912467644,-9.08,-55.44,"gass84","cd6e21c8-9e8a-493a-8a76-fbf7862069e5","061b4f20-f241-11da-a328-b8a03c50a862","none","996e30f8-f762-11e1-a439-00145eb45e9a","GB","DWC_ARCHIVE","2018-06-12T07:03:57.273+0000","2018-04-09T11:00:02.944+0000",96,"none","PRESERVED_SPECIMEN",3157090,6,7707728,220,718,9291,3157015,3157090,3157090,"Xylopia polyantha R.E.Fr.","Xylopia polyantha R.E.Fr.","Plantae","Tracheophyta","Magnoliales","Annonaceae","Xylopia","Xylopia polyantha","Xylopia","polyantha","SPECIES","ACCEPTED","none",356,NA,"",NA,2008,8,28,"2008-08-28T00:00:00","2018-12-07T23:24:06.743+0000","http://creativecommons.org/licenses/by/4.0/legalcode","none","none","none","WGS84","Magnoliopsida","BR","Brazil","K000578763","2489","Floresta Ombrófila Densa Submontana. Dossel ca. 30 m alt. Ocorrência de Burseraceae, Moraceae, Leguminosae. Sub-bosque denso.Terrestre",NA,NA,"Parque Estadual Cristalino. Fazenda Paraná, nas proximidades da estrada que leva ao Rio Cristalino.GPS :S 039","","Herbarium",912467644,"http://specimens.kew.org/herbarium/K000578763","","Piva, J.H.; Frisby, S.; Pena, E.M.; Milliken, W.; Sasaki, D.","K000578763",NA,"K","",NA,"","Milliken, W.",NA,"","","",NA,"Árvore ca. 17 m alt. CAP 10 cm. Sapopemas. Ritidoma estriado. Folhas discolores. Arvore",NA,"cf.",NA,"",NA,"2010-02-26T16:08:36.000+0000","","Novo Mundo","","",NA,"",NA,NA,NA,NA,"","Novo Mundo",NA,NA,"",NA,"","","GPS","ANNONACEAE","",NA,NA,NA,NA,NA,NA,NA,"","",NA,"","","","",NA,NA,NA,NA,"",NA,NA,NA,NA,"","","Novo Mundo","","brazil",NA,"",NA,NA,NA,"","","",NA,NA,NA,"",-9.08,-55.44,"original coordinates","original coordinates outside municipality original in novo mundo falls in novo progresso"
"11","Xylopia polyantha",912375361,-9.64,-55.92,"gass84","cd6e21c8-9e8a-493a-8a76-fbf7862069e5","061b4f20-f241-11da-a328-b8a03c50a862","none","996e30f8-f762-11e1-a439-00145eb45e9a","GB","DWC_ARCHIVE","2018-06-12T07:03:33.042+0000","2018-04-09T10:58:30.165+0000",96,"none","PRESERVED_SPECIMEN",3157090,6,7707728,220,718,9291,3157015,3157090,3157090,"Xylopia polyantha R.E.Fr.","Xylopia polyantha R.E.Fr.","Plantae","Tracheophyta","Magnoliales","Annonaceae","Xylopia","Xylopia polyantha","Xylopia","polyantha","SPECIES","ACCEPTED","none",263,NA,"",NA,2006,7,18,"2006-07-18T00:00:00","2018-12-07T23:23:11.011+0000","http://creativecommons.org/licenses/by/4.0/legalcode","none","none","none","WGS84","Magnoliopsida","BR","Brazil","K000447392","36","Mata inundável com dossel semi-aberto, altura média 10 m. Presença de murundus. Poucas plântulas. Serrapilheira abundante.Terrestre",NA,NA,"Área particular de preservação ambiental, delimitada pelo Parque Estadual Cristalino e pelos Rios Teles Pires e Cristalino. A leste do Rio Cristalino, nas proximidades da margem do Rio Teles Pires.GPS :A 006","","Herbarium",912375361,"http://specimens.kew.org/herbarium/K000447392","","Projeto Flora Cristalino; Viana, A.; Piva, J.H.; Marques, E.; Yesilyurt, J.; Sasaki, D.","K000447392",NA,"K","",NA,"","Milliken, W.",NA,"","","",NA,"Árvore ca. 19 m alt. com raízes tabulares. Caule 68 cm circunf. Látex ausente. Estéril. Arvore",NA,"cf.",NA,"",NA,"2010-02-26T16:07:12.000+0000","","Novo Mundo","","",NA,"",NA,NA,NA,NA,"","Novo Mundo",NA,NA,"",NA,"","","GPS","ANNONACEAE","",NA,NA,NA,NA,NA,NA,NA,"","",NA,"","","","",NA,NA,NA,NA,"",NA,NA,NA,NA,"","","Novo Mundo","","brazil",NA,"",NA,NA,NA,"","","",NA,NA,NA,"",-9.64,-55.92,"original coordinates","original coordinates OK"
"12","Xylopia polyantha",1042620704,-2.7,-65.13,"gass84,gdativ,iddatunl","3cc6171e-8c52-4f65-ad7a-32c74e395f29","c0d9c91a-0f83-4819-bf7e-bb5e1184eb6b","none","ada4205f-679c-4a86-9759-ff652ac467b3","BR","DWC_ARCHIVE","2017-10-08T07:25:05.918+0000","2014-11-24T14:44:22.556+0000",50,"none","PRESERVED_SPECIMEN",9214268,6,7707728,220,718,9291,3157015,3157090,9214268,"Xylopia polyantha var. longisericea R.E.Fr.","Xylopia polyantha var. longisericea R.E.Fr.","Plantae","Tracheophyta","Magnoliales","Annonaceae","Xylopia","Xylopia polyantha","Xylopia","polyantha","VARIETY","ACCEPTED","2004-03-01T00:00:00",0,0,"Amazonas",NA,2003,NA,NA,"2003-01-01T00:00:00","2018-07-07T16:30:37.434+0000","http://creativecommons.org/publicdomain/zero/1.0/legalcode","none","none","none","WGS84","Magnoliopsida","BR","Brazil","urn:catalog:inpa:herbarium:154626","212","",NA,NA,"Região de várzea do Rio Solimões, dentro dos limites da Reserva de Desenvolvimento Sustentável Mamirauá. Comunidade Aiucá, restinga do jenipau.","Uarini","Coleção Botânica, Instituto Nacional de Pesquisas da Amazônia (INPA)",1042620704,"urn:catalog:inpa:herbarium:154626","","","214005",NA,"Instituto Nacional de Pesquisas da Amazônia (INPA)","",NA,"","Santos, J.L. dos",NA,"SOUTH_AMERICA","Instituto Nacional de Pesquisas da Amazônia (INPA)","01.263.896/0015-60",NA,"",NA,"",NA,"",NA,"2014-09-26T00:00:00.000+0000","Coleção Botânica, Instituto Nacional de Pesquisas da Amazônia (INPA)","","Collection","pt",NA,"License Elements",NA,NA,NA,NA,"","",NA,NA,"",NA,"","","","","",NA,NA,NA,NA,NA,NA,NA,"","",NA,"","longisericea","","",NA,NA,NA,NA,"",NA,NA,NA,NA,"","","","Amazonas","brazil",NA,"",NA,NA,NA,"","","Amazonas",-64.65219948,-4.15548242,"Amazonas","am",-2.7,-65.13,"original coordinates","original coordinates outside municipality original in  falls in uarini"
"13","Xylopia polyantha",1042620673,-2.7,-65.13,"gass84,gdativ,iddatunl","3cc6171e-8c52-4f65-ad7a-32c74e395f29","c0d9c91a-0f83-4819-bf7e-bb5e1184eb6b","none","ada4205f-679c-4a86-9759-ff652ac467b3","BR","DWC_ARCHIVE","2017-10-08T07:25:05.926+0000","2014-11-24T14:44:22.973+0000",50,"none","PRESERVED_SPECIMEN",9214268,6,7707728,220,718,9291,3157015,3157090,9214268,"Xylopia polyantha var. longisericea R.E.Fr.","Xylopia polyantha var. longisericea R.E.Fr.","Plantae","Tracheophyta","Magnoliales","Annonaceae","Xylopia","Xylopia polyantha","Xylopia","polyantha","VARIETY","ACCEPTED","2004-03-01T00:00:00",0,0,"Amazonas",NA,2003,NA,NA,"2003-01-01T00:00:00","2018-07-07T16:30:37.441+0000","http://creativecommons.org/publicdomain/zero/1.0/legalcode","none","none","none","WGS84","Magnoliopsida","BR","Brazil","urn:catalog:inpa:herbarium:154624","210","",NA,NA,"Região de várzea do Rio Solimões, dentro dos limites da Reserva de Desenvolvimento Sustentável Mamirauá. Comunidade Aiucá, Sítio do Sr. Francisco.","Uarini","Coleção Botânica, Instituto Nacional de Pesquisas da Amazônia (INPA)",1042620673,"urn:catalog:inpa:herbarium:154624","","","214003",NA,"Instituto Nacional de Pesquisas da Amazônia (INPA)","",NA,"","Santos, J.L. dos",NA,"SOUTH_AMERICA","Instituto Nacional de Pesquisas da Amazônia (INPA)","01.263.896/0015-60",NA,"",NA,"",NA,"",NA,"2014-09-26T00:00:00.000+0000","Coleção Botânica, Instituto Nacional de Pesquisas da Amazônia (INPA)","","Collection","pt",NA,"License Elements",NA,NA,NA,NA,"","",NA,NA,"",NA,"","","","","",NA,NA,NA,NA,NA,NA,NA,"","",NA,"","longisericea","","",NA,NA,NA,NA,"",NA,NA,NA,NA,"","","","Amazonas","brazil",NA,"",NA,NA,NA,"","","Amazonas",-64.65219948,-4.15548242,"Amazonas","am",-2.7,-65.13,"original coordinates","original coordinates outside municipality original in  falls in uarini"
"14","Xylopia polyantha",1135875943,-9.4643,-57.4791,"gass84","cbf8c968-37d6-45be-bf5c-e22914a384dc","a88bec5c-1cbf-47a2-8c3e-6081804d80a5","none","b38ff2b7-c8af-454e-b5af-ee760f0d5bca","BR","DWC_ARCHIVE","2018-12-03T15:20:52.901+0000","2018-01-05T16:39:21.584+0000",81,"none","PRESERVED_SPECIMEN",3157090,6,7707728,220,718,9291,3157015,3157090,3157090,"Xylopia polyantha R.E.Fr.","Xylopia polyantha R.E.Fr.","Plantae","Tracheophyta","Magnoliales","Annonaceae","Xylopia","Xylopia polyantha","Xylopia","polyantha","SPECIES","ACCEPTED","1998-01-01T00:00:00",NA,NA,"Mato Grosso",NA,1997,5,30,"1997-05-30T00:00:00","2018-12-06T21:47:43.769+0000","http://creativecommons.org/licenses/by-nc/4.0/legalcode","none","none","none","WGS84","Magnoliopsida","BR","Brazil","BRA:ESALQ:ESA:0ESA049349","3917","",NA,NA,"Estrada para Fazenda Novo Horizonte. Floresta Ombrófila Aberta. Relevo suave ondulado.Solo tipo Podzólico.","","ESA",1135875943,"BRA:ESALQ:ESA:0ESA049349","","Árbocz, G.F.; Ivanauskas, N.M.; Tamashiro, J.Y.; Silva, M.M.R.","ESA049349",NA,"Escola Superior de Agricultura Luiz de Queiroz, ESALQ","Escola Superior de Agricultura Luiz de Queiroz, ESALQ",NA,"","Mello-Silva, R.",NA,"","ESA - Herbário da Escola Superior de Agricultura Luiz de Queiroz","",NA,"",NA,"",NA,"",NA,"2015-08-18T19:18:03.000+0000","ESA - Herbário da Escola Superior de Agricultura Luiz de Queiroz","Nova Bandeirantes","Collection","pt",NA,"",NA,NA,NA,NA,"","",NA,NA,"",NA,"","","","","",NA,NA,NA,NA,NA,NA,NA,"","",NA,"","","","",NA,NA,NA,NA,"",NA,NA,NA,NA,"","","Nova Bandeirantes","Mato Grosso","brazil",3947,"Nova Bandeirantes",5106158,-58.076948,-9.768186,"MATO GROSSO","MT","Mato Grosso",-55.91290105,-12.94917881,"Mato Grosso","mt",-9.4643,-57.4791,"original coordinates","original coordinates outside municipality original in nova bandeirantes falls in apiacas"
"15","Xylopia polyantha",1135875903,-9.5452,-51.1284,"gass84","cbf8c968-37d6-45be-bf5c-e22914a384dc","a88bec5c-1cbf-47a2-8c3e-6081804d80a5","none","b38ff2b7-c8af-454e-b5af-ee760f0d5bca","BR","DWC_ARCHIVE","2018-12-03T15:20:52.883+0000","2018-01-05T16:39:21.587+0000",81,"none","PRESERVED_SPECIMEN",3157090,6,7707728,220,718,9291,3157015,3157090,3157090,"Xylopia polyantha R.E.Fr.","Xylopia polyantha R.E.Fr.","Plantae","Tracheophyta","Magnoliales","Annonaceae","Xylopia","Xylopia polyantha","Xylopia","polyantha","SPECIES","ACCEPTED","2002-06-01T00:00:00",NA,NA,"Mato Grosso",NA,1997,6,5,"1997-06-05T00:00:00","2018-12-06T21:47:43.791+0000","http://creativecommons.org/licenses/by-nc/4.0/legalcode","none","none","none","WGS84","Magnoliopsida","BR","Brazil","BRA:ESALQ:ESA:0ESA049337","1228","",NA,NA,"Fazenda Ipê. Floresta Estacional Aluvial (Floresta Ciliar). Interior de floresta, bem preservada","","ESA",1135875903,"BRA:ESALQ:ESA:0ESA049337","","Dário, F.R.; Nave, A.G.; Lopes, R.F.; Bertani, D.F.","ESA049337",NA,"Escola Superior de Agricultura Luiz de Queiroz, ESALQ","Escola Superior de Agricultura Luiz de Queiroz, ESALQ",NA,"","Souza, V.C.",NA,"","ESA - Herbário da Escola Superior de Agricultura Luiz de Queiroz","",NA,"",NA,"",NA,"",NA,"2015-08-18T19:18:03.000+0000","ESA - Herbário da Escola Superior de Agricultura Luiz de Queiroz","Vila Rica","Collection","pt",NA,"",NA,NA,NA,NA,"","",NA,NA,"",NA,"","","","","",NA,NA,NA,NA,NA,NA,NA,"","",NA,"","","","",NA,NA,NA,NA,"",NA,NA,NA,NA,"","","Vila Rica","Mato Grosso","brazil",3918,"Vila Rica",5108600,-51.405031,-9.981053,"MATO GROSSO","MT","Mato Grosso",-55.91290105,-12.94917881,"Mato Grosso","mt",-9.5452,-51.1284,"original coordinates","original coordinates outside municipality original in vila rica falls in santana do araguaia"
"16","Xylopia polyantha",1658207798,-9.778611,-57.808611,"gass84,iddatunl","1bb3cae3-b91f-4109-8a2d-a1f05f2d6fd3","76dbcb10-efc5-4d5f-87a5-bcd409fc92c8","none","b38ff2b7-c8af-454e-b5af-ee760f0d5bca","BR","DWC_ARCHIVE","2018-11-24T12:30:37.631+0000","2018-09-25T14:05:05.768+0000",126,"none","PRESERVED_SPECIMEN",3157090,6,7707728,220,718,9291,3157015,3157090,3157090,"Xylopia polyantha R.E.Fr.","Xylopia polyantha R.E.Fr.","Plantae","Tracheophyta","Magnoliales","Annonaceae","Xylopia","Xylopia polyantha","Xylopia","polyantha","SPECIES","ACCEPTED","2001-03-01T00:00:00",NA,NA,"Mato Grosso",NA,1997,6,2,"1997-06-02T00:00:00","2018-09-25T14:05:05.789+0000","http://creativecommons.org/licenses/by-nc/4.0/legalcode","none","none","none","WGS84","Magnoliopsida","BR","Brazil","BRA:USP:SPF:0000142668","2020","",NA,NA,"Fazenda Novo Horizonte.","","SPF",1658207798,"BRA:USP:SPF:0000142668","","Ivanauskas, NM","142668",NA,"USP","Universidade de São Paulo, USP",NA,"Árvoare 20 m. Frutos imaturos verdes.; Floresta ombrófila aberta. RElevo suave ondulado. Solo tipo podzólico.","Mello-Silva, R",NA,"","SPF - Herbário da Universidade de São Paulo","",NA,"",NA,"",NA,"",NA,"","SPF - Herbário da Universidade de São Paulo","Nova Bandeirantes","Collection","pt",NA,"",NA,NA,NA,NA,"","",NA,NA,"",NA,"","","","","",NA,NA,NA,NA,NA,NA,NA,"","",NA,"","","","",NA,NA,NA,NA,"",NA,NA,NA,NA,"","","Nova Bandeirantes","Mato Grosso","brazil",3947,"Nova Bandeirantes",5106158,-58.076948,-9.768186,"MATO GROSSO","MT","Mato Grosso",-55.91290105,-12.94917881,"Mato Grosso","mt",-9.778611,-57.808611,"original coordinates","original coordinates OK"
"17","Xylopia polyantha",1658207790,-9.914444,-51.223333,"gass84,iddatunl","1bb3cae3-b91f-4109-8a2d-a1f05f2d6fd3","76dbcb10-efc5-4d5f-87a5-bcd409fc92c8","none","b38ff2b7-c8af-454e-b5af-ee760f0d5bca","BR","DWC_ARCHIVE","2018-11-24T12:30:37.610+0000","2018-09-25T14:05:05.792+0000",126,"none","PRESERVED_SPECIMEN",3157090,6,7707728,220,718,9291,3157015,3157090,3157090,"Xylopia polyantha R.E.Fr.","Xylopia polyantha R.E.Fr.","Plantae","Tracheophyta","Magnoliales","Annonaceae","Xylopia","Xylopia polyantha","Xylopia","polyantha","SPECIES","ACCEPTED","2001-03-01T00:00:00",NA,NA,"Mato Grosso",NA,1997,6,10,"1997-06-10T00:00:00","2018-09-25T14:05:05.868+0000","http://creativecommons.org/licenses/by-nc/4.0/legalcode","none","none","none","WGS84","Magnoliopsida","BR","Brazil","BRA:USP:SPF:0000142666","1290","",NA,NA,"Fazenda Ipê.","","SPF",1658207790,"BRA:USP:SPF:0000142666","","Dário, FR","142666",NA,"USP","Universidade de São Paulo, USP",NA,"Arbóreio. Altura de 25 m e com fruto imaturo verde.; Floresta estacional semidecidual. Interior da floresta, bem preservada, alto de morro, afloramentos de rocha.","Mello-Silva, R",NA,"","SPF - Herbário da Universidade de São Paulo","",NA,"",NA,"",NA,"",NA,"","SPF - Herbário da Universidade de São Paulo","Vila Rica","Collection","pt",NA,"",NA,NA,NA,NA,"","",NA,NA,"",NA,"","","","","",NA,NA,NA,NA,NA,NA,NA,"","",NA,"","","","",NA,NA,NA,NA,"",NA,NA,NA,NA,"","","Vila Rica","Mato Grosso","brazil",3918,"Vila Rica",5108600,-51.405031,-9.981053,"MATO GROSSO","MT","Mato Grosso",-55.91290105,-12.94917881,"Mato Grosso","mt",-9.914444,-51.223333,"original coordinates","original coordinates OK"
"18","Xylopia polyantha",1135875940,-10.1229,-59.2426,"gass84","cbf8c968-37d6-45be-bf5c-e22914a384dc","a88bec5c-1cbf-47a2-8c3e-6081804d80a5","none","b38ff2b7-c8af-454e-b5af-ee760f0d5bca","BR","DWC_ARCHIVE","2018-12-03T15:20:52.896+0000","2018-01-05T16:39:21.584+0000",81,"none","PRESERVED_SPECIMEN",3157090,6,7707728,220,718,9291,3157015,3157090,3157090,"Xylopia polyantha R.E.Fr.","Xylopia polyantha R.E.Fr.","Plantae","Tracheophyta","Magnoliales","Annonaceae","Xylopia","Xylopia polyantha","Xylopia","polyantha","SPECIES","ACCEPTED","1998-01-01T00:00:00",NA,NA,"Mato Grosso",NA,1997,7,3,"1997-07-03T00:00:00","2018-12-06T21:47:43.593+0000","http://creativecommons.org/licenses/by-nc/4.0/legalcode","none","none","none","WGS84","Magnoliopsida","BR","Brazil","BRA:ESALQ:ESA:0ESA049348","4053","",NA,NA,"Margem MT-420, a 5 km da cidade. Floresta Ombrófila alterada. Relevo suave ondulado.Solo tipo Podzólico.","","ESA",1135875940,"BRA:ESALQ:ESA:0ESA049348","","Árbocz, G.F.; Assis, M.C.; Silva, M.R.; Zanella, J.","ESA049348",NA,"Escola Superior de Agricultura Luiz de Queiroz, ESALQ","Escola Superior de Agricultura Luiz de Queiroz, ESALQ",NA,"","Mello-Silva, R.",NA,"","ESA - Herbário da Escola Superior de Agricultura Luiz de Queiroz","",NA,"",NA,"",NA,"",NA,"2015-08-18T19:18:03.000+0000","ESA - Herbário da Escola Superior de Agricultura Luiz de Queiroz","Aripuanã","Collection","pt",NA,"",NA,NA,NA,NA,"","",NA,NA,"",NA,"","","","","",NA,NA,NA,NA,NA,NA,NA,"","",NA,"","","","",NA,NA,NA,NA,"",NA,NA,NA,NA,"","","Aripuanã","Mato Grosso","brazil",3883,"Aripuanã",5101407,-59.838692,-10.188355,"MATO GROSSO","MT","Mato Grosso",-55.91290105,-12.94917881,"Mato Grosso","mt",-10.1229,-59.2426,"original coordinates","original coordinates OK"
"19","Xylopia polyantha",1042574642,-2.416667,-59.75,"elmms,gass84,gdativ,iddatunl","3cc6171e-8c52-4f65-ad7a-32c74e395f29","c0d9c91a-0f83-4819-bf7e-bb5e1184eb6b","none","ada4205f-679c-4a86-9759-ff652ac467b3","BR","DWC_ARCHIVE","2017-10-08T07:24:54.940+0000","2014-11-24T14:43:11.812+0000",50,"none","PRESERVED_SPECIMEN",3157090,6,7707728,220,718,9291,3157015,3157090,3157090,"Xylopia polyantha R.E.Fr.","Xylopia polyantha R.E.Fr.","Plantae","Tracheophyta","Magnoliales","Annonaceae","Xylopia","Xylopia polyantha","Xylopia","polyantha","SPECIES","ACCEPTED","1995-01-01T00:00:00",25,25,"Amazonas",NA,1989,8,10,"1989-08-10T00:00:00","2018-07-07T16:30:37.444+0000","http://creativecommons.org/publicdomain/zero/1.0/legalcode","none","none","none","WGS84","Magnoliopsida","BR","Brazil","urn:catalog:inpa:herbarium:108815","20719","",NA,NA,"Distrito Agropecuário, ZF3, Distrito Agropecuário, Reserva 1501 ( Km 41 )","Manaus","Coleção Botânica, Instituto Nacional de Pesquisas da Amazônia (INPA)",1042574642,"urn:catalog:inpa:herbarium:108815","","Mori, SA","170632",NA,"Instituto Nacional de Pesquisas da Amazônia (INPA)","",NA,"","Maas, P.J.M.",NA,"SOUTH_AMERICA","Instituto Nacional de Pesquisas da Amazônia (INPA)","01.263.896/0015-60",NA,"",NA,"",NA,"",NA,"2014-09-26T00:00:00.000+0000","Coleção Botânica, Instituto Nacional de Pesquisas da Amazônia (INPA)","","Collection","pt",NA,"License Elements",NA,NA,NA,NA,"","",NA,NA,"",NA,"","","","","",NA,NA,NA,NA,NA,NA,NA,"","",NA,"","","","",NA,NA,NA,NA,"",NA,NA,NA,NA,"","","","Amazonas","brazil",NA,"",NA,NA,NA,"","","Amazonas",-64.65219948,-4.15548242,"Amazonas","am",-2.416667,-59.75,"original coordinates","original coordinates outside municipality original in  falls in rio preto da eva"
"20","Xylopia polyantha",1231243606,-10.58333,-63.65,"","7f5260c2-f762-11e1-a439-00145eb45e9a","4e11d750-bafb-11d9-8e53-b8a03c50a862","none","602f1096-f762-11e1-a439-00145eb45e9a","AT","BIOCASE","2018-12-06T05:20:01.974+0000","2018-11-05T12:02:38.711+0000",41,"none","PRESERVED_SPECIMEN",3157090,6,7707728,220,718,9291,3157015,3157090,3157090,"Xylopia polyantha R.E.Fr.","Xylopia polyantha R.E.Fr.","Plantae","Tracheophyta","Magnoliales","Annonaceae","Xylopia","Xylopia polyantha","Xylopia","polyantha","SPECIES","ACCEPTED","none",NA,NA,"",NA,1987,4,24,"1987-04-24T00:00:00","2018-12-09T23:10:09.989+0000","http://creativecommons.org/licenses/by/4.0/legalcode","none","none","none","WGS84","Magnoliopsida","BR","Brazil","","","",NA,NA,"Mun. Porto Velho, Rondônia. Serra do Balateiro a 07 km da Vila Campo Novo. 10°35'S, 63°39'W.","","Herbarium W",1231243606,"","","Cid Ferreira,C.A. et al.","2002-0008422",NA,"W","",NA,"","D. M. Johnson 2005-07-24",NA,"","","",NA,"",NA,"",NA,"",NA,"","","","","",NA,"",NA,NA,NA,NA,"","",NA,NA,"",NA,"","","","","",NA,NA,NA,NA,NA,NA,NA,"","",NA,"","","","",NA,NA,NA,NA,"",NA,NA,NA,NA,"","","","","brazil",NA,"",NA,NA,NA,"","","",NA,NA,NA,"",-10.58333,-63.65,"original coordinates","original coordinates outside municipality original in  falls in campo novo de rondonia"
"21","Xylopia polyantha",1042664726,-9.95,-57.1,"gass84,gdativ,iddatunl","3cc6171e-8c52-4f65-ad7a-32c74e395f29","c0d9c91a-0f83-4819-bf7e-bb5e1184eb6b","none","ada4205f-679c-4a86-9759-ff652ac467b3","BR","DWC_ARCHIVE","2017-10-08T07:25:16.142+0000","2014-11-24T14:45:19.968+0000",50,"none","PRESERVED_SPECIMEN",9214268,6,7707728,220,718,9291,3157015,3157090,9214268,"Xylopia polyantha var. longisericea R.E.Fr.","Xylopia polyantha var. longisericea R.E.Fr.","Plantae","Tracheophyta","Magnoliales","Annonaceae","Xylopia","Xylopia polyantha","Xylopia","polyantha","VARIETY","ACCEPTED","1986-01-01T00:00:00",0,0,"Mato Grosso",NA,1985,9,30,"1985-09-30T00:00:00","2018-07-07T16:30:37.445+0000","http://creativecommons.org/publicdomain/zero/1.0/legalcode","none","none","none","WGS84","Magnoliopsida","BR","Brazil","urn:catalog:inpa:herbarium:198022","4116","",NA,NA,"17,5 km N of Alta Paraíso. 22,5 W of rio Apiacá., Km 17,5 N of Alto Paraiso, 22.5 Km W of Rio Apiacá on rd to Alta Floresta ( MT208 )","Alta Floresta","Coleção Botânica, Instituto Nacional de Pesquisas da Amazônia (INPA)",1042664726,"urn:catalog:inpa:herbarium:198022","","","150619",NA,"Instituto Nacional de Pesquisas da Amazônia (INPA)","",NA,"","Johnson, D.M.",NA,"SOUTH_AMERICA","Instituto Nacional de Pesquisas da Amazônia (INPA)","01.263.896/0015-60",NA,"",NA,"",NA,"",NA,"2014-09-26T00:00:00.000+0000","Coleção Botânica, Instituto Nacional de Pesquisas da Amazônia (INPA)","","Collection","pt",NA,"License Elements",NA,NA,NA,NA,"","",NA,NA,"",NA,"","","","","",NA,NA,NA,NA,NA,NA,NA,"","",NA,"","longisericea","","",NA,NA,NA,NA,"",NA,NA,NA,NA,"","","","Mato Grosso","brazil",NA,"",NA,NA,NA,"","","Mato Grosso",-55.91290105,-12.94917881,"Mato Grosso","mt",-9.95,-57.1,"original coordinates","original coordinates outside municipality original in  falls in nova monte verde"
"22","Xylopia polyantha",1260810134,-9.95,-57.1,"gass84","7bd65a7a-f762-11e1-a439-00145eb45e9a","90fd6680-349f-11d8-aa2d-b8a03c50a862","none","c4e134d3-c68f-406d-a116-6a37895602e0","US","DWC_ARCHIVE","2018-06-20T08:03:45.633+0000","2016-03-21T16:21:27.029+0000",28,"none","PRESERVED_SPECIMEN",3157090,6,7707728,220,718,9291,3157015,3157090,3157090,"Xylopia polyantha R.E.Fr.","Xylopia polyantha R.E.Fr.","Plantae","Tracheophyta","Magnoliales","Annonaceae","Xylopia","Xylopia polyantha","Xylopia","polyantha","SPECIES","ACCEPTED","1986-01-01T00:00:00",NA,NA,"Mato Grosso",NA,1985,9,30,"1985-09-30T00:00:00","2018-12-09T00:38:55.178+0000","http://creativecommons.org/licenses/by/4.0/legalcode","none","none","none","WGS84","Magnoliopsida","BR","Brazil","urn:catalog:MO:Tropicos:3397060","Thomas 4116","",NA,NA,"Mun. Alta Floresta: 17.5 km N of Alta Paraiso, 22.5 km W of Rio Apiacá on rd to Alta Floresta (MT208). Forest on terra firme.","","MO",1260810134,"urn:catalog:MO:Tropicos:3397060","","W. Wayt Thomas","3397060",NA,"MO","MOBOT",NA,"","D. M. Johnson",NA,"SOUTH_AMERICA","Missouri Botanical Garden","",NA,"",NA,"",NA,"",NA,"2013-08-23T04:12:00.000+0000","Tropicos","","PhysicalObject","",NA,"",NA,NA,NA,NA,"","",NA,NA,"",NA,"","http://biocol.org/urn:lsid:biocol.org:col:15859","","","ICNafp",NA,NA,NA,NA,NA,NA,NA,"","No opinion",1600520,"http://www.tropicos.org/Specimen/3397060","","","",NA,NA,NA,NA,"",NA,NA,NA,NA,"","","","Mato Grosso","brazil",NA,"",NA,NA,NA,"","","Mato Grosso",-55.91290105,-12.94917881,"Mato Grosso","mt",-9.95,-57.1,"original coordinates","original coordinates outside municipality original in  falls in nova monte verde"
"23","Xylopia polyantha",1931253380,-11.17,-51.67,"gass84","d415c253-4d61-4459-9d25-4015b9084fb0","ae447c50-b8a8-11d8-92a4-b8a03c50a862","none","17017c2c-036b-45d9-b045-606d21b00771","US","DWC_ARCHIVE","2018-11-18T16:25:45.972+0000","2018-11-18T16:25:45.995+0000",96,"none","PRESERVED_SPECIMEN",3157090,6,7707728,220,718,9291,3157015,3157090,3157090,"Xylopia polyantha R.E.Fr.","Xylopia polyantha R.E.Fr.","Plantae","Tracheophyta","Magnoliales","Annonaceae","Xylopia","Xylopia polyantha","Xylopia","polyantha","SPECIES","ACCEPTED","1986-01-01T00:00:00",0,0,"Mato Grosso",NA,1985,10,16,"1985-10-16T00:00:00","2018-12-07T05:42:53.943+0000","http://creativecommons.org/publicdomain/zero/1.0/legalcode","none","none","none","WGS84","Magnoliopsida","BR","Brazil","f6a6b635-8589-4832-b427-0039b7ef3452","1259","Floresta",NA,NA,"Distrito de Porto Alegre, ca. 10-11 km da BR 158","Luciara","NY",1931253380,"f6a6b635-8589-4832-b427-0039b7ef3452","sheet","J. R. Pirani","00837627",NA,"NY","",NA,"","D. M. Johnson",NA,"SOUTH_AMERICA","The New York Botanical Garden","http://biocol.org/urn:lsid:biocol.org:col:15556",NA,"",NA,"",NA,"",NA,"","Vascular plants","","PhysicalObject","en",NA,"",NA,NA,NA,NA,"","",NA,NA,"",NA,"http://sweetgum.nybg.org/science/vh/specimen_details.php?irn=930766","http://biocol.org/urn:lsid:biocol.org:col:15556","","","ICN",NA,NA,NA,NA,NA,NA,NA,"","",NA,"","","16 Oct 1985","",NA,NA,NA,NA,"",289,289,NA,NA,"","","","Mato Grosso","brazil",NA,"",NA,NA,NA,"","","Mato Grosso",-55.91290105,-12.94917881,"Mato Grosso","mt",-11.17,-51.67,"original coordinates","original coordinates outside municipality original in  falls in canabrava do norte"
"24","Xylopia polyantha",1260809870,-11.16666,-51.66666,"gass84","7bd65a7a-f762-11e1-a439-00145eb45e9a","90fd6680-349f-11d8-aa2d-b8a03c50a862","none","c4e134d3-c68f-406d-a116-6a37895602e0","US","DWC_ARCHIVE","2018-06-20T08:03:45.618+0000","2016-03-21T16:21:25.343+0000",28,"none","PRESERVED_SPECIMEN",3157090,6,7707728,220,718,9291,3157015,3157090,3157090,"Xylopia polyantha R.E.Fr.","Xylopia polyantha R.E.Fr.","Plantae","Tracheophyta","Magnoliales","Annonaceae","Xylopia","Xylopia polyantha","Xylopia","polyantha","SPECIES","ACCEPTED","1986-01-01T00:00:00",NA,NA,"Mato Grosso",NA,1985,NA,NA,"1985-01-01T00:00:00","2018-12-09T00:38:55.073+0000","http://creativecommons.org/licenses/by/4.0/legalcode","none","none","none","WGS84","Magnoliopsida","BR","Brazil","urn:catalog:MO:Tropicos:3396900","Anonymous s.n.","",NA,NA,"Mun. Luciara, distrito de Porto Alegre, ca. 10.11 km da BR 158; floresta.","","MO",1260809870,"urn:catalog:MO:Tropicos:3396900","","Anonymous","3396900",NA,"MO","MOBOT",NA,"","D. M. Johnson",NA,"SOUTH_AMERICA","Missouri Botanical Garden","",NA,"",NA,"",NA,"",NA,"2009-06-25T21:31:00.000+0000","Tropicos","","PhysicalObject","",NA,"",NA,NA,NA,NA,"","",NA,NA,"",NA,"","http://biocol.org/urn:lsid:biocol.org:col:15859","","","ICNafp",NA,NA,NA,NA,NA,NA,NA,"","No opinion",1600520,"http://www.tropicos.org/Specimen/3396900","","","",NA,NA,NA,NA,"",NA,NA,NA,NA,"","","","Mato Grosso","brazil",NA,"",NA,NA,NA,"","","Mato Grosso",-55.91290105,-12.94917881,"Mato Grosso","mt",-11.16666,-51.66666,"original coordinates","original coordinates outside municipality original in  falls in canabrava do norte"
"25","Xylopia polyantha",1260806444,-6.08333,-50.26666,"gass84","7bd65a7a-f762-11e1-a439-00145eb45e9a","90fd6680-349f-11d8-aa2d-b8a03c50a862","none","c4e134d3-c68f-406d-a116-6a37895602e0","US","DWC_ARCHIVE","2018-06-20T08:03:44.838+0000","2016-03-21T16:21:08.684+0000",28,"none","PRESERVED_SPECIMEN",3157090,6,7707728,220,718,9291,3157015,3157090,3157090,"Xylopia polyantha R.E.Fr.","Xylopia polyantha R.E.Fr.","Plantae","Tracheophyta","Magnoliales","Annonaceae","Xylopia","Xylopia polyantha","Xylopia","polyantha","SPECIES","ACCEPTED","1987-01-01T00:00:00",625,25,"Pará",NA,1982,6,19,"1982-06-19T00:00:00","2018-12-09T00:38:53.420+0000","http://creativecommons.org/licenses/by/4.0/legalcode","none","none","none","WGS84","Magnoliopsida","BR","Brazil","urn:catalog:MO:Tropicos:3393637","Sperling 6243","",NA,NA,"Serra dos Carajás. 10 km east of AMZA camp N-1 and 5-10 km. along th eentrance road to AZUL, an abandoned manganese exploration camp.","","MO",1260806444,"urn:catalog:MO:Tropicos:3393637","","Calvin R. Sperling|Milton G. da Silva|M. Condon|Carlos S. Rosário|R. Pereira de Lima|J.C. dos Santos","3393637",NA,"MO","MOBOT",NA,"","P. Maas & A. Van Setten",NA,"SOUTH_AMERICA","Missouri Botanical Garden","",NA,"",NA,"",NA,"",NA,"2011-03-24T17:27:00.000+0000","Tropicos","","PhysicalObject","",NA,"",NA,NA,NA,NA,"","",NA,NA,"",NA,"","http://biocol.org/urn:lsid:biocol.org:col:15859","","","ICNafp",NA,NA,NA,NA,NA,NA,NA,"","No opinion",1600520,"http://www.tropicos.org/Specimen/3393637","","","",NA,NA,NA,NA,"",NA,NA,NA,NA,"","","","Pará","brazil",NA,"",NA,NA,NA,"","","Pará",-53.0625366,-3.972184,"Pará","pa",-6.08333,-50.26666,"original coordinates","original coordinates outside municipality original in  falls in parauapebas"
"26","Xylopia polyantha",1260806524,-5.88333,-50.5,"gass84","7bd65a7a-f762-11e1-a439-00145eb45e9a","90fd6680-349f-11d8-aa2d-b8a03c50a862","none","c4e134d3-c68f-406d-a116-6a37895602e0","US","DWC_ARCHIVE","2018-06-20T08:03:44.887+0000","2016-03-21T16:21:08.990+0000",28,"none","PRESERVED_SPECIMEN",3157090,6,7707728,220,718,9291,3157015,3157090,3157090,"Xylopia polyantha R.E.Fr.","Xylopia polyantha R.E.Fr.","Plantae","Tracheophyta","Magnoliales","Annonaceae","Xylopia","Xylopia polyantha","Xylopia","polyantha","SPECIES","ACCEPTED","none",200,NA,"Pará",NA,1982,6,11,"1982-06-11T00:00:00","2018-12-09T00:38:53.704+0000","http://creativecommons.org/licenses/by/4.0/legalcode","none","none","none","WGS84","Magnoliopsida","BR","Brazil","urn:catalog:MO:Tropicos:3393822","Sperling 6089","",NA,NA,"Ca. 2 km. northwest of Rio Itacaiúnas ferry crossing on the road to AMZA camp Saloro-2. Alt ca. 200m. Along abandoned road in primary forest.","","MO",1260806524,"urn:catalog:MO:Tropicos:3393822","","Calvin R. Sperling|Milton G. da Silva|M. Condon|Carlos S. Rosário|R. Pereira de Lima|J.C. dos Santos","3393822",NA,"MO","MOBOT",NA,"","",NA,"SOUTH_AMERICA","Missouri Botanical Garden","",NA,"",NA,"",NA,"",NA,"2011-03-24T17:27:00.000+0000","Tropicos","","PhysicalObject","",NA,"",NA,NA,NA,NA,"","",NA,NA,"",NA,"","http://biocol.org/urn:lsid:biocol.org:col:15859","","","ICNafp",NA,NA,NA,NA,NA,NA,NA,"","No opinion",1600520,"http://www.tropicos.org/Specimen/3393822","","","",NA,NA,NA,NA,"",NA,NA,NA,NA,"","","","Pará","brazil",NA,"",NA,NA,NA,"","","Pará",-53.0625366,-3.972184,"Pará","pa",-5.88333,-50.5,"original coordinates","original coordinates outside municipality original in  falls in parauapebas"
"27","Xylopia polyantha",1077584731,-4.2929,-50.158675,"gass84","a0cb1f6e-5766-4cc5-a8a0-cfc6a22c5c3d","81114709-2a6c-4e0b-908b-cb207a8708c2","none","b38ff2b7-c8af-454e-b5af-ee760f0d5bca","BR","DWC_ARCHIVE","2018-11-23T18:20:33.312+0000","2018-11-23T18:20:33.385+0000",125,"none","PRESERVED_SPECIMEN",3157090,6,7707728,220,718,9291,3157015,3157090,3157090,"Xylopia polyantha R.E.Fr.","Xylopia polyantha R.E.Fr.","Plantae","Tracheophyta","Magnoliales","Annonaceae","Xylopia","Xylopia polyantha","Xylopia","polyantha","SPECIES","ACCEPTED","2010-02-03T00:00:00",NA,NA,"Pará",NA,1981,4,6,"1981-04-06T00:00:00","2018-12-09T10:54:49.710+0000","http://creativecommons.org/licenses/by-nc/4.0/legalcode","none","none","none","WGS84","Magnoliopsida","BR","Brazil","BRA:IMA:MAC:0000001544","4050","",NA,NA,"Km 26., Rodovia Tucurui. Floresta perturbada, terra firme, solo arenoso.","","MAC",1077584731,"BRA:IMA:MAC:0000001544","","N.A.Rosa; et al.","1544",NA,"IMA","Instituto do Meio Ambiente do Estado de Alagoas, IMA",NA,"Árvore ca. 6 m de altura. Botões amarelos.; Mata Atlântica.","M.C.S.Mota",NA,"","MAC - Herbário do Instituto do Meio Ambiente do Estado de Alagoas","",NA,"",NA,"",NA,"",NA,"2018-11-22T16:34:32.000+0000","MAC - Herbário do Instituto do Meio Ambiente do Estado de Alagoas","Tucurui","Collection","pt",NA,"",NA,NA,NA,NA,"","",NA,NA,"",NA,"","","","","",NA,NA,NA,NA,NA,NA,NA,"","",NA,"","","","",NA,NA,NA,NA,"",NA,NA,NA,NA,"","","Tucurui","Pará","brazil",5244,"Tucuruí",1508100,-49.823196,-3.854212,"PARA","PA","Pará",-53.0625366,-3.972184,"Pará","pa",-4.2929,-50.158675,"original coordinates","original coordinates outside municipality original in tucurui falls in novo repartimento"
"28","Xylopia polyantha",1077585853,-1.8925,-52.951944,"gass84","a0cb1f6e-5766-4cc5-a8a0-cfc6a22c5c3d","81114709-2a6c-4e0b-908b-cb207a8708c2","none","b38ff2b7-c8af-454e-b5af-ee760f0d5bca","BR","DWC_ARCHIVE","2018-11-23T18:20:34.286+0000","2018-11-23T18:20:34.305+0000",125,"none","PRESERVED_SPECIMEN",3157090,6,7707728,220,718,9291,3157015,3157090,3157090,"Xylopia polyantha R.E.Fr.","Xylopia polyantha R.E.Fr.","Plantae","Tracheophyta","Magnoliales","Annonaceae","Xylopia","Xylopia polyantha","Xylopia","polyantha","SPECIES","ACCEPTED","1979-01-01T00:00:00",NA,NA,"Pará",NA,1978,12,6,"1978-12-06T00:00:00","2018-12-09T10:54:50.150+0000","http://creativecommons.org/licenses/by-nc/4.0/legalcode","none","none","none","WGS84","Magnoliopsida","BR","Brazil","BRA:IMA:MAC:0000003112","495","",NA,NA,"Monte Dourado.","","MAC",1077585853,"BRA:IMA:MAC:0000003112","","M.R.Santos","3112",NA,"IMA","Instituto do Meio Ambiente do Estado de Alagoas, IMA",NA,"Árvore ca. 12 m de altura. Fruto vermelho.; Mata Atlântica.","N.A.Rosa",NA,"","MAC - Herbário do Instituto do Meio Ambiente do Estado de Alagoas","",NA,"",NA,"",NA,"",NA,"2018-11-22T16:34:32.000+0000","MAC - Herbário do Instituto do Meio Ambiente do Estado de Alagoas","Almeirim","Collection","pt",NA,"",NA,NA,NA,NA,"","",NA,NA,"",NA,"","","","","",NA,NA,NA,NA,NA,NA,NA,"","",NA,"","","","",NA,NA,NA,NA,"",NA,NA,NA,NA,"","","Almeirim","Pará","brazil",5541,"Almeirim",1500503,-53.895969,0.286347,"PARA","PA","Pará",-53.0625366,-3.972184,"Pará","pa",-1.8925,-52.951944,"original coordinates","original coordinates outside municipality original in almeirim falls in porto de moz"
"29","Xylopia polyantha",1260806440,-6.000667,-50.000833,"cdround,gass84","7bd65a7a-f762-11e1-a439-00145eb45e9a","90fd6680-349f-11d8-aa2d-b8a03c50a862","none","c4e134d3-c68f-406d-a116-6a37895602e0","US","DWC_ARCHIVE","2018-06-20T08:03:44.860+0000","2016-03-21T16:21:08.694+0000",28,"none","PRESERVED_SPECIMEN",3157090,6,7707728,220,718,9291,3157015,3157090,3157090,"Xylopia polyantha R.E.Fr.","Xylopia polyantha R.E.Fr.","Plantae","Tracheophyta","Magnoliales","Annonaceae","Xylopia","Xylopia polyantha","Xylopia","polyantha","SPECIES","ACCEPTED","none",NA,NA,"Pará",NA,1977,10,18,"1977-10-18T00:00:00","2018-12-09T00:38:53.485+0000","http://creativecommons.org/licenses/by/4.0/legalcode","none","none","none","WGS84","Magnoliopsida","BR","Brazil","urn:catalog:MO:Tropicos:3393682","Berg 632","",NA,NA,"Serra dos Carajás. Serra dos Carajás, Serra do Norte, ca 20 km N of AMZA Exploration Camp.","","MO",1260806440,"urn:catalog:MO:Tropicos:3393682","","Cornelis C. Berg|Andrew J. Henderson|R.P. Bahia","3393682",NA,"MO","MOBOT",NA,"","",NA,"SOUTH_AMERICA","Missouri Botanical Garden","",NA,"",NA,"",NA,"",NA,"2011-08-15T14:43:00.000+0000","Tropicos","","PhysicalObject","",NA,"",NA,NA,NA,NA,"","",NA,NA,"",NA,"","http://biocol.org/urn:lsid:biocol.org:col:15859","","","ICNafp",NA,NA,NA,NA,NA,NA,NA,"","No opinion",1600520,"http://www.tropicos.org/Specimen/3393682","","","",NA,NA,NA,NA,"",NA,NA,NA,NA,"","","","Pará","brazil",NA,"",NA,NA,NA,"","","Pará",-53.0625366,-3.972184,"Pará","pa",-6.000667,-50.000833,"original coordinates","original coordinates outside municipality original in  falls in parauapebas"
"30","Xylopia polyantha",1042582213,-2.883333,-59.97,"gass84,gdativ,iddatunl","3cc6171e-8c52-4f65-ad7a-32c74e395f29","c0d9c91a-0f83-4819-bf7e-bb5e1184eb6b","none","ada4205f-679c-4a86-9759-ff652ac467b3","BR","DWC_ARCHIVE","2017-10-08T07:24:56.813+0000","2014-11-24T14:43:17.737+0000",50,"none","PRESERVED_SPECIMEN",3157090,6,7707728,220,718,9291,3157015,3157090,3157090,"Xylopia polyantha R.E.Fr.","Xylopia polyantha R.E.Fr.","Plantae","Tracheophyta","Magnoliales","Annonaceae","Xylopia","Xylopia polyantha","Xylopia","polyantha","SPECIES","ACCEPTED","1995-01-01T00:00:00",0,0,"Amazonas",NA,1976,8,18,"1976-08-18T00:00:00","2018-07-07T16:30:37.447+0000","http://creativecommons.org/publicdomain/zero/1.0/legalcode","none","none","none","WGS84","Magnoliopsida","BR","Brazil","urn:catalog:inpa:herbarium:117037","s.n.","",NA,NA,"Reserva Florestal Adolfo Ducke, Estrada Manaus-Itacotiara Km 26, Reserva Florestal Ducke. Estudo de Associação","Manaus","Coleção Botânica, Instituto Nacional de Pesquisas da Amazônia (INPA)",1042582213,"urn:catalog:inpa:herbarium:117037","","Oliveira, AR de","60163",NA,"Instituto Nacional de Pesquisas da Amazônia (INPA)","",NA,"","Maas, P.J.M.",NA,"SOUTH_AMERICA","Instituto Nacional de Pesquisas da Amazônia (INPA)","01.263.896/0015-60",NA,"",NA,"",NA,"",NA,"2014-09-26T00:00:00.000+0000","Coleção Botânica, Instituto Nacional de Pesquisas da Amazônia (INPA)","","Collection","pt",NA,"License Elements",NA,NA,NA,NA,"","",NA,NA,"",NA,"","","","","",NA,NA,NA,NA,NA,NA,NA,"","",NA,"","","","",NA,NA,NA,NA,"",NA,NA,NA,NA,"","","","Amazonas","brazil",NA,"",NA,NA,NA,"","","Amazonas",-64.65219948,-4.15548242,"Amazonas","am",-2.883333,-59.97,"original coordinates","original coordinates outside municipality original in  falls in manaus"
"31","Xylopia polyantha",1042583251,-2.883333,-59.97,"gass84,gdativ,iddatunl","3cc6171e-8c52-4f65-ad7a-32c74e395f29","c0d9c91a-0f83-4819-bf7e-bb5e1184eb6b","none","ada4205f-679c-4a86-9759-ff652ac467b3","BR","DWC_ARCHIVE","2017-10-08T07:24:56.812+0000","2014-11-24T14:43:18.573+0000",50,"none","PRESERVED_SPECIMEN",3157090,6,7707728,220,718,9291,3157015,3157090,3157090,"Xylopia polyantha R.E.Fr.","Xylopia polyantha R.E.Fr.","Plantae","Tracheophyta","Magnoliales","Annonaceae","Xylopia","Xylopia polyantha","Xylopia","polyantha","SPECIES","ACCEPTED","1995-01-01T00:00:00",0,0,"Amazonas",NA,1976,8,18,"1976-08-18T00:00:00","2018-07-07T16:30:37.433+0000","http://creativecommons.org/publicdomain/zero/1.0/legalcode","none","none","none","WGS84","Magnoliopsida","BR","Brazil","urn:catalog:inpa:herbarium:117035","INPA60163","",NA,NA,"Reserva Florestal Adolfo Ducke, Estrada Manaus-Itacotiara Km 26, Reserva Florestal Ducke. Estudo de Associação.","Manaus","Coleção Botânica, Instituto Nacional de Pesquisas da Amazônia (INPA)",1042583251,"urn:catalog:inpa:herbarium:117035","","Oliveira, AR de","60163",NA,"Instituto Nacional de Pesquisas da Amazônia (INPA)","",NA,"","Maas, P.J.M.",NA,"SOUTH_AMERICA","Instituto Nacional de Pesquisas da Amazônia (INPA)","01.263.896/0015-60",NA,"",NA,"",NA,"",NA,"2014-09-26T00:00:00.000+0000","Coleção Botânica, Instituto Nacional de Pesquisas da Amazônia (INPA)","","Collection","pt",NA,"License Elements",NA,NA,NA,NA,"","",NA,NA,"",NA,"","","","","",NA,NA,NA,NA,NA,NA,NA,"","",NA,"","","","",NA,NA,NA,NA,"",NA,NA,NA,NA,"","","","Amazonas","brazil",NA,"",NA,NA,NA,"","","Amazonas",-64.65219948,-4.15548242,"Amazonas","am",-2.883333,-59.97,"original coordinates","original coordinates outside municipality original in  falls in manaus"
"32","Xylopia polyantha",1042656472,-2.883333,-59.97,"gass84,gdativ,iddatunl","3cc6171e-8c52-4f65-ad7a-32c74e395f29","c0d9c91a-0f83-4819-bf7e-bb5e1184eb6b","none","ada4205f-679c-4a86-9759-ff652ac467b3","BR","DWC_ARCHIVE","2017-10-08T07:25:14.327+0000","2014-11-24T14:45:11.309+0000",50,"none","PRESERVED_SPECIMEN",3157090,6,7707728,220,718,9291,3157015,3157090,3157090,"Xylopia polyantha R.E.Fr.","Xylopia polyantha R.E.Fr.","Plantae","Tracheophyta","Magnoliales","Annonaceae","Xylopia","Xylopia polyantha","Xylopia","polyantha","SPECIES","ACCEPTED","1991-01-01T00:00:00",0,0,"Amazonas",NA,1976,9,9,"1976-09-09T00:00:00","2018-07-07T16:30:37.417+0000","http://creativecommons.org/publicdomain/zero/1.0/legalcode","none","none","none","WGS84","Magnoliopsida","BR","Brazil","urn:catalog:inpa:herbarium:190022","INPA61442","",NA,NA,"Reserva Florestal Adolfo Ducke, Reserva Florestal Ducke","Manaus","Coleção Botânica, Instituto Nacional de Pesquisas da Amazônia (INPA)",1042656472,"urn:catalog:inpa:herbarium:190022","","Souza, JA de","61442",NA,"Instituto Nacional de Pesquisas da Amazônia (INPA)","",NA,"","Miralha, J.M.S.",NA,"SOUTH_AMERICA","Instituto Nacional de Pesquisas da Amazônia (INPA)","01.263.896/0015-60",NA,"",NA,"",NA,"",NA,"2014-09-26T00:00:00.000+0000","Coleção Botânica, Instituto Nacional de Pesquisas da Amazônia (INPA)","","Collection","pt",NA,"License Elements",NA,NA,NA,NA,"","",NA,NA,"",NA,"","","","","",NA,NA,NA,NA,NA,NA,NA,"","",NA,"","","","",NA,NA,NA,NA,"",NA,NA,NA,NA,"","","","Amazonas","brazil",NA,"",NA,NA,NA,"","","Amazonas",-64.65219948,-4.15548242,"Amazonas","am",-2.883333,-59.97,"original coordinates","original coordinates outside municipality original in  falls in manaus"
"33","Xylopia polyantha",1042467801,-2.883333,-59.97,"gass84,gdativ,iddatunl","3cc6171e-8c52-4f65-ad7a-32c74e395f29","c0d9c91a-0f83-4819-bf7e-bb5e1184eb6b","none","ada4205f-679c-4a86-9759-ff652ac467b3","BR","DWC_ARCHIVE","2017-10-08T07:24:29.470+0000","2014-11-24T14:40:00.051+0000",50,"none","PRESERVED_SPECIMEN",3157090,6,7707728,220,718,9291,3157015,3157090,3157090,"Xylopia polyantha R.E.Fr.","Xylopia polyantha R.E.Fr.","Plantae","Tracheophyta","Magnoliales","Annonaceae","Xylopia","Xylopia polyantha","Xylopia","polyantha","SPECIES","ACCEPTED","1995-01-01T00:00:00",0,0,"Amazonas",NA,1976,10,12,"1976-10-12T00:00:00","2018-07-07T16:30:37.407+0000","http://creativecommons.org/publicdomain/zero/1.0/legalcode","none","none","none","WGS84","Magnoliopsida","BR","Brazil","urn:catalog:inpa:herbarium:1879","INPA72940","",NA,NA,"""Reserva Florestal Adolfo Ducke, Estrada Manaus-Itacoatiara, km 26, Reserva Florestal Ducke. Terra firme II, solo arenoso, textura média. B02; U12; A08.""","Manaus","Coleção Botânica, Instituto Nacional de Pesquisas da Amazônia (INPA)",1042467801,"urn:catalog:inpa:herbarium:1879","","Oliveira, AR de","72940",NA,"Instituto Nacional de Pesquisas da Amazônia (INPA)","",NA,"","Miralha, J.M.S.",NA,"SOUTH_AMERICA","Instituto Nacional de Pesquisas da Amazônia (INPA)","01.263.896/0015-60",NA,"",NA,"",NA,"",NA,"2014-09-26T00:00:00.000+0000","Coleção Botânica, Instituto Nacional de Pesquisas da Amazônia (INPA)","","Collection","pt",NA,"License Elements",NA,NA,NA,NA,"","",NA,NA,"",NA,"","","","","",NA,NA,NA,NA,NA,NA,NA,"","",NA,"","","","",NA,NA,NA,NA,"",NA,NA,NA,NA,"","","","Amazonas","brazil",NA,"",NA,NA,NA,"","","Amazonas",-64.65219948,-4.15548242,"Amazonas","am",-2.883333,-59.97,"original coordinates","original coordinates outside municipality original in  falls in manaus"
"34","Xylopia polyantha",1042627985,-2.883333,-59.97,"gass84,gdativ,iddatunl","3cc6171e-8c52-4f65-ad7a-32c74e395f29","c0d9c91a-0f83-4819-bf7e-bb5e1184eb6b","none","ada4205f-679c-4a86-9759-ff652ac467b3","BR","DWC_ARCHIVE","2017-10-08T07:25:07.471+0000","2014-11-24T14:44:32.836+0000",50,"none","PRESERVED_SPECIMEN",3157090,6,7707728,220,718,9291,3157015,3157090,3157090,"Xylopia polyantha R.E.Fr.","Xylopia polyantha R.E.Fr.","Plantae","Tracheophyta","Magnoliales","Annonaceae","Xylopia","Xylopia polyantha","Xylopia","polyantha","SPECIES","ACCEPTED","1995-01-01T00:00:00",0,0,"Amazonas",NA,1964,8,20,"1964-08-20T00:00:00","2018-07-07T16:30:37.418+0000","http://creativecommons.org/publicdomain/zero/1.0/legalcode","none","none","none","WGS84","Magnoliopsida","BR","Brazil","urn:catalog:inpa:herbarium:161605","6010","",NA,NA,"Reserva Florestal Adolfo Ducke, Reserva Florestal Ducke, linha base perto da placa E","Manaus","Coleção Botânica, Instituto Nacional de Pesquisas da Amazônia (INPA)",1042627985,"urn:catalog:inpa:herbarium:161605","","Rodrigues, WA","15060",NA,"Instituto Nacional de Pesquisas da Amazônia (INPA)","",NA,"","Maas, P.J.M.",NA,"SOUTH_AMERICA","Instituto Nacional de Pesquisas da Amazônia (INPA)","01.263.896/0015-60",NA,"",NA,"",NA,"",NA,"2014-09-26T00:00:00.000+0000","Coleção Botânica, Instituto Nacional de Pesquisas da Amazônia (INPA)","","Collection","pt",NA,"License Elements",NA,NA,NA,NA,"","",NA,NA,"",NA,"","","","","",NA,NA,NA,NA,NA,NA,NA,"","",NA,"","","","",NA,NA,NA,NA,"",NA,NA,NA,NA,"","","","Amazonas","brazil",NA,"",NA,NA,NA,"","","Amazonas",-64.65219948,-4.15548242,"Amazonas","am",-2.883333,-59.97,"original coordinates","original coordinates outside municipality original in  falls in manaus"
"35","Xylopia polyantha",1424251119,-9,-69,"gass84","4300f8d5-1ae5-49e5-a101-63894b005868","838537fc-4aeb-4980-8b58-97fbdcd1d91a","none","da7fe11a-b42c-46cb-9e9d-02243edb738a","BR","DWC_ARCHIVE","2018-10-02T15:40:30.879+0000","2018-09-24T20:01:48.194+0000",207,"none","PRESERVED_SPECIMEN",3157091,6,7707728,220,718,9291,3157015,3157090,3157091,"Xylopia polyantha var. longesericea R.E.Fr.","Xylopia polyantha var. longesericea R.E.Fr.","Plantae","Tracheophyta","Magnoliales","Annonaceae","Xylopia","Xylopia polyantha","Xylopia","polyantha","VARIETY","ACCEPTED","none",NA,NA,"Acre",NA,1933,8,27,"1933-08-27T00:00:00","2018-12-06T16:58:33.312+0000","http://creativecommons.org/licenses/by/4.0/legalcode","none","none","none","WGS84","Magnoliopsida","BR","Brazil","urn:catalog:JBRJ:RB:534172","5704","",NA,NA,"near mouth of Rio Macauhan (tributary of Rio Yaco).","","RB",1424251119,"urn:catalog:JBRJ:RB:534172","","Krukoff, B.A.","RB00534172",NA,"JBRJ","",NA,"Tree 70 feet high, on terra firme.","",NA,"","Rio de Janeiro Botanical Garden","",NA,"",NA,"",NA,"RB 26636",NA,"2017-10-19T10:42:07.452+0000","RB - Rio de Janeiro Botanical Garden Herbarium Collection","Acre","PhysicalObject","",NA,"",NA,NA,NA,NA,"","",NA,NA,"",NA,"","","","","",NA,NA,NA,NA,NA,NA,NA,"","",NA,"","longesericea","","",NA,NA,NA,NA,"",NA,NA,NA,NA,"ISOTYPE","","Acre","Acre","brazil",NA,"",NA,NA,NA,"","","Acre",-70.47194528,-9.21340431,"Acre","ac",-9,-69,"original coordinates","original coordinates outside municipality original in acre falls in sena madureira"
"36","Xylopia polyantha",1138784129,-9.333333,-69,"","15f819bd-6612-4447-854b-14d12ee1022d","396d5f30-dea9-11db-8ab4-b8a03c50a862","none","65eb93af-41b8-4917-a5fc-cfe2a45aa4bf","NL","DWC_ARCHIVE","2018-12-11T19:22:16.547+0000","2018-01-23T11:29:34.526+0000",81,"none","PRESERVED_SPECIMEN",9214268,6,7707728,220,718,9291,3157015,3157090,9214268,"Xylopia polyantha var. longisericea R.E.Fr.","Xylopia polyantha var. longisericea R.E.Fr.","Plantae","Tracheophyta","Magnoliales","Annonaceae","Xylopia","Xylopia polyantha","Xylopia","polyantha","VARIETY","ACCEPTED","none",NA,NA,"",NA,1933,8,27,"1933-08-27T00:00:00","2018-07-07T00:25:58.219+0000","http://creativecommons.org/publicdomain/zero/1.0/legalcode","none","none","none","WGS84","Magnoliopsida","BR","Brazil","U  0000443","","",NA,NA,"Basin of Rio PurusTerritory of Acre: near mouth of Rio Macauhan (tributary of Rio Yaco)","","Botany",1138784129,"http://data.biodiversitydata.nl/naturalis/specimen/U%20%200000443","","Krukoff BA","U  0000443",NA,"","",NA,"","",NA,"SOUTH_AMERICA","","",NA,"",NA,"",NA,"",NA,"","","","","",NA,"",NA,NA,NA,NA,"","",NA,NA,"",NA,"","","","Plantae|Magnoliopsidae|Magnoliales|Annonaceae","ICN",NA,NA,NA,NA,NA,NA,NA,"","",NA,"","longisericea","1933/08/27","var.",NA,NA,NA,NA,"",NA,NA,NA,NA,"TYPE","","","","brazil",NA,"",NA,NA,NA,"","","",NA,NA,NA,"",-9.333333,-69,"original coordinates","original coordinates outside municipality original in  falls in sena madureira"
"37","Xylopia polyantha",1228525730,-10.8339,-52.8731,"gass84","90c853e6-56bd-480b-8e8f-6285c3f8d42b","7b8aff00-a9f8-11d8-944b-b8a03c50a862","none","3b84ff5b-79ce-427c-acb7-b4004e160f66","US","DWC_ARCHIVE","2018-11-22T21:37:59.144+0000","2018-11-22T21:37:59.308+0000",97,"none","PRESERVED_SPECIMEN",3157090,6,7707728,220,718,9291,3157015,3157090,3157090,"Xylopia polyantha R.E.Fr.","Xylopia polyantha R.E.Fr.","Plantae","Tracheophyta","Magnoliales","Annonaceae","Xylopia","Xylopia polyantha","Xylopia","polyantha","SPECIES","ACCEPTED","none",NA,NA,"",NA,1933,8,27,"1933-08-27T00:00:00","2018-12-07T20:12:23.274+0000","http://creativecommons.org/publicdomain/zero/1.0/legalcode","none","none","none","WGS84","Magnoliopsida","BR","Brazil","c81c645a-afc9-4775-bc8b-8e78435d52bd","5704","",NA,NA,"","","Botany",1228525730,"c81c645a-afc9-4775-bc8b-8e78435d52bd","","B. A. Krukoff",NA,NA,"F","F",NA,"","",NA,"SOUTH_AMERICA","The Field Museum of Natural History","F",NA,"",NA,"",NA,"",NA,"","Negatives/Types","","PhysicalObject","en",NA,"",NA,NA,NA,NA,"","South America, BRAZIL",NA,NA,"http://fieldmuseum.org/about/copyright-information",NA,"","Botany","","Plantae Spermatophyta Dicotyledoneae Annonaceae","ICBN",NA,NA,NA,NA,NA,NA,NA,"","",NA,"","","","",NA,NA,NA,273708,"seeds-20-nov-2018",NA,NA,NA,NA,"ISOTYPE","","","","brazil",NA,"",NA,NA,NA,"","","",NA,NA,NA,"",-10.8339,-52.8731,"original coordinates","original coordinates outside municipality original in  falls in sao jose do xingu"
"38","Xylopia polyantha",1259054776,-9.33333,-69,"gass84","7bd65a7a-f762-11e1-a439-00145eb45e9a","90fd6680-349f-11d8-aa2d-b8a03c50a862","none","c4e134d3-c68f-406d-a116-6a37895602e0","US","DWC_ARCHIVE","2018-06-20T07:57:45.894+0000","2018-06-20T07:57:45.915+0000",28,"none","PRESERVED_SPECIMEN",3157091,6,7707728,220,718,9291,3157015,3157090,3157091,"Xylopia polyantha var. longesericea R.E.Fr.","Xylopia polyantha var. longesericea R.E.Fr.","Plantae","Tracheophyta","Magnoliales","Annonaceae","Xylopia","Xylopia polyantha","Xylopia","polyantha","VARIETY","ACCEPTED","1983-01-01T00:00:00",NA,NA,"Acre",NA,1933,8,27,"1933-08-27T00:00:00","2018-12-09T10:05:25.402+0000","http://creativecommons.org/licenses/by/4.0/legalcode","none","none","none","WGS84","Magnoliopsida","BR","Brazil","urn:catalog:MO:Tropicos:1803764","Krukoff 5704","",NA,NA,"Basin of Rio Purus. Near mouth of Rio Macauhan (tributary of Rio Yaco). On terra firma.","","MO",1259054776,"urn:catalog:MO:Tropicos:1803764","","Boris A. Krukoff","1803764",NA,"MO","MOBOT",NA,"","P.J.M. Maas",NA,"SOUTH_AMERICA","Missouri Botanical Garden","",NA,"",NA,"",NA,"",NA,"2008-05-27T22:02:00.000+0000","Tropicos","","PhysicalObject","",NA,"",NA,NA,NA,NA,"","",NA,NA,"",NA,"","http://biocol.org/urn:lsid:biocol.org:col:15859","","","ICNafp",NA,NA,NA,NA,NA,NA,NA,"","No opinion",50118862,"http://www.tropicos.org/Specimen/1803764","longesericea","","",NA,NA,NA,NA,"",NA,NA,NA,NA,"ISOTYPE","","","Acre","brazil",NA,"",NA,NA,NA,"","","Acre",-70.47194528,-9.21340431,"Acre","ac",-9.33333,-69,"original coordinates","original coordinates outside municipality original in  falls in sena madureira"
"39","Xylopia polyantha",1931027412,-3.727227,-53.986773,"cdround,rdatm","d415c253-4d61-4459-9d25-4015b9084fb0","ae447c50-b8a8-11d8-92a4-b8a03c50a862","none","17017c2c-036b-45d9-b045-606d21b00771","US","DWC_ARCHIVE","2018-11-18T16:24:01.144+0000","2018-11-18T16:24:01.253+0000",96,"none","PRESERVED_SPECIMEN",3157090,6,7707728,220,718,9291,3157015,3157090,3157090,"Xylopia polyantha R.E.Fr.","Xylopia polyantha R.E.Fr.","Plantae","Tracheophyta","Magnoliales","Annonaceae","Xylopia","Xylopia polyantha","Xylopia","polyantha","SPECIES","ACCEPTED","none",0,0,"ParÃ¡",NA,1931,9,NA,"1931-09-01T00:00:00","2018-12-08T04:57:50.880+0000","http://creativecommons.org/publicdomain/zero/1.0/legalcode","none","none","none","WGS84","Magnoliopsida","BR","Brazil","e69007fe-51ff-41b5-b99c-72981475a076","1204","",NA,NA,"Upper Cupary River, plateau between the Xingu and Tapajos Rivers.","","NY",1931027412,"e69007fe-51ff-41b5-b99c-72981475a076","sheet","B. A. Krukoff","66770",NA,"NY","",NA,"","",NA,"SOUTH_AMERICA","The New York Botanical Garden","http://biocol.org/urn:lsid:biocol.org:col:15556",NA,"",NA,"",NA,"",NA,"","Vascular plants","","PhysicalObject","en",NA,"",157454.57,NA,NA,NA,"2013-10-15","",NA,NA,"",NA,"http://sweetgum.nybg.org/science/vh/specimen_details.php?irn=373314","http://biocol.org/urn:lsid:biocol.org:col:15556","Georeferencing Quick Reference Guide, Version 2012","","ICN",NA,NA,NA,NA,NA,NA,NA,"Google Maps (map data 2013), Manis Georef. Calculator","",NA,"","","Sep 1931","",NA,NA,NA,NA,"",0,0,NA,NA,"ISOTYPE","","","ParÃ¡","brazil",NA,"",NA,NA,NA,"","","Pará",-53.0625366,-3.972184,"Pará","pa",-3.727227,-53.986773,"original coordinates","original coordinates outside municipality original in  falls in uruara"
"40","Xylopia polyantha",1141191841,-12.816667,-51.766667,"rdativ","15f819bd-6612-4447-854b-14d12ee1022d","396d5f30-dea9-11db-8ab4-b8a03c50a862","none","65eb93af-41b8-4917-a5fc-cfe2a45aa4bf","NL","DWC_ARCHIVE","2018-12-11T19:21:52.931+0000","2018-11-10T12:08:54.143+0000",81,"none","PRESERVED_SPECIMEN",3157090,6,7707728,220,718,9291,3157015,3157090,3157090,"Xylopia polyantha R.E.Fr.","Xylopia polyantha R.E.Fr.","Plantae","Tracheophyta","Magnoliales","Annonaceae","Xylopia","Xylopia polyantha","Xylopia","polyantha","SPECIES","ACCEPTED","none",NA,NA,"Mato Grosso",NA,NA,NA,NA,"none","2018-12-08T12:07:02.796+0000","http://creativecommons.org/publicdomain/zero/1.0/legalcode","none","none","none","WGS84","Magnoliopsida","BR","Brazil","U.1076467","","",NA,NA,"Expedition Base Camp, BC1 1039/68","","Botany",1141191841,"http://data.biodiversitydata.nl/naturalis/specimen/U.1076467","","Richardson J; Argent GCG","U.1076467",NA,"","",NA,"","Maas PJM; Setten AK van",NA,"SOUTH_AMERICA","","",NA,"",NA,"",NA,"",NA,"","","","","",NA,"",NA,NA,NA,NA,"","",NA,NA,"",NA,"","","","Plantae|Magnoliopsidae|Magnoliales|Annonaceae","ICN",NA,NA,NA,NA,NA,NA,NA,"","",NA,"","","1967/01/01 | 1967/01/31","species",NA,NA,NA,NA,"",NA,NA,NA,NA,"","","","Mato Grosso","brazil",NA,"",NA,NA,NA,"","","Mato Grosso",-55.91290105,-12.94917881,"Mato Grosso","mt",-12.816667,-51.766667,"original coordinates","original coordinates outside municipality original in  falls in ribeirao cascalheira"
"41","Xylopia polyantha",1144802175,-5.64861,-52.53,"gass84,rdativ","f577c9f3-ae71-4278-b6bf-512ba1dfaa21","43a26bbf-466a-4335-96cc-01d0656c614a","none","6040a0d6-f762-11e1-a439-00145eb45e9a","CH","BIOCASE","2018-12-12T00:40:19.546+0000","2016-02-24T13:17:58.749+0000",43,"none","PRESERVED_SPECIMEN",3157090,6,7707728,220,718,9291,3157015,3157090,3157090,"Xylopia polyantha R.E.Fr.","Xylopia polyantha R.E.Fr.","Plantae","Tracheophyta","Magnoliales","Annonaceae","Xylopia","Xylopia polyantha","Xylopia","polyantha","SPECIES","ACCEPTED","none",NA,NA,"",NA,NA,NA,NA,"none","2018-12-06T21:56:09.792+0000","http://creativecommons.org/licenses/by-nc/4.0/legalcode","none","none","none","WGS84","Magnoliopsida","BR","Brazil","","","",NA,NA,"Pará - upper Cupary River, plateau between the Xingu and Tapajos Rivers/Estado do Pará","","Geneva Herbarium – General Collection (G)",1144802175,"","","Krukoff, B. A. (Coll. Delessert)","G-G-197178/1",NA,"G","",NA,"","Maas, P. J. M. (1994)",NA,"","","",NA,"",NA,"",NA,"",NA,"","","","","",NA,"",NA,NA,NA,NA,"","",NA,NA,"",NA,"","","","","",NA,NA,NA,NA,NA,NA,NA,"","",NA,"","","","",NA,NA,NA,NA,"",NA,NA,NA,NA,"ISOTYPE","Xylopia polyantha R. E. Fr.","","","brazil",NA,"",NA,NA,NA,"","","",NA,NA,NA,"",-5.64861,-52.53,"original coordinates","original coordinates outside municipality original in  falls in sao felix do xingu"
