"","name","key","decimalLatitude","decimalLongitude","issues","datasetKey","publishingOrgKey","networkKeys","installationKey","publishingCountry","protocol","lastCrawled","lastParsed","crawlId","extensions","basisOfRecord","taxonKey","kingdomKey","phylumKey","classKey","orderKey","familyKey","genusKey","speciesKey","acceptedTaxonKey","scientificName","acceptedScientificName","kingdom","phylum","order","family","genus","species","genericName","specificEpithet","taxonRank","taxonomicStatus","dateIdentified","elevation","stateProvince.original","year","month","day","eventDate","modified","lastInterpreted","license","identifiers","facts","relations","geodeticDatum","class","countryCode","country.original","preparations","identifier","recordedBy","catalogNumber","institutionCode","fieldNumber","collectionCode","verbatimLocality","gbifID","occurrenceID","identifiedBy","rightsHolder","recordNumber","datasetName","municipality.original","locality","type","otherCatalogNumbers","fieldNotes","occurrenceRemarks","continent","language","ownerInstitutionCode","elevationAccuracy","references","institutionID","nomenclaturalCode","verbatimEventDate","endDayOfYear","county","startDayOfYear","collectionID","habitat","verbatimElevation","verbatimTaxonRank","higherClassification","individualCount","nomenclaturalStatus","taxonID","bibliographicCitation","coordinateUncertaintyInMeters","georeferencedDate","georeferenceProtocol","georeferenceSources","typeStatus","higherGeography","dynamicProperties","typifiedName","organismID","datasetID","accessRights","municipality","stateProvince","country","FID","NOME","GEOCODIGO","POINT_X","POINT_Y","NOMEUF","SIGLAUF","estados_shp","x_estado","y_estado","nome","sigla","new_Lat","new_Lon","notes","comments"
"1","Guatteria macropus",1323873491,-12.16667,-37.96667,"gass84","b5cdf794-8fa4-4a85-8b26-755d087bf531","2cd829bb-b713-433d-99cf-64bef11e5b3e","none","86c2834b-fcd6-418d-9b32-aca45110a0fe","FR","DWC_ARCHIVE","2018-12-05T15:49:02.656+0000","2018-05-04T09:00:09.067+0000",189,"none","PRESERVED_SPECIMEN",3155715,6,7707728,220,718,9291,3155604,3155715,3155715,"Guatteria macropus Mart.","Guatteria macropus Mart.","Plantae","Tracheophyta","Magnoliales","Annonaceae","Guatteria","Guatteria macropus","Guatteria","macropus","SPECIES","ACCEPTED","none",150,"Bahia",2014,2,18,"2014-02-18T00:00:00","2016-10-18T11:14:59.000+0000","2018-12-06T08:48:39.508+0000","http://creativecommons.org/licenses/by/4.0/legalcode","none","none","none","WGS84","Magnoliopsida","BR","Brazil","hb","http://coldb.mnhn.fr/catalognumber/mnhn/p/p01167587","Popovkin, A.V.|Mendes, J.C.","P01167587","MNHN",1656,"P","Bahia, Entre Rios: Algodão",1323873491,"http://coldb.mnhn.fr/catalognumber/mnhn/p/p01167587","Popovkin","","","","","","","","","","","","",NA,"","","","",NA,"",NA,"","","","","",NA,"",NA,"",NA,"","","","","","","",NA,"","","","Bahia","brazil",NA,"",NA,NA,NA,"","","Bahia",-41.72018023,-12.47295682,"Bahia","ba",-12.16667,-37.96667,"original coordinates","original coordinates outside municipality original in  falls in entre rios"
"2","Guatteria macropus",1424495823,-18.981944,-39.848055,"cdround,gass84","4300f8d5-1ae5-49e5-a101-63894b005868","838537fc-4aeb-4980-8b58-97fbdcd1d91a","none","da7fe11a-b42c-46cb-9e9d-02243edb738a","BR","DWC_ARCHIVE","2018-10-02T15:42:57.081+0000","2018-09-24T20:04:09.722+0000",207,"none","PRESERVED_SPECIMEN",3155715,6,7707728,220,718,9291,3155604,3155715,3155715,"Guatteria macropus Mart.","Guatteria macropus Mart.","Plantae","Tracheophyta","Magnoliales","Annonaceae","Guatteria","Guatteria macropus","Guatteria","macropus","SPECIES","ACCEPTED","none",NA,"Espírito Santo",2013,12,15,"2013-12-15T00:00:00","2015-06-26T14:03:32.824+0000","2018-12-06T17:00:59.737+0000","http://creativecommons.org/licenses/by/4.0/legalcode","none","none","none","WGS84","Magnoliopsida","BR","Brazil","","urn:catalog:JBRJ:RB:897622","M.N. Saka; R. Lopes; G.H. Shimizu; A. Campos-Rocha","RB00897622","JBRJ",NA,"RB","",1424495823,"urn:catalog:JBRJ:RB:897622","A.LOBÃO","Rio de Janeiro Botanical Garden","330","RB - Rio de Janeiro Botanical Garden Herbarium Collection","Jaguaré","Fazenda Alegre.","PhysicalObject","RB 608972","Mussununga, entrada pela estrada de terra","Árvore ca. 4m altura. Cálice e corola verdes, flores amarelas. Frutos imaturos verdes","","","",NA,"","","","",NA,"",NA,"","","","","",NA,"",NA,"",NA,"","","","","","","",NA,"","","Jaguaré","Espírito Santo","brazil",2644,"Jaguaré",3203056,-40.004318,-18.949532,"ESPIRITO SANTO","ES","Espírito Santo",-40.6681057,-19.57475617,"Espírito Santo","es",-18.981944,-39.848055,"original coordinates","original coordinates outside municipality original in jaguare falls in sao mateus"
"3","Guatteria macropus",1077247396,-13.559444,-39.710833,"gass84","5b5cf455-a448-4c0a-aecd-3e0956f27f10","afdd8e93-b4e3-491c-88f0-8a22834ac1a9","none","b38ff2b7-c8af-454e-b5af-ee760f0d5bca","BR","DWC_ARCHIVE","2018-12-03T14:13:50.688+0000","2018-12-03T16:16:11.078+0000",122,"none","PRESERVED_SPECIMEN",3155715,6,7707728,220,718,9291,3155604,3155715,3155715,"Guatteria macropus Mart.","Guatteria macropus Mart.","Plantae","Tracheophyta","Magnoliales","Annonaceae","Guatteria","Guatteria macropus","Guatteria","macropus","SPECIES","ACCEPTED","2011-01-01T00:00:00",NA,"Bahia",2011,1,17,"2011-01-17T00:00:00","2018-08-28T18:55:52.000+0000","2018-12-06T14:16:41.378+0000","http://creativecommons.org/licenses/by-nc/4.0/legalcode","none","none","none","WGS84","Magnoliopsida","BR","Brazil","","BRA:UFBA:ALCB:0000114807","Ferreira, PA","114807","Universidade Federal da Bahia (UFBA)",NA,"ALCB","",1077247396,"BRA:UFBA:ALCB:0000114807","Borges, RL","ALCB - Herbário Alexandre Leal Costa","79","ALCB - Herbário Alexandre Leal Costa","Wenceslau Guimarães","Ponto 17","Collection","","","Folhas discolores. Flores apresentando sépalas negras, pétalas apresentando indumento alvo.; Floresta ombrófila submontana.","SOUTH_AMERICA","pt","Universidade Federal da Bahia (UFBA)",NA,"","","","",NA,"",NA,"","","","","",NA,"",NA,"",NA,"","","","","","","",NA,"","","Wenceslau Guimarães","Bahia","brazil",3386,"Wenceslau Guimarães",2933505,-39.626771,-13.630549,"BAHIA","BA","Bahia",-41.72018023,-12.47295682,"Bahia","ba",-13.559444,-39.710833,"original coordinates","original coordinates OK"
"4","Guatteria macropus",1928150643,-15.172778,-39.351389,"gass84","d415c253-4d61-4459-9d25-4015b9084fb0","ae447c50-b8a8-11d8-92a4-b8a03c50a862","none","17017c2c-036b-45d9-b045-606d21b00771","US","DWC_ARCHIVE","2018-11-18T14:47:24.569+0000","2018-11-18T14:47:24.616+0000",96,"none","PRESERVED_SPECIMEN",3155715,6,7707728,220,718,9291,3155604,3155715,3155715,"Guatteria macropus Mart.","Guatteria macropus Mart.","Plantae","Tracheophyta","Magnoliales","Annonaceae","Guatteria","Guatteria macropus","Guatteria","macropus","SPECIES","ACCEPTED","none",0,"Bahia",2011,2,19,"2011-02-19T00:00:00","","2018-12-05T23:33:30.188+0000","http://creativecommons.org/publicdomain/zero/1.0/legalcode","none","none","none","WGS84","Magnoliopsida","BR","Brazil","sheet","1b2ec004-43de-452e-b009-6fefacb750cc","P. Leitman","02841573","NY",NA,"NY","",1928150643,"1b2ec004-43de-452e-b009-6fefacb750cc","","The New York Botanical Garden","110","Vascular plants","","Parque Nacional de Serra das Lontras, trilha do TalhÃ£o I.","PhysicalObject","","","","SOUTH_AMERICA","en","",0,"http://sweetgum.nybg.org/science/vh/specimen_details.php?irn=3165706","http://biocol.org/urn:lsid:biocol.org:col:15556","ICN","19 Feb 2011",50,"Arataca",50,"http://biocol.org/urn:lsid:biocol.org:col:15556","","","","",NA,"",NA,"",NA,"","","","","","","",NA,"","","","Bahia","brazil",NA,"",NA,NA,NA,"","","Bahia",-41.72018023,-12.47295682,"Bahia","ba",-15.172778,-39.351389,"original coordinates","original coordinates outside municipality original in  falls in arataca"
"5","Guatteria macropus",1424406105,-15.195278,-39.386944,"cdround,gass84","4300f8d5-1ae5-49e5-a101-63894b005868","838537fc-4aeb-4980-8b58-97fbdcd1d91a","none","da7fe11a-b42c-46cb-9e9d-02243edb738a","BR","DWC_ARCHIVE","2018-10-02T15:42:04.636+0000","2018-09-24T20:03:21.153+0000",207,"none","PRESERVED_SPECIMEN",3155715,6,7707728,220,718,9291,3155604,3155715,3155715,"Guatteria macropus Mart.","Guatteria macropus Mart.","Plantae","Tracheophyta","Magnoliales","Annonaceae","Guatteria","Guatteria macropus","Guatteria","macropus","SPECIES","ACCEPTED","none",575,"Bahia",2011,9,11,"2011-09-11T00:00:00","2017-10-15T09:39:27.830+0000","2018-12-06T17:00:05.224+0000","http://creativecommons.org/licenses/by/4.0/legalcode","none","none","none","WGS84","Magnoliopsida","BR","Brazil","","urn:catalog:JBRJ:RB:703349","Perdiz, R. de O.; P. Leitman; J. Paixão; L.C. Gomes; L. Daneu","RB00703349","JBRJ",NA,"RB","",1424406105,"urn:catalog:JBRJ:RB:703349","A.Lobão","Rio de Janeiro Botanical Garden","918","RB - Rio de Janeiro Botanical Garden Herbarium Collection","Arataca","PARNA de Serra das Lontras. Face sudeste da Serra das Lontras.","PhysicalObject","RB 543783","Floresta Ombrófila Densa Montana.","Árvore ca. 6m de altura. Carpídeos  verdes.","","","",125,"","","","",NA,"",NA,"","","","","",NA,"",NA,"",NA,"","","","","","","",NA,"","","Arataca","Bahia","brazil",3183,"Arataca",2902252,-39.412334,-15.243448,"BAHIA","BA","Bahia",-41.72018023,-12.47295682,"Bahia","ba",-15.195278,-39.386944,"original coordinates","original coordinates OK"
"6","Guatteria macropus",1424434379,-15.161944,-39.343611,"cdround,gass84","4300f8d5-1ae5-49e5-a101-63894b005868","838537fc-4aeb-4980-8b58-97fbdcd1d91a","none","da7fe11a-b42c-46cb-9e9d-02243edb738a","BR","DWC_ARCHIVE","2018-10-02T15:42:20.962+0000","2018-09-24T20:03:36.583+0000",207,"none","PRESERVED_SPECIMEN",3155715,6,7707728,220,718,9291,3155604,3155715,3155715,"Guatteria macropus Mart.","Guatteria macropus Mart.","Plantae","Tracheophyta","Magnoliales","Annonaceae","Guatteria","Guatteria macropus","Guatteria","macropus","SPECIES","ACCEPTED","none",800,"Bahia",2011,11,26,"2011-11-26T00:00:00","2017-10-15T08:35:02.256+0000","2018-12-06T17:00:22.819+0000","http://creativecommons.org/licenses/by/4.0/legalcode","none","none","none","WGS84","Magnoliopsida","BR","Brazil","","urn:catalog:JBRJ:RB:747970","L. Daneu; P. Leitman; J. Paixão; D. Monteiro; M.F. Santos","RB00747970","JBRJ",NA,"RB","",1424434379,"urn:catalog:JBRJ:RB:747970","A. Lobão","Rio de Janeiro Botanical Garden","639","RB - Rio de Janeiro Botanical Garden Herbarium Collection","Arataca","Parna Serra das Lontras. Trilha do Mormaço; Coleta efetuda entre o mormaço e o caçador.","PhysicalObject","RB 563912","Floresta Ombrófila Densa Montana","Arvoreta, ca. 8m alt. Folhas verde-concolor. Frutos verde","","","",100,"","","","",NA,"",NA,"","","","","",NA,"",NA,"",NA,"","","","","","","",NA,"","","Arataca","Bahia","brazil",3183,"Arataca",2902252,-39.412334,-15.243448,"BAHIA","BA","Bahia",-41.72018023,-12.47295682,"Bahia","ba",-15.161944,-39.343611,"original coordinates","original coordinates OK"
"7","Guatteria macropus",1424419611,-14.783333,-39.833333,"cdround,gass84","4300f8d5-1ae5-49e5-a101-63894b005868","838537fc-4aeb-4980-8b58-97fbdcd1d91a","none","da7fe11a-b42c-46cb-9e9d-02243edb738a","BR","DWC_ARCHIVE","2018-10-02T15:42:12.283+0000","2018-09-24T20:03:29.030+0000",207,"none","PRESERVED_SPECIMEN",3155715,6,7707728,220,718,9291,3155604,3155715,3155715,"Guatteria macropus Mart.","Guatteria macropus Mart.","Plantae","Tracheophyta","Magnoliales","Annonaceae","Guatteria","Guatteria macropus","Guatteria","macropus","SPECIES","ACCEPTED","none",NA,"Bahia",2010,1,22,"2010-01-22T00:00:00","2014-07-08T00:18:42.817+0000","2018-12-06T17:00:12.608+0000","http://creativecommons.org/licenses/by/4.0/legalcode","none","none","none","WGS84","Magnoliopsida","BR","Brazil","","urn:catalog:JBRJ:RB:720481","L. Daneu; J. Jardim, J.L. Paixão & A. Hindriunas","RB00720481","JBRJ",NA,"RB","",1424419611,"urn:catalog:JBRJ:RB:720481","A.Lobão","Rio de Janeiro Botanical Garden","226","RB - Rio de Janeiro Botanical Garden Herbarium Collection","Ilhéus","Mata da Esperança. Acesso pela parte do Fundão, Trilha que leva a antiga represa de abastecimento de água.","PhysicalObject","RB 552892","","Árvore ca. 7m alt. Folhas cartáceas verde-brilhante com a face inferior mais clara. Inflorescência pêndula, flores esverdeadas.","","","",NA,"","","","",NA,"",NA,"","","","","",NA,"",NA,"",NA,"","","","","","","",NA,"","","Ilhéus","Bahia","brazil",3250,"Ilhéus",2913606,-39.190761,-14.766458,"BAHIA","BA","Bahia",-41.72018023,-12.47295682,"Bahia","ba",-14.783333,-39.833333,"original coordinates","original coordinates outside municipality original in ilheus falls in santa cruz da vitoria"
"8","Guatteria macropus",1424418519,-14.708333,-39.253611,"cdround,gass84","4300f8d5-1ae5-49e5-a101-63894b005868","838537fc-4aeb-4980-8b58-97fbdcd1d91a","none","da7fe11a-b42c-46cb-9e9d-02243edb738a","BR","DWC_ARCHIVE","2018-10-02T15:42:11.685+0000","2018-09-24T20:03:28.390+0000",207,"none","PRESERVED_SPECIMEN",3155715,6,7707728,220,718,9291,3155604,3155715,3155715,"Guatteria macropus Mart.","Guatteria macropus Mart.","Plantae","Tracheophyta","Magnoliales","Annonaceae","Guatteria","Guatteria macropus","Guatteria","macropus","SPECIES","ACCEPTED","none",NA,"Bahia",2010,11,24,"2010-11-24T00:00:00","2014-07-08T00:00:47.714+0000","2018-12-06T17:00:11.303+0000","http://creativecommons.org/licenses/by/4.0/legalcode","none","none","none","WGS84","Magnoliopsida","BR","Brazil","","urn:catalog:JBRJ:RB:719306","L. Daneu; M.P. Morim, M.J.F. Barros & L.C. Gomes","RB00719306","JBRJ",NA,"RB","",1424418519,"urn:catalog:JBRJ:RB:719306","A.Lobão","Rio de Janeiro Botanical Garden","453","RB - Rio de Janeiro Botanical Garden Herbarium Collection","Ilhéus","Rod. Ilhéus-Itabuna, depois do Salobrinho, ramal à direita, segue sentido ao rio do Braço.","PhysicalObject","RB 551928","Plantação de cacau (Cabruca).","Arvoreta de 3 m. alt.; Folhas verde-discolor; Botões florais com cálice verde e pétalas creme com tricomas dourados.","","","",NA,"","","","",NA,"",NA,"","","","","",NA,"",NA,"",NA,"","","","","","","",NA,"","","Ilhéus","Bahia","brazil",3250,"Ilhéus",2913606,-39.190761,-14.766458,"BAHIA","BA","Bahia",-41.72018023,-12.47295682,"Bahia","ba",-14.708333,-39.253611,"original coordinates","original coordinates OK"
"9","Guatteria macropus",1252621029,-15.178333,-39.358333,"gass84","1bb3cae3-b91f-4109-8a2d-a1f05f2d6fd3","76dbcb10-efc5-4d5f-87a5-bcd409fc92c8","none","b38ff2b7-c8af-454e-b5af-ee760f0d5bca","BR","DWC_ARCHIVE","2018-11-24T12:30:51.822+0000","2018-09-25T14:05:48.484+0000",126,"none","PRESERVED_SPECIMEN",3155715,6,7707728,220,718,9291,3155604,3155715,3155715,"Guatteria macropus Mart.","Guatteria macropus Mart.","Plantae","Tracheophyta","Magnoliales","Annonaceae","Guatteria","Guatteria macropus","Guatteria","macropus","SPECIES","ACCEPTED","2016-01-01T00:00:00",579.5,"Bahia",2009,2,7,"2009-02-07T00:00:00","2018-08-21T18:21:58.000+0000","2018-12-08T15:43:37.925+0000","http://creativecommons.org/licenses/by-nc/4.0/legalcode","none","none","none","WGS84","Magnoliopsida","BR","Brazil","","BRA:USP:SPF:0000215658","Jardim, AB","215658","USP",NA,"SPF","",1252621029,"BRA:USP:SPF:0000215658","Lopes, JC","SPF - Herbário da Universidade de São Paulo","234","SPF - Herbário da Universidade de São Paulo","Arataca","","Collection","","","","","pt","Universidade de São Paulo, USP",179.5,"","","","",NA,"",NA,"","","","","",NA,"",NA,"",NA,"","","","","","","",NA,"","","Arataca","Bahia","brazil",3183,"Arataca",2902252,-39.412334,-15.243448,"BAHIA","BA","Bahia",-41.72018023,-12.47295682,"Bahia","ba",-15.178333,-39.358333,"original coordinates","original coordinates OK"
"10","Guatteria macropus",1424418980,-15.178333,-39.335833,"cdround,gass84","4300f8d5-1ae5-49e5-a101-63894b005868","838537fc-4aeb-4980-8b58-97fbdcd1d91a","none","da7fe11a-b42c-46cb-9e9d-02243edb738a","BR","DWC_ARCHIVE","2018-10-02T15:42:11.940+0000","2018-09-24T20:03:28.730+0000",207,"none","PRESERVED_SPECIMEN",3155715,6,7707728,220,718,9291,3155604,3155715,3155715,"Guatteria macropus Mart.","Guatteria macropus Mart.","Plantae","Tracheophyta","Magnoliales","Annonaceae","Guatteria","Guatteria macropus","Guatteria","macropus","SPECIES","ACCEPTED","none",759,"Bahia",2009,9,13,"2009-09-13T00:00:00","2017-10-19T04:51:31.424+0000","2018-12-06T17:00:11.579+0000","http://creativecommons.org/licenses/by/4.0/legalcode","none","none","none","WGS84","Magnoliopsida","BR","Brazil","","urn:catalog:JBRJ:RB:719916","Daneu, L. ; L.C. Gomes., R. Perdiz., J.L. Paixão., A. Amorim","RB00719916","JBRJ",NA,"RB","",1424418980,"urn:catalog:JBRJ:RB:719916","A.Lobão","Rio de Janeiro Botanical Garden","149","RB - Rio de Janeiro Botanical Garden Herbarium Collection","Arataca","Brasil, Bahia, Arataca: Serra das Lontras. Encosta em frente da sede da RPPN do IEBS com acesso pela trilha do Talhão 1. .","PhysicalObject","RB 552342","","Árvore ca. 6m de altura, folhas verde-discolores, frutos imaturos verde, tricoma marron na haste.","","","",NA,"","","","",NA,"",NA,"","","","","",NA,"",NA,"",NA,"","","","","","","",NA,"","","Arataca","Bahia","brazil",3183,"Arataca",2902252,-39.412334,-15.243448,"BAHIA","BA","Bahia",-41.72018023,-12.47295682,"Bahia","ba",-15.178333,-39.335833,"original coordinates","original coordinates OK"
"11","Guatteria macropus",1424421169,-15.178333,-39.335833,"cdround,gass84","4300f8d5-1ae5-49e5-a101-63894b005868","838537fc-4aeb-4980-8b58-97fbdcd1d91a","none","da7fe11a-b42c-46cb-9e9d-02243edb738a","BR","DWC_ARCHIVE","2018-10-02T15:42:13.232+0000","2018-09-24T20:03:29.799+0000",207,"none","PRESERVED_SPECIMEN",3155715,6,7707728,220,718,9291,3155604,3155715,3155715,"Guatteria macropus Mart.","Guatteria macropus Mart.","Plantae","Tracheophyta","Magnoliales","Annonaceae","Guatteria","Guatteria macropus","Guatteria","macropus","SPECIES","ACCEPTED","none",759,"Bahia",2009,9,12,"2009-09-12T00:00:00","2017-10-18T23:02:26.010+0000","2018-12-06T17:00:13.276+0000","http://creativecommons.org/licenses/by/4.0/legalcode","none","none","none","WGS84","Magnoliopsida","BR","Brazil","","urn:catalog:JBRJ:RB:722045","L. Daneu; L.C. Gomes, R. Perdiz, J.L. Paixão & A. Amorim","RB00722045","JBRJ",NA,"RB","",1424421169,"urn:catalog:JBRJ:RB:722045","A.Lobão","Rio de Janeiro Botanical Garden","103","RB - Rio de Janeiro Botanical Garden Herbarium Collection","Arataca","Serra Novo Javi, RPPN DO IESB. Rod. Una/Arataca, entrada 9,5km N, mais 8,9km até a sede da RPPN, Trilha da Serra, acesso ca. 1,5km NE da sede. Topo da Serra.","PhysicalObject","RB 554214","","Árvore ca. 6m alt. Folhas verdes-discolores. Frutos imaturos verdes.","","","",NA,"","","","",NA,"",NA,"","","","","",NA,"",NA,"",NA,"","","","","","","",NA,"","","Arataca","Bahia","brazil",3183,"Arataca",2902252,-39.412334,-15.243448,"BAHIA","BA","Bahia",-41.72018023,-12.47295682,"Bahia","ba",-15.178333,-39.335833,"original coordinates","original coordinates OK"
"12","Guatteria macropus",1123816441,-20.291389,-40.519444,"gass84","9129ec89-afa7-45af-8b73-509f1f8942ab","667644b9-7b93-4892-80c7-c4271735c515","none","b38ff2b7-c8af-454e-b5af-ee760f0d5bca","BR","DWC_ARCHIVE","2018-10-11T11:54:47.059+0000","2017-12-15T16:34:44.167+0000",129,"none","PRESERVED_SPECIMEN",3155715,6,7707728,220,718,9291,3155604,3155715,3155715,"Guatteria macropus Mart.","Guatteria macropus Mart.","Plantae","Tracheophyta","Magnoliales","Annonaceae","Guatteria","Guatteria macropus","Guatteria","macropus","SPECIES","ACCEPTED","none",NA,"Espírito Santo",2008,2,15,"2008-02-15T00:00:00","2017-09-14T14:41:41.000+0000","2018-12-08T12:04:57.696+0000","http://creativecommons.org/licenses/by-nc/4.0/legalcode","none","none","none","WGS84","Magnoliopsida","BR","Brazil","","BRA:MBML:MBML-HERBARIO:0000033741","C. N. de Fraga; et al","33741","MBML",NA,"MBML-HERBARIO","",1123816441,"BRA:MBML:MBML-HERBARIO:0000033741","A. Lobão/Nov.2010","MBML-Herbario - Herbário Mello Leitão","1842","MBML-Herbario - Herbário Mello Leitão","Cariacica","Reserva Biológica Duas Bocas","Collection","","","Árvore, ca. 10m alt. Flores com sépalas e pétalas verdes, centro amarelado. Material prensado em álcool.","","pt","Museu de Biologia Professor Mello Leitão, MBML",NA,"","","","",NA,"",NA,"","","","","",NA,"",NA,"",NA,"","","","","","","",NA,"","","Cariacica","Espírito Santo","brazil",2328,"Cariacica",3201308,-40.442031,-20.289217,"ESPIRITO SANTO","ES","Espírito Santo",-40.6681057,-19.57475617,"Espírito Santo","es",-20.291389,-40.519444,"original coordinates","original coordinates OK"
"13","Guatteria macropus",1424226512,-15.595278,-39.719444,"cdround,gass84","4300f8d5-1ae5-49e5-a101-63894b005868","838537fc-4aeb-4980-8b58-97fbdcd1d91a","none","da7fe11a-b42c-46cb-9e9d-02243edb738a","BR","DWC_ARCHIVE","2018-10-02T15:40:15.965+0000","2018-09-24T20:01:34.803+0000",207,"none","PRESERVED_SPECIMEN",3155715,6,7707728,220,718,9291,3155604,3155715,3155715,"Guatteria macropus Mart.","Guatteria macropus Mart.","Plantae","Tracheophyta","Magnoliales","Annonaceae","Guatteria","Guatteria macropus","Guatteria","macropus","SPECIES","ACCEPTED","none",432.5,"Bahia",2007,5,3,"2007-05-03T00:00:00","2017-10-17T12:50:45.421+0000","2018-12-06T16:58:20.880+0000","http://creativecommons.org/licenses/by/4.0/legalcode","none","none","none","WGS84","Magnoliopsida","BR","Brazil","","urn:catalog:JBRJ:RB:495848","J. G. Jardim; A. M. Amorim, L. C. J. Gomes & A. Chautens","RB00495848","JBRJ",NA,"RB","",1424226512,"urn:catalog:JBRJ:RB:495848","A. Lobão","Rio de Janeiro Botanical Garden","4982","RB - Rio de Janeiro Botanical Garden Herbarium Collection","Wenceslau Guimarães","Estação Ecológica Estadual Nova Esperança; Trilha para o Rio Água vermelha .","PhysicalObject","RB 452874","Floresta Ombrófila densa","Árvore ca. 10 m alt. Folhas verde-escuro com a face inferior mais clara. Frutos imaturos, verde-claro, pedúnculo vináceo","","","",17.5,"","","","",NA,"",NA,"","","","","",NA,"",NA,"",NA,"","","","","","","",NA,"","","Wenceslau Guimarães","Bahia","brazil",3386,"Wenceslau Guimarães",2933505,-39.626771,-13.630549,"BAHIA","BA","Bahia",-41.72018023,-12.47295682,"Bahia","ba",-15.595278,-39.719444,"original coordinates","original coordinates outside municipality original in wenceslau guimaraes falls in potiragua"
"14","Guatteria macropus",1424269711,-19.741111,-40.980278,"cdround,gass84","4300f8d5-1ae5-49e5-a101-63894b005868","838537fc-4aeb-4980-8b58-97fbdcd1d91a","none","da7fe11a-b42c-46cb-9e9d-02243edb738a","BR","DWC_ARCHIVE","2018-10-02T15:40:41.681+0000","2018-09-24T20:01:58.066+0000",207,"none","PRESERVED_SPECIMEN",3155715,6,7707728,220,718,9291,3155604,3155715,3155715,"Guatteria macropus Mart.","Guatteria macropus Mart.","Plantae","Tracheophyta","Magnoliales","Annonaceae","Guatteria","Guatteria macropus","Guatteria","macropus","SPECIES","ACCEPTED","none",1360,"Espírito Santo",2007,7,17,"2007-07-17T00:00:00","2017-10-18T12:38:54.345+0000","2018-12-06T16:58:43.926+0000","http://creativecommons.org/licenses/by/4.0/legalcode","none","none","none","WGS84","Magnoliopsida","BR","Brazil","","urn:catalog:JBRJ:RB:556088","P. H. Labiak; F. B. Matos, M. Kaehler & A. P. Fontana","RB00556088","JBRJ",NA,"RB","",1424269711,"urn:catalog:JBRJ:RB:556088","A. Lobão","Rio de Janeiro Botanical Garden","4172","RB - Rio de Janeiro Botanical Garden Herbarium Collection","Itaguaçu","Morro do Caparaó (de Itaguaçu). .","PhysicalObject","RB 444366","Afloramentos rochosos, com pequenas matas úmidas nos vales.","Arvoreta, ca. 5 m de altura. Frutos verdes.","","","",NA,"","","","",NA,"",NA,"","","","","",NA,"",NA,"",NA,"","","","","","","",NA,"","","Itaguaçu","Espírito Santo","brazil",2492,"Itaguaçu",3202702,-40.864669,-19.727743,"ESPIRITO SANTO","ES","Espírito Santo",-40.6681057,-19.57475617,"Espírito Santo","es",-19.741111,-40.980278,"original coordinates","original coordinates OK"
"15","Guatteria macropus",1424269744,-20.076667,-41.039167,"cdround,gass84","4300f8d5-1ae5-49e5-a101-63894b005868","838537fc-4aeb-4980-8b58-97fbdcd1d91a","none","da7fe11a-b42c-46cb-9e9d-02243edb738a","BR","DWC_ARCHIVE","2018-10-02T15:40:41.633+0000","2018-09-24T20:01:58.120+0000",207,"none","PRESERVED_SPECIMEN",3155715,6,7707728,220,718,9291,3155604,3155715,3155715,"Guatteria macropus Mart.","Guatteria macropus Mart.","Plantae","Tracheophyta","Magnoliales","Annonaceae","Guatteria","Guatteria macropus","Guatteria","macropus","SPECIES","ACCEPTED","none",1050,"Espírito Santo",2007,7,16,"2007-07-16T00:00:00","2017-10-18T12:41:53.927+0000","2018-12-06T16:58:43.818+0000","http://creativecommons.org/licenses/by/4.0/legalcode","none","none","none","WGS84","Magnoliopsida","BR","Brazil","","urn:catalog:JBRJ:RB:556087","P. H. Labiak; F. B. Matos, A. P. Fontana & L. Kollmann","RB00556087","JBRJ",NA,"RB","",1424269744,"urn:catalog:JBRJ:RB:556087","A. Lobão","Rio de Janeiro Botanical Garden","4143","RB - Rio de Janeiro Botanical Garden Herbarium Collection","Afonso Cláudio","Serra Pelada. Pedra dos Três Pontões.","PhysicalObject","RB 444367","Afloramentos rochosos, com pequenas matas secas nos vales.","Árvore ca. 5 m de altura. Frutos verdes. (Sílica).","","","",NA,"","","","",NA,"",NA,"","","","","",NA,"",NA,"",NA,"","","","","","","",NA,"","","Afonso Cláudio","Espírito Santo","brazil",2388,"Afonso Cláudio",3200102,-41.128496,-20.089467,"ESPIRITO SANTO","ES","Espírito Santo",-40.6681057,-19.57475617,"Espírito Santo","es",-20.076667,-41.039167,"original coordinates","original coordinates OK"
"16","Guatteria macropus",1424154242,-15.173611,-39.341667,"cdround,gass84","4300f8d5-1ae5-49e5-a101-63894b005868","838537fc-4aeb-4980-8b58-97fbdcd1d91a","none","da7fe11a-b42c-46cb-9e9d-02243edb738a","BR","DWC_ARCHIVE","2018-10-02T15:39:30.605+0000","2018-09-24T20:00:57.216+0000",207,"none","PRESERVED_SPECIMEN",3155715,6,7707728,220,718,9291,3155604,3155715,3155715,"Guatteria macropus Mart.","Guatteria macropus Mart.","Plantae","Tracheophyta","Magnoliales","Annonaceae","Guatteria","Guatteria macropus","Guatteria","macropus","SPECIES","ACCEPTED","none",1000,"Bahia",2006,2,15,"2006-02-15T00:00:00","2017-10-18T12:05:56.413+0000","2018-12-06T16:57:44.470+0000","http://creativecommons.org/licenses/by/4.0/legalcode","none","none","none","WGS84","Magnoliopsida","BR","Brazil","","urn:catalog:JBRJ:RB:421278","M. M. M. Lopes; F. B. Matos, J. L. Paixão & S. C. Sant´Ana","RB00421278","JBRJ",NA,"RB","",1424154242,"urn:catalog:JBRJ:RB:421278","A.Lobão","Rio de Janeiro Botanical Garden","558","RB - Rio de Janeiro Botanical Garden Herbarium Collection","Arataca","Serra do Peito-de-Moça - Serra das Lontras. Estrada Arataca - Una, ramal 22,4 km de Arataca assentamento Sto. Antônio. RPPN ""Caminho das Pedras"".","PhysicalObject","RB 431707","Coletada no meio da serra. Floresta Ombrófila Densa.","Árvore ca. 12 m alt. Folhas discolores, membranáceas. Flores imaturos verdes.","","","",NA,"","","","",NA,"",NA,"","","","","",NA,"",NA,"",NA,"","","","","","","",NA,"","","Arataca","Bahia","brazil",3183,"Arataca",2902252,-39.412334,-15.243448,"BAHIA","BA","Bahia",-41.72018023,-12.47295682,"Bahia","ba",-15.173611,-39.341667,"original coordinates","original coordinates OK"
"17","Guatteria macropus",1090503285,-15.173611,-39.341667,"gass84","bc81e05b-ed51-46ba-a0a4-90fbae9b5545","c6aacf9d-a5a7-4d7f-a6fc-ea0a4b8ec450","none","b38ff2b7-c8af-454e-b5af-ee760f0d5bca","BR","DWC_ARCHIVE","2018-11-24T12:34:22.755+0000","2018-11-24T12:34:22.771+0000",122,"none","PRESERVED_SPECIMEN",3155715,6,7707728,220,718,9291,3155604,3155715,3155715,"Guatteria macropus Mart.","Guatteria macropus Mart.","Plantae","Tracheophyta","Magnoliales","Annonaceae","Guatteria","Guatteria macropus","Guatteria","macropus","SPECIES","ACCEPTED","none",1000,"Bahia",2006,8,6,"2006-08-06T00:00:00","2018-11-14T17:39:21.000+0000","2018-12-08T04:42:54.835+0000","http://creativecommons.org/licenses/by-nc/4.0/legalcode","none","none","none","WGS84","Magnoliopsida","BR","Brazil","","BRA:CEPLAC:CEPEC:0000112709","Lopes, M. M. M.","112709","Comissão Executiva do Plano da Lavoura Cacaueira (CEPLAC)",NA,"CEPEC","",1090503285,"BRA:CEPLAC:CEPEC:0000112709","Sem Informação","CEPEC - Herbário do Centro de Pesquisas do Cacau","1007","CEPEC - Herbário do Centro de Pesquisas do Cacau","arataca","RPPN Caminho das Pedras, em trilha de acesso ao Peito-de-Moça. Coletas efetuadas na trilha após a residência do Sr. Mormaço.","Collection","","","Foto.","","pt","Comissão Executiva do Plano da Lavoura Cacaueira (CEPLAC)",0,"","","","",NA,"",NA,"","","","","",NA,"",NA,"",NA,"","","","","","","",NA,"","","arataca","Bahia","brazil",3183,"Arataca",2902252,-39.412334,-15.243448,"BAHIA","BA","Bahia",-41.72018023,-12.47295682,"Bahia","ba",-15.173611,-39.341667,"original coordinates","original coordinates OK"
"18","Guatteria macropus",1090495390,-14.586111,-39.117222,"gass84","bc81e05b-ed51-46ba-a0a4-90fbae9b5545","c6aacf9d-a5a7-4d7f-a6fc-ea0a4b8ec450","none","b38ff2b7-c8af-454e-b5af-ee760f0d5bca","BR","DWC_ARCHIVE","2018-11-24T12:34:16.729+0000","2018-11-24T12:34:16.771+0000",122,"none","PRESERVED_SPECIMEN",3155715,6,7707728,220,718,9291,3155604,3155715,3155715,"Guatteria macropus Mart.","Guatteria macropus Mart.","Plantae","Tracheophyta","Magnoliales","Annonaceae","Guatteria","Guatteria macropus","Guatteria","macropus","SPECIES","ACCEPTED","none",NA,"Bahia",2005,2,19,"2005-02-19T00:00:00","2018-11-14T17:39:21.000+0000","2018-12-08T04:42:51.683+0000","http://creativecommons.org/licenses/by-nc/4.0/legalcode","none","none","none","WGS84","Magnoliopsida","BR","Brazil","","BRA:CEPLAC:CEPEC:0000104202","P. Fiaschi","104202","Comissão Executiva do Plano da Lavoura Cacaueira (CEPLAC)",NA,"CEPEC","",1090495390,"BRA:CEPLAC:CEPEC:0000104202","A. Lobão","CEPEC - Herbário do Centro de Pesquisas do Cacau","2710","CEPEC - Herbário do Centro de Pesquisas do Cacau","ILHÉUS","Rod. Ilhéus/Itacaré (BA-001), na altura do Km 20, na estrada à esquerda. Acesso ao retiro ramal vicinal ca. 5,5Km à direita, para a Lagoa Encantada.","Collection","30/07/2005","","","","pt","Comissão Executiva do Plano da Lavoura Cacaueira (CEPLAC)",NA,"","","","",NA,"",NA,"","","","","",NA,"",NA,"",NA,"","","","","","","",NA,"","","ILHÉUS","Bahia","brazil",3250,"Ilhéus",2913606,-39.190761,-14.766458,"BAHIA","BA","Bahia",-41.72018023,-12.47295682,"Bahia","ba",-14.586111,-39.117222,"original coordinates","original coordinates OK"
"19","Guatteria macropus",1137453774,-14.586111,-39.123611,"","15f819bd-6612-4447-854b-14d12ee1022d","396d5f30-dea9-11db-8ab4-b8a03c50a862","none","65eb93af-41b8-4917-a5fc-cfe2a45aa4bf","NL","DWC_ARCHIVE","2018-12-11T19:19:02.063+0000","2018-01-23T11:22:41.711+0000",81,"none","PRESERVED_SPECIMEN",3155715,6,7707728,220,718,9291,3155604,3155715,3155715,"Guatteria macropus Mart.","Guatteria macropus Mart.","Plantae","Tracheophyta","Magnoliales","Annonaceae","Guatteria","Guatteria macropus","Guatteria","macropus","SPECIES","ACCEPTED","none",NA,"Bahia",2005,6,17,"2005-06-17T00:00:00","","2018-12-10T08:23:52.877+0000","http://creativecommons.org/publicdomain/zero/1.0/legalcode","none","none","none","WGS84","Magnoliopsida","BR","Brazil","","WAG.1434155","Paixão JL; Fiaschi P; Tiago Lacerda","WAG.1434155","",NA,"Botany","",1137453774,"http://data.biodiversitydata.nl/naturalis/specimen/WAG.1434155","Maas PJM","","","","","Bahia, Ilhéus: RPPN Salto Apepique. Rodovia Ilhéus-Itacaré (Ba 001), com entrada à esq. na altura do km 20 (Ponta da Tulha) - acesso ao Retiro, ramal vicinal c. 5.5 km à direita para a Lagoa Encantada.","","","","","SOUTH_AMERICA","","",NA,"","","ICN","2005/06/17",NA,"",NA,"","","","species","Plantae|Magnoliopsidae|Magnoliales|Annonaceae",NA,"",NA,"",NA,"","","","","","","",NA,"","","","Bahia","brazil",NA,"",NA,NA,NA,"","","Bahia",-41.72018023,-12.47295682,"Bahia","ba",-14.586111,-39.123611,"original coordinates","original coordinates outside municipality original in  falls in ilheus"
"20","Guatteria macropus",1424154201,-14.586111,-39.123611,"cdround,gass84","4300f8d5-1ae5-49e5-a101-63894b005868","838537fc-4aeb-4980-8b58-97fbdcd1d91a","none","da7fe11a-b42c-46cb-9e9d-02243edb738a","BR","DWC_ARCHIVE","2018-10-02T15:39:30.600+0000","2018-09-24T20:00:57.247+0000",207,"none","PRESERVED_SPECIMEN",3155715,6,7707728,220,718,9291,3155604,3155715,3155715,"Guatteria macropus Mart.","Guatteria macropus Mart.","Plantae","Tracheophyta","Magnoliales","Annonaceae","Guatteria","Guatteria macropus","Guatteria","macropus","SPECIES","ACCEPTED","none",170,"Bahia",2005,6,17,"2005-06-17T00:00:00","2017-10-18T12:07:32.277+0000","2018-12-06T16:57:44.433+0000","http://creativecommons.org/licenses/by/4.0/legalcode","none","none","none","WGS84","Magnoliopsida","BR","Brazil","","urn:catalog:JBRJ:RB:421274","J. L. Paixão; P. Fiaschi & Tiago Lacerda","RB00421274","JBRJ",NA,"RB","",1424154201,"urn:catalog:JBRJ:RB:421274","A. Lobão","Rio de Janeiro Botanical Garden","481","RB - Rio de Janeiro Botanical Garden Herbarium Collection","Ilhéus","RPPN Salto Apepique. Rodovia Ilhéus - Itacaré (BA 001), com entrada à esq. na altura do km 20 (Ponta da Tulha) - acesso ao Retiro, ramal vicinal ca. 5,5 km à direita para a Lagoa Encantada. RPPN Salto Apepique","PhysicalObject","RB 431708","","Árvore, ca. 8,0 m alt. Folhas discolores brilhantes. Frutos imaturos verdes.","","","",NA,"","","","",NA,"",NA,"","","","","",NA,"",NA,"",NA,"","","","","","","",NA,"","","Ilhéus","Bahia","brazil",3250,"Ilhéus",2913606,-39.190761,-14.766458,"BAHIA","BA","Bahia",-41.72018023,-12.47295682,"Bahia","ba",-14.586111,-39.123611,"original coordinates","original coordinates OK"
"21","Guatteria macropus",1929146000,-15.1736,-39.3417,"gass84","d415c253-4d61-4459-9d25-4015b9084fb0","ae447c50-b8a8-11d8-92a4-b8a03c50a862","none","17017c2c-036b-45d9-b045-606d21b00771","US","DWC_ARCHIVE","2018-11-18T15:07:20.980+0000","2018-11-18T15:07:21.009+0000",96,"none","PRESERVED_SPECIMEN",3155715,6,7707728,220,718,9291,3155604,3155715,3155715,"Guatteria macropus Mart.","Guatteria macropus Mart.","Plantae","Tracheophyta","Magnoliales","Annonaceae","Guatteria","Guatteria macropus","Guatteria","macropus","SPECIES","ACCEPTED","none",0,"Bahia",2005,7,21,"2005-07-21T00:00:00","","2018-12-07T18:29:11.313+0000","http://creativecommons.org/publicdomain/zero/1.0/legalcode","none","none","none","WGS84","Magnoliopsida","BR","Brazil","sheet","617d5721-b3da-449c-940e-7c31b95ec83c","A. Q. LobÃ£o","886754","NY",NA,"NY","",1929146000,"617d5721-b3da-449c-940e-7c31b95ec83c","","The New York Botanical Garden","738","Vascular plants","","Serra do Peito de MoÃ§a. Estrada Arataca-Una, entrada no assentamento Santo AntÃ´nio, ca. 22.4 km de Arataca. RPPN Caminho das Pedras. Trilha para a serra.","PhysicalObject","","","","SOUTH_AMERICA","en","",0,"http://sweetgum.nybg.org/science/vh/specimen_details.php?irn=1060050","http://biocol.org/urn:lsid:biocol.org:col:15556","ICN","21 Jul 2005",202,"Arataca",202,"http://biocol.org/urn:lsid:biocol.org:col:15556","Floresta ombrÃ³fila densa montana.","","","",NA,"",NA,"",NA,"","","","","","","",NA,"","","","Bahia","brazil",NA,"",NA,NA,NA,"","","Bahia",-41.72018023,-12.47295682,"Bahia","ba",-15.1736,-39.3417,"original coordinates","original coordinates outside municipality original in  falls in arataca"
"22","Guatteria macropus",1424183907,-14.328056,-39.029444,"cdround,gass84","4300f8d5-1ae5-49e5-a101-63894b005868","838537fc-4aeb-4980-8b58-97fbdcd1d91a","none","da7fe11a-b42c-46cb-9e9d-02243edb738a","BR","DWC_ARCHIVE","2018-10-02T15:39:49.294+0000","2018-09-24T20:01:12.802+0000",207,"none","PRESERVED_SPECIMEN",3155715,6,7707728,220,718,9291,3155604,3155715,3155715,"Guatteria macropus Mart.","Guatteria macropus Mart.","Plantae","Tracheophyta","Magnoliales","Annonaceae","Guatteria","Guatteria macropus","Guatteria","macropus","SPECIES","ACCEPTED","none",NA,"Bahia",2005,7,16,"2005-07-16T00:00:00","2014-07-22T15:00:49.661+0000","2018-12-06T16:57:59.298+0000","http://creativecommons.org/licenses/by/4.0/legalcode","none","none","none","WGS84","Magnoliopsida","BR","Brazil","","urn:catalog:JBRJ:RB:450004","A. Lobão; J. Paixão, F. Mattos & S. Sant´Ana","RB00450004","JBRJ",NA,"RB","",1424183907,"urn:catalog:JBRJ:RB:450004","","Rio de Janeiro Botanical Garden","728","RB - Rio de Janeiro Botanical Garden Herbarium Collection","Itacaré","Loteamento Marambaia, visceral que leva a fazenda, ca. 3km da rodovia BA 001.","PhysicalObject","RB 435280","Na beira da trilha.","Árvore ca. 8 m alt. sem cheiro no tronco quando machucado, cortex creme. Folhas levemente discolores verde, lisas e lustrosas. Pedicelo, estipes e frutos imaturos verde.","","","",NA,"","","","",NA,"",NA,"","","","","",NA,"",NA,"",NA,"","","","","","","",NA,"","","Itacaré","Bahia","brazil",3305,"Itacaré",2914901,-39.157785,-14.360606,"BAHIA","BA","Bahia",-41.72018023,-12.47295682,"Bahia","ba",-14.328056,-39.029444,"original coordinates","original coordinates OK"
"23","Guatteria macropus",1929417725,-14.5861,-39.1172,"gass84","d415c253-4d61-4459-9d25-4015b9084fb0","ae447c50-b8a8-11d8-92a4-b8a03c50a862","none","17017c2c-036b-45d9-b045-606d21b00771","US","DWC_ARCHIVE","2018-11-18T15:22:48.368+0000","2018-11-18T15:22:48.405+0000",96,"none","PRESERVED_SPECIMEN",3155715,6,7707728,220,718,9291,3155604,3155715,3155715,"Guatteria macropus Mart.","Guatteria macropus Mart.","Plantae","Tracheophyta","Magnoliales","Annonaceae","Guatteria","Guatteria macropus","Guatteria","macropus","SPECIES","ACCEPTED","2008-01-01T00:00:00",170,"Bahia",2005,7,16,"2005-07-15T00:00:00","","2018-12-07T18:42:55.040+0000","http://creativecommons.org/publicdomain/zero/1.0/legalcode","none","none","none","WGS84","Magnoliopsida","BR","Brazil","sheet","74c78524-7e9d-4262-b8f0-f7189fa050d4","A. Q. LobÃ£o","01806049","NY",NA,"NY","",1929417725,"74c78524-7e9d-4262-b8f0-f7189fa050d4","P. J. M. Maas","The New York Botanical Garden","723","Vascular plants","","RPPN Salto Apepique. Rodovia IlhÃ©us-ItacarÃ© (BA 001), com entrada Ã  esq. na altura do km 20 (Ponta da Tulha) - acesso ao Retiro, ramal vicinal ca. 5.5 km Ã  direita para a Lagoa Encantada.","PhysicalObject","","","","SOUTH_AMERICA","en","",0,"http://sweetgum.nybg.org/science/vh/specimen_details.php?irn=2128599","http://biocol.org/urn:lsid:biocol.org:col:15556","ICN","16 Jul 2005",197,"IlhÃ©us",197,"http://biocol.org/urn:lsid:biocol.org:col:15556","Floresta OmbrÃ³lifila antropizada","558 ft","","",NA,"",NA,"",NA,"","","","","","","",NA,"","","","Bahia","brazil",NA,"",NA,NA,NA,"","","Bahia",-41.72018023,-12.47295682,"Bahia","ba",-14.5861,-39.1172,"original coordinates","original coordinates outside municipality original in  falls in ilheus"
"24","Guatteria macropus",1424214519,-13.443333,-39.511111,"cdround,gass84","4300f8d5-1ae5-49e5-a101-63894b005868","838537fc-4aeb-4980-8b58-97fbdcd1d91a","none","da7fe11a-b42c-46cb-9e9d-02243edb738a","BR","DWC_ARCHIVE","2018-10-02T15:40:08.996+0000","2018-09-24T20:01:28.642+0000",207,"none","PRESERVED_SPECIMEN",3155715,6,7707728,220,718,9291,3155604,3155715,3155715,"Guatteria macropus Mart.","Guatteria macropus Mart.","Plantae","Tracheophyta","Magnoliales","Annonaceae","Guatteria","Guatteria macropus","Guatteria","macropus","SPECIES","ACCEPTED","none",554,"Bahia",2005,9,12,"2005-09-12T00:00:00","2017-10-19T07:05:07.040+0000","2018-12-06T16:58:14.495+0000","http://creativecommons.org/licenses/by/4.0/legalcode","none","none","none","WGS84","Magnoliopsida","BR","Brazil","","urn:catalog:JBRJ:RB:484715","A.M. Amorim ; J. Jardim, J. Paixão & S. Sant´Ana","RB00484715","JBRJ",NA,"RB","",1424214519,"urn:catalog:JBRJ:RB:484715","Adriana Quintella Lobão","Rio de Janeiro Botanical Garden","5207","RB - Rio de Janeiro Botanical Garden Herbarium Collection","Bahia","Mun. Tancredo Neves: Estrada para os distritos de Água Branca e Julião. ca. 14,1 km de Tancredo Neves.","PhysicalObject","RB 447181","Floresta Ombrófila Densa Sub-Montana","Arvoreta ca. 6 m alt. Carpídeos verdes, imaturos","","","",NA,"","","","",NA,"",NA,"","","","","",NA,"",NA,"",NA,"","","","","","","",NA,"","","Bahia","Bahia","brazil",NA,"",NA,NA,NA,"","","Bahia",-41.72018023,-12.47295682,"Bahia","ba",-13.443333,-39.511111,"original coordinates","original coordinates outside municipality original in bahia falls in presidente tancredo neves"
"25","Guatteria macropus",1090500619,-15.174167,-39.339444,"gass84","bc81e05b-ed51-46ba-a0a4-90fbae9b5545","c6aacf9d-a5a7-4d7f-a6fc-ea0a4b8ec450","none","b38ff2b7-c8af-454e-b5af-ee760f0d5bca","BR","DWC_ARCHIVE","2018-11-24T12:34:20.784+0000","2018-11-24T12:34:20.793+0000",122,"none","PRESERVED_SPECIMEN",3155715,6,7707728,220,718,9291,3155604,3155715,3155715,"Guatteria macropus Mart.","Guatteria macropus Mart.","Plantae","Tracheophyta","Magnoliales","Annonaceae","Guatteria","Guatteria macropus","Guatteria","macropus","SPECIES","ACCEPTED","none",500,"Bahia",2005,12,18,"2005-12-18T00:00:00","2018-11-14T17:39:21.000+0000","2018-12-08T04:42:53.672+0000","http://creativecommons.org/licenses/by-nc/4.0/legalcode","none","none","none","WGS84","Magnoliopsida","BR","Brazil","","BRA:CEPLAC:CEPEC:0000110011","Jardim, J. G.","110011","Comissão Executiva do Plano da Lavoura Cacaueira (CEPLAC)",NA,"CEPEC","",1090500619,"BRA:CEPLAC:CEPEC:0000110011","Sem Informação","CEPEC - Herbário do Centro de Pesquisas do Cacau","4890","CEPEC - Herbário do Centro de Pesquisas do Cacau","arataca","Rod. Arataca/Una entrada à direta no assentamento Santo Antônio 9,5 km, vicinal para a Fazenda Palmeira 8,9km da entrada. Serra do Peito de Moça, RPPN Palmeira/IESB. Trilha que leva ao topo da serra.","Collection","","","","","pt","Comissão Executiva do Plano da Lavoura Cacaueira (CEPLAC)",0,"","","","",NA,"",NA,"","","","","",NA,"",NA,"",NA,"","","","","","","",NA,"","","arataca","Bahia","brazil",3183,"Arataca",2902252,-39.412334,-15.243448,"BAHIA","BA","Bahia",-41.72018023,-12.47295682,"Bahia","ba",-15.174167,-39.339444,"original coordinates","original coordinates OK"
"26","Guatteria macropus",1094826541,-14.499722,-39.115,"gass84","2e684fd6-09e2-4661-910a-0a188b610c04","60545be9-4f28-4245-b4b4-07635c8dfa54","none","b38ff2b7-c8af-454e-b5af-ee760f0d5bca","BR","DWC_ARCHIVE","2018-11-14T17:18:55.340+0000","2018-09-10T18:26:46.729+0000",124,"none","PRESERVED_SPECIMEN",3155715,6,7707728,220,718,9291,3155604,3155715,3155715,"Guatteria macropus Mart.","Guatteria macropus Mart.","Plantae","Tracheophyta","Magnoliales","Annonaceae","Guatteria","Guatteria macropus","Guatteria","macropus","SPECIES","ACCEPTED","none",380,"Bahia",2004,3,18,"2004-03-18T00:00:00","","2018-09-10T18:27:00.214+0000","http://creativecommons.org/licenses/by-nc/4.0/legalcode","none","none","none","WGS84","Magnoliopsida","BR","Brazil","","BRA:UEFS:HUEFS:0000108934","Fiaschi, P.","108934","UEFS",NA,"HUEFS","",1094826541,"BRA:UEFS:HUEFS:0000108934","","HUEFS - Herbario da Universidade Estadual de Feira de Santana","2030","HUEFS - Herbario da Universidade Estadual de Feira de Santana","Uruçuca","Estrada de Serra Grande para Uruçuca. Área do inventário do plano de manejo. Mata da torre do celular.","Collection","","","","","pt","Universidade Estadual de Feira de Santana (UEFS)",0,"","","","",NA,"",NA,"","","","","",NA,"",NA,"",NA,"","","","","","","",NA,"","","Uruçuca","Bahia","brazil",3281,"Uruçuca",2932705,-39.232321,-14.527691,"BAHIA","BA","Bahia",-41.72018023,-12.47295682,"Bahia","ba",-14.499722,-39.115,"original coordinates","original coordinates OK"
"27","Guatteria macropus",1226937083,-16.403369,-40.043508,"gass84","1bb3cae3-b91f-4109-8a2d-a1f05f2d6fd3","76dbcb10-efc5-4d5f-87a5-bcd409fc92c8","none","b38ff2b7-c8af-454e-b5af-ee760f0d5bca","BR","DWC_ARCHIVE","2018-11-24T12:30:51.716+0000","2018-09-25T14:05:48.386+0000",126,"none","PRESERVED_SPECIMEN",3155715,6,7707728,220,718,9291,3155604,3155715,3155715,"Guatteria macropus Mart.","Guatteria macropus Mart.","Plantae","Tracheophyta","Magnoliales","Annonaceae","Guatteria","Guatteria macropus","Guatteria","macropus","SPECIES","ACCEPTED","2016-01-01T00:00:00",805,"Minas Gerais",2003,8,25,"2003-08-25T00:00:00","2018-08-21T18:21:58.000+0000","2018-12-07T20:00:34.053+0000","http://creativecommons.org/licenses/by-nc/4.0/legalcode","none","none","none","WGS84","Magnoliopsida","BR","Brazil","","BRA:USP:SPF:0000215368","Lombardi, JA","215368","USP",NA,"SPF","",1226937083,"BRA:USP:SPF:0000215368","Lopes, JC","SPF - Herbário da Universidade de São Paulo","5538","SPF - Herbário da Universidade de São Paulo","Santa Maria do Salto","","Collection","","","","","pt","Universidade de São Paulo, USP",42,"","","","",NA,"",NA,"","","","","",NA,"",NA,"",NA,"","","","","","","",NA,"","","Santa Maria do Salto","Minas Gerais","brazil",3018,"Santa Maria do Salto",3158102,-40.11721,-16.308232,"MINAS GERAIS","MG","Minas Gerais",-44.67333254,-18.45539008,"Minas Gerais","mg",-16.403369,-40.043508,"original coordinates","original coordinates OK"
"28","Guatteria macropus",1424150732,-15.158056,-39.528611,"cdround,gass84","4300f8d5-1ae5-49e5-a101-63894b005868","838537fc-4aeb-4980-8b58-97fbdcd1d91a","none","da7fe11a-b42c-46cb-9e9d-02243edb738a","BR","DWC_ARCHIVE","2018-10-02T15:39:28.473+0000","2018-09-24T20:00:55.503+0000",207,"none","PRESERVED_SPECIMEN",3155715,6,7707728,220,718,9291,3155604,3155715,3155715,"Guatteria macropus Mart.","Guatteria macropus Mart.","Plantae","Tracheophyta","Magnoliales","Annonaceae","Guatteria","Guatteria macropus","Guatteria","macropus","SPECIES","ACCEPTED","none",NA,"Bahia",2002,9,20,"2002-09-20T00:00:00","2014-07-08T03:14:33.006+0000","2018-12-06T16:57:42.197+0000","http://creativecommons.org/licenses/by/4.0/legalcode","none","none","none","WGS84","Magnoliopsida","BR","Brazil","","urn:catalog:JBRJ:RB:417057","P. Fiaschi; S. C. Sant´Ana","RB00417057","JBRJ",NA,"RB","",1424150732,"urn:catalog:JBRJ:RB:417057","A. Lobão","Rio de Janeiro Botanical Garden","1095","RB - Rio de Janeiro Botanical Garden Herbarium Collection","Jussari","Palmira. Estrada ca. 7,5 km de Jussarí. Fazenda Teimoso. RPPN Serra do Teimoso. RPPN Serra do Teimoso","PhysicalObject","RB 427394","","Arbusto delicado, até ca. 2,5 m de altura. Frutos imaturos verde-claros, pedicelos avermelhados.","","","",NA,"","","","",NA,"",NA,"","","","","",NA,"",NA,"",NA,"","","","","","","",NA,"","","Jussari","Bahia","brazil",3197,"Jussari",2918555,-39.499726,-15.131669,"BAHIA","BA","Bahia",-41.72018023,-12.47295682,"Bahia","ba",-15.158056,-39.528611,"original coordinates","original coordinates OK"
"29","Guatteria macropus",1257768491,-19.15,-40.066667,"cdround,gass84,iddatunl","7bd65a7a-f762-11e1-a439-00145eb45e9a","90fd6680-349f-11d8-aa2d-b8a03c50a862","none","c4e134d3-c68f-406d-a116-6a37895602e0","US","DWC_ARCHIVE","2018-06-20T07:53:06.730+0000","2016-03-21T14:18:44.493+0000",28,"none","PRESERVED_SPECIMEN",3155715,6,7707728,220,718,9291,3155604,3155715,3155715,"Guatteria macropus Mart.","Guatteria macropus Mart.","Plantae","Tracheophyta","Magnoliales","Annonaceae","Guatteria","Guatteria macropus","Guatteria","macropus","SPECIES","ACCEPTED","1999-01-01T00:00:00",20,"Espírito Santo",1999,2,10,"1999-02-10T00:00:00","2015-08-23T05:45:00.000+0000","2018-07-07T19:43:25.065+0000","http://creativecommons.org/licenses/by/4.0/legalcode","none","none","none","WGS84","Magnoliopsida","BR","Brazil","","urn:catalog:MO:Tropicos:100420948","Renato de Mello-Silva|E.M. Nic Lughadha|B.L. Stannard|M.C. Assis|D.A. Folli","100420948","MO",NA,"MO","",1257768491,"urn:catalog:MO:Tropicos:100420948","R. Mello-Silva","Missouri Botanical Garden","Mello-Silva 1551","Tropicos","","Reserva Florestal da Companhia Vale do Rio Doce. Estrada Flamengo, km 1,3.","PhysicalObject","","","","SOUTH_AMERICA","","MOBOT",NA,"","","ICNafp","",NA,"Linhares",NA,"http://biocol.org/urn:lsid:biocol.org:col:15859","","","","",1,"No opinion",1600271,"http://www.tropicos.org/Specimen/100420948",NA,"","","","","","","",NA,"","","","Espírito Santo","brazil",NA,"",NA,NA,NA,"","","Espírito Santo",-40.6681057,-19.57475617,"Espírito Santo","es",-19.15,-40.066667,"original coordinates","original coordinates outside municipality original in  falls in linhares"
"30","Guatteria macropus",1424269212,-19.706111,-39.937778,"cdround,gass84","4300f8d5-1ae5-49e5-a101-63894b005868","838537fc-4aeb-4980-8b58-97fbdcd1d91a","none","da7fe11a-b42c-46cb-9e9d-02243edb738a","BR","DWC_ARCHIVE","2018-10-02T15:40:41.190+0000","2018-09-24T20:01:57.860+0000",207,"none","PRESERVED_SPECIMEN",3155715,6,7707728,220,718,9291,3155604,3155715,3155715,"Guatteria macropus Mart.","Guatteria macropus Mart.","Plantae","Tracheophyta","Magnoliales","Annonaceae","Guatteria","Guatteria macropus","Guatteria","macropus","SPECIES","ACCEPTED","2006-12-12T00:00:00",0,"Goiás",1999,8,5,"1999-08-05T00:00:00","2017-10-16T22:53:10.152+0000","2018-12-06T16:58:43.547+0000","http://creativecommons.org/licenses/by/4.0/legalcode","none","none","none","WGS84","Magnoliopsida","BR","Brazil","","urn:catalog:JBRJ:RB:555560","G.Martinelli; L. Heron, R. Azoury","RB00555560","JBRJ",NA,"RB","",1424269212,"urn:catalog:JBRJ:RB:555560","A. Lobão","Rio de Janeiro Botanical Garden","15544","RB - Rio de Janeiro Botanical Garden Herbarium Collection","Goiás","Município de Linhares, Regência, Reserva Biológica de Comboios, restingas da praia de Regência. Reserva Biológica de Comboios","PhysicalObject","RB 478620","Restinga","Arvoreta, frequente; folhas levemente discolores; flores verdes com disco de estames amarelos; estigma verde","","","",NA,"","","","",NA,"",NA,"","","","","",NA,"",NA,"",NA,"","","","","","","",NA,"","","Goiás","Goiás","brazil",3095,"Goiás",5208905,-50.242411,-15.847211,"GOIAS","GO","Goiás",-49.62349059,-16.04162242,"Goiás","go",-19.706111,-39.937778,"original coordinates","original coordinates outside Brazil"
"31","Guatteria macropus",1123821933,-19.685611,-39.918778,"gass84","9129ec89-afa7-45af-8b73-509f1f8942ab","667644b9-7b93-4892-80c7-c4271735c515","none","b38ff2b7-c8af-454e-b5af-ee760f0d5bca","BR","DWC_ARCHIVE","2018-10-11T11:54:52.017+0000","2017-12-15T16:34:47.214+0000",129,"none","PRESERVED_SPECIMEN",3155715,6,7707728,220,718,9291,3155604,3155715,3155715,"Guatteria macropus Mart.","Guatteria macropus Mart.","Plantae","Tracheophyta","Magnoliales","Annonaceae","Guatteria","Guatteria macropus","Guatteria","macropus","SPECIES","ACCEPTED","none",NA,"Espírito Santo",1999,8,5,"1999-08-05T00:00:00","2017-09-14T14:41:41.000+0000","2018-12-08T12:05:00.198+0000","http://creativecommons.org/licenses/by-nc/4.0/legalcode","none","none","none","WGS84","Magnoliopsida","BR","Brazil","","BRA:MBML:MBML-HERBARIO:0000039246","G. Martinelli; L.Heron & R.Azoury","39246","MBML",NA,"MBML-HERBARIO","",1123821933,"BRA:MBML:MBML-HERBARIO:0000039246","Adriana Lobão/2009","MBML-Herbario - Herbário Mello Leitão","15544","MBML-Herbario - Herbário Mello Leitão","Linhares","Reserva Biológica de Comboios. Regência, Reserva Biológica de Comboios, restingas da Praia de Regência","Collection","","","Restinga. Arvoreta, frequente; folhas levemente discolores; flores verdes com disco de estames amarelos; estigma verde. Altura 4m. Habitat: Restinga. Hábito/forma de vida: arvoreta. Frequencia: frequente. Luminosidade: heliófila.","","pt","Museu de Biologia Professor Mello Leitão, MBML",NA,"","","","",NA,"",NA,"","","","","",NA,"",NA,"",NA,"","","","","","","",NA,"","","Linhares","Espírito Santo","brazil",2565,"Linhares",3203205,-40.028138,-19.38214,"ESPIRITO SANTO","ES","Espírito Santo",-40.6681057,-19.57475617,"Espírito Santo","es",-19.685611,-39.918778,"original coordinates","original coordinates outside municipality original in linhares falls in aracruz"
"32","Guatteria macropus",1424150640,-14.416667,-39.016667,"cdround,gass84","4300f8d5-1ae5-49e5-a101-63894b005868","838537fc-4aeb-4980-8b58-97fbdcd1d91a","none","da7fe11a-b42c-46cb-9e9d-02243edb738a","BR","DWC_ARCHIVE","2018-10-02T15:39:28.383+0000","2018-09-24T20:00:55.545+0000",207,"none","PRESERVED_SPECIMEN",3155715,6,7707728,220,718,9291,3155604,3155715,3155715,"Guatteria macropus Mart.","Guatteria macropus Mart.","Plantae","Tracheophyta","Magnoliales","Annonaceae","Guatteria","Guatteria macropus","Guatteria","macropus","SPECIES","ACCEPTED","none",NA,"Bahia",1998,1,30,"1998-01-30T00:00:00","2014-07-08T03:14:26.004+0000","2018-12-06T16:57:41.979+0000","http://creativecommons.org/licenses/by/4.0/legalcode","none","none","none","WGS84","Magnoliopsida","BR","Brazil","","urn:catalog:JBRJ:RB:416940","S. C. de Sant´Ana; A. M. de Carvalho, J. G. Jardim e Equipe de filmagem da TV Cultura.","RB00416940","JBRJ",NA,"RB","",1424150640,"urn:catalog:JBRJ:RB:416940","A. Lobão","Rio de Janeiro Botanical Garden","638","RB - Rio de Janeiro Botanical Garden Herbarium Collection","Uruçuca","Distrito de Serra Grande. 7,3 km na estrada Serra Grande/Itacaré, Fazenda da Logoa do Conjunto da Fazenda Santa Cruz.","PhysicalObject","RB 427434","","Arvoreta com ca. 8 m de altura e 5 cm de diâmetro. Folhas verdes discolores. Flores com pétalas esverdeadas e ovário amarelo.","","","",NA,"","","","",NA,"",NA,"","","","","",NA,"",NA,"",NA,"","","","","","","",NA,"","","Uruçuca","Bahia","brazil",3281,"Uruçuca",2932705,-39.232321,-14.527691,"BAHIA","BA","Bahia",-41.72018023,-12.47295682,"Bahia","ba",-14.416667,-39.016667,"original coordinates","original coordinates outside Brazil"
"33","Guatteria macropus",1137963397,-13,-39.333333,"","15f819bd-6612-4447-854b-14d12ee1022d","396d5f30-dea9-11db-8ab4-b8a03c50a862","none","65eb93af-41b8-4917-a5fc-cfe2a45aa4bf","NL","DWC_ARCHIVE","2018-12-11T19:22:14.963+0000","2018-01-23T11:29:31.543+0000",81,"none","PRESERVED_SPECIMEN",3155715,6,7707728,220,718,9291,3155604,3155715,3155715,"Guatteria macropus Mart.","Guatteria macropus Mart.","Plantae","Tracheophyta","Magnoliales","Annonaceae","Guatteria","Guatteria macropus","Guatteria","macropus","SPECIES","ACCEPTED","none",NA,"Bahia",1993,1,30,"1993-01-30T00:00:00","","2018-12-10T08:27:37.862+0000","http://creativecommons.org/publicdomain/zero/1.0/legalcode","none","none","none","WGS84","Magnoliopsida","BR","Brazil","","U  0009415","Pirani JR; Kallunki JA","U  0009415","",NA,"Botany","",1137963397,"http://data.biodiversitydata.nl/naturalis/specimen/U%20%200009415","Maas PJM; Westra LYT","","","","","Brasil. Bahia. Santo Antonio de Jesus: Rodovia São Miguel das Matas e Amargosa, a 7 km do strevo com a BR 101.","","","","","SOUTH_AMERICA","","",NA,"","","ICN","1993/01/30",NA,"",NA,"","","","species","Plantae|Magnoliopsidae|Magnoliales|Annonaceae",NA,"",NA,"",NA,"","","","","","","",NA,"","","","Bahia","brazil",NA,"",NA,NA,NA,"","","Bahia",-41.72018023,-12.47295682,"Bahia","ba",-13,-39.333333,"original coordinates","original coordinates outside municipality original in  falls in varzedo"
"34","Guatteria macropus",1094733730,-13,-39.333333,"gass84","2e684fd6-09e2-4661-910a-0a188b610c04","60545be9-4f28-4245-b4b4-07635c8dfa54","none","b38ff2b7-c8af-454e-b5af-ee760f0d5bca","BR","DWC_ARCHIVE","2018-11-14T17:17:56.716+0000","2018-09-10T18:25:52.977+0000",124,"none","PRESERVED_SPECIMEN",3155715,6,7707728,220,718,9291,3155604,3155715,3155715,"Guatteria macropus Mart.","Guatteria macropus Mart.","Plantae","Tracheophyta","Magnoliales","Annonaceae","Guatteria","Guatteria macropus","Guatteria","macropus","SPECIES","ACCEPTED","none",40,"Bahia",1993,1,30,"1993-01-30T00:00:00","","2018-09-10T18:25:56.870+0000","http://creativecommons.org/licenses/by-nc/4.0/legalcode","none","none","none","WGS84","Magnoliopsida","BR","Brazil","","BRA:UEFS:HUEFS:0000015596","Pirani, J.R.","15596","UEFS",NA,"HUEFS","",1094733730,"BRA:UEFS:HUEFS:0000015596","","HUEFS - Herbario da Universidade Estadual de Feira de Santana","2725","HUEFS - Herbario da Universidade Estadual de Feira de Santana","Santo Antônio de Jesus","","Collection","","","","","pt","Universidade Estadual de Feira de Santana (UEFS)",0,"","","","",NA,"",NA,"","","","","",NA,"",NA,"",NA,"","","","","","","",NA,"","","Santo Antônio de Jesus","Bahia","brazil",3458,"Santo Antônio de Jesus",2928703,-39.230344,-13.008091,"BAHIA","BA","Bahia",-41.72018023,-12.47295682,"Bahia","ba",-13,-39.333333,"original coordinates","original coordinates outside municipality original in santo antonio de jesus falls in varzedo"
"35","Guatteria macropus",1928241684,-14.25,-39.27,"gass84","d415c253-4d61-4459-9d25-4015b9084fb0","ae447c50-b8a8-11d8-92a4-b8a03c50a862","none","17017c2c-036b-45d9-b045-606d21b00771","US","DWC_ARCHIVE","2018-11-18T14:48:04.034+0000","2018-11-18T14:48:04.044+0000",96,"none","PRESERVED_SPECIMEN",3155715,6,7707728,220,718,9291,3155604,3155715,3155715,"Guatteria macropus Mart.","Guatteria macropus Mart.","Plantae","Tracheophyta","Magnoliales","Annonaceae","Guatteria","Guatteria macropus","Guatteria","macropus","SPECIES","ACCEPTED","2017-01-01T00:00:00",0,"Bahia",1993,5,2,"1993-05-02T00:00:00","","2018-12-05T23:34:20.649+0000","http://creativecommons.org/publicdomain/zero/1.0/legalcode","none","none","none","WGS84","Magnoliopsida","BR","Brazil","sheet","216086ed-423f-4486-a8cd-1f49f7048237","W. W. Thomas","00836541","NY",NA,"NY","",1928241684,"216086ed-423f-4486-a8cd-1f49f7048237","P. J. M. Maas","The New York Botanical Garden","9786","Vascular plants","","6.7 km south of junction with BA 654 at ""Loteamento Marambaia"" on road to Serra Grande, the junction 6 km west of ItacarÃ©","PhysicalObject","","","","SOUTH_AMERICA","en","",0,"http://sweetgum.nybg.org/science/vh/specimen_details.php?irn=286554","http://biocol.org/urn:lsid:biocol.org:col:15556","ICN","02 May 1993",122,"ItacarÃ©",122,"http://biocol.org/urn:lsid:biocol.org:col:15556","Southern Bahian wet forest.","","","",NA,"",NA,"",NA,"","","","","","","",NA,"","","","Bahia","brazil",NA,"",NA,NA,NA,"","","Bahia",-41.72018023,-12.47295682,"Bahia","ba",-14.25,-39.27,"original coordinates","original coordinates outside municipality original in  falls in marau"
"36","Guatteria macropus",1339089967,-22,-42.05,"","15f819bd-6612-4447-854b-14d12ee1022d","396d5f30-dea9-11db-8ab4-b8a03c50a862","none","65eb93af-41b8-4917-a5fc-cfe2a45aa4bf","NL","DWC_ARCHIVE","2018-12-11T19:20:26.918+0000","2018-01-23T11:25:39.024+0000",81,"none","PRESERVED_SPECIMEN",3155715,6,7707728,220,718,9291,3155604,3155715,3155715,"Guatteria macropus Mart.","Guatteria macropus Mart.","Plantae","Tracheophyta","Magnoliales","Annonaceae","Guatteria","Guatteria macropus","Guatteria","macropus","SPECIES","ACCEPTED","none",NA,"Rio de Janeiro",1990,8,16,"1990-08-16T00:00:00","","2018-07-07T13:23:30.115+0000","http://creativecommons.org/publicdomain/zero/1.0/legalcode","none","none","none","WGS84","Magnoliopsida","BR","Brazil","","U.1605385","Lima MPM de; et al.","U.1605385","",NA,"Botany","",1339089967,"http://data.biodiversitydata.nl/naturalis/specimen/U.1605385","Maas PJM; Westra LYT","","","","","Proc. Brasil. Rio de Janeiro. Nova Friburgo. Reserva Ecológica Municipal de Macaé de Cima. Sítio Sophronites.","","","","","SOUTH_AMERICA","","",NA,"","","ICN","1990/08/16",NA,"",NA,"","","","species","Plantae|Magnoliopsidae|Magnoliales|Annonaceae",NA,"",NA,"",NA,"","","","","","","",NA,"","","","Rio de Janeiro","brazil",NA,"",NA,NA,NA,"","","Rio de Janeiro",-42.66307908,-22.19581555,"Rio de Janeiro","rj",-22,-42.05,"original coordinates","original coordinates outside municipality original in  falls in santa maria madalena"
"37","Guatteria macropus",1138774934,-22,-42.05,"","15f819bd-6612-4447-854b-14d12ee1022d","396d5f30-dea9-11db-8ab4-b8a03c50a862","none","65eb93af-41b8-4917-a5fc-cfe2a45aa4bf","NL","DWC_ARCHIVE","2018-12-11T19:22:14.963+0000","2018-01-23T11:29:31.490+0000",81,"none","PRESERVED_SPECIMEN",3155715,6,7707728,220,718,9291,3155604,3155715,3155715,"Guatteria macropus Mart.","Guatteria macropus Mart.","Plantae","Tracheophyta","Magnoliales","Annonaceae","Guatteria","Guatteria macropus","Guatteria","macropus","SPECIES","ACCEPTED","none",NA,"Rio de Janeiro",1988,12,8,"1988-12-08T00:00:00","","2018-07-07T00:19:04.089+0000","http://creativecommons.org/publicdomain/zero/1.0/legalcode","none","none","none","WGS84","Magnoliopsida","BR","Brazil","","U  0009343","Pessoa SVA","U  0009343","",NA,"Botany","",1138774934,"http://data.biodiversitydata.nl/naturalis/specimen/U%20%200009343","Maas PJM; Westra LYT","","","","","Proc. Brasil, Rio de Janeiro, Nova Friburgo, Reserva Ecológica Municipal de Macaé de Cima, Estrada p/ Sitio Sophronites.","","","","","SOUTH_AMERICA","","",NA,"","","ICN","1988/12/08",NA,"",NA,"","","","species","Plantae|Magnoliopsidae|Magnoliales|Annonaceae",NA,"",NA,"",NA,"","","","","","","",NA,"","","","Rio de Janeiro","brazil",NA,"",NA,NA,NA,"","","Rio de Janeiro",-42.66307908,-22.19581555,"Rio de Janeiro","rj",-22,-42.05,"original coordinates","original coordinates outside municipality original in  falls in santa maria madalena"
"38","Guatteria macropus",1339109866,-13.25,-44.666667,"","15f819bd-6612-4447-854b-14d12ee1022d","396d5f30-dea9-11db-8ab4-b8a03c50a862","none","65eb93af-41b8-4917-a5fc-cfe2a45aa4bf","NL","DWC_ARCHIVE","2018-12-11T19:20:26.911+0000","2018-01-23T11:25:39.065+0000",81,"none","PRESERVED_SPECIMEN",3155715,6,7707728,220,718,9291,3155604,3155715,3155715,"Guatteria macropus Mart.","Guatteria macropus Mart.","Plantae","Tracheophyta","Magnoliales","Annonaceae","Guatteria","Guatteria macropus","Guatteria","macropus","SPECIES","ACCEPTED","none",NA,"Bahia",1980,4,28,"1980-04-28T00:00:00","","2018-07-07T13:23:30.111+0000","http://creativecommons.org/publicdomain/zero/1.0/legalcode","none","none","none","WGS84","Magnoliopsida","BR","Brazil","","U.1605388","Harley RM","U.1605388","",NA,"Botany","",1339109866,"http://data.biodiversitydata.nl/naturalis/specimen/U.1605388","Maas PJM; Westra LYT","","","","","Chapadão Ocidental da Bahia. 12 k m. N. of Correntina on the road to Inháumas.","","","","","SOUTH_AMERICA","","",NA,"","","ICN","1980/04/28",NA,"",NA,"","","","species","Plantae|Magnoliopsidae|Magnoliales|Annonaceae",NA,"",NA,"",NA,"","","","","","","",NA,"","","","Bahia","brazil",NA,"",NA,NA,NA,"","","Bahia",-41.72018023,-12.47295682,"Bahia","ba",-13.25,-44.666667,"original coordinates","original coordinates outside municipality original in  falls in correntina"
"39","Guatteria macropus",1094758140,-14.316667,-39.016667,"gass84","2e684fd6-09e2-4661-910a-0a188b610c04","60545be9-4f28-4245-b4b4-07635c8dfa54","none","b38ff2b7-c8af-454e-b5af-ee760f0d5bca","BR","DWC_ARCHIVE","2018-11-14T17:18:12.228+0000","2018-09-10T18:26:08.237+0000",124,"none","PRESERVED_SPECIMEN",3155715,6,7707728,220,718,9291,3155604,3155715,3155715,"Guatteria macropus Mart.","Guatteria macropus Mart.","Plantae","Tracheophyta","Magnoliales","Annonaceae","Guatteria","Guatteria macropus","Guatteria","macropus","SPECIES","ACCEPTED","none",100,"Bahia",1977,1,29,"1977-01-15T00:00:00","","2018-09-10T18:26:17.717+0000","http://creativecommons.org/licenses/by-nc/4.0/legalcode","none","none","none","WGS84","Magnoliopsida","BR","Brazil","","BRA:UEFS:HUEFS:0000040061","Harley, R.M.","40061","UEFS",NA,"HUEFS","",1094758140,"BRA:UEFS:HUEFS:0000040061","","HUEFS - Herbario da Universidade Estadual de Feira de Santana","18351","HUEFS - Herbario da Universidade Estadual de Feira de Santana","Itacaré","Ca. 6 Km SW of Itacaré, on side road south from the main Itacaré-Ubaitaba road, south of the mouth of the Rio de Contas.","Collection","","","High coastal evergreen forest on heavy loam.","","pt","Universidade Estadual de Feira de Santana (UEFS)",0,"","","","",NA,"",NA,"","","","","",NA,"",NA,"",NA,"","","","","","","",NA,"","","Itacaré","Bahia","brazil",3305,"Itacaré",2914901,-39.157785,-14.360606,"BAHIA","BA","Bahia",-41.72018023,-12.47295682,"Bahia","ba",-14.316667,-39.016667,"original coordinates","original coordinates OK"
"40","Guatteria macropus",1260814983,-14.31666,-39.01666,"elnn,gass84","7bd65a7a-f762-11e1-a439-00145eb45e9a","90fd6680-349f-11d8-aa2d-b8a03c50a862","none","c4e134d3-c68f-406d-a116-6a37895602e0","US","DWC_ARCHIVE","2018-06-20T08:03:46.581+0000","2016-03-21T16:21:48.631+0000",28,"none","PRESERVED_SPECIMEN",3155715,6,7707728,220,718,9291,3155604,3155715,3155715,"Guatteria macropus Mart.","Guatteria macropus Mart.","Plantae","Tracheophyta","Magnoliales","Annonaceae","Guatteria","Guatteria macropus","Guatteria","macropus","SPECIES","ACCEPTED","1997-01-01T00:00:00",100,"Bahia",1977,1,29,"1977-01-29T12:11:28","2015-08-13T05:50:00.000+0000","2018-12-09T00:38:57.786+0000","http://creativecommons.org/licenses/by/4.0/legalcode","none","none","none","WGS84","Magnoliopsida","BR","Brazil","","urn:catalog:MO:Tropicos:3401463","R.M. Harley","3401463","MO",NA,"MO","",1260814983,"urn:catalog:MO:Tropicos:3401463","R. Mello - Silva","Missouri Botanical Garden","Harley 18351","Tropicos","","Ca 6 km. S.W. of Itacaré. On side road south from the main Itacaré - Ubaitaba road, south, south of the mouth of the Rio de Contas. High coastal evergreen forest on heavy loam.","PhysicalObject","","","","SOUTH_AMERICA","","MOBOT",NA,"","","ICNafp","",NA,"",NA,"http://biocol.org/urn:lsid:biocol.org:col:15859","","","","",NA,"No opinion",1600271,"http://www.tropicos.org/Specimen/3401463",NA,"","","","","","","",NA,"","","","Bahia","brazil",NA,"",NA,NA,NA,"","","Bahia",-41.72018023,-12.47295682,"Bahia","ba",-14.31666,-39.01666,"original coordinates","original coordinates outside municipality original in  falls in itacare"
"41","Guatteria macropus",1090421426,-14.316667,-39.016667,"gass84","bc81e05b-ed51-46ba-a0a4-90fbae9b5545","c6aacf9d-a5a7-4d7f-a6fc-ea0a4b8ec450","none","b38ff2b7-c8af-454e-b5af-ee760f0d5bca","BR","DWC_ARCHIVE","2018-11-24T12:33:14.393+0000","2018-11-24T12:33:14.502+0000",122,"none","PRESERVED_SPECIMEN",3155715,6,7707728,220,718,9291,3155604,3155715,3155715,"Guatteria macropus Mart.","Guatteria macropus Mart.","Plantae","Tracheophyta","Magnoliales","Annonaceae","Guatteria","Guatteria macropus","Guatteria","macropus","SPECIES","ACCEPTED","none",NA,"Bahia",1977,1,29,"1977-01-29T00:00:00","2018-11-14T17:39:21.000+0000","2018-12-08T04:42:19.917+0000","http://creativecommons.org/licenses/by-nc/4.0/legalcode","none","none","none","WGS84","Magnoliopsida","BR","Brazil","","BRA:CEPLAC:CEPEC:0000020299","R. M. Harley","20299","Comissão Executiva do Plano da Lavoura Cacaueira (CEPLAC)",NA,"CEPEC","",1090421426,"BRA:CEPLAC:CEPEC:0000020299","A. Lobão","CEPEC - Herbário do Centro de Pesquisas do Cacau","18551","CEPEC - Herbário do Centro de Pesquisas do Cacau","ITACARÉ","Ca. 6Km SW de Itacaré, lado da Rod. Ao S da Rod. Itacaré/Ubaitaba. Ao S da Foz do Rio de Conrtas.","Collection","30/07/2005","","","","pt","Comissão Executiva do Plano da Lavoura Cacaueira (CEPLAC)",NA,"","","","",NA,"",NA,"","","","","",NA,"",NA,"",NA,"","","","","","","",NA,"","","ITACARÉ","Bahia","brazil",3305,"Itacaré",2914901,-39.157785,-14.360606,"BAHIA","BA","Bahia",-41.72018023,-12.47295682,"Bahia","ba",-14.316667,-39.016667,"original coordinates","original coordinates OK"
"42","Guatteria macropus",1931279815,-5.3488,-55.912074,"cdround","d415c253-4d61-4459-9d25-4015b9084fb0","ae447c50-b8a8-11d8-92a4-b8a03c50a862","none","17017c2c-036b-45d9-b045-606d21b00771","US","DWC_ARCHIVE","2018-11-18T16:25:57.668+0000","2018-11-18T16:25:57.766+0000",96,"none","PRESERVED_SPECIMEN",3155715,6,7707728,220,718,9291,3155604,3155715,3155715,"Guatteria macropus Mart.","Guatteria macropus Mart.","Plantae","Tracheophyta","Magnoliales","Annonaceae","Guatteria","Guatteria macropus","Guatteria","macropus","SPECIES","ACCEPTED","2013-01-01T00:00:00",0,"ParÃ¡",1977,11,23,"1977-11-23T00:00:00","","2018-12-07T05:43:16.983+0000","http://creativecommons.org/publicdomain/zero/1.0/legalcode","none","none","none","WGS84","Magnoliopsida","BR","Brazil","sheet","f87f134b-fd86-475a-8f8b-3f143224b197","G. T. Prance","02447212","NY",NA,"NY","",1931279815,"f87f134b-fd86-475a-8f8b-3f143224b197","P. J. M. Maas; L. Y. T. Westra","The New York Botanical Garden","25682","Vascular plants","","BR 163, CuiabÃ¡-SantarÃ©m Highway, km 1305, vicinity of IgarapÃ© JosÃ© Preto.","PhysicalObject","","","","SOUTH_AMERICA","en","",0,"http://sweetgum.nybg.org/science/vh/specimen_details.php?irn=2626339","http://biocol.org/urn:lsid:biocol.org:col:15556","ICN","23 Nov 1977",327,"",327,"http://biocol.org/urn:lsid:biocol.org:col:15556","Forest on terra firme.","","","",NA,"",NA,"",14284,"2013-09-27","Georeferencing Quick Reference Guide, Version 2012","Google Maps (map data 2013), Manis Georef. Calculator","","","","",NA,"","","","ParÃ¡","brazil",NA,"",NA,NA,NA,"","","Pará",-53.0625366,-3.972184,"Pará","pa",-5.3488,-55.912074,"original coordinates","original coordinates outside municipality original in  falls in trairao"
"43","Guatteria macropus",1931026305,-15.41,-39.49,"gass84","d415c253-4d61-4459-9d25-4015b9084fb0","ae447c50-b8a8-11d8-92a4-b8a03c50a862","none","17017c2c-036b-45d9-b045-606d21b00771","US","DWC_ARCHIVE","2018-11-18T16:24:00.622+0000","2018-11-18T16:24:00.742+0000",96,"none","PRESERVED_SPECIMEN",3155715,6,7707728,220,718,9291,3155604,3155715,3155715,"Guatteria macropus Mart.","Guatteria macropus Mart.","Plantae","Tracheophyta","Magnoliales","Annonaceae","Guatteria","Guatteria macropus","Guatteria","macropus","SPECIES","ACCEPTED","1988-01-01T00:00:00",0,"Bahia",1971,1,19,"1971-01-19T00:00:00","","2018-12-08T04:57:49.978+0000","http://creativecommons.org/publicdomain/zero/1.0/legalcode","none","none","none","WGS84","Magnoliopsida","BR","Brazil","sheet","e67b6005-e20e-4dca-9c69-0c6175e6a2ee","T. S. dos Santos","395677","NY",NA,"NY","",1931026305,"e67b6005-e20e-4dca-9c69-0c6175e6a2ee","D. M. Johnson","The New York Botanical Garden","1347","Vascular plants","","Camaca, estrada a Pau Brasil","PhysicalObject","","","","SOUTH_AMERICA","en","",0,"http://sweetgum.nybg.org/science/vh/specimen_details.php?irn=318329","http://biocol.org/urn:lsid:biocol.org:col:15556","ICN","19 Jan 1971",19,"Camacan",19,"http://biocol.org/urn:lsid:biocol.org:col:15556","","","","",NA,"",NA,"",NA,"","Other source","IBGE (Instituto Brasileiro de Geografia e EstatÃ­stica)","","","","",NA,"","","","Bahia","brazil",NA,"",NA,NA,NA,"","","Bahia",-41.72018023,-12.47295682,"Bahia","ba",-15.41,-39.49,"original coordinates","original coordinates outside municipality original in  falls in camacan"
"44","Guatteria macropus",1055755689,-10.773109,-53.08982,"gass84","7e380070-f762-11e1-a439-00145eb45e9a","19456090-b49a-11d8-abeb-b8a03c50a862","none","60277b56-f762-11e1-a439-00145eb45e9a","GB","DWC_ARCHIVE","2018-12-05T05:47:00.352+0000","2018-12-05T05:47:00.438+0000",100,"none","PRESERVED_SPECIMEN",3155715,6,7707728,220,718,9291,3155604,3155715,3155715,"Guatteria macropus Mart.","Guatteria macropus Mart.","Plantae","Tracheophyta","Magnoliales","Annonaceae","Guatteria","Guatteria macropus","Guatteria","macropus","SPECIES","ACCEPTED","none",NA,"",1841,NA,NA,"1841-01-01T00:00:00","2018-03-12T00:00:00.000+0000","2018-12-07T11:49:59.415+0000","http://creativecommons.org/publicdomain/zero/1.0/legalcode","none","none","none","WGS84","Magnoliopsida","BR","Brazil","","4974912","K F. von Martius","BM000546426","NHMUK",712,"BOT","",1055755689,"a2ea5954-5b3e-4b72-9a4f-7c7f8837be06","","","712","","","","","NHMUK:ecatalogue:4974912","","","SOUTH_AMERICA","","",NA,"","","","",NA,"",NA,"","","","","Annonaceae",NA,"",NA,"",NA,"","","","ISOTYPE","South America; Brazil","{""determinationfiledas"": [""Yes"", ""No""], ""gbifissue"": [""COORDINATE_ROUNDED;GEODETIC_DATUM_ASSUMED_WGS84""], ""created"": ""2007-09-27"", ""gbifid"": 1055755689, ""project"": ""GPI Georeferencing"", ""determinationnames"": [""Annonaceae"", ""Guatteria macropus Mart""], ""geom"": ""-10.773109,-53.089820"", ""subdepartment"": ""Flowering Plants"", ""imagecategory"": [""Specimen""]}","",NA,"","","","","brazil",NA,"",NA,NA,NA,"","","",NA,NA,NA,"",-10.773109,-53.08982,"original coordinates","original coordinates outside municipality original in  falls in sao jose do xingu"
"45","Guatteria macropus",1144686349,-10.77306,-53.08972,"gass84,rdativ","f577c9f3-ae71-4278-b6bf-512ba1dfaa21","43a26bbf-466a-4335-96cc-01d0656c614a","none","6040a0d6-f762-11e1-a439-00145eb45e9a","CH","BIOCASE","2018-12-11T22:49:28.073+0000","2016-02-23T13:23:19.666+0000",43,"none","PRESERVED_SPECIMEN",3155715,6,7707728,220,718,9291,3155604,3155715,3155715,"Guatteria macropus Mart.","Guatteria macropus Mart.","Plantae","Tracheophyta","Magnoliales","Annonaceae","Guatteria","Guatteria macropus","Guatteria","macropus","SPECIES","ACCEPTED","none",NA,"",NA,NA,NA,"none","","2018-12-06T21:54:40.515+0000","http://creativecommons.org/licenses/by-nc/4.0/legalcode","none","none","none","WGS84","Magnoliopsida","BR","Brazil","","","Martius, C. F. P. (Coll. Moricand)","G-G-195314/1","G",NA,"Geneva Herbarium – General Collection (G)","",1144686349,"","","","","","","Brésil","","","","","","","",NA,"","","","",NA,"",NA,"","","","","",NA,"",NA,"",NA,"","","","ISOTYPE","","","Guatteria macropus Mart.",NA,"","","","","brazil",NA,"",NA,NA,NA,"","","",NA,NA,NA,"",-10.77306,-53.08972,"original coordinates","original coordinates outside municipality original in  falls in sao jose do xingu"
"46","Guatteria macropus",1228600222,-10.8339,-52.8731,"gass84","90c853e6-56bd-480b-8e8f-6285c3f8d42b","7b8aff00-a9f8-11d8-944b-b8a03c50a862","none","3b84ff5b-79ce-427c-acb7-b4004e160f66","US","DWC_ARCHIVE","2018-11-22T21:37:50.078+0000","2018-11-22T21:37:50.223+0000",97,"none","PRESERVED_SPECIMEN",3155715,6,7707728,220,718,9291,3155604,3155715,3155715,"Guatteria macropus Mart.","Guatteria macropus Mart.","Plantae","Tracheophyta","Magnoliales","Annonaceae","Guatteria","Guatteria macropus","Guatteria","macropus","SPECIES","ACCEPTED","none",NA,"",NA,NA,NA,"none","","2018-12-06T15:29:57.668+0000","http://creativecommons.org/publicdomain/zero/1.0/legalcode","none","none","none","WGS84","Magnoliopsida","BR","Brazil","","c0492700-b482-4e64-8bed-ee9a81fbb34d","C. F. P. Martius","V0047826F","F",NA,"Botany","",1228600222,"c0492700-b482-4e64-8bed-ee9a81fbb34d","","The Field Museum of Natural History","712","vTypes","","","PhysicalObject","","","","SOUTH_AMERICA","en","F",NA,"","F","ICBN","",NA,"",NA,"Botany","","","","Plantae Spermatophyta Dicotyledoneae Annonaceae",NA,"",NA,"",NA,"","","","ISOTYPE","South America, BRAZIL","","",329432,"seeds-20-nov-2018","http://fieldmuseum.org/about/copyright-information","","","brazil",NA,"",NA,NA,NA,"","","",NA,NA,NA,"",-10.8339,-52.8731,"original coordinates","original coordinates outside municipality original in  falls in sao jose do xingu"
"47","Guatteria macropus",1094924770,-12.166667,-37.966667,"gass84","2e684fd6-09e2-4661-910a-0a188b610c04","60545be9-4f28-4245-b4b4-07635c8dfa54","none","b38ff2b7-c8af-454e-b5af-ee760f0d5bca","BR","DWC_ARCHIVE","2018-11-14T17:19:53.175+0000","2018-09-10T18:27:38.036+0000",124,"none","PRESERVED_SPECIMEN",3155715,6,7707728,220,718,9291,3155604,3155715,3155715,"Guatteria macropus Mart.","Guatteria macropus Mart.","Plantae","Tracheophyta","Magnoliales","Annonaceae","Guatteria","Guatteria macropus","Guatteria","macropus","SPECIES","ACCEPTED","none",150,"Bahia",NA,NA,NA,"none","","2018-09-10T18:28:05.047+0000","http://creativecommons.org/licenses/by-nc/4.0/legalcode","none","none","none","WGS84","Magnoliopsida","BR","Brazil","","BRA:UEFS:HUEFS:0000208160","Popovkin, A.V.","208160","UEFS",NA,"HUEFS","",1094924770,"BRA:UEFS:HUEFS:0000208160","","HUEFS - Herbario da Universidade Estadual de Feira de Santana","1656","HUEFS - Herbario da Universidade Estadual de Feira de Santana","Entre Rios","Algodão.","Collection","","","","","pt","Universidade Estadual de Feira de Santana (UEFS)",0,"","","","",NA,"",NA,"","","","","",NA,"",NA,"",NA,"","","","","","","",NA,"","","Entre Rios","Bahia","brazil",3584,"Entre Rios",2910503,-38.042945,-12.073204,"BAHIA","BA","Bahia",-41.72018023,-12.47295682,"Bahia","ba",-12.166667,-37.966667,"original coordinates","original coordinates OK"
