"","name","key","decimalLatitude","decimalLongitude","issues","datasetKey","publishingOrgKey","networkKeys","installationKey","publishingCountry","protocol","lastCrawled","lastParsed","crawlId","extensions","basisOfRecord","taxonKey","kingdomKey","phylumKey","classKey","orderKey","familyKey","genusKey","speciesKey","acceptedTaxonKey","scientificName","acceptedScientificName","kingdom","phylum","order","family","genus","species","genericName","specificEpithet","taxonRank","taxonomicStatus","dateIdentified","elevation","elevationAccuracy","stateProvince.original","year","month","day","eventDate","modified","lastInterpreted","license","identifiers","facts","relations","geodeticDatum","class","countryCode","country.original","rightsHolder","identifier","recordNumber","datasetName","municipality.original","locality","language","collectionCode","gbifID","occurrenceID","type","recordedBy","catalogNumber","institutionCode","ownerInstitutionCode","occurrenceRemarks","identifiedBy","continent","otherCatalogNumbers","fieldNotes","individualCount","nomenclaturalStatus","nomenclaturalCode","county","taxonID","bibliographicCitation","collectionID","institutionID","higherGeography","organismID","datasetID","accessRights","higherClassification","typeStatus","municipality","stateProvince","country","FID","NOME","GEOCODIGO","POINT_X","POINT_Y","NOMEUF","SIGLAUF","estados_shp","x_estado","y_estado","nome","sigla","new_Lat","new_Lon","notes","comments"
"1","Annona rugulosa",1676469257,-26.913056,-49.278889,"cdround,gass84","b9a43c60-d2b6-445c-9362-2db65465c963","34e6e625-47cf-4d42-8054-af0c2f1b6e64","none","b38ff2b7-c8af-454e-b5af-ee760f0d5bca","BR","DWC_ARCHIVE","2018-11-23T15:39:27.164+0000","2018-10-24T15:38:19.014+0000",121,"none","PRESERVED_SPECIMEN",5541600,6,7707728,220,718,9291,3155252,5541600,5541600,"Annona rugulosa (Schltdl.) H.Rainer","Annona rugulosa (Schltdl.) H.Rainer","Plantae","Tracheophyta","Magnoliales","Annonaceae","Annona","Annona rugulosa","Annona","rugulosa","SPECIES","ACCEPTED","2017-10-06T00:00:00",76,0,"Santa Catarina",2017,8,28,"2017-08-28T00:00:00","2018-10-11T17:15:08.000+0000","2018-12-10T07:36:48.144+0000","http://creativecommons.org/licenses/by-nc/4.0/legalcode","none","none","none","WGS84","Magnoliopsida","BR","Brazil","FURB - Herbário Dr. Roberto Miguel Klein","BRA:FURB:FURB:0000055187","6530","FURB - Herbário Dr. Roberto Miguel Klein","Indaial","Rio Morto, Margem da BR-470.","pt","FURB",1676469257,"BRA:FURB:FURB:0000055187","Collection","Funez, L.A.",55187,"Universidade Regional de Blumenau, FURB","Universidade Regional de Blumenau, FURB","Flores amareladas","Funez, L.A.","",NA,NA,NA,NA,"",NA,NA,NA,"",NA,"",NA,"","","","","Indaial","Santa Catarina","brazil",665,"Indaial",4207502,-49.224868,-26.994453,"SANTA CATARINA","SC","Santa Catarina",-50.48226937,-27.24592878,"Santa Catarina","sc",-26.913056,-49.278889,"original coordinates","original coordinates OK"
"2","Annona rugulosa",1801188739,-22.6825,-45.453056,"gass84","16ed67e5-fd70-4fd4-85c3-70ea2da627fe","52603cfd-d564-4e89-a466-5e71813677be","none","b38ff2b7-c8af-454e-b5af-ee760f0d5bca","BR","DWC_ARCHIVE","2018-11-24T08:57:00.549+0000","2018-11-24T08:57:00.592+0000",126,"none","PRESERVED_SPECIMEN",5541600,6,7707728,220,718,9291,3155252,5541600,5541600,"Annona rugulosa (Schltdl.) H.Rainer","Annona rugulosa (Schltdl.) H.Rainer","Plantae","Tracheophyta","Magnoliales","Annonaceae","Annona","Annona rugulosa","Annona","rugulosa","SPECIES","ACCEPTED","2016-08-30T00:00:00",1467,0,"São Paulo",2016,8,30,"2016-08-30T00:00:00","2018-11-05T15:55:54.000+0000","2018-12-08T01:46:36.353+0000","http://creativecommons.org/licenses/by-nc/4.0/legalcode","none","none","none","WGS84","Magnoliopsida","BR","Brazil","SPSF - Herbário Dom Bento José Pickel","BRA:IF:SPSF:0000052019","6810a","SPSF - Herbário Dom Bento José Pickel","Campos do Jordão","P.E. de Campos do Jordão","pt","SPSF",1801188739,"BRA:IF:SPSF:0000052019","Collection","N.M.Ivanauskas & R.Esteves",52019,"IF","Instituto Florestal, IF","COLETA: Árvore de 5 m de altura e 15,5 cm de perímetro à altura do peito. Indivíduo 1636 da fitossociologia. Material infertil.; GEOGRAFIA: Trilha do córrego Galharada, parcela de fitossociologia. Floresta Ombrófila Mista.(WGS84, Zona 23K).;","N.M.Ivanauskas","SOUTH_AMERICA",NA,NA,NA,NA,"",NA,NA,NA,"",NA,"",NA,"","","","","Campos do Jordão","São Paulo","brazil",1455,"Campos do Jordão",3509700,-45.532846,-22.701675,"SAO PAULO","SP","São Paulo",-48.72944932,-22.26440593,"São Paulo","sp",-22.6825,-45.453056,"original coordinates","original coordinates OK"
"3","Annona rugulosa",1676475221,-26.0052,-49.7566,"gass84","767bddaa-9e6a-4eb1-bd12-f94a2b39a7d6","f6e2efc9-42a3-47ea-99c6-3eda8d653cc9","none","b38ff2b7-c8af-454e-b5af-ee760f0d5bca","BR","DWC_ARCHIVE","2018-11-24T12:35:24.202+0000","2018-11-24T12:35:24.246+0000",123,"none","PRESERVED_SPECIMEN",5541600,6,7707728,220,718,9291,3155252,5541600,5541600,"Annona rugulosa (Schltdl.) H.Rainer","Annona rugulosa (Schltdl.) H.Rainer","Plantae","Tracheophyta","Magnoliales","Annonaceae","Annona","Annona rugulosa","Annona","rugulosa","SPECIES","ACCEPTED","2016-10-26T00:00:00",858,0,"Paraná",2016,10,20,"2016-10-20T00:00:00","2018-11-19T18:52:13.000+0000","2018-12-10T07:36:51.404+0000","http://creativecommons.org/licenses/by-nc/4.0/legalcode","none","none","none","WGS84","Magnoliopsida","BR","Brazil","EFC - Herbário Escola de Florestas Curitiba","BRA:UFPR:EFC:0000015833","3","EFC - Herbário Escola de Florestas Curitiba","Campo do Tenente","Reserva legal de propriedade particular","pt","EFC",1676475221,"BRA:UFPR:EFC:0000015833","Collection","Costa Filho, S.V.S. da",15833,"Universidade Federal do Paraná, UFPR","Universidade Federal do Paraná, UFPR","Borda de Floresta Ombrófila Mista no estágio intermediário da sucessão. Floresta Ombrófila Mista Montana __COMMOM_NAME__: araticum","Costa Filho, S. V. S. da","",NA,NA,NA,NA,"",NA,NA,NA,"",NA,"",NA,"","","","","Campo do Tenente","Paraná","brazil",822,"Campo do Tenente",4104105,-49.657055,-25.977625,"PARANA","PR","Paraná",-51.61693027,-24.63581955,"Paraná","pr",-26.0052,-49.7566,"original coordinates","original coordinates OK"
"4","Annona rugulosa",1944850797,-27.869056,-51.174389,"gass84,iddatunl","52b78a58-c84a-4370-bb14-b27a007d5da6","7cf67ac2-f2f2-42bd-92e4-c2eac0b21039","none","b38ff2b7-c8af-454e-b5af-ee760f0d5bca","BR","DWC_ARCHIVE","2018-11-23T15:39:08.846+0000","2018-11-23T15:39:08.873+0000",128,"none","PRESERVED_SPECIMEN",5541600,6,7707728,220,718,9291,3155252,5541600,5541600,"Annona rugulosa (Schltdl.) H.Rainer","Annona rugulosa (Schltdl.) H.Rainer","Plantae","Tracheophyta","Magnoliales","Annonaceae","Annona","Annona rugulosa","Annona","rugulosa","SPECIES","ACCEPTED","2018-09-01T00:00:00",903,0,"Rio Grande do Sul",2015,2,3,"2015-02-03T00:00:00","","2018-11-23T15:39:08.934+0000","http://creativecommons.org/licenses/by-nc/4.0/legalcode","none","none","none","WGS84","Magnoliopsida","BR","Brazil","HUCS - Herbário da Universidade de Caxias do Sul","BRA:UCS:HUCS:0000048644","1667","HUCS - Herbário da Universidade de Caxias do Sul","Pinhal da Serra","Estrada Arroio","pt","HUCS",1944850797,"BRA:UCS:HUCS:0000048644","Collection","Gonzatti, F.",48644,"UCS","Universidade de Caxias do Sul (UCS)","Arvoreta em bordo de mata","Gonzatti, F.","",NA,NA,NA,NA,"",NA,NA,NA,"",NA,"",NA,"","","","","Pinhal da Serra","Rio Grande do Sul","brazil",450,"Pinhal da Serra",4314464,-51.21954,-27.85262,"RIO GRANDE DO SUL","RS","Rio Grande do Sul",-53.24495754,-29.78635099,"Rio Grande do Sul","rs",-27.869056,-51.174389,"original coordinates","original coordinates OK"
"5","Annona rugulosa",1499619851,-25.4475,-49.015556,"gass84","52b78a58-c84a-4370-bb14-b27a007d5da6","7cf67ac2-f2f2-42bd-92e4-c2eac0b21039","none","b38ff2b7-c8af-454e-b5af-ee760f0d5bca","BR","DWC_ARCHIVE","2018-11-23T15:39:06.855+0000","2018-08-03T12:02:31.735+0000",128,"none","PRESERVED_SPECIMEN",5541600,6,7707728,220,718,9291,3155252,5541600,5541600,"Annona rugulosa (Schltdl.) H.Rainer","Annona rugulosa (Schltdl.) H.Rainer","Plantae","Tracheophyta","Magnoliales","Annonaceae","Annona","Annona rugulosa","Annona","rugulosa","SPECIES","ACCEPTED","2017-10-20T00:00:00",990,0,"Paraná",2015,9,23,"2015-09-23T00:00:00","2018-07-19T13:01:54.000+0000","2018-12-06T10:30:40.735+0000","http://creativecommons.org/licenses/by-nc/4.0/legalcode","none","none","none","WGS84","Magnoliopsida","BR","Brazil","HUCS - Herbário da Universidade de Caxias do Sul","BRA:UCS:HUCS:0000045619","2034","HUCS - Herbário da Universidade de Caxias do Sul","Piraquara","Recreio da Serra","pt","HUCS",1499619851,"BRA:UCS:HUCS:0000045619","Collection","Brotto, M. .L.",45619,"UCS","Universidade de Caxias do Sul (UCS)","Árvore de 7m de altura; flores verdes.; Transição entre Floresta Ombrófila Mista e Floresta Ombrófila Densa","Záchia, R.","",NA,NA,NA,NA,"",NA,NA,NA,"",NA,"",NA,"","","","","Piraquara","Paraná","brazil",877,"Piraquara",4119509,-49.052069,-25.472754,"PARANA","PR","Paraná",-51.61693027,-24.63581955,"Paraná","pr",-25.4475,-49.015556,"original coordinates","original coordinates OK"
"6","Annona rugulosa",1077422711,-26.766389,-49.884444,"cdround,gass84","b9a43c60-d2b6-445c-9362-2db65465c963","34e6e625-47cf-4d42-8054-af0c2f1b6e64","none","b38ff2b7-c8af-454e-b5af-ee760f0d5bca","BR","DWC_ARCHIVE","2018-11-23T15:39:19.687+0000","2018-10-24T15:38:14.695+0000",121,"none","PRESERVED_SPECIMEN",5541600,6,7707728,220,718,9291,3155252,5541600,5541600,"Annona rugulosa (Schltdl.) H.Rainer","Annona rugulosa (Schltdl.) H.Rainer","Plantae","Tracheophyta","Magnoliales","Annonaceae","Annona","Annona rugulosa","Annona","rugulosa","SPECIES","ACCEPTED","2017-08-31T00:00:00",558,0,"Santa Catarina",2014,2,10,"2014-02-10T00:00:00","2018-10-11T17:15:08.000+0000","2018-12-06T14:18:06.034+0000","http://creativecommons.org/licenses/by-nc/4.0/legalcode","none","none","none","WGS84","Magnoliopsida","BR","Brazil","FURB - Herbário Dr. Roberto Miguel Klein","BRA:FURB:FURB:0000043667","34","FURB - Herbário Dr. Roberto Miguel Klein","Vitor Meireles","Trilha Pedra do Chapéu - ARIE Serra da Abelha.","pt","FURB",1077422711,"BRA:FURB:FURB:0000043667","Collection","Brogni, E.",43667,"Universidade Regional de Blumenau, FURB","Universidade Regional de Blumenau, FURB","","Oliveira, A. A.","",NA,NA,NA,NA,"",NA,NA,NA,"",NA,"",NA,"","","","","Vitor Meireles","Santa Catarina","brazil",706,"Vitor Meireles",4219358,-49.845295,-26.826596,"SANTA CATARINA","SC","Santa Catarina",-50.48226937,-27.24592878,"Santa Catarina","sc",-26.766389,-49.884444,"original coordinates","original coordinates OK"
"7","Annona rugulosa",1086916073,-23.25,-45.883333,"gass84","16ed67e5-fd70-4fd4-85c3-70ea2da627fe","52603cfd-d564-4e89-a466-5e71813677be","none","b38ff2b7-c8af-454e-b5af-ee760f0d5bca","BR","DWC_ARCHIVE","2018-11-24T08:56:58.849+0000","2018-11-24T08:56:58.930+0000",126,"none","PRESERVED_SPECIMEN",5541600,6,7707728,220,718,9291,3155252,5541600,5541600,"Annona rugulosa (Schltdl.) H.Rainer","Annona rugulosa (Schltdl.) H.Rainer","Plantae","Tracheophyta","Magnoliales","Annonaceae","Annona","Annona rugulosa","Annona","rugulosa","SPECIES","ACCEPTED","none",NA,NA,"São Paulo",2013,3,25,"2013-03-25T00:00:00","2018-11-05T15:55:54.000+0000","2018-12-08T13:01:20.158+0000","http://creativecommons.org/licenses/by-nc/4.0/legalcode","none","none","none","WGS84","Magnoliopsida","BR","Brazil","SPSF - Herbário Dom Bento José Pickel","BRA:IF:SPSF:0000047920","213","SPSF - Herbário Dom Bento José Pickel","Campos do Jordão","Fazenda Prana","pt","SPSF",1086916073,"BRA:IF:SPSF:0000047920","Collection","T.E.Barreto",47920,"IF","Instituto Florestal, IF","COLETA: Árvore; GEOGRAFIA: FOD - Altomontana;","","SOUTH_AMERICA",NA,NA,NA,NA,"",NA,NA,NA,"",NA,"",NA,"","","","","Campos do Jordão","São Paulo","brazil",1455,"Campos do Jordão",3509700,-45.532846,-22.701675,"SAO PAULO","SP","São Paulo",-48.72944932,-22.26440593,"São Paulo","sp",-23.25,-45.883333,"original coordinates","original coordinates outside municipality original in campos do jordao falls in sao jose dos campos"
"8","Annona rugulosa",1086604718,-25.4481,-49.2404,"gass84","767bddaa-9e6a-4eb1-bd12-f94a2b39a7d6","f6e2efc9-42a3-47ea-99c6-3eda8d653cc9","none","b38ff2b7-c8af-454e-b5af-ee760f0d5bca","BR","DWC_ARCHIVE","2018-11-24T12:35:20.995+0000","2018-04-05T12:08:10.430+0000",123,"none","PRESERVED_SPECIMEN",5541600,6,7707728,220,718,9291,3155252,5541600,5541600,"Annona rugulosa (Schltdl.) H.Rainer","Annona rugulosa (Schltdl.) H.Rainer","Plantae","Tracheophyta","Magnoliales","Annonaceae","Annona","Annona rugulosa","Annona","rugulosa","SPECIES","ACCEPTED","2013-12-06T00:00:00",920,0,"Paraná",2013,11,8,"2013-11-08T00:00:00","2018-03-23T20:51:23.000+0000","2018-12-06T13:38:19.702+0000","http://creativecommons.org/licenses/by-nc/4.0/legalcode","none","none","none","WGS84","Magnoliopsida","BR","Brazil","EFC - Herbário Escola de Florestas Curitiba","BRA:UFPR:EFC:0000011862","","EFC - Herbário Escola de Florestas Curitiba","Curitiba","Capão do Cifloma","pt","EFC",1086604718,"BRA:UFPR:EFC:0000011862","Collection","Bizarro, O.M.R.",11862,"Universidade Federal do Paraná, UFPR","Universidade Federal do Paraná, UFPR","Árvore com 6m. Fruto verde-amarelado.","Blum, C.T.","",NA,NA,NA,NA,"",NA,NA,NA,"",NA,"",NA,"","","","","Curitiba","Paraná","brazil",875,"Curitiba",4106902,-49.288236,-25.478163,"PARANA","PR","Paraná",-51.61693027,-24.63581955,"Paraná","pr",-25.4481,-49.2404,"original coordinates","original coordinates OK"
"9","Annona rugulosa",1077422142,-26.929722,-49.348611,"cdround,gass84","b9a43c60-d2b6-445c-9362-2db65465c963","34e6e625-47cf-4d42-8054-af0c2f1b6e64","none","b38ff2b7-c8af-454e-b5af-ee760f0d5bca","BR","DWC_ARCHIVE","2018-11-23T15:39:19.376+0000","2018-10-24T15:38:14.472+0000",121,"none","PRESERVED_SPECIMEN",5541600,6,7707728,220,718,9291,3155252,5541600,5541600,"Annona rugulosa (Schltdl.) H.Rainer","Annona rugulosa (Schltdl.) H.Rainer","Plantae","Tracheophyta","Magnoliales","Annonaceae","Annona","Annona rugulosa","Annona","rugulosa","SPECIES","ACCEPTED","2017-08-31T00:00:00",381,0,"Santa Catarina",2013,12,12,"2013-12-12T00:00:00","2018-10-11T17:15:08.000+0000","2018-12-06T14:18:05.726+0000","http://creativecommons.org/licenses/by-nc/4.0/legalcode","none","none","none","WGS84","Magnoliopsida","BR","Brazil","FURB - Herbário Dr. Roberto Miguel Klein","BRA:FURB:FURB:0000043083","2452","FURB - Herbário Dr. Roberto Miguel Klein","Rodeio","Pico.","pt","FURB",1077422142,"BRA:FURB:FURB:0000043083","Collection","Funez, L.A.",43083,"Universidade Regional de Blumenau, FURB","Universidade Regional de Blumenau, FURB","","Oliveira, A. A.","",NA,NA,NA,NA,"",NA,NA,NA,"",NA,"",NA,"","","","","Rodeio","Santa Catarina","brazil",688,"Rodeio",4215109,-49.351857,-26.89489,"SANTA CATARINA","SC","Santa Catarina",-50.48226937,-27.24592878,"Santa Catarina","sc",-26.929722,-49.348611,"original coordinates","original coordinates OK"
"10","Annona rugulosa",1095632288,-24.111389,-50.723333,"gass84","3b8e9d83-b2d4-4a97-973c-31d98b67b1e9","ab5c0b99-5af3-4958-b03c-0b7e85481cc1","none","b38ff2b7-c8af-454e-b5af-ee760f0d5bca","BR","DWC_ARCHIVE","2018-12-03T15:24:31.266+0000","2018-06-04T19:36:07.579+0000",118,"none","PRESERVED_SPECIMEN",3158564,6,7707728,220,718,9291,3155252,5541600,5541600,"Rollinia rugulosa Schltdl.","Annona rugulosa (Schltdl.) H.Rainer","Plantae","Tracheophyta","Magnoliales","Annonaceae","Annona","Annona rugulosa","Rollinia","rugulosa","SPECIES","SYNONYM","none",635,115,"Paraná",2012,1,25,"2012-01-25T00:00:00","","2018-07-07T12:45:08.261+0000","http://creativecommons.org/licenses/by-nc/4.0/legalcode","none","none","none","WGS84","Magnoliopsida","BR","Brazil","MBM - Herbário do Museu Botânico Municipal","BRA:MBM:MBM:0000387466","15","MBM - Herbário do Museu Botânico Municipal","Ortigueira","UHE Mauá","pt","MBM",1095632288,"BRA:MBM:MBM:0000387466","Collection","Perret, L",387466,"MBM","Museu Botânico Municipal de Curitiba, MBM","","Selusniaki, M","SOUTH_AMERICA",NA,NA,NA,NA,"",NA,NA,NA,"",NA,"",NA,"","","","","Ortigueira","Paraná","brazil",1029,"Ortigueira",4117305,-50.946979,-24.135193,"PARANA","PR","Paraná",-51.61693027,-24.63581955,"Paraná","pr",-24.111389,-50.723333,"original coordinates","original coordinates OK"
"11","Annona rugulosa",1086678929,-25.834722,-49.0775,"gass84","a51fa32f-831d-49d6-8b8a-c7b52ae65b3b","f6e2efc9-42a3-47ea-99c6-3eda8d653cc9","none","b38ff2b7-c8af-454e-b5af-ee760f0d5bca","BR","DWC_ARCHIVE","2018-11-23T15:40:48.884+0000","2017-12-29T14:11:28.753+0000",125,"none","PRESERVED_SPECIMEN",5541600,6,7707728,220,718,9291,3155252,5541600,5541600,"Annona rugulosa (Schltdl.) H.Rainer","Annona rugulosa (Schltdl.) H.Rainer","Plantae","Tracheophyta","Magnoliales","Annonaceae","Annona","Annona rugulosa","Annona","rugulosa","SPECIES","ACCEPTED","2011-02-20T00:00:00",890,0,"Paraná",2011,2,20,"2011-02-20T00:00:00","2017-11-30T17:10:03.000+0000","2018-12-06T13:38:54.172+0000","http://creativecommons.org/licenses/by-nc/4.0/legalcode","none","none","none","WGS84","Magnoliopsida","BR","Brazil","UPCB - Herbário do Departamento de Botânica","BRA:UFPR:UPCB:0000074117","11-026","UPCB - Herbário do Departamento de Botânica","Tijucas do Sul","Remanescentes florestais marginais à represa de Vossoroca","pt","UPCB",1086678929,"BRA:UFPR:UPCB:0000074117","Collection","Blum, C.T.",74117,"UFPR","Universidade Federal do Paraná, UFPR","Árvore 8 m, frutos verdes. UPCB-DNA N° 1994.","Blum, C.T.","",NA,NA,NA,NA,"",NA,NA,NA,"",NA,"",NA,"","","","","Tijucas do Sul","Paraná","brazil",830,"Tijucas do Sul",4127601,-49.112272,-25.901697,"PARANA","PR","Paraná",-51.61693027,-24.63581955,"Paraná","pr",-25.834722,-49.0775,"original coordinates","original coordinates OK"
"12","Annona rugulosa",1944850532,-28.976389,-51.067194,"gass84,iddatunl","52b78a58-c84a-4370-bb14-b27a007d5da6","7cf67ac2-f2f2-42bd-92e4-c2eac0b21039","none","b38ff2b7-c8af-454e-b5af-ee760f0d5bca","BR","DWC_ARCHIVE","2018-11-23T15:39:01.818+0000","2018-11-23T15:39:01.843+0000",128,"none","PRESERVED_SPECIMEN",5541600,6,7707728,220,718,9291,3155252,5541600,5541600,"Annona rugulosa (Schltdl.) H.Rainer","Annona rugulosa (Schltdl.) H.Rainer","Plantae","Tracheophyta","Magnoliales","Annonaceae","Annona","Annona rugulosa","Annona","rugulosa","SPECIES","ACCEPTED","2018-09-01T00:00:00",761,0,"Rio Grande do Sul",2010,11,30,"2010-11-30T00:00:00","","2018-11-23T15:39:01.873+0000","http://creativecommons.org/licenses/by-nc/4.0/legalcode","none","none","none","WGS84","Magnoliopsida","BR","Brazil","HUCS - Herbário da Universidade de Caxias do Sul","BRA:UCS:HUCS:0000036655","68","HUCS - Herbário da Universidade de Caxias do Sul","São Marcos","Bairro Centro","pt","HUCS",1944850532,"BRA:UCS:HUCS:0000036655","Collection","Rizzon, E.",36655,"UCS","Universidade de Caxias do Sul (UCS)","junto ao caminho","Gonzatti, F.","",NA,NA,NA,NA,"",NA,NA,NA,"",NA,"",NA,"","","","","São Marcos","Rio Grande do Sul","brazil",260,"São Marcos",4319000,-51.064909,-28.962815,"RIO GRANDE DO SUL","RS","Rio Grande do Sul",-53.24495754,-29.78635099,"Rio Grande do Sul","rs",-28.976389,-51.067194,"original coordinates","original coordinates OK"
"13","Annona rugulosa",1089278045,-23.339967,-51.866019,"gass84","08a179fe-9cd1-4d33-afef-266dd55c59cf","6cfcf69e-9ec1-48e1-be34-5201bdb63bd7","none","b38ff2b7-c8af-454e-b5af-ee760f0d5bca","BR","DWC_ARCHIVE","2018-11-23T15:39:43.591+0000","2017-12-29T14:22:48.738+0000",131,"none","PRESERVED_SPECIMEN",5541600,6,7707728,220,718,9291,3155252,5541600,5541600,"Annona rugulosa (Schltdl.) H.Rainer","Annona rugulosa (Schltdl.) H.Rainer","Plantae","Tracheophyta","Magnoliales","Annonaceae","Annona","Annona rugulosa","Annona","rugulosa","SPECIES","ACCEPTED","2014-07-01T00:00:00",517,0,"Paraná",2010,11,7,"2010-11-07T00:00:00","2016-07-01T20:33:47.000+0000","2018-12-08T04:39:38.045+0000","http://creativecommons.org/licenses/by-nc/4.0/legalcode","none","none","none","WGS84","Magnoliopsida","BR","Brazil","HUEM - Herbário UEM","BRA:UEM:HUEM:0000022967","411","HUEM - Herbário UEM","Maringá","fazenda do CESUMAR, cabeceira da mata","pt","HUEM",1089278045,"BRA:UEM:HUEM:0000022967","Collection","L.M.Garcia",22967,"UEM","Universidade Estadual de Maringá, UEM","Arbórea, 15m; flores de coloração amarelo claro.; Floresta Estacional Semidecidual.","M.G. Caxambu","",NA,NA,NA,NA,"",NA,NA,NA,"",NA,"",NA,"","","","","Maringá","Paraná","brazil",1212,"Maringá",4115200,-51.967566,-23.400537,"PARANA","PR","Paraná",-51.61693027,-24.63581955,"Paraná","pr",-23.339967,-51.866019,"original coordinates","original coordinates OK"
"14","Annona rugulosa",1077505118,-26.818056,-51.4825,"gass84","52b78a58-c84a-4370-bb14-b27a007d5da6","7cf67ac2-f2f2-42bd-92e4-c2eac0b21039","none","b38ff2b7-c8af-454e-b5af-ee760f0d5bca","BR","DWC_ARCHIVE","2018-11-23T15:39:03.378+0000","2018-08-03T12:02:29.395+0000",128,"none","PRESERVED_SPECIMEN",5541600,6,7707728,220,718,9291,3155252,5541600,5541600,"Annona rugulosa (Schltdl.) H.Rainer","Annona rugulosa (Schltdl.) H.Rainer","Plantae","Tracheophyta","Magnoliales","Annonaceae","Annona","Annona rugulosa","Annona","rugulosa","SPECIES","ACCEPTED","2017-10-20T00:00:00",NA,NA,"Santa Catarina",2009,3,25,"2009-03-25T00:00:00","2018-07-19T13:01:53.000+0000","2018-12-09T10:54:14.563+0000","http://creativecommons.org/licenses/by-nc/4.0/legalcode","none","none","none","WGS84","Magnoliopsida","BR","Brazil","HUCS - Herbário da Universidade de Caxias do Sul","BRA:UCS:HUCS:0000039455","571","HUCS - Herbário da Universidade de Caxias do Sul","Hereiliópolis","Água Doce","pt","HUCS",1077505118,"BRA:UCS:HUCS:0000039455","Collection","Stival-Santos, A.; Silveira, S.",39455,"UCS","Universidade de Caxias do Sul (UCS)","Herbário FURB 13319&nf;; floresta ombrófila mista","Záchia, R.","",NA,NA,NA,NA,"",NA,NA,NA,"",NA,"",NA,"","","","","Hereiliópolis","Santa Catarina","brazil",NA,"",NA,NA,NA,"","","Santa Catarina",-50.48226937,-27.24592878,"Santa Catarina","sc",-26.818056,-51.4825,"original coordinates","original coordinates outside municipality original in hereiliopolis falls in agua doce"
"15","Annona rugulosa",1090156832,-25.332333,-49.22275,"gass84","df761c30-988d-4ff8-b7d4-b24ff51c0c8d","a22bfc81-4a56-411f-9a83-860e28e22374","none","b38ff2b7-c8af-454e-b5af-ee760f0d5bca","BR","DWC_ARCHIVE","2018-11-23T15:39:53.642+0000","2017-12-29T14:17:32.921+0000",134,"none","PRESERVED_SPECIMEN",3158564,6,7707728,220,718,9291,3155252,5541600,5541600,"Rollinia rugulosa Schltdl.","Annona rugulosa (Schltdl.) H.Rainer","Plantae","Tracheophyta","Magnoliales","Annonaceae","Annona","Annona rugulosa","Rollinia","rugulosa","SPECIES","SYNONYM","2010-01-01T00:00:00",9999,0,"Paraná",2009,10,3,"2009-10-03T00:00:00","2014-04-04T21:26:06.000+0000","2018-12-08T04:39:59.973+0000","http://creativecommons.org/licenses/by-nc/4.0/legalcode","none","none","none","WGS84","Magnoliopsida","BR","Brazil","IRAI - Herbário do Parque da Ciência Newton Freire Maia","BRA:PNFM:IRAI:0000001156","247","IRAI - Herbário do Parque da Ciência Newton Freire Maia","Colombo","Casa do Rony, Jardim Mediterrâneo","pt","IRAI",1090156832,"BRA:PNFM:IRAI:0000001156","Collection","Ristow, R.",1156,"PNFM","Parque da Ciência Newton Freire Maia (PNFM)","Árvore, 5 m, cultivada. Área urbana","Cordeiro, J.; Martin, V.C.","",NA,NA,NA,NA,"",NA,NA,NA,"",NA,"",NA,"","","","","Colombo","Paraná","brazil",895,"Colombo",4105805,-49.187997,-25.306242,"PARANA","PR","Paraná",-51.61693027,-24.63581955,"Paraná","pr",-25.332333,-49.22275,"original coordinates","original coordinates OK"
"16","Annona rugulosa",1077505088,-27.116111,-49.179722,"gass84","52b78a58-c84a-4370-bb14-b27a007d5da6","7cf67ac2-f2f2-42bd-92e4-c2eac0b21039","none","b38ff2b7-c8af-454e-b5af-ee760f0d5bca","BR","DWC_ARCHIVE","2018-11-23T15:39:03.394+0000","2018-08-03T12:02:29.390+0000",128,"none","PRESERVED_SPECIMEN",5541600,6,7707728,220,718,9291,3155252,5541600,5541600,"Annona rugulosa (Schltdl.) H.Rainer","Annona rugulosa (Schltdl.) H.Rainer","Plantae","Tracheophyta","Magnoliales","Annonaceae","Annona","Annona rugulosa","Annona","rugulosa","SPECIES","ACCEPTED","2017-10-20T00:00:00",NA,NA,"Santa Catarina",2009,10,25,"2009-10-25T00:00:00","2018-07-19T13:01:53.000+0000","2018-12-09T10:54:14.542+0000","http://creativecommons.org/licenses/by-nc/4.0/legalcode","none","none","none","WGS84","Magnoliopsida","BR","Brazil","HUCS - Herbário da Universidade de Caxias do Sul","BRA:UCS:HUCS:0000039454","1302","HUCS - Herbário da Universidade de Caxias do Sul","Indaial","Faxinal do Bepe - Parque Nacional da Serra do Itajaí","pt","HUCS",1077505088,"BRA:UCS:HUCS:0000039454","Collection","Stival-Santos, A.; Gasper, A. .L.",39454,"UCS","Universidade de Caxias do Sul (UCS)","Herbário FURB 16231&nf;; beira da estrada","Záchia, R.","",NA,NA,NA,NA,"",NA,NA,NA,"",NA,"",NA,"","","","","Indaial","Santa Catarina","brazil",665,"Indaial",4207502,-49.224868,-26.994453,"SANTA CATARINA","SC","Santa Catarina",-50.48226937,-27.24592878,"Santa Catarina","sc",-27.116111,-49.179722,"original coordinates","original coordinates OK"
"17","Annona rugulosa",1086910810,-22.791944,-44.343611,"gass84","16ed67e5-fd70-4fd4-85c3-70ea2da627fe","52603cfd-d564-4e89-a466-5e71813677be","none","b38ff2b7-c8af-454e-b5af-ee760f0d5bca","BR","DWC_ARCHIVE","2018-11-24T08:56:56.393+0000","2018-11-24T08:56:56.437+0000",126,"none","PRESERVED_SPECIMEN",5541600,6,7707728,220,718,9291,3155252,5541600,5541600,"Annona rugulosa (Schltdl.) H.Rainer","Annona rugulosa (Schltdl.) H.Rainer","Plantae","Tracheophyta","Magnoliales","Annonaceae","Annona","Annona rugulosa","Annona","rugulosa","SPECIES","ACCEPTED","2008-05-30T00:00:00",1115,0,"São Paulo",2008,3,28,"2008-03-28T00:00:00","2018-11-05T15:55:54.000+0000","2018-12-08T13:01:17.657+0000","http://creativecommons.org/licenses/by-nc/4.0/legalcode","none","none","none","WGS84","Magnoliopsida","BR","Brazil","SPSF - Herbário Dom Bento José Pickel","BRA:IF:SPSF:0000042242","572","SPSF - Herbário Dom Bento José Pickel","Bananal","Estação Ecológica de Bananal","pt","SPSF",1086910810,"BRA:IF:SPSF:0000042242","Collection","R.T. Polisel & N.M.Ivanauskas & R.P.S.Lattore & E.Rocha",42242,"IF","Instituto Florestal, IF","COLETA: Arvoreta de 4 m. Frutos imaturos verdes.; GEOGRAFIA: Na porção conhecida como Sertão do Barbosa.;","N.M.Ivanauskas","SOUTH_AMERICA",NA,NA,NA,NA,"",NA,NA,NA,"",NA,"",NA,"","","","","Bananal","São Paulo","brazil",1436,"Bananal",3504909,-44.335027,-22.734453,"SAO PAULO","SP","São Paulo",-48.72944932,-22.26440593,"São Paulo","sp",-22.791944,-44.343611,"original coordinates","original coordinates OK"
"18","Annona rugulosa",1095366256,-27.046389,-50.034167,"gass84","2273e40d-26c2-4959-aea2-b6abcce16d09","04481953-6112-489f-bb8d-9703d787e3ea","none","b38ff2b7-c8af-454e-b5af-ee760f0d5bca","BR","DWC_ARCHIVE","2018-12-03T13:50:25.473+0000","2018-12-03T15:53:00.896+0000",122,"none","PRESERVED_SPECIMEN",5541600,6,7707728,220,718,9291,3155252,5541600,5541600,"Annona rugulosa (Schltdl.) H.Rainer","Annona rugulosa (Schltdl.) H.Rainer","Plantae","Tracheophyta","Magnoliales","Annonaceae","Annona","Annona rugulosa","Annona","rugulosa","SPECIES","ACCEPTED","none",380,0,"Santa Catarina",2008,11,2,"2008-11-02T00:00:00","2018-10-15T19:16:56.000+0000","2018-12-03T15:54:26.566+0000","http://creativecommons.org/licenses/by-nc/4.0/legalcode","none","none","none","WGS84","Magnoliopsida","BR","Brazil","ICN - Herbário do Instituto de Ciências Naturais","BRA:UFRGS:ICN:0000189562","58","ICN - Herbário do Instituto de Ciências Naturais","Taió","Santo Antônio lat. 27°02'47,03""S long. 50°02'03,37""W","pt","ICN",1095366256,"BRA:UFRGS:ICN:0000189562","Collection","Uller, HF",189562,"UFRGS","Universidade Federal do Rio Grande do Sul (UFRGS)","herbário Dr. Roberto Miguel Klein","Sevegnani, L","SOUTH_AMERICA",NA,NA,NA,NA,"",NA,NA,NA,"",NA,"",NA,"","","","","Taió","Santa Catarina","brazil",646,"Taió",4217808,-50.09332,-27.078995,"SANTA CATARINA","SC","Santa Catarina",-50.48226937,-27.24592878,"Santa Catarina","sc",-27.046389,-50.034167,"original coordinates","original coordinates outside municipality original in taio falls in salete"
"19","Annona rugulosa",1090162907,-29.309889,-51.167444,"gass84","df761c30-988d-4ff8-b7d4-b24ff51c0c8d","a22bfc81-4a56-411f-9a83-860e28e22374","none","b38ff2b7-c8af-454e-b5af-ee760f0d5bca","BR","DWC_ARCHIVE","2018-11-23T15:39:58.093+0000","2017-12-29T14:17:35.345+0000",134,"none","PRESERVED_SPECIMEN",5541600,6,7707728,220,718,9291,3155252,5541600,5541600,"Annona rugulosa (Schltdl.) H.Rainer","Annona rugulosa (Schltdl.) H.Rainer","Plantae","Tracheophyta","Magnoliales","Annonaceae","Annona","Annona rugulosa","Annona","rugulosa","SPECIES","ACCEPTED","none",150,0,"Rio Grande do Sul",2008,11,10,"2008-11-10T00:00:00","2014-04-04T21:26:05.000+0000","2018-12-08T04:40:03.259+0000","http://creativecommons.org/licenses/by-nc/4.0/legalcode","none","none","none","WGS84","Magnoliopsida","BR","Brazil","IRAI - Herbário do Parque da Ciência Newton Freire Maia","BRA:PNFM:IRAI:0000007274","s.n.","IRAI - Herbário do Parque da Ciência Newton Freire Maia","Caxias do Sul","Distrito de Vila Cristina","pt","IRAI",1090162907,"BRA:PNFM:IRAI:0000007274","Collection","Santini, M.",7274,"PNFM","Parque da Ciência Newton Freire Maia (PNFM)","Em orla da mata","","",NA,NA,NA,NA,"",NA,NA,NA,"",NA,"",NA,"","","","","Caxias do Sul","Rio Grande do Sul","brazil",235,"Caxias do Sul",4305108,-51.024681,-29.102391,"RIO GRANDE DO SUL","RS","Rio Grande do Sul",-53.24495754,-29.78635099,"Rio Grande do Sul","rs",-29.309889,-51.167444,"original coordinates","original coordinates OK"
"20","Annona rugulosa",1802963367,-29.448672,-50.545578,"gass84","fe8c1017-5941-4703-8f81-5023028a32ab","94a9c3b2-d54d-4938-811b-e91e091eeb28","none","b38ff2b7-c8af-454e-b5af-ee760f0d5bca","BR","DWC_ARCHIVE","2018-11-14T17:16:50.287+0000","2018-10-11T11:56:23.590+0000",123,"none","PRESERVED_SPECIMEN",3158564,6,7707728,220,718,9291,3155252,5541600,5541600,"Rollinia rugulosa Schltdl.","Annona rugulosa (Schltdl.) H.Rainer","Plantae","Tracheophyta","Magnoliales","Annonaceae","Annona","Annona rugulosa","Rollinia","rugulosa","SPECIES","SYNONYM","2008-02-15T00:00:00",NA,NA,"Rio Grande do Sul",2007,12,16,"2007-12-16T00:00:00","2018-09-28T11:51:27.000+0000","2018-12-08T07:13:35.910+0000","http://creativecommons.org/licenses/by-nc/4.0/legalcode","none","none","none","WGS84","Magnoliopsida","BR","Brazil","PACA-AGP - Herbarium Anchieta","BRA:IAP:PACA-AGP:0000114594","8a","PACA-AGP - Herbarium Anchieta","São Francisco de Paula","Parque Nacional da Ronda.","pt","PACA-AGP",1802963367,"BRA:IAP:PACA-AGP:0000114594","Collection","L. Cappelatti",114594,"IAP","Instituto Anchietano de Pesquisas (IAP)","Habitat: florestal","L. Cappelatti","",NA,NA,NA,NA,"",NA,NA,NA,"",NA,"",NA,"","","","","São Francisco de Paula","Rio Grande do Sul","brazil",221,"São Francisco de Paula",4318200,-50.559952,-29.199375,"RIO GRANDE DO SUL","RS","Rio Grande do Sul",-53.24495754,-29.78635099,"Rio Grande do Sul","rs",-29.448672,-50.545578,"original coordinates","original coordinates OK"
"21","Annona rugulosa",1077372336,-28.193056,-50.753056,"gass84","121275a3-dcce-44f4-9868-37326e9f64ef","d254f613-d4dd-4553-9fe3-b9485ca28371","none","b38ff2b7-c8af-454e-b5af-ee760f0d5bca","BR","DWC_ARCHIVE","2018-11-23T15:40:28.020+0000","2018-10-24T15:38:52.354+0000",122,"none","PRESERVED_SPECIMEN",5541600,6,7707728,220,718,9291,3155252,5541600,5541600,"Annona rugulosa (Schltdl.) H.Rainer","Annona rugulosa (Schltdl.) H.Rainer","Plantae","Tracheophyta","Magnoliales","Annonaceae","Annona","Annona rugulosa","Annona","rugulosa","SPECIES","ACCEPTED","2018-02-02T00:00:00",715,0,"Santa Catarina",2006,2,12,"2006-02-12T00:00:00","2018-10-01T14:26:20.000+0000","2018-12-06T14:17:44.414+0000","http://creativecommons.org/licenses/by-nc/4.0/legalcode","none","none","none","WGS84","Magnoliopsida","BR","Brazil","FLOR - Herbário do Departamento de Botânica da Universidade Federal de Santa Catarina","BRA:UFSC:FLOR:0000048805","985","FLOR - Herbário do Departamento de Botânica da Universidade Federal de Santa Catarina","Capão Alto","Trilha de acesso ao antigo Encanadinho (rio Pelotas).","pt","FLOR",1077372336,"BRA:UFSC:FLOR:0000048805","Collection","Guarino, E.S.G.; et alii",48805,"Universidade Federal de Santa Catarina (UFSC)","Universidade Federal de Santa Catarina (UFSC)","arvoreta, Fruto Imaturo, verdes, 3m altura. Frequência : comum.","Záchia, R.A.","",NA,NA,NA,NA,"",NA,NA,NA,"",NA,"",NA,"","","","","Capão Alto","Santa Catarina","brazil",410,"Capão Alto",4203253,-50.606677,-28.06236,"SANTA CATARINA","SC","Santa Catarina",-50.48226937,-27.24592878,"Santa Catarina","sc",-28.193056,-50.753056,"original coordinates","original coordinates OK"
"22","Annona rugulosa",1090569513,-22.4131,-45.7981,"gass84","1064b787-c882-493e-b17d-4ffba363b776","c47cd3b0-2178-4a4b-87a6-740b482970a9","none","b38ff2b7-c8af-454e-b5af-ee760f0d5bca","BR","DWC_ARCHIVE","2018-11-23T18:20:23.324+0000","2017-12-29T14:14:12.362+0000",129,"none","PRESERVED_SPECIMEN",3158564,6,7707728,220,718,9291,3155252,5541600,5541600,"Rollinia rugulosa Schltdl.","Annona rugulosa (Schltdl.) H.Rainer","Plantae","Tracheophyta","Magnoliales","Annonaceae","Annona","Annona rugulosa","Rollinia","rugulosa","SPECIES","SYNONYM","2006-02-05T00:00:00",NA,NA,"Minas Gerais",2000,3,2,"2000-03-02T00:00:00","2017-06-09T13:53:16.000+0000","2018-12-08T04:43:24.755+0000","http://creativecommons.org/licenses/by-nc/4.0/legalcode","none","none","none","WGS84","Magnoliopsida","BR","Brazil","IAC - Herbário do Instituto Agronômico de Campinas","BRA:IAC:IAC:0000042600","s/nº","IAC - Herbário do Instituto Agronômico de Campinas","Conceição dos Ouros","Fazenda Bona, próximo ao Rio Sapucaí Mirim","pt","IAC",1090569513,"BRA:IAC:IAC:0000042600","Collection","M.R. Melo",42600,"IAC","Instituto Agronômico de Campinas, IAC","cultivada em linha, matrizes p/ portas enxertos de atenóia; nome popular: araticum de terra fria","R.A. Záchia","",NA,NA,NA,NA,"",NA,NA,NA,"",NA,"",NA,"","","","","Conceição dos Ouros","Minas Gerais","brazil",1555,"Conceição dos Ouros",3117801,-45.776933,-22.448981,"MINAS GERAIS","MG","Minas Gerais",-44.67333254,-18.45539008,"Minas Gerais","mg",-22.4131,-45.7981,"original coordinates","original coordinates OK"
"23","Annona rugulosa",1086601430,-27.9073,-50.7396,"gass84","767bddaa-9e6a-4eb1-bd12-f94a2b39a7d6","f6e2efc9-42a3-47ea-99c6-3eda8d653cc9","none","b38ff2b7-c8af-454e-b5af-ee760f0d5bca","BR","DWC_ARCHIVE","2018-11-24T12:35:18.597+0000","2018-11-24T12:35:18.619+0000",123,"none","PRESERVED_SPECIMEN",5541600,6,7707728,220,718,9291,3155252,5541600,5541600,"Annona rugulosa (Schltdl.) H.Rainer","Annona rugulosa (Schltdl.) H.Rainer","Plantae","Tracheophyta","Magnoliales","Annonaceae","Annona","Annona rugulosa","Annona","rugulosa","SPECIES","ACCEPTED","1998-02-27T00:00:00",NA,NA,"Santa Catarina",1997,12,18,"1997-12-18T00:00:00","2018-11-19T18:52:13.000+0000","2018-12-06T13:38:18.165+0000","http://creativecommons.org/licenses/by-nc/4.0/legalcode","none","none","none","WGS84","Magnoliopsida","BR","Brazil","EFC - Herbário Escola de Florestas Curitiba","BRA:UFPR:EFC:0000008169","","EFC - Herbário Escola de Florestas Curitiba","Campo Belo do Sul","Fazenda Guamirim-Gateados","pt","EFC",1086601430,"BRA:UFPR:EFC:0000008169","Collection","Steinbrenner, M.C.A.",8169,"Universidade Federal do Paraná, UFPR","Universidade Federal do Paraná, UFPR","Arvoreta com 7 m de altura e com frutos maduros __COMMOM_NAME__: Ariticum-preto","Hatschbach, G.","",NA,NA,NA,NA,"",NA,NA,NA,"",NA,"",NA,"","","","","Campo Belo do Sul","Santa Catarina","brazil",453,"Campo Belo do Sul",4203402,-50.770683,-27.846805,"SANTA CATARINA","SC","Santa Catarina",-50.48226937,-27.24592878,"Santa Catarina","sc",-27.9073,-50.7396,"original coordinates","original coordinates OK"
"24","Annona rugulosa",1086600876,-25.3887,-49.0036,"gass84","767bddaa-9e6a-4eb1-bd12-f94a2b39a7d6","f6e2efc9-42a3-47ea-99c6-3eda8d653cc9","none","b38ff2b7-c8af-454e-b5af-ee760f0d5bca","BR","DWC_ARCHIVE","2018-11-24T12:35:18.137+0000","2018-09-25T15:37:36.496+0000",123,"none","PRESERVED_SPECIMEN",5541600,6,7707728,220,718,9291,3155252,5541600,5541600,"Annona rugulosa (Schltdl.) H.Rainer","Annona rugulosa (Schltdl.) H.Rainer","Plantae","Tracheophyta","Magnoliales","Annonaceae","Annona","Annona rugulosa","Annona","rugulosa","SPECIES","ACCEPTED","1997-02-01T00:00:00",NA,NA,"Paraná",1996,11,24,"1996-11-24T00:00:00","2018-08-30T12:13:12.000+0000","2018-12-06T13:38:17.793+0000","http://creativecommons.org/licenses/by-nc/4.0/legalcode","none","none","none","WGS84","Magnoliopsida","BR","Brazil","EFC - Herbário Escola de Florestas Curitiba","BRA:UFPR:EFC:0000007411","87","EFC - Herbário Escola de Florestas Curitiba","Quatro Barras","Serra da Baitaca","pt","EFC",1086600876,"BRA:UFPR:EFC:0000007411","Collection","Gatti, G.; et al.",7411,"Universidade Federal do Paraná, UFPR","Universidade Federal do Paraná, UFPR","Arvoreta 3.5m, beira de estrada, flores amarelas __COMMOM_NAME__: ariticum","Hatschbach, G.","",NA,NA,NA,NA,"",NA,NA,NA,"",NA,"",NA,"","","","","Quatro Barras","Paraná","brazil",890,"Quatro Barras",4120804,-48.994742,-25.369279,"PARANA","PR","Paraná",-51.61693027,-24.63581955,"Paraná","pr",-25.3887,-49.0036,"original coordinates","original coordinates OK"
"25","Annona rugulosa",1094712977,-28.801111,-49.721111,"cdround,gass84","bb080d40-c63b-4529-bf21-d1782a81e024","2ccb1a0b-1194-4acf-9921-b5daad99cbb8","none","b38ff2b7-c8af-454e-b5af-ee760f0d5bca","BR","DWC_ARCHIVE","2018-11-24T12:32:41.042+0000","2018-11-24T12:32:41.265+0000",128,"none","PRESERVED_SPECIMEN",3158564,6,7707728,220,718,9291,3155252,5541600,5541600,"Rollinia rugulosa Schltdl.","Annona rugulosa (Schltdl.) H.Rainer","Plantae","Tracheophyta","Magnoliales","Annonaceae","Annona","Annona rugulosa","Rollinia","rugulosa","SPECIES","SYNONYM","1995-06-03T00:00:00",NA,NA,"",1995,1,16,"1995-01-16T00:00:00","","2018-11-24T12:32:42.024+0000","http://creativecommons.org/licenses/by-nc/4.0/legalcode","none","none","none","WGS84","Magnoliopsida","BR","Brazil","CRI - Herbário Pe. Dr. Raulino Reitz","BRA:UNESC:CRI:0000003610","2008","CRI - Herbário Pe. Dr. Raulino Reitz","Morro","Pingador, Três Barras.","pt","CRI",1094712977,"BRA:UNESC:CRI:0000003610","Collection","V. Citadini-Zanette",3610,"UNESC","Universidade do Extremo Sul Catarinense (UNESC)","","Marcos Sobral","",NA,NA,NA,NA,"",NA,NA,NA,"",NA,"",NA,"","","","","Morro","","brazil",NA,"",NA,NA,NA,"","","",NA,NA,NA,"",-28.801111,-49.721111,"original coordinates","original coordinates outside municipality original in morro falls in morro grande"
"26","Annona rugulosa",1086598241,-23.4275,-51.9312,"gass84","767bddaa-9e6a-4eb1-bd12-f94a2b39a7d6","f6e2efc9-42a3-47ea-99c6-3eda8d653cc9","none","b38ff2b7-c8af-454e-b5af-ee760f0d5bca","BR","DWC_ARCHIVE","2018-11-24T12:35:15.901+0000","2018-11-24T12:35:15.909+0000",123,"none","PRESERVED_SPECIMEN",5541600,6,7707728,220,718,9291,3155252,5541600,5541600,"Annona rugulosa (Schltdl.) H.Rainer","Annona rugulosa (Schltdl.) H.Rainer","Plantae","Tracheophyta","Magnoliales","Annonaceae","Annona","Annona rugulosa","Annona","rugulosa","SPECIES","ACCEPTED","2018-08-20T00:00:00",NA,NA,"Paraná",1993,10,26,"1993-10-26T00:00:00","2018-11-19T18:52:13.000+0000","2018-12-06T13:38:16.475+0000","http://creativecommons.org/licenses/by-nc/4.0/legalcode","none","none","none","WGS84","Magnoliopsida","BR","Brazil","EFC - Herbário Escola de Florestas Curitiba","BRA:UFPR:EFC:0000004263","305","EFC - Herbário Escola de Florestas Curitiba","Maringá","Parque do Ingá","pt","EFC",1086598241,"BRA:UFPR:EFC:0000004263","Collection","Guapyassu, M.; Abrão, H.",4263,"Universidade Federal do Paraná, UFPR","Universidade Federal do Paraná, UFPR","__COMMOM_NAME__: Ariticum-do-mato","Dall Agnol, R.T.","",NA,NA,NA,NA,"",NA,NA,NA,"",NA,"",NA,"","","","","Maringá","Paraná","brazil",1212,"Maringá",4115200,-51.967566,-23.400537,"PARANA","PR","Paraná",-51.61693027,-24.63581955,"Paraná","pr",-23.4275,-51.9312,"original coordinates","original coordinates OK"
"27","Annona rugulosa",1094712593,-28.285278,-49.298889,"cdround,gass84,txmatfuz","bb080d40-c63b-4529-bf21-d1782a81e024","2ccb1a0b-1194-4acf-9921-b5daad99cbb8","none","b38ff2b7-c8af-454e-b5af-ee760f0d5bca","BR","DWC_ARCHIVE","2018-11-24T12:32:40.830+0000","2018-10-25T12:34:34.940+0000",128,"none","PRESERVED_SPECIMEN",5541600,6,7707728,220,718,9291,3155252,5541600,5541600,"Annona rugulosa (Schltdl.) H.Rainer","Annona rugulosa (Schltdl.) H.Rainer","Plantae","Tracheophyta","Magnoliales","Annonaceae","Annona","Annona rugulosa","Annona","rugulosa","SPECIES","ACCEPTED","none",300,0,"Santa Catarina",1992,3,13,"1992-03-13T00:00:00","","2018-10-25T12:34:47.973+0000","http://creativecommons.org/licenses/by-nc/4.0/legalcode","none","none","none","WGS84","Magnoliopsida","BR","Brazil","CRI - Herbário Pe. Dr. Raulino Reitz","BRA:UNESC:CRI:0000003219","1846","CRI - Herbário Pe. Dr. Raulino Reitz","Orleans","Rio Novo.","pt","CRI",1094712593,"BRA:UNESC:CRI:0000003219","Collection","Vanilde Citadini-Zanette; Aurélio José de Aguiar & Clair Maria Martinello",3219,"UNESC","Universidade do Extremo Sul Catarinense (UNESC)","","Renato Záquia","",NA,NA,NA,NA,"",NA,NA,NA,"",NA,"",NA,"","","","","Orleans","Santa Catarina","brazil",372,"Orleans",4211702,-49.372507,-28.280894,"SANTA CATARINA","SC","Santa Catarina",-50.48226937,-27.24592878,"Santa Catarina","sc",-28.285278,-49.298889,"original coordinates","original coordinates OK"
"28","Annona rugulosa",1086598046,-25.3896,-49.1324,"gass84","767bddaa-9e6a-4eb1-bd12-f94a2b39a7d6","f6e2efc9-42a3-47ea-99c6-3eda8d653cc9","none","b38ff2b7-c8af-454e-b5af-ee760f0d5bca","BR","DWC_ARCHIVE","2018-11-24T12:35:15.736+0000","2018-09-25T15:37:07.073+0000",123,"none","PRESERVED_SPECIMEN",5541600,6,7707728,220,718,9291,3155252,5541600,5541600,"Annona rugulosa (Schltdl.) H.Rainer","Annona rugulosa (Schltdl.) H.Rainer","Plantae","Tracheophyta","Magnoliales","Annonaceae","Annona","Annona rugulosa","Annona","rugulosa","SPECIES","ACCEPTED","none",NA,NA,"Paraná",1992,6,3,"1992-06-03T00:00:00","2018-08-30T12:13:12.000+0000","2018-12-06T13:38:16.403+0000","http://creativecommons.org/licenses/by-nc/4.0/legalcode","none","none","none","WGS84","Magnoliopsida","BR","Brazil","EFC - Herbário Escola de Florestas Curitiba","BRA:UFPR:EFC:0000004006","247","EFC - Herbário Escola de Florestas Curitiba","Pinhais","Fazenda Experimental do Canguiri - UFPR","pt","EFC",1086598046,"BRA:UFPR:EFC:0000004006","Collection","Vicentini, A.",4006,"Universidade Federal do Paraná, UFPR","Universidade Federal do Paraná, UFPR","Coletada no Capão do Corvo. Árvore derrubada pela queda de um tronco de canela que já estava morta em pé, junto a clareira aberta pela queda do pinheiro em1991.","Hatschbach, G.","",NA,NA,NA,NA,"",NA,NA,NA,"",NA,"",NA,"","","","","Pinhais","Paraná","brazil",885,"Pinhais",4119152,-49.154954,-25.419874,"PARANA","PR","Paraná",-51.61693027,-24.63581955,"Paraná","pr",-25.3896,-49.1324,"original coordinates","original coordinates OK"
"29","Annona rugulosa",1095294783,-29.583333,-50.433333,"gass84","2273e40d-26c2-4959-aea2-b6abcce16d09","04481953-6112-489f-bb8d-9703d787e3ea","none","b38ff2b7-c8af-454e-b5af-ee760f0d5bca","BR","DWC_ARCHIVE","2018-12-03T13:50:05.945+0000","2018-12-03T15:52:26.811+0000",122,"none","PRESERVED_SPECIMEN",5541600,6,7707728,220,718,9291,3155252,5541600,5541600,"Annona rugulosa (Schltdl.) H.Rainer","Annona rugulosa (Schltdl.) H.Rainer","Plantae","Tracheophyta","Magnoliales","Annonaceae","Annona","Annona rugulosa","Annona","rugulosa","SPECIES","ACCEPTED","2014-12-10T00:00:00",NA,NA,"Rio Grande do Sul",1988,5,30,"1988-05-30T00:00:00","2018-10-15T19:16:55.000+0000","2018-12-03T15:52:42.685+0000","http://creativecommons.org/licenses/by-nc/4.0/legalcode","none","none","none","WGS84","Magnoliopsida","BR","Brazil","ICN - Herbário do Instituto de Ciências Naturais","BRA:UFRGS:ICN:0000092272","s.n.","ICN - Herbário do Instituto de Ciências Naturais","Rolante","Cascata do Chuvisqueiro","pt","ICN",1095294783,"BRA:UFRGS:ICN:0000092272","Collection","Daniel, A",92272,"UFRGS","Universidade Federal do Rio Grande do Sul (UFRGS)","Projeto: Vegetação Marginal de Mananciais Hídricos","Záchia, RA","SOUTH_AMERICA",NA,NA,NA,NA,"",NA,NA,NA,"",NA,"",NA,"","","","","Rolante","Rio Grande do Sul","brazil",115,"Rolante",4316006,-50.549634,-29.629268,"RIO GRANDE DO SUL","RS","Rio Grande do Sul",-53.24495754,-29.78635099,"Rio Grande do Sul","rs",-29.583333,-50.433333,"original coordinates","original coordinates outside municipality original in rolante falls in riozinho"
"30","Annona rugulosa",1095292332,-29.533333,-53.566667,"gass84","2273e40d-26c2-4959-aea2-b6abcce16d09","04481953-6112-489f-bb8d-9703d787e3ea","none","b38ff2b7-c8af-454e-b5af-ee760f0d5bca","BR","DWC_ARCHIVE","2018-12-03T13:50:05.164+0000","2018-12-03T15:52:25.493+0000",122,"none","PRESERVED_SPECIMEN",5541600,6,7707728,220,718,9291,3155252,5541600,5541600,"Annona rugulosa (Schltdl.) H.Rainer","Annona rugulosa (Schltdl.) H.Rainer","Plantae","Tracheophyta","Magnoliales","Annonaceae","Annona","Annona rugulosa","Annona","rugulosa","SPECIES","ACCEPTED","2014-12-10T00:00:00",NA,NA,"Rio Grande do Sul",1988,11,NA,"1988-11-01T00:00:00","2018-10-15T19:16:55.000+0000","2018-12-03T15:52:38.108+0000","http://creativecommons.org/licenses/by-nc/4.0/legalcode","none","none","none","WGS84","Magnoliopsida","BR","Brazil","ICN - Herbário do Instituto de Ciências Naturais","BRA:UFRGS:ICN:0000085113","5970","ICN - Herbário do Instituto de Ciências Naturais","Faxinal do Soturno","Cerro comprido","pt","ICN",1095292332,"BRA:UFRGS:ICN:0000085113","Collection","Sobral, M",85113,"UFRGS","Universidade Federal do Rio Grande do Sul (UFRGS)","","Záchia, RA","SOUTH_AMERICA",NA,NA,NA,NA,"",NA,NA,NA,"",NA,"",NA,"","","","","Faxinal do Soturno","Rio Grande do Sul","brazil",135,"Faxinal do Soturno",4308003,-53.46511,-29.557442,"RIO GRANDE DO SUL","RS","Rio Grande do Sul",-53.24495754,-29.78635099,"Rio Grande do Sul","rs",-29.533333,-53.566667,"original coordinates","original coordinates outside municipality original in faxinal do soturno falls in ivora"
"31","Annona rugulosa",1090548798,-24.3878,-47.9256,"gass84","1064b787-c882-493e-b17d-4ffba363b776","c47cd3b0-2178-4a4b-87a6-740b482970a9","none","b38ff2b7-c8af-454e-b5af-ee760f0d5bca","BR","DWC_ARCHIVE","2018-11-23T18:20:08.833+0000","2017-12-29T14:14:03.597+0000",129,"none","PRESERVED_SPECIMEN",3158564,6,7707728,220,718,9291,3155252,5541600,5541600,"Rollinia rugulosa Schltdl.","Annona rugulosa (Schltdl.) H.Rainer","Plantae","Tracheophyta","Magnoliales","Annonaceae","Annona","Annona rugulosa","Rollinia","rugulosa","SPECIES","SYNONYM","2006-02-05T00:00:00",NA,NA,"São Paulo",1968,1,31,"1968-01-31T00:00:00","2017-06-09T13:53:16.000+0000","2018-12-08T04:43:15.000+0000","http://creativecommons.org/licenses/by-nc/4.0/legalcode","none","none","none","WGS84","Magnoliopsida","BR","Brazil","IAC - Herbário do Instituto Agronômico de Campinas","BRA:IAC:IAC:0000019769","331","IAC - Herbário do Instituto Agronômico de Campinas","Sete Barras","","pt","IAC",1090548798,"BRA:IAC:IAC:0000019769","Collection","H.F. Leitão Filho",19769,"IAC","Instituto Agronômico de Campinas, IAC","","R.A. Záchia","",NA,NA,NA,NA,"",NA,NA,NA,"",NA,"",NA,"","","","","Sete Barras","São Paulo","brazil",1010,"Sete Barras",3551801,-47.935198,-24.274063,"SAO PAULO","SP","São Paulo",-48.72944932,-22.26440593,"São Paulo","sp",-24.3878,-47.9256,"original coordinates","original coordinates OK"
"32","Annona rugulosa",1077329184,-26.7,-53.533333,"gass84","121275a3-dcce-44f4-9868-37326e9f64ef","d254f613-d4dd-4553-9fe3-b9485ca28371","none","b38ff2b7-c8af-454e-b5af-ee760f0d5bca","BR","DWC_ARCHIVE","2018-11-23T15:40:02.089+0000","2018-10-24T15:38:32.667+0000",122,"none","PRESERVED_SPECIMEN",3158564,6,7707728,220,718,9291,3155252,5541600,5541600,"Rollinia rugulosa Schltdl.","Annona rugulosa (Schltdl.) H.Rainer","Plantae","Tracheophyta","Magnoliales","Annonaceae","Annona","Annona rugulosa","Rollinia","rugulosa","SPECIES","SYNONYM","none",700,0,"Santa Catarina",1964,10,20,"1964-10-20T00:00:00","2018-10-01T14:08:35.000+0000","2018-12-06T14:17:18.582+0000","http://creativecommons.org/licenses/by-nc/4.0/legalcode","none","none","none","WGS84","Magnoliopsida","BR","Brazil","FLOR - Herbário do Departamento de Botânica da Universidade Federal de Santa Catarina","BRA:UFSC:FLOR:0000002819","12745","FLOR - Herbário do Departamento de Botânica da Universidade Federal de Santa Catarina","","2km northwest of São Miguel d#?#Oeste.","pt","FLOR",1077329184,"BRA:UFSC:FLOR:0000002819","Collection","Smith, L.B.; Reitz, R.",2819,"Universidade Federal de Santa Catarina (UFSC)","Universidade Federal de Santa Catarina (UFSC)","","","",NA,NA,NA,NA,"",NA,NA,NA,"",NA,"",NA,"","","","","","Santa Catarina","brazil",NA,"",NA,NA,NA,"","","Santa Catarina",-50.48226937,-27.24592878,"Santa Catarina","sc",-26.7,-53.533333,"original coordinates","original coordinates outside municipality original in  falls in sao miguel do oeste"
"33","Annona rugulosa",1077329189,-26.533333,-53.733333,"gass84","121275a3-dcce-44f4-9868-37326e9f64ef","d254f613-d4dd-4553-9fe3-b9485ca28371","none","b38ff2b7-c8af-454e-b5af-ee760f0d5bca","BR","DWC_ARCHIVE","2018-11-23T15:40:02.082+0000","2018-10-24T15:38:32.715+0000",122,"none","PRESERVED_SPECIMEN",3158564,6,7707728,220,718,9291,3155252,5541600,5541600,"Rollinia rugulosa Schltdl.","Annona rugulosa (Schltdl.) H.Rainer","Plantae","Tracheophyta","Magnoliales","Annonaceae","Annona","Annona rugulosa","Rollinia","rugulosa","SPECIES","SYNONYM","none",300,0,"Santa Catarina",1964,11,13,"1964-11-13T00:00:00","2018-10-01T14:08:35.000+0000","2018-12-06T14:17:18.633+0000","http://creativecommons.org/licenses/by-nc/4.0/legalcode","none","none","none","WGS84","Magnoliopsida","BR","Brazil","FLOR - Herbário do Departamento de Botânica da Universidade Federal de Santa Catarina","BRA:UFSC:FLOR:0000002820","13243","FLOR - Herbário do Departamento de Botânica da Universidade Federal de Santa Catarina","","Forest above Rio Peperi-guaçu, Peperi.","pt","FLOR",1077329189,"BRA:UFSC:FLOR:0000002820","Collection","Smith, L.B.; Klein, R.M.",2820,"Universidade Federal de Santa Catarina (UFSC)","Universidade Federal de Santa Catarina (UFSC)","","","",NA,NA,NA,NA,"",NA,NA,NA,"",NA,"",NA,"","","","","","Santa Catarina","brazil",NA,"",NA,NA,NA,"","","Santa Catarina",-50.48226937,-27.24592878,"Santa Catarina","sc",-26.533333,-53.733333,"original coordinates","original coordinates outside Brazil"
"34","Annona rugulosa",1303200296,-21.6033,-48.3658,"gass84","1064b787-c882-493e-b17d-4ffba363b776","c47cd3b0-2178-4a4b-87a6-740b482970a9","none","b38ff2b7-c8af-454e-b5af-ee760f0d5bca","BR","DWC_ARCHIVE","2018-11-23T18:20:07.810+0000","2017-12-29T14:14:02.997+0000",129,"none","PRESERVED_SPECIMEN",3158564,6,7707728,220,718,9291,3155252,5541600,5541600,"Rollinia rugulosa Schltdl.","Annona rugulosa (Schltdl.) H.Rainer","Plantae","Tracheophyta","Magnoliales","Annonaceae","Annona","Annona rugulosa","Rollinia","rugulosa","SPECIES","SYNONYM","1956-01-30T00:00:00",NA,NA,"São Paulo",1956,1,16,"1956-01-16T00:00:00","2017-06-09T13:53:16.000+0000","2018-12-07T20:18:39.750+0000","http://creativecommons.org/licenses/by-nc/4.0/legalcode","none","none","none","WGS84","Magnoliopsida","BR","Brazil","IAC - Herbário do Instituto Agronômico de Campinas","BRA:IAC:IAC:0000018145","s/nº","IAC - Herbário do Instituto Agronômico de Campinas","Matão","Chácara Primavera, propriedade do Sr. Lívio Malzoni","pt","IAC",1303200296,"BRA:IAC:IAC:0000018145","Collection","J.E.T. Mendes",18145,"IAC","Instituto Agronômico de Campinas, IAC","","D.M. Dedecca","",NA,NA,NA,NA,"",NA,NA,NA,"",NA,"",NA,"","","","","Matão","São Paulo","brazil",1842,"Matão",3529302,-48.430472,-21.609765,"SAO PAULO","SP","São Paulo",-48.72944932,-22.26440593,"São Paulo","sp",-21.6033,-48.3658,"original coordinates","original coordinates OK"
"35","Annona rugulosa",1228505045,-10.8339,-52.8731,"gass84","90c853e6-56bd-480b-8e8f-6285c3f8d42b","7b8aff00-a9f8-11d8-944b-b8a03c50a862","none","3b84ff5b-79ce-427c-acb7-b4004e160f66","US","DWC_ARCHIVE","2018-11-22T21:39:04.523+0000","2018-11-22T21:39:04.535+0000",97,"none","PRESERVED_SPECIMEN",3158564,6,7707728,220,718,9291,3155252,5541600,5541600,"Rollinia rugulosa Schltdl.","Annona rugulosa (Schltdl.) H.Rainer","Plantae","Tracheophyta","Magnoliales","Annonaceae","Annona","Annona rugulosa","Rollinia","rugulosa","SPECIES","SYNONYM","none",NA,NA,"",NA,NA,NA,"none","","2018-12-07T20:12:11.654+0000","http://creativecommons.org/publicdomain/zero/1.0/legalcode","none","none","none","WGS84","Magnoliopsida","BR","Brazil","The Field Museum of Natural History","fb5baf20-1168-4478-8c93-0200be3c4f34","","Berlin Negatives","","","en","Botany",1228505045,"fb5baf20-1168-4478-8c93-0200be3c4f34","PhysicalObject","F. Sellow",NA,"F","F","","","SOUTH_AMERICA",NA,NA,NA,NA,"ICBN",NA,NA,NA,"Botany",FALSE,"South America, BRAZIL",232972,"seeds-20-nov-2018","http://fieldmuseum.org/about/copyright-information","Plantae Spermatophyta Dicotyledoneae Annonaceae","SYNTYPE","","","brazil",NA,"",NA,NA,NA,"","","",NA,NA,NA,"",-10.8339,-52.8731,"original coordinates","original coordinates outside municipality original in  falls in sao jose do xingu"
