"","name","key","decimalLatitude","decimalLongitude","issues","datasetKey","publishingOrgKey","networkKeys","installationKey","publishingCountry","protocol","lastCrawled","lastParsed","crawlId","extensions","basisOfRecord","taxonKey","kingdomKey","phylumKey","classKey","orderKey","familyKey","genusKey","speciesKey","acceptedTaxonKey","scientificName","acceptedScientificName","kingdom","phylum","order","family","genus","species","genericName","specificEpithet","taxonRank","taxonomicStatus","dateIdentified","elevation","elevationAccuracy","stateProvince.original","year","month","day","eventDate","modified","lastInterpreted","license","identifiers","facts","relations","geodeticDatum","class","countryCode","country.original","rightsHolder","identifier","recordNumber","datasetName","municipality.original","locality","collectionCode","gbifID","occurrenceID","type","recordedBy","catalogNumber","otherCatalogNumbers","institutionCode","occurrenceRemarks","identifiedBy","fieldNotes","individualCount","continent","nomenclaturalStatus","nomenclaturalCode","county","taxonID","ownerInstitutionCode","bibliographicCitation","collectionID","institutionID","language","rights","organismQuantity","preparations","organismQuantityType","identificationQualifier","habitat","verbatimEventDate","higherGeography","endDayOfYear","startDayOfYear","higherClassification","fieldNumber","organismID","datasetID","accessRights","typeStatus","typifiedName","coordinateUncertaintyInMeters","references","georeferencedDate","georeferenceProtocol","georeferenceSources","municipality","stateProvince","country","FID","NOME","GEOCODIGO","POINT_X","POINT_Y","NOMEUF","SIGLAUF","estados_shp","x_estado","y_estado","nome","sigla","new_Lat","new_Lon","notes","comments"
"1","Duroia velutina",1424486272,-1.354444,-62.059167,"cdround,gass84","4300f8d5-1ae5-49e5-a101-63894b005868","838537fc-4aeb-4980-8b58-97fbdcd1d91a","none","da7fe11a-b42c-46cb-9e9d-02243edb738a","BR","DWC_ARCHIVE","2018-10-02T15:42:50.654+0000","2018-09-24T20:04:03.882+0000",207,"none","PRESERVED_SPECIMEN",2892128,6,7707728,220,412,8798,2892076,2892128,2892128,"Duroia velutina Hook.f. ex K.Schum.","Duroia velutina Hook.f. ex K.Schum.","Plantae","Tracheophyta","Gentianales","Rubiaceae","Duroia","Duroia velutina","Duroia","velutina","SPECIES","ACCEPTED","2015-08-17T00:00:00",35,5,"Amazonas",2014,4,15,"2014-04-15T00:00:00","2017-10-18T14:00:04.081+0000","2018-12-06T17:00:54.024+0000","http://creativecommons.org/licenses/by/4.0/legalcode","none","none","none","WGS84","Magnoliopsida","BR","Brazil","Rio de Janeiro Botanical Garden","urn:catalog:JBRJ:RB:866042","5567","RB - Rio de Janeiro Botanical Garden Herbarium Collection","Barcelos","Margens do Rio Negro.","RB",1424486272,"urn:catalog:JBRJ:RB:866042","PhysicalObject","P.H. Labiak; R.C. Forzza, A.A.M. Amorim, L. Freitas, F. Obermüller, R. Goldenberg & R. Barbosa-Silva","RB00866042","RB 601837","JBRJ","Árvore ca. 1.5 m. Frutos imaturos verdes.","MARIO GOMES","",NA,"","","","",NA,"","","","","","",NA,"",NA,NA,"","","",NA,NA,"",NA,NA,"","","","",NA,"","","","","Barcelos","Amazonas","brazil",5532,"Barcelos",1300409,-63.433105,-0.463474,"AMAZONAS","AM","Amazonas",-64.65219948,-4.15548242,"Amazonas","am",-1.354444,-62.059167,"original coordinates","original coordinates OK"
"2","Duroia velutina",1499295119,1.175,-62.553333,"cdround,gass84","4300f8d5-1ae5-49e5-a101-63894b005868","838537fc-4aeb-4980-8b58-97fbdcd1d91a","none","da7fe11a-b42c-46cb-9e9d-02243edb738a","BR","DWC_ARCHIVE","2018-10-02T15:36:58.582+0000","2018-09-24T19:58:40.781+0000",207,"none","PRESERVED_SPECIMEN",2892128,6,7707728,220,412,8798,2892076,2892128,2892128,"Duroia velutina Hook.f. ex K.Schum.","Duroia velutina Hook.f. ex K.Schum.","Plantae","Tracheophyta","Gentianales","Rubiaceae","Duroia","Duroia velutina","Duroia","velutina","SPECIES","ACCEPTED","none",41,NA,"Roraima",2013,12,6,"2013-12-06T00:00:00","2017-10-15T12:37:49.391+0000","2018-12-06T10:28:16.266+0000","http://creativecommons.org/licenses/by/4.0/legalcode","none","none","none","WGS84","Magnoliopsida","BR","Brazil","Rio de Janeiro Botanical Garden","urn:catalog:JBRJ:RB:1309187","2069","RB - Rio de Janeiro Botanical Garden Herbarium Collection","Caracaraí","Parque Nacional da Serra da Mocidade, Rio Capivara. Coletas na beira do rio, próximo ao acampamento do Preto","RB",1499295119,"urn:catalog:JBRJ:RB:1309187","PhysicalObject","R.O. Perdiz; W.S. Batista; R.S. Rodrigues; O. Grigio","RB01309187","RB 728323","JBRJ","","R.O. Perdiz","Floresta de igapó. Rio de água preta",NA,"","","","",NA,"","","","","","",NA,"",NA,NA,"","","",NA,NA,"",NA,NA,"","","","",NA,"","","","","Caracaraí","Roraima","brazil",5550,"Caracaraí",1400209,-61.469154,0.989887,"RORAIMA","RR","Roraima",-61.38936422,2.08232311,"Roraima","rr",1.175,-62.553333,"original coordinates","original coordinates outside municipality original in caracarai falls in barcelos"
"3","Duroia velutina",1424432306,0.801389,-61.660278,"cdround,gass84","4300f8d5-1ae5-49e5-a101-63894b005868","838537fc-4aeb-4980-8b58-97fbdcd1d91a","none","da7fe11a-b42c-46cb-9e9d-02243edb738a","BR","DWC_ARCHIVE","2018-10-02T15:42:19.814+0000","2018-09-24T20:03:35.384+0000",207,"none","PRESERVED_SPECIMEN",2892128,6,7707728,220,412,8798,2892076,2892128,2892128,"Duroia velutina Hook.f. ex K.Schum.","Duroia velutina Hook.f. ex K.Schum.","Plantae","Tracheophyta","Gentianales","Rubiaceae","Duroia","Duroia velutina","Duroia","velutina","SPECIES","ACCEPTED","none",50,NA,"Roraima",2012,3,26,"2012-03-26T00:00:00","2017-10-18T12:54:45.268+0000","2018-12-06T17:00:21.857+0000","http://creativecommons.org/licenses/by/4.0/legalcode","none","none","none","WGS84","Magnoliopsida","BR","Brazil","Rio de Janeiro Botanical Garden","urn:catalog:JBRJ:RB:743333","7037","RB - Rio de Janeiro Botanical Garden Herbarium Collection","Caracaraí","Rio Água Boa do Univiní. Floresta de Igapó. Estação Ecológica de Niquiá","RB",1424432306,"urn:catalog:JBRJ:RB:743333","PhysicalObject","R.C. Forzza; G. Martinelli; D.P. Costa; M.A. Moraes; M.A.Nadruz; S. Gallucci & P. Benevides","RB00743333","RB 562463","JBRJ","Árvore, ca. 8 m alt.  Frutos verdes.","N. Dávila","",NA,"","","","",NA,"","","","","","",NA,"",NA,NA,"","","",NA,NA,"",NA,NA,"","","","",NA,"","","","","Caracaraí","Roraima","brazil",5550,"Caracaraí",1400209,-61.469154,0.989887,"RORAIMA","RR","Roraima",-61.38936422,2.08232311,"Roraima","rr",0.801389,-61.660278,"original coordinates","original coordinates OK"
"4","Duroia velutina",1424432315,0.801389,-61.660278,"cdround,gass84","4300f8d5-1ae5-49e5-a101-63894b005868","838537fc-4aeb-4980-8b58-97fbdcd1d91a","none","da7fe11a-b42c-46cb-9e9d-02243edb738a","BR","DWC_ARCHIVE","2018-10-02T15:42:19.787+0000","2018-09-24T20:03:35.409+0000",207,"none","PRESERVED_SPECIMEN",2892128,6,7707728,220,412,8798,2892076,2892128,2892128,"Duroia velutina Hook.f. ex K.Schum.","Duroia velutina Hook.f. ex K.Schum.","Plantae","Tracheophyta","Gentianales","Rubiaceae","Duroia","Duroia velutina","Duroia","velutina","SPECIES","ACCEPTED","none",50,NA,"Roraima",2012,3,26,"2012-03-26T00:00:00","2017-10-18T11:58:27.427+0000","2018-12-06T17:00:21.747+0000","http://creativecommons.org/licenses/by/4.0/legalcode","none","none","none","WGS84","Magnoliopsida","BR","Brazil","Rio de Janeiro Botanical Garden","urn:catalog:JBRJ:RB:743322","7026","RB - Rio de Janeiro Botanical Garden Herbarium Collection","Caracaraí","Rio Água Boa do Univiní. Floresta de Igapó. Estação Ecológica de Niquiá","RB",1424432315,"urn:catalog:JBRJ:RB:743322","PhysicalObject","R.C. Forzza; G. Martinelli; D.P. Costa; M.A. Moraes; M.A.Nadruz; S. Gallucci & P. Benevides","RB00743322","RB 562452","JBRJ","Árvore, ca. 8 m alt. Folhas discolores, ferrugíneas na face abaxial. Frutos ferrugíneos.","N. Dávila","",NA,"","","","",NA,"","","","","","",NA,"",NA,NA,"","","",NA,NA,"",NA,NA,"","","","",NA,"","","","","Caracaraí","Roraima","brazil",5550,"Caracaraí",1400209,-61.469154,0.989887,"RORAIMA","RR","Roraima",-61.38936422,2.08232311,"Roraima","rr",0.801389,-61.660278,"original coordinates","original coordinates OK"
"5","Duroia velutina",1424408749,0.484444,-61.7,"cdround,gass84","4300f8d5-1ae5-49e5-a101-63894b005868","838537fc-4aeb-4980-8b58-97fbdcd1d91a","none","da7fe11a-b42c-46cb-9e9d-02243edb738a","BR","DWC_ARCHIVE","2018-10-02T15:42:06.086+0000","2018-09-24T20:03:22.953+0000",207,"none","PRESERVED_SPECIMEN",2892128,6,7707728,220,412,8798,2892076,2892128,2892128,"Duroia velutina Hook.f. ex K.Schum.","Duroia velutina Hook.f. ex K.Schum.","Plantae","Tracheophyta","Gentianales","Rubiaceae","Duroia","Duroia velutina","Duroia","velutina","SPECIES","ACCEPTED","2015-01-15T00:00:00",47.5,3.5,"Roraima",2012,3,25,"2012-03-25T00:00:00","2017-10-18T12:37:39.865+0000","2018-12-06T17:00:06.376+0000","http://creativecommons.org/licenses/by/4.0/legalcode","none","none","none","WGS84","Magnoliopsida","BR","Brazil","Rio de Janeiro Botanical Garden","urn:catalog:JBRJ:RB:707061","2599","RB - Rio de Janeiro Botanical Garden Herbarium Collection","Caracaraí","Lâmina membranácea concolor; haste esverdeada, inflorescência cor de palha.","RB",1424408749,"urn:catalog:JBRJ:RB:707061","PhysicalObject","M. Nadruz; G. Martinelli, D. Costa, R. Forzza, M. D´ávila, R. Azoury, S. Galucci","RB00707061","RB 545325","JBRJ","Lâmina cartácea discolor, bulada; fruto esverdeado-acastanhado.","M. Gomes","Floresta primária.",NA,"","","","",NA,"","","","","","",NA,"",NA,NA,"","","",NA,NA,"",NA,NA,"","","","",NA,"","","","","Caracaraí","Roraima","brazil",5550,"Caracaraí",1400209,-61.469154,0.989887,"RORAIMA","RR","Roraima",-61.38936422,2.08232311,"Roraima","rr",0.484444,-61.7,"original coordinates","original coordinates OK"
"6","Duroia velutina",1424391513,0.419445,-62.915,"cdround,gass84","4300f8d5-1ae5-49e5-a101-63894b005868","838537fc-4aeb-4980-8b58-97fbdcd1d91a","none","da7fe11a-b42c-46cb-9e9d-02243edb738a","BR","DWC_ARCHIVE","2018-10-02T15:41:56.114+0000","2018-09-24T20:03:04.118+0000",207,"none","PRESERVED_SPECIMEN",2892128,6,7707728,220,412,8798,2892076,2892128,2892128,"Duroia velutina Hook.f. ex K.Schum.","Duroia velutina Hook.f. ex K.Schum.","Plantae","Tracheophyta","Gentianales","Rubiaceae","Duroia","Duroia velutina","Duroia","velutina","SPECIES","ACCEPTED","none",45,NA,"Amazonas",2011,8,12,"2011-08-12T00:00:00","2017-10-19T11:29:07.025+0000","2018-12-06T16:59:57.859+0000","http://creativecommons.org/licenses/by/4.0/legalcode","none","none","none","WGS84","Magnoliopsida","BR","Brazil","Rio de Janeiro Botanical Garden","urn:catalog:JBRJ:RB:686390","16971","RB - Rio de Janeiro Botanical Garden Herbarium Collection","Barcelos","Rio Aracá, margem direita. 1Km acima da boca do Rio Demene.","RB",1424391513,"urn:catalog:JBRJ:RB:686390","PhysicalObject","G.Martinelli; D. Costa, H.C. Lima, A. Quinet, A. Stival, E .Fernandez, M.A. Moraes","RB00686390","RB 535922","JBRJ","arvoreta, 7m; no igapó; folhas verdes marcadamente discolores; flores com calice ferrugíneo, corola alvacenta; botões florais verde-claro.","I.HUAMANTUPA & H.C.LIMA","",NA,"","","","",NA,"","","","","","",NA,"",NA,NA,"","","",NA,NA,"",NA,NA,"","","","",NA,"","","","","Barcelos","Amazonas","brazil",5532,"Barcelos",1300409,-63.433105,-0.463474,"AMAZONAS","AM","Amazonas",-64.65219948,-4.15548242,"Amazonas","am",0.419445,-62.915,"original coordinates","original coordinates OK"
"7","Duroia velutina",1424415289,-0.649167,-62.931111,"cdround,gass84","4300f8d5-1ae5-49e5-a101-63894b005868","838537fc-4aeb-4980-8b58-97fbdcd1d91a","none","da7fe11a-b42c-46cb-9e9d-02243edb738a","BR","DWC_ARCHIVE","2018-10-02T15:42:09.926+0000","2018-09-24T20:03:26.599+0000",207,"none","PRESERVED_SPECIMEN",2892128,6,7707728,220,412,8798,2892076,2892128,2892128,"Duroia velutina Hook.f. ex K.Schum.","Duroia velutina Hook.f. ex K.Schum.","Plantae","Tracheophyta","Gentianales","Rubiaceae","Duroia","Duroia velutina","Duroia","velutina","SPECIES","ACCEPTED","2015-01-16T00:00:00",20,NA,"Amazonas",2011,9,27,"2011-09-27T00:00:00","2017-10-19T13:44:54.720+0000","2018-12-06T17:00:09.866+0000","http://creativecommons.org/licenses/by/4.0/legalcode","none","none","none","WGS84","Magnoliopsida","BR","Brazil","Rio de Janeiro Botanical Garden","urn:catalog:JBRJ:RB:715408","6458","RB - Rio de Janeiro Botanical Garden Herbarium Collection","Barcelos","Rio Aracá. Floresta de Igapó.","RB",1424415289,"urn:catalog:JBRJ:RB:715408","PhysicalObject","R.C. Forzza; G. Martinelli; M.A. Moraes; D.P. Costa & R. Azoury","RB00715408","RB 549337","JBRJ","Árvore, ca. 5 m alt. Ramos ferrugíneos no ápice. Flores com cálice verde; corola alva a creme.","M. Gomes","",NA,"","","","",NA,"","","","","","",NA,"",NA,NA,"","","",NA,NA,"",NA,NA,"","","","",NA,"","","","","Barcelos","Amazonas","brazil",5532,"Barcelos",1300409,-63.433105,-0.463474,"AMAZONAS","AM","Amazonas",-64.65219948,-4.15548242,"Amazonas","am",-0.649167,-62.931111,"original coordinates","original coordinates OK"
"8","Duroia velutina",1424391724,1.415278,-61.837778,"cdround,gass84","4300f8d5-1ae5-49e5-a101-63894b005868","838537fc-4aeb-4980-8b58-97fbdcd1d91a","none","da7fe11a-b42c-46cb-9e9d-02243edb738a","BR","DWC_ARCHIVE","2018-10-02T15:41:56.256+0000","2018-09-24T20:03:04.282+0000",207,"none","PRESERVED_SPECIMEN",2892128,6,7707728,220,412,8798,2892076,2892128,2892128,"Duroia velutina Hook.f. ex K.Schum.","Duroia velutina Hook.f. ex K.Schum.","Plantae","Tracheophyta","Gentianales","Rubiaceae","Duroia","Duroia velutina","Duroia","velutina","SPECIES","ACCEPTED","2015-01-16T00:00:00",30,NA,"Amazonas",2011,10,26,"2011-10-26T00:00:00","2017-10-07T17:20:06.047+0000","2018-12-06T16:59:58.135+0000","http://creativecommons.org/licenses/by/4.0/legalcode","none","none","none","WGS84","Magnoliopsida","BR","Brazil","Rio de Janeiro Botanical Garden","urn:catalog:JBRJ:RB:686581","17155","RB - Rio de Janeiro Botanical Garden Herbarium Collection","Barcelos","Rio Negro, igapós próximo a boca do Rio Branco. matas de igapó.","RB",1424391724,"urn:catalog:JBRJ:RB:686581","PhysicalObject","G.Martinelli; D.Costa, R.Forzza, M.A.Moraes, R.Azoury","RB00686581","RB 536100","JBRJ","arvoreta, 10m, no igapó; folhas na face ventral verde, face dorsal verde-ferrugíneo; flores com pedicelo verde, calice verde, corola alva; estames alvos; flores em botões verdes alvacentos.","M. Gomes","",NA,"","","","",NA,"","","","","","",NA,"",NA,NA,"","","",NA,NA,"",NA,NA,"","","","",NA,"","","","","Barcelos","Amazonas","brazil",5532,"Barcelos",1300409,-63.433105,-0.463474,"AMAZONAS","AM","Amazonas",-64.65219948,-4.15548242,"Amazonas","am",1.415278,-61.837778,"original coordinates","original coordinates outside municipality original in barcelos falls in caracarai"
"9","Duroia velutina",1258169499,-0.939167,-62.620556,"cdround,gass84,iddatunl","7bd65a7a-f762-11e1-a439-00145eb45e9a","90fd6680-349f-11d8-aa2d-b8a03c50a862","none","c4e134d3-c68f-406d-a116-6a37895602e0","US","DWC_ARCHIVE","2018-06-20T07:54:41.969+0000","2016-03-21T14:32:28.778+0000",28,"none","PRESERVED_SPECIMEN",2892128,6,7707728,220,412,8798,2892076,2892128,2892128,"Duroia velutina Hook.f. ex K.Schum.","Duroia velutina Hook.f. ex K.Schum.","Plantae","Tracheophyta","Gentianales","Rubiaceae","Duroia","Duroia velutina","Duroia","velutina","SPECIES","ACCEPTED","2009-01-01T00:00:00",NA,NA,"Amazonas",2008,10,21,"2008-10-21T00:00:00","2015-08-19T10:45:00.000+0000","2018-07-07T19:42:52.180+0000","http://creativecommons.org/licenses/by/4.0/legalcode","none","none","none","WGS84","Magnoliopsida","BR","Brazil","Missouri Botanical Garden","urn:catalog:MO:Tropicos:100851012","Junqueira 765","Tropicos","","","MO",1258169499,"urn:catalog:MO:Tropicos:100851012","PhysicalObject","A.B. Junqueira|K.M. Silva|V.Q. Pretti","100851012","","MO","","W.S. Silva","",1,"SOUTH_AMERICA","No opinion","ICNafp","Barcelos",27900943,"MOBOT","http://www.tropicos.org/Specimen/100851012","http://biocol.org/urn:lsid:biocol.org:col:15859","","","",NA,"",NA,NA,"","","",NA,NA,"",NA,NA,"","","","",NA,"","","","","","Amazonas","brazil",NA,"",NA,NA,NA,"","","Amazonas",-64.65219948,-4.15548242,"Amazonas","am",-0.939167,-62.620556,"original coordinates","original coordinates outside municipality original in  falls in barcelos"
"10","Duroia velutina",1042684824,-0.701944,-62.38,"gass84,gdativ","3cc6171e-8c52-4f65-ad7a-32c74e395f29","c0d9c91a-0f83-4819-bf7e-bb5e1184eb6b","none","ada4205f-679c-4a86-9759-ff652ac467b3","BR","DWC_ARCHIVE","2017-10-08T07:25:20.860+0000","2014-11-24T14:45:43.418+0000",50,"none","PRESERVED_SPECIMEN",2892128,6,7707728,220,412,8798,2892076,2892128,2892128,"Duroia velutina Hook.f. ex K.Schum.","Duroia velutina Hook.f. ex K.Schum.","Plantae","Tracheophyta","Gentianales","Rubiaceae","Duroia","Duroia velutina","Duroia","velutina","SPECIES","ACCEPTED","2009-02-09T00:00:00",0,0,"Amazonas",2008,10,27,"2008-10-27T00:00:00","2014-09-26T00:00:00.000+0000","2018-07-07T16:24:12.247+0000","http://creativecommons.org/publicdomain/zero/1.0/legalcode","none","none","none","WGS84","Magnoliopsida","BR","Brazil","Instituto Nacional de Pesquisas da Amazônia (INPA)","urn:catalog:inpa:herbarium:218722","887","Coleção Botânica, Instituto Nacional de Pesquisas da Amazônia (INPA)","","Rio Jufaris, próximo à comunidade do Caju.","Coleção Botânica, Instituto Nacional de Pesquisas da Amazônia (INPA)",1042684824,"urn:catalog:inpa:herbarium:218722","Collection","Junqueira, AB","236834","","Instituto Nacional de Pesquisas da Amazônia (INPA)","","Silva, W.S. da","",NA,"SOUTH_AMERICA","","","Barcelos",NA,"","","","01.263.896/0015-60","pt","License Elements",NA,"",NA,NA,"","","",NA,NA,"",NA,NA,"","","","",NA,"","","","","","Amazonas","brazil",NA,"",NA,NA,NA,"","","Amazonas",-64.65219948,-4.15548242,"Amazonas","am",-0.701944,-62.38,"original coordinates","original coordinates outside municipality original in  falls in barcelos"
"11","Duroia velutina",1042684523,-0.939167,-62.62,"gass84,gdativ","3cc6171e-8c52-4f65-ad7a-32c74e395f29","c0d9c91a-0f83-4819-bf7e-bb5e1184eb6b","none","ada4205f-679c-4a86-9759-ff652ac467b3","BR","DWC_ARCHIVE","2017-10-08T07:25:20.864+0000","2014-11-24T14:45:43.468+0000",50,"none","PRESERVED_SPECIMEN",2892128,6,7707728,220,412,8798,2892076,2892128,2892128,"Duroia velutina Hook.f. ex K.Schum.","Duroia velutina Hook.f. ex K.Schum.","Plantae","Tracheophyta","Gentianales","Rubiaceae","Duroia","Duroia velutina","Duroia","velutina","SPECIES","ACCEPTED","2009-02-09T00:00:00",0,0,"Amazonas",2008,10,21,"2008-10-21T00:00:00","2014-09-26T00:00:00.000+0000","2018-07-07T16:24:12.234+0000","http://creativecommons.org/publicdomain/zero/1.0/legalcode","none","none","none","WGS84","Magnoliopsida","BR","Brazil","Instituto Nacional de Pesquisas da Amazônia (INPA)","urn:catalog:inpa:herbarium:218634","765","Coleção Botânica, Instituto Nacional de Pesquisas da Amazônia (INPA)","","Margem esquerda do Rio Negro, na altura do Arquipélago de Mariuá, entre as comunidades Dom Pedro II e Cauburis, porém na margem oposta (esquerda) do Rio Negro.","Coleção Botânica, Instituto Nacional de Pesquisas da Amazônia (INPA)",1042684523,"urn:catalog:inpa:herbarium:218634","Collection","Junqueira, AB","236746","","Instituto Nacional de Pesquisas da Amazônia (INPA)","","Silva, W.S. da","",NA,"SOUTH_AMERICA","","","Barcelos",NA,"","","","01.263.896/0015-60","pt","License Elements",NA,"",NA,NA,"","","",NA,NA,"",NA,NA,"","","","",NA,"","","","","","Amazonas","brazil",NA,"",NA,NA,NA,"","","Amazonas",-64.65219948,-4.15548242,"Amazonas","am",-0.939167,-62.62,"original coordinates","original coordinates outside municipality original in  falls in barcelos"
"12","Duroia velutina",1258169512,-1.063056,-62.376389,"cdround,gass84,iddatunl","7bd65a7a-f762-11e1-a439-00145eb45e9a","90fd6680-349f-11d8-aa2d-b8a03c50a862","none","c4e134d3-c68f-406d-a116-6a37895602e0","US","DWC_ARCHIVE","2018-06-20T07:54:42.120+0000","2016-03-21T14:32:28.801+0000",28,"none","PRESERVED_SPECIMEN",2892128,6,7707728,220,412,8798,2892076,2892128,2892128,"Duroia velutina Hook.f. ex K.Schum.","Duroia velutina Hook.f. ex K.Schum.","Plantae","Tracheophyta","Gentianales","Rubiaceae","Duroia","Duroia velutina","Duroia","velutina","SPECIES","ACCEPTED","2009-01-01T00:00:00",NA,NA,"Amazonas",2008,10,21,"2008-10-21T00:00:00","2015-08-19T10:31:00.000+0000","2018-07-07T19:42:52.170+0000","http://creativecommons.org/licenses/by/4.0/legalcode","none","none","none","WGS84","Magnoliopsida","BR","Brazil","Missouri Botanical Garden","urn:catalog:MO:Tropicos:100851007","Junqueira 750","Tropicos","","Arquipélago de Mariuá, entre as comunidades Dom Pedro II e Cauburis, porém na margem oposta (esquerda) do Rio Negro.","MO",1258169512,"urn:catalog:MO:Tropicos:100851007","PhysicalObject","A.B. Junqueira|K.M. Silva|V.Q. Pretti","100851007","","MO","","W.S. Silva","",1,"SOUTH_AMERICA","No opinion","ICNafp","Barcelos",27900943,"MOBOT","http://www.tropicos.org/Specimen/100851007","http://biocol.org/urn:lsid:biocol.org:col:15859","","","",NA,"",NA,NA,"","","",NA,NA,"",NA,NA,"","","","",NA,"","","","","","Amazonas","brazil",NA,"",NA,NA,NA,"","","Amazonas",-64.65219948,-4.15548242,"Amazonas","am",-1.063056,-62.376389,"original coordinates","original coordinates outside municipality original in  falls in barcelos"
"13","Duroia velutina",1042684472,-1.063056,-62.38,"gass84,gdativ","3cc6171e-8c52-4f65-ad7a-32c74e395f29","c0d9c91a-0f83-4819-bf7e-bb5e1184eb6b","none","ada4205f-679c-4a86-9759-ff652ac467b3","BR","DWC_ARCHIVE","2017-10-08T07:25:20.903+0000","2014-11-24T14:45:43.261+0000",50,"none","PRESERVED_SPECIMEN",2892128,6,7707728,220,412,8798,2892076,2892128,2892128,"Duroia velutina Hook.f. ex K.Schum.","Duroia velutina Hook.f. ex K.Schum.","Plantae","Tracheophyta","Gentianales","Rubiaceae","Duroia","Duroia velutina","Duroia","velutina","SPECIES","ACCEPTED","2009-02-09T00:00:00",0,0,"Amazonas",2008,10,21,"2008-10-21T00:00:00","2014-09-26T00:00:00.000+0000","2018-07-07T16:24:12.217+0000","http://creativecommons.org/publicdomain/zero/1.0/legalcode","none","none","none","WGS84","Magnoliopsida","BR","Brazil","Instituto Nacional de Pesquisas da Amazônia (INPA)","urn:catalog:inpa:herbarium:218622","750","Coleção Botânica, Instituto Nacional de Pesquisas da Amazônia (INPA)","","Arquipélago de Mariuá, entre as comunidades Dom Pedro II e Cauburis, porém na margem oposta (esquerda) do Rio Negro.","Coleção Botânica, Instituto Nacional de Pesquisas da Amazônia (INPA)",1042684472,"urn:catalog:inpa:herbarium:218622","Collection","Junqueira, AB","236734","","Instituto Nacional de Pesquisas da Amazônia (INPA)","","Silva, W.S. da","",NA,"SOUTH_AMERICA","","","Barcelos",NA,"","","","01.263.896/0015-60","pt","License Elements",NA,"",NA,NA,"","","",NA,NA,"",NA,NA,"","","","",NA,"","","","","","Amazonas","brazil",NA,"",NA,NA,NA,"","","Amazonas",-64.65219948,-4.15548242,"Amazonas","am",-1.063056,-62.38,"original coordinates","original coordinates outside municipality original in  falls in barcelos"
"14","Duroia velutina",1258177591,-0.701944,-62.382222,"cdround,gass84,iddatunl","7bd65a7a-f762-11e1-a439-00145eb45e9a","90fd6680-349f-11d8-aa2d-b8a03c50a862","none","c4e134d3-c68f-406d-a116-6a37895602e0","US","DWC_ARCHIVE","2018-06-20T07:54:43.648+0000","2016-03-21T14:32:45.393+0000",28,"none","PRESERVED_SPECIMEN",2892128,6,7707728,220,412,8798,2892076,2892128,2892128,"Duroia velutina Hook.f. ex K.Schum.","Duroia velutina Hook.f. ex K.Schum.","Plantae","Tracheophyta","Gentianales","Rubiaceae","Duroia","Duroia velutina","Duroia","velutina","SPECIES","ACCEPTED","2009-01-01T00:00:00",NA,NA,"Amazonas",2008,10,27,"2008-10-27T00:00:00","2015-09-10T15:27:00.000+0000","2018-07-07T19:42:52.166+0000","http://creativecommons.org/licenses/by/4.0/legalcode","none","none","none","WGS84","Magnoliopsida","BR","Brazil","Missouri Botanical Garden","urn:catalog:MO:Tropicos:100860715","Junqueira 887","Tropicos","","","MO",1258177591,"urn:catalog:MO:Tropicos:100860715","PhysicalObject","A.B. Junqueira|K.M. Silva|V.Q. Pretti","100860715","","MO","","W.S. Silva","",1,"SOUTH_AMERICA","No opinion","ICNafp","Barcelos",50115730,"MOBOT","http://www.tropicos.org/Specimen/100860715","http://biocol.org/urn:lsid:biocol.org:col:15859","","","",NA,"",NA,NA,"","","",NA,NA,"",NA,NA,"","","","",NA,"","","","","","Amazonas","brazil",NA,"",NA,NA,NA,"","","Amazonas",-64.65219948,-4.15548242,"Amazonas","am",-0.701944,-62.382222,"original coordinates","original coordinates outside municipality original in  falls in barcelos"
"15","Duroia velutina",1801150051,-19.696944,-42.504167,"gass84","1bb3cae3-b91f-4109-8a2d-a1f05f2d6fd3","76dbcb10-efc5-4d5f-87a5-bcd409fc92c8","none","b38ff2b7-c8af-454e-b5af-ee760f0d5bca","BR","DWC_ARCHIVE","2018-11-24T12:30:41.336+0000","2018-09-25T14:05:16.722+0000",126,"none","PRESERVED_SPECIMEN",2892128,6,7707728,220,412,8798,2892076,2892128,2892128,"Duroia velutina Hook.f. ex K.Schum.","Duroia velutina Hook.f. ex K.Schum.","Plantae","Tracheophyta","Gentianales","Rubiaceae","Duroia","Duroia velutina","Duroia","velutina","SPECIES","ACCEPTED","2004-02-01T00:00:00",260,0,"Minas Gerais",2003,10,8,"2003-10-08T00:00:00","2018-08-21T18:44:42.000+0000","2018-12-08T01:46:33.973+0000","http://creativecommons.org/licenses/by-nc/4.0/legalcode","none","none","none","WGS84","Magnoliopsida","BR","Brazil","SPF - Herbário da Universidade de São Paulo","BRA:USP:SPF:0000163907","424","SPF - Herbário da Universidade de São Paulo","Marliéria","","SPF",1801150051,"BRA:USP:SPF:0000163907","Collection","França, GS","163907","","USP","","Lombardi, JA","",NA,"","","","",NA,"Universidade de São Paulo, USP","","","","pt","",NA,"",NA,NA,"","","",NA,NA,"",NA,NA,"","","","",NA,"","","","","Marliéria","Minas Gerais","brazil",2501,"Marliéria",3140308,-42.614779,-19.705577,"MINAS GERAIS","MG","Minas Gerais",-44.67333254,-18.45539008,"Minas Gerais","mg",-19.696944,-42.504167,"original coordinates","original coordinates OK"
"16","Duroia velutina",1123801174,-20.043333,-40.697222,"gass84","9129ec89-afa7-45af-8b73-509f1f8942ab","667644b9-7b93-4892-80c7-c4271735c515","none","b38ff2b7-c8af-454e-b5af-ee760f0d5bca","BR","DWC_ARCHIVE","2018-10-11T11:54:30.553+0000","2018-02-13T23:30:21.586+0000",129,"none","PRESERVED_SPECIMEN",2892128,6,7707728,220,412,8798,2892076,2892128,2892128,"Duroia velutina Hook.f. ex K.Schum.","Duroia velutina Hook.f. ex K.Schum.","Plantae","Tracheophyta","Gentianales","Rubiaceae","Duroia","Duroia velutina","Duroia","velutina","SPECIES","ACCEPTED","none",NA,NA,"Espírito Santo",2002,12,3,"2002-12-03T00:00:00","2018-01-30T17:47:23.000+0000","2018-12-08T12:04:50.953+0000","http://creativecommons.org/licenses/by-nc/4.0/legalcode","none","none","none","WGS84","Magnoliopsida","BR","Brazil","MBML-Herbario - Herbário Mello Leitão","BRA:MBML:MBML-HERBARIO:0000018491","5807","MBML-Herbario - Herbário Mello Leitão","Santa Maria de Jetibá","Belém","MBML-HERBARIO",1123801174,"BRA:MBML:MBML-HERBARIO:0000018491","Collection","L. Kollmann; et al","18491","","MBML","Arbusto 5m. Flores brancas.","Daniela Zappi/Set.-2009","",NA,"","","","",NA,"Museu de Biologia Professor Mello Leitão, MBML","","","","pt","",NA,"",NA,NA,"","","",NA,NA,"",NA,NA,"","","","",NA,"","","","","Santa Maria de Jetibá","Espírito Santo","brazil",2389,"Santa Maria de Jetibá",3204559,-40.804004,-20.085432,"ESPIRITO SANTO","ES","Espírito Santo",-40.6681057,-19.57475617,"Espírito Santo","es",-20.043333,-40.697222,"original coordinates","original coordinates OK"
"17","Duroia velutina",1260499509,0.87444,-62.97027,"gass84","7bd65a7a-f762-11e1-a439-00145eb45e9a","90fd6680-349f-11d8-aa2d-b8a03c50a862","none","c4e134d3-c68f-406d-a116-6a37895602e0","US","DWC_ARCHIVE","2018-06-20T08:02:39.654+0000","2016-03-21T16:03:01.374+0000",28,"none","PRESERVED_SPECIMEN",2892128,6,7707728,220,412,8798,2892076,2892128,2892128,"Duroia velutina Hook.f. ex K.Schum.","Duroia velutina Hook.f. ex K.Schum.","Plantae","Tracheophyta","Gentianales","Rubiaceae","Duroia","Duroia velutina","Duroia","velutina","SPECIES","ACCEPTED","1997-01-01T00:00:00",100,NA,"Amazonas",1996,8,6,"1996-08-06T00:00:00","2011-04-17T13:57:00.000+0000","2018-12-09T00:36:20.426+0000","http://creativecommons.org/licenses/by/4.0/legalcode","none","none","none","WGS84","Magnoliopsida","BR","Brazil","Missouri Botanical Garden","urn:catalog:MO:Tropicos:3115944","Acevedo-Rodríguez 8003","Tropicos","","Alto Rio Negro, ca. 10 km N of Barcelos. Boat stationed at: Collecting sita ca. 1 km circumference from coordinates. Igrapo forest on islets. River flooded ca. 10 m. over its lowest lever.","MO",1260499509,"urn:catalog:MO:Tropicos:3115944","PhysicalObject","Pedro Acevedo-Rodríguez|J. Santos L.|José Guedes","3115944","","MO","","C.M.Taylor","",NA,"SOUTH_AMERICA","No opinion","ICNafp","",27900943,"MOBOT","http://www.tropicos.org/Specimen/3115944","http://biocol.org/urn:lsid:biocol.org:col:15859","","","",NA,"",NA,NA,"","","",NA,NA,"",NA,NA,"","","","",NA,"","","","","","Amazonas","brazil",NA,"",NA,NA,NA,"","","Amazonas",-64.65219948,-4.15548242,"Amazonas","am",0.87444,-62.97027,"original coordinates","original coordinates outside municipality original in  falls in barcelos"
"18","Duroia velutina",1321316143,-0.7686,-62.2208,"gass84","821cc27a-e3bb-4bc5-ac34-89ada245069d","bc092ff0-02e4-11dc-991f-b8a03c50a862","none","b2ff19b5-d74f-40d2-82f1-ec5db01e8e31","US","DWC_ARCHIVE","2018-07-02T13:31:42.626+0000","2018-04-02T17:50:08.899+0000",58,"none","PRESERVED_SPECIMEN",2892128,6,7707728,220,412,8798,2892076,2892128,2892128,"Duroia velutina Hook.f. ex K.Schum.","Duroia velutina Hook.f. ex K.Schum.","Plantae","Tracheophyta","Gentianales","Rubiaceae","Duroia","Duroia velutina","Duroia","velutina","SPECIES","ACCEPTED","none",100,NA,"Amazonas",1996,8,13,"1996-08-13T00:00:00","","2018-12-07T14:29:30.679+0000","http://creativecommons.org/publicdomain/zero/1.0/legalcode","none","none","none","WGS84","Magnoliopsida","BR","Brazil","","http://n2t.net/ark:/65665/3b5ef014c-2025-4342-b2d3-cce12445210c","8261","NMNH Extant Biology","","Amazonas: along Cuiuini River (""blackwaters""), up to 5 km N of boat. Boat stationed at coordinates.","Botany",1321316143,"http://n2t.net/ark:/65665/3b5ef014c-2025-4342-b2d3-cce12445210c","PhysicalObject","P. Acevedo-Rodriguez, J. L. Santos & J. Guedes","3366169","","US","","Taylor, C. M.","",1,"","","","",NA,"","","","http://biocol.org/urn:lsid:biocol.org:col:34871","","",NA,"",NA,NA,"Igapo forest along river; water 2-3 m high above lower level.","13 Aug 1996","South America - Neotropics, Brazil, Amazonas",226,226,"Plantae, Dicotyledonae, Rubiales, Rubiaceae",NA,NA,"","","","",NA,"","","","","","Amazonas","brazil",NA,"",NA,NA,NA,"","","Amazonas",-64.65219948,-4.15548242,"Amazonas","am",-0.7686,-62.2208,"original coordinates","original coordinates outside municipality original in  falls in caracarai"
"19","Duroia velutina",1320224842,-0.8744,-62.9703,"gass84","821cc27a-e3bb-4bc5-ac34-89ada245069d","bc092ff0-02e4-11dc-991f-b8a03c50a862","none","b2ff19b5-d74f-40d2-82f1-ec5db01e8e31","US","DWC_ARCHIVE","2018-07-02T13:27:29.546+0000","2018-04-02T17:16:11.713+0000",58,"none","PRESERVED_SPECIMEN",2892128,6,7707728,220,412,8798,2892076,2892128,2892128,"Duroia velutina Hook.f. ex K.Schum.","Duroia velutina Hook.f. ex K.Schum.","Plantae","Tracheophyta","Gentianales","Rubiaceae","Duroia","Duroia velutina","Duroia","velutina","SPECIES","ACCEPTED","none",100,NA,"Amazonas",1996,8,6,"1996-08-06T00:00:00","","2018-12-06T01:17:42.681+0000","http://creativecommons.org/publicdomain/zero/1.0/legalcode","none","none","none","WGS84","Magnoliopsida","BR","Brazil","","http://n2t.net/ark:/65665/385adace2-eab5-479e-9d52-aa58feb97bf9","8003","NMNH Extant Biology","","Amazonas: Alto Río Negro, ca. 10 km N of Barcelos. Boat stationed at coordinates.  Collecting site ca. 1 km circumference from coordinates.","Botany",1320224842,"http://n2t.net/ark:/65665/385adace2-eab5-479e-9d52-aa58feb97bf9","PhysicalObject","P. Acevedo-Rodriguez, J. L. Santos & J. Guedes","3533937","","US","","Taylor, C. M.","",1,"","","","",NA,"","","","http://biocol.org/urn:lsid:biocol.org:col:34871","","",NA,"",NA,NA,"Igapo forest on islets.","06 Aug 1996","South America - Neotropics, Brazil, Amazonas",219,219,"Plantae, Dicotyledonae, Rubiales, Rubiaceae",NA,NA,"","","","",NA,"","","","","","Amazonas","brazil",NA,"",NA,NA,NA,"","","Amazonas",-64.65219948,-4.15548242,"Amazonas","am",-0.8744,-62.9703,"original coordinates","original coordinates outside municipality original in  falls in barcelos"
"20","Duroia velutina",1260501024,0.76861,-62.22083,"gass84","7bd65a7a-f762-11e1-a439-00145eb45e9a","90fd6680-349f-11d8-aa2d-b8a03c50a862","none","c4e134d3-c68f-406d-a116-6a37895602e0","US","DWC_ARCHIVE","2018-06-20T08:02:39.575+0000","2016-03-21T16:03:06.818+0000",28,"none","PRESERVED_SPECIMEN",2892128,6,7707728,220,412,8798,2892076,2892128,2892128,"Duroia velutina Hook.f. ex K.Schum.","Duroia velutina Hook.f. ex K.Schum.","Plantae","Tracheophyta","Gentianales","Rubiaceae","Duroia","Duroia velutina","Duroia","velutina","SPECIES","ACCEPTED","1997-01-01T00:00:00",100,NA,"Amazonas",1996,8,13,"1996-08-13T00:00:00","2011-04-17T13:57:00.000+0000","2018-12-09T00:36:21.160+0000","http://creativecommons.org/licenses/by/4.0/legalcode","none","none","none","WGS84","Magnoliopsida","BR","Brazil","Missouri Botanical Garden","urn:catalog:MO:Tropicos:3116920","Acevedo-Rodríguez 8261","Tropicos","","Along Cuiuini River, (""black water""), up to 5 km N of boat. Igapo forest along river; water 2-3 high over lower level; forest low, 10-12 m tall.","MO",1260501024,"urn:catalog:MO:Tropicos:3116920","PhysicalObject","Pedro Acevedo-Rodríguez|J. Santos L.|José Guedes","3116920","","MO","","C. M. Taylor","",NA,"SOUTH_AMERICA","No opinion","ICNafp","",27900943,"MOBOT","http://www.tropicos.org/Specimen/3116920","http://biocol.org/urn:lsid:biocol.org:col:15859","","","",NA,"",NA,NA,"","","",NA,NA,"",NA,NA,"","","","",NA,"","","","","","Amazonas","brazil",NA,"",NA,NA,NA,"","","Amazonas",-64.65219948,-4.15548242,"Amazonas","am",0.76861,-62.22083,"original coordinates","original coordinates outside municipality original in  falls in caracarai"
"21","Duroia velutina",1424093122,-0.5,-63.5,"gass84","4300f8d5-1ae5-49e5-a101-63894b005868","838537fc-4aeb-4980-8b58-97fbdcd1d91a","none","da7fe11a-b42c-46cb-9e9d-02243edb738a","BR","DWC_ARCHIVE","2018-10-02T15:38:55.248+0000","2018-09-24T20:00:25.006+0000",207,"none","PRESERVED_SPECIMEN",2892128,6,7707728,220,412,8798,2892076,2892128,2892128,"Duroia velutina Hook.f. ex K.Schum.","Duroia velutina Hook.f. ex K.Schum.","Plantae","Tracheophyta","Gentianales","Rubiaceae","Duroia","Duroia velutina","Duroia","velutina","SPECIES","ACCEPTED","none",NA,NA,"Amazonas",1987,10,8,"1987-10-08T00:00:00","2014-09-12T08:30:38.054+0000","2018-12-06T16:57:03.014+0000","http://creativecommons.org/licenses/by/4.0/legalcode","none","none","none","WGS84","Magnoliopsida","BR","Brazil","Rio de Janeiro Botanical Garden","urn:catalog:JBRJ:RB:340160","9302","RB - Rio de Janeiro Botanical Garden Herbarium Collection","Barcelos","Boca do rio Araricá, margem direita do rio Negro.","RB",1424093122,"urn:catalog:JBRJ:RB:340160","PhysicalObject","Ferreira, C. A. Cid","RB00340160","RB 406141","JBRJ","Arvoreta de 9 m. Flores com pétalas brancas pilosas, botões esverdeados.","Zappi","Mata de igapó, solo arenoso.",NA,"","","","",NA,"","","","","","",NA,"",NA,NA,"","","",NA,NA,"",NA,NA,"","","","",NA,"","","","","Barcelos","Amazonas","brazil",5532,"Barcelos",1300409,-63.433105,-0.463474,"AMAZONAS","AM","Amazonas",-64.65219948,-4.15548242,"Amazonas","am",-0.5,-63.5,"original coordinates","original coordinates OK"
"22","Duroia velutina",1260499151,0.5,-63.5,"gass84","7bd65a7a-f762-11e1-a439-00145eb45e9a","90fd6680-349f-11d8-aa2d-b8a03c50a862","none","c4e134d3-c68f-406d-a116-6a37895602e0","US","DWC_ARCHIVE","2018-06-20T08:02:39.544+0000","2016-03-21T16:02:59.965+0000",28,"none","PRESERVED_SPECIMEN",2892128,6,7707728,220,412,8798,2892076,2892128,2892128,"Duroia velutina Hook.f. ex K.Schum.","Duroia velutina Hook.f. ex K.Schum.","Plantae","Tracheophyta","Gentianales","Rubiaceae","Duroia","Duroia velutina","Duroia","velutina","SPECIES","ACCEPTED","1999-01-01T00:00:00",NA,NA,"Amazonas",1987,10,8,"1987-10-08T00:00:00","2009-07-24T16:01:00.000+0000","2018-12-09T00:36:20.389+0000","http://creativecommons.org/licenses/by/4.0/legalcode","none","none","none","WGS84","Magnoliopsida","BR","Brazil","Missouri Botanical Garden","urn:catalog:MO:Tropicos:3115467","Cid Ferreira 9302","Tropicos","","Boca do rio Ararira, margem direita do rio Negro. Mata de igapo, solo arenoso.","MO",1260499151,"urn:catalog:MO:Tropicos:3115467","PhysicalObject","C.A. Cid Ferreira","3115467","","MO","","C.M.Taylor","",NA,"SOUTH_AMERICA","No opinion","ICNafp","",27900943,"MOBOT","http://www.tropicos.org/Specimen/3115467","http://biocol.org/urn:lsid:biocol.org:col:15859","","","",NA,"",NA,NA,"","","",NA,NA,"",NA,NA,"","","","",NA,"","","","","","Amazonas","brazil",NA,"",NA,NA,NA,"","","Amazonas",-64.65219948,-4.15548242,"Amazonas","am",0.5,-63.5,"original coordinates","original coordinates outside municipality original in  falls in barcelos"
"23","Duroia velutina",1042642158,-3.653,-68.5,"gass84,gdativ,iddatunl,preneglat","3cc6171e-8c52-4f65-ad7a-32c74e395f29","c0d9c91a-0f83-4819-bf7e-bb5e1184eb6b","none","ada4205f-679c-4a86-9759-ff652ac467b3","BR","DWC_ARCHIVE","2017-10-08T07:25:10.676+0000","2014-11-24T14:44:52.597+0000",50,"none","PRESERVED_SPECIMEN",2892128,6,7707728,220,412,8798,2892076,2892128,2892128,"Duroia velutina Hook.f. ex K.Schum.","Duroia velutina Hook.f. ex K.Schum.","Plantae","Tracheophyta","Gentianales","Rubiaceae","Duroia","Duroia velutina","Duroia","velutina","SPECIES","ACCEPTED","2013-01-01T00:00:00",0,0,"Amazonas",1985,7,1,"1985-07-01T00:00:00","2014-09-26T00:00:00.000+0000","2018-07-07T16:24:12.233+0000","http://creativecommons.org/publicdomain/zero/1.0/legalcode","none","none","none","WGS84","Magnoliopsida","BR","Brazil","Instituto Nacional de Pesquisas da Amazônia (INPA)","urn:catalog:inpa:herbarium:175449","171","Coleção Botânica, Instituto Nacional de Pesquisas da Amazônia (INPA)","","Matas de ambas as margens do rio Aracá perto do ri, Matas de ambas as margens do rio Aracá perto do rio Jauari.","Coleção Botânica, Instituto Nacional de Pesquisas da Amazônia (INPA)",1042642158,"urn:catalog:inpa:herbarium:175449","Collection","Silva, ES da","201107A","","Instituto Nacional de Pesquisas da Amazônia (INPA)","","Nascimento, J. de M.","",NA,"SOUTH_AMERICA","","","Barcelos",NA,"","","","01.263.896/0015-60","pt","License Elements",NA,"",NA,NA,"","","",NA,NA,"",NA,NA,"","","","",NA,"","","","","","Amazonas","brazil",NA,"",NA,NA,NA,"","","Amazonas",-64.65219948,-4.15548242,"Amazonas","am",-3.653,-68.5,"original coordinates","original coordinates outside municipality original in  falls in amatura"
"24","Duroia velutina",1260501478,-0.96666,-62.95,"gass84","7bd65a7a-f762-11e1-a439-00145eb45e9a","90fd6680-349f-11d8-aa2d-b8a03c50a862","none","c4e134d3-c68f-406d-a116-6a37895602e0","US","DWC_ARCHIVE","2018-06-20T08:02:39.937+0000","2016-03-21T16:03:08.060+0000",28,"none","PRESERVED_SPECIMEN",2892128,6,7707728,220,412,8798,2892076,2892128,2892128,"Duroia velutina Hook.f. ex K.Schum.","Duroia velutina Hook.f. ex K.Schum.","Plantae","Tracheophyta","Gentianales","Rubiaceae","Duroia","Duroia velutina","Duroia","velutina","SPECIES","ACCEPTED","1981-01-01T00:00:00",NA,NA,"Amazonas",1978,1,14,"1978-01-14T00:00:00","2010-12-01T20:24:00.000+0000","2018-12-09T00:36:21.538+0000","http://creativecommons.org/licenses/by/4.0/legalcode","none","none","none","WGS84","Magnoliopsida","BR","Brazil","Missouri Botanical Garden","urn:catalog:MO:Tropicos:3117543","Steward 320","Tropicos","","Rio Negro, Barcellos. Varzea.","MO",1260501478,"urn:catalog:MO:Tropicos:3117543","PhysicalObject","William C. Steward|Izonete de Jesus Araújo|G. Rogers|José F. Ramos|J. Ribamar do Nascimento de Lima","3117543","","MO","","J.H.Kirkbride, Jr.","",NA,"SOUTH_AMERICA","No opinion","ICNafp","",27900943,"MOBOT","http://www.tropicos.org/Specimen/3117543","http://biocol.org/urn:lsid:biocol.org:col:15859","","","",NA,"",NA,NA,"","","",NA,NA,"",NA,NA,"","","","",NA,"","","","","","Amazonas","brazil",NA,"",NA,NA,NA,"","","Amazonas",-64.65219948,-4.15548242,"Amazonas","am",-0.96666,-62.95,"original coordinates","original coordinates outside municipality original in  falls in barcelos"
"25","Duroia velutina",1228264740,-5,-63,"gass84","90c853e6-56bd-480b-8e8f-6285c3f8d42b","7b8aff00-a9f8-11d8-944b-b8a03c50a862","none","3b84ff5b-79ce-427c-acb7-b4004e160f66","US","DWC_ARCHIVE","2018-11-22T21:36:25.069+0000","2018-11-22T21:36:25.105+0000",97,"none","PRESERVED_SPECIMEN",2892128,6,7707728,220,412,8798,2892076,2892128,2892128,"Duroia velutina Hook.f. ex K.Schum.","Duroia velutina Hook.f. ex K.Schum.","Plantae","Tracheophyta","Gentianales","Rubiaceae","Duroia","Duroia velutina","Duroia","velutina","SPECIES","ACCEPTED","1999-01-01T00:00:00",NA,NA,"Amazonas",1978,10,9,"1978-10-09T00:00:00","","2018-12-07T20:09:53.908+0000","http://creativecommons.org/publicdomain/zero/1.0/legalcode","none","none","none","WGS84","Magnoliopsida","BR","Brazil","The Field Museum of Natural History","7b71c835-2442-40c5-a2db-f62b9dbf0be3","6083","Rapid Reference Collection","","","Botany",1228264740,"7b71c835-2442-40c5-a2db-f62b9dbf0be3","PhysicalObject","M. T. Madison","V0355185F","","F","","RRC ID Flag","",NA,"SOUTH_AMERICA","","ICBN","",NA,"F","","Botany","F","en","",NA,"",NA,NA,"","","South America, Brazil, Amazonas, Norte",NA,NA,"Plantae Spermatophyta Dicotyledoneae Rubiaceae",6083,310507,"seeds-20-nov-2018","http://fieldmuseum.org/about/copyright-information","","",NA,"","","","","","Amazonas","brazil",NA,"",NA,NA,NA,"","","Amazonas",-64.65219948,-4.15548242,"Amazonas","am",-5,-63,"original coordinates","original coordinates outside municipality original in  falls in tapaua"
"26","Duroia velutina",1228404299,-5,-63,"gass84","90c853e6-56bd-480b-8e8f-6285c3f8d42b","7b8aff00-a9f8-11d8-944b-b8a03c50a862","none","3b84ff5b-79ce-427c-acb7-b4004e160f66","US","DWC_ARCHIVE","2018-11-22T21:34:42.918+0000","2018-11-22T21:34:42.943+0000",97,"none","PRESERVED_SPECIMEN",2892128,6,7707728,220,412,8798,2892076,2892128,2892128,"Duroia velutina Hook.f. ex K.Schum.","Duroia velutina Hook.f. ex K.Schum.","Plantae","Tracheophyta","Gentianales","Rubiaceae","Duroia","Duroia velutina","Duroia","velutina","SPECIES","ACCEPTED","1969-01-01T00:00:00",NA,NA,"Amazonas",1966,10,14,"1966-10-14T00:00:00","","2018-12-07T20:11:16.361+0000","http://creativecommons.org/publicdomain/zero/1.0/legalcode","none","none","none","WGS84","Magnoliopsida","BR","Brazil","The Field Museum of Natural History","29f76d4d-152a-4323-99d9-0d9e5bd24e2b","2650","Rapid Reference Collection","","","Botany",1228404299,"29f76d4d-152a-4323-99d9-0d9e5bd24e2b","PhysicalObject","G. T. Prance","V0355186F","","F","","RRC ID Flag","",NA,"SOUTH_AMERICA","","ICBN","",NA,"F","","Botany","F","en","",NA,"",NA,NA,"","","South America, Brazil, Amazonas, Norte",NA,NA,"Plantae Spermatophyta Dicotyledoneae Rubiaceae",2650,310508,"seeds-20-nov-2018","http://fieldmuseum.org/about/copyright-information","","",NA,"","","","","","Amazonas","brazil",NA,"",NA,NA,NA,"","","Amazonas",-64.65219948,-4.15548242,"Amazonas","am",-5,-63,"original coordinates","original coordinates outside municipality original in  falls in tapaua"
"27","Duroia velutina",1042506843,-0.92,-62.94,"elmms,gass84,gdativ,iddatunl","3cc6171e-8c52-4f65-ad7a-32c74e395f29","c0d9c91a-0f83-4819-bf7e-bb5e1184eb6b","none","ada4205f-679c-4a86-9759-ff652ac467b3","BR","DWC_ARCHIVE","2017-10-08T07:24:38.641+0000","2014-11-24T14:41:17.251+0000",50,"none","PRESERVED_SPECIMEN",2892128,6,7707728,220,412,8798,2892076,2892128,2892128,"Duroia velutina Hook.f. ex K.Schum.","Duroia velutina Hook.f. ex K.Schum.","Plantae","Tracheophyta","Gentianales","Rubiaceae","Duroia","Duroia velutina","Duroia","velutina","SPECIES","ACCEPTED","1966-02-01T00:00:00",23,23,"Amazonas",1962,9,11,"1962-09-11T00:00:00","2014-09-26T00:00:00.000+0000","2018-07-07T16:24:12.217+0000","http://creativecommons.org/publicdomain/zero/1.0/legalcode","none","none","none","WGS84","Magnoliopsida","BR","Brazil","Instituto Nacional de Pesquisas da Amazônia (INPA)","urn:catalog:inpa:herbarium:40415","7114","Coleção Botânica, Instituto Nacional de Pesquisas da Amazônia (INPA)","","Barcelos, Barcelos, Rio Domani. Appa 175.","Coleção Botânica, Instituto Nacional de Pesquisas da Amazônia (INPA)",1042506843,"urn:catalog:inpa:herbarium:40415","Collection","Duarte, AP","14659","","Instituto Nacional de Pesquisas da Amazônia (INPA)","","Rodrigues, W.A.","",NA,"SOUTH_AMERICA","","","Barcelos",NA,"","","","01.263.896/0015-60","pt","License Elements",NA,"",NA,NA,"","","",NA,NA,"",NA,NA,"","","","",NA,"","","","","","Amazonas","brazil",NA,"",NA,NA,NA,"","","Amazonas",-64.65219948,-4.15548242,"Amazonas","am",-0.92,-62.94,"original coordinates","original coordinates outside municipality original in  falls in barcelos"
"28","Duroia velutina",1848901408,-10,-55,"","7b9a08ea-f762-11e1-a439-00145eb45e9a","0674aea0-a7e1-11d8-9534-b8a03c50a862","none","6038e54e-f762-11e1-a439-00145eb45e9a","DE","BIOCASE","2018-10-16T15:24:07.865+0000","2018-06-12T19:09:55.385+0000",91,"none","PRESERVED_SPECIMEN",2892128,6,7707728,220,412,8798,2892076,2892128,2892128,"Duroia velutina Hook.f. ex K.Schum.","Duroia velutina Hook.f. ex K.Schum.","Plantae","Tracheophyta","Gentianales","Rubiaceae","Duroia","Duroia velutina","Duroia","velutina","SPECIES","ACCEPTED","none",NA,NA,"",1851,11,NA,"1851-11-01T00:00:00","","2018-12-08T22:46:27.638+0000","http://creativecommons.org/licenses/by/4.0/legalcode","none","none","none","WGS84","Magnoliopsida","BR","Brazil","","","","","","Secus Rio Negro. Brasiliae septentrionalis. Inter Barra et Barcellos.","BSMvplantscoll",1848901408,"http://id.snsb.info/snsb/collection/500490/621709/279293","","Spruce, R. (no. 1910)","M-0187343 / 621709 / 279293","","SNSB-M","","","",NA,"","","","",NA,"","","","","","",NA,"",NA,NA,"","","",NA,NA,"",NA,NA,"","","ISOTYPE","Duroia velutina Hook.f. ex K.Schum.",NA,"","","","","","","brazil",NA,"",NA,NA,NA,"","","",NA,NA,NA,"",-10,-55,"original coordinates","original coordinates outside municipality original in  falls in guaranta do norte"
"29","Duroia velutina",1927770611,-1.940518,-61.348686,"cdround,rdatm","d415c253-4d61-4459-9d25-4015b9084fb0","ae447c50-b8a8-11d8-92a4-b8a03c50a862","none","17017c2c-036b-45d9-b045-606d21b00771","US","DWC_ARCHIVE","2018-11-18T14:44:32.532+0000","2018-11-18T14:44:32.551+0000",96,"none","PRESERVED_SPECIMEN",2892129,6,7707728,220,412,8798,2892076,2892128,2892128,"Amaioua velutina Spruce","Duroia velutina Hook.f. ex K.Schum.","Plantae","Tracheophyta","Gentianales","Rubiaceae","Duroia","Duroia velutina","Amaioua","velutina","SPECIES","SYNONYM","none",0,0,"Amazonas",1851,11,NA,"1851-11-01T00:00:00","","2018-12-05T23:29:42.285+0000","http://creativecommons.org/publicdomain/zero/1.0/legalcode","none","none","none","WGS84","Magnoliopsida","BR","Brazil","The New York Botanical Garden","002d90e4-ab12-4b96-aa51-37d282998771","1910","Vascular plants","","Secus Rio Negro, Brasiliae septentrionalis, inter Barra [Manaus] et Barcellos.","NY",1927770611,"002d90e4-ab12-4b96-aa51-37d282998771","PhysicalObject","R. Spruce","130822","","NY","","","",NA,"SOUTH_AMERICA","","ICN","",NA,"","","http://biocol.org/urn:lsid:biocol.org:col:15556","http://biocol.org/urn:lsid:biocol.org:col:15556","en","",NA,"sheet",NA,NA,"","Nov 1851","",0,0,"",NA,NA,"","","ISOTYPE","",204485.57,"http://sweetgum.nybg.org/science/vh/specimen_details.php?irn=674968","2013-09-05","Georeferencing Quick Reference Guide, Version 2012","Manis Georef. Calculator","","Amazonas","brazil",NA,"",NA,NA,NA,"","","Amazonas",-64.65219948,-4.15548242,"Amazonas","am",-1.940518,-61.348686,"original coordinates","original coordinates outside municipality original in  falls in novo airao"
"30","Duroia velutina",1702843742,-3.03,-60.6,"gass84","821cc27a-e3bb-4bc5-ac34-89ada245069d","bc092ff0-02e4-11dc-991f-b8a03c50a862","none","b2ff19b5-d74f-40d2-82f1-ec5db01e8e31","US","DWC_ARCHIVE","2018-07-02T13:35:48.371+0000","2018-04-02T18:41:02.659+0000",58,"none","PRESERVED_SPECIMEN",2892128,6,7707728,220,412,8798,2892076,2892128,2892128,"Duroia velutina Hook.f. ex K.Schum.","Duroia velutina Hook.f. ex K.Schum.","Plantae","Tracheophyta","Gentianales","Rubiaceae","Duroia","Duroia velutina","Duroia","velutina","SPECIES","ACCEPTED","none",NA,NA,"Amazonas",NA,NA,NA,"none","","2018-12-08T11:36:20.786+0000","http://creativecommons.org/publicdomain/zero/1.0/legalcode","none","none","none","WGS84","Magnoliopsida","BR","Brazil","","http://n2t.net/ark:/65665/3e4b382bd-9ff5-4f38-98de-8e98c83ce052","30002","NMNH Extant Biology","","Igarapé Acajatuba, amrgem direita do rio Negro. Igapó de água preta","Botany",1702843742,"http://n2t.net/ark:/65665/3e4b382bd-9ff5-4f38-98de-8e98c83ce052","PhysicalObject","G. T. Prance, B. W. Nelson, L. O. A. Teixeira, I. L. Amaral & J. Revilla","3114603","","US","","","",1,"","","","",NA,"","","","http://biocol.org/urn:lsid:biocol.org:col:34871","","",NA,"",NA,NA,"","Transcribed d/m/y: 20/4/86","South America - Neotropics, Brazil, Amazonas",NA,NA,"Plantae, Dicotyledonae, Rubiales, Rubiaceae",NA,NA,"","","","",NA,"","","","","","Amazonas","brazil",NA,"",NA,NA,NA,"","","Amazonas",-64.65219948,-4.15548242,"Amazonas","am",-3.03,-60.6,"original coordinates","original coordinates outside municipality original in  falls in iranduba"
"31","Duroia velutina",1042488289,1.073815,-60.99,"gass84,gdativ,iddatunl","3cc6171e-8c52-4f65-ad7a-32c74e395f29","c0d9c91a-0f83-4819-bf7e-bb5e1184eb6b","none","ada4205f-679c-4a86-9759-ff652ac467b3","BR","DWC_ARCHIVE","2017-10-08T07:24:34.417+0000","2014-11-24T14:40:43.031+0000",50,"none","PRESERVED_SPECIMEN",2892128,6,7707728,220,412,8798,2892076,2892128,2892128,"Duroia velutina Hook.f. ex K.Schum.","Duroia velutina Hook.f. ex K.Schum.","Plantae","Tracheophyta","Gentianales","Rubiaceae","Duroia","Duroia velutina","Duroia","velutina","SPECIES","ACCEPTED","2013-01-01T00:00:00",0,0,"Amazonas",NA,NA,NA,"none","2014-09-26T00:00:00.000+0000","2018-07-07T16:24:12.217+0000","http://creativecommons.org/publicdomain/zero/1.0/legalcode","none","none","none","WGS84","Magnoliopsida","BR","Brazil","Instituto Nacional de Pesquisas da Amazônia (INPA)","urn:catalog:inpa:herbarium:22528","38","Coleção Botânica, Instituto Nacional de Pesquisas da Amazônia (INPA)","","BOT3.","Coleção Botânica, Instituto Nacional de Pesquisas da Amazônia (INPA)",1042488289,"urn:catalog:inpa:herbarium:22528","Collection","Carneiro Filho, A","199020","","Instituto Nacional de Pesquisas da Amazônia (INPA)","","Nascimento, J. de M.","",NA,"SOUTH_AMERICA","","","",NA,"","","","01.263.896/0015-60","pt","License Elements",NA,"",NA,NA,"","","",NA,NA,"",NA,NA,"","","","",NA,"","","","","","Amazonas","brazil",NA,"",NA,NA,NA,"","","Amazonas",-64.65219948,-4.15548242,"Amazonas","am",1.073815,-60.99,"original coordinates","original coordinates outside municipality original in  falls in rorainopolis"
