"","name","key","decimalLatitude","decimalLongitude","issues","datasetKey","publishingOrgKey","networkKeys","installationKey","publishingCountry","protocol","lastCrawled","lastParsed","crawlId","extensions","basisOfRecord","taxonKey","kingdomKey","phylumKey","classKey","orderKey","familyKey","genusKey","speciesKey","acceptedTaxonKey","scientificName","acceptedScientificName","kingdom","phylum","order","family","genus","species","genericName","specificEpithet","taxonRank","taxonomicStatus","dateIdentified","elevation","elevationAccuracy","stateProvince.original","year","month","day","eventDate","lastInterpreted","license","identifiers","facts","relations","geodeticDatum","class","countryCode","country.original","rightsHolder","identifier","recordNumber","datasetName","municipality.original","locality","language","collectionCode","gbifID","occurrenceID","type","recordedBy","catalogNumber","institutionCode","ownerInstitutionCode","occurrenceRemarks","identifiedBy","modified","continent","otherCatalogNumbers","fieldNotes","individualCount","fieldNumber","nomenclaturalStatus","nomenclaturalCode","taxonID","bibliographicCitation","collectionID","preparations","institutionID","higherGeography","organismID","datasetID","accessRights","higherClassification","typeStatus","typifiedName","municipality","stateProvince","country","FID","NOME","GEOCODIGO","POINT_X","POINT_Y","NOMEUF","SIGLAUF","estados_shp","x_estado","y_estado","nome","sigla","new_Lat","new_Lon","notes","comments"
"1","Psychotria laciniata",1853940934,-26.801944,-48.616389,"cdround,gass84","b9a43c60-d2b6-445c-9362-2db65465c963","34e6e625-47cf-4d42-8054-af0c2f1b6e64","none","b38ff2b7-c8af-454e-b5af-ee760f0d5bca","BR","DWC_ARCHIVE","2018-11-23T15:39:30.128+0000","2018-10-24T15:38:20.532+0000",121,"none","PRESERVED_SPECIMEN",2922927,6,7707728,220,412,8798,2919963,2922927,2922927,"Psychotria laciniata Vell.","Psychotria laciniata Vell.","Plantae","Tracheophyta","Gentianales","Rubiaceae","Psychotria","Psychotria laciniata","Psychotria","laciniata","SPECIES","ACCEPTED","2018-05-10T00:00:00",7,0,"Santa Catarina",2018,5,10,"2018-05-10T00:00:00","2018-10-24T15:39:03.943+0000","http://creativecommons.org/licenses/by-nc/4.0/legalcode","none","none","none","WGS84","Magnoliopsida","BR","Brazil","FURB - Herbário Dr. Roberto Miguel Klein","BRA:FURB:FURB:0000059034","2726","FURB - Herbário Dr. Roberto Miguel Klein","Penha","J.B. World Entretenimentos S/A.","pt","FURB",1853940934,"BRA:FURB:FURB:0000059034","Collection","Kassner-Filho, A.","59034","Universidade Regional de Blumenau, FURB","Universidade Regional de Blumenau, FURB","flor branca","Kassner-Filho, A.","","","","",NA,NA,"","",NA,"","","",NA,NA,NA,NA,NA,NA,"","","Penha","Santa Catarina","brazil",709,"Penha",4212502,-48.65028,-26.807638,"SANTA CATARINA","SC","Santa Catarina",-50.48226937,-27.24592878,"Santa Catarina","sc",-26.801944,-48.616389,"original coordinates","original coordinates OK"
"2","Psychotria laciniata",1889165593,-26.241389,-49.383333,"cdround,gass84","b9a43c60-d2b6-445c-9362-2db65465c963","34e6e625-47cf-4d42-8054-af0c2f1b6e64","none","b38ff2b7-c8af-454e-b5af-ee760f0d5bca","BR","DWC_ARCHIVE","2018-11-23T15:39:30.291+0000","2018-10-24T15:38:20.666+0000",121,"none","PRESERVED_SPECIMEN",2922927,6,7707728,220,412,8798,2919963,2922927,2922927,"Psychotria laciniata Vell.","Psychotria laciniata Vell.","Plantae","Tracheophyta","Gentianales","Rubiaceae","Psychotria","Psychotria laciniata","Psychotria","laciniata","SPECIES","ACCEPTED","2018-06-18T00:00:00",850,0,"Santa Catarina",2018,6,18,"2018-06-18T00:00:00","2018-10-24T15:39:04.212+0000","http://creativecommons.org/licenses/by-nc/4.0/legalcode","none","none","none","WGS84","Magnoliopsida","BR","Brazil","FURB - Herbário Dr. Roberto Miguel Klein","BRA:FURB:FURB:0000059264","2803","FURB - Herbário Dr. Roberto Miguel Klein","São Bento do Sul","Centro. Em capão de FOM, atrás do Hotel Serra Alta.","pt","FURB",1889165593,"BRA:FURB:FURB:0000059264","Collection","Schwirkowski, P.","59264","Universidade Regional de Blumenau, FURB","Universidade Regional de Blumenau, FURB","Frutos esverdeados, imaturos, flores brancas","Schwirkowski,P.","","","","",NA,NA,"","",NA,"","","",NA,NA,NA,NA,NA,NA,"","","São Bento do Sul","Santa Catarina","brazil",787,"São Bento do Sul",4215802,-49.34941,-26.295148,"SANTA CATARINA","SC","Santa Catarina",-50.48226937,-27.24592878,"Santa Catarina","sc",-26.241389,-49.383333,"original coordinates","original coordinates OK"
"3","Psychotria laciniata",1913570834,-27.886944,-48.572778,"cdround,gass84","b9a43c60-d2b6-445c-9362-2db65465c963","34e6e625-47cf-4d42-8054-af0c2f1b6e64","none","b38ff2b7-c8af-454e-b5af-ee760f0d5bca","BR","DWC_ARCHIVE","2018-11-23T15:39:30.882+0000","2018-10-24T15:38:21.141+0000",121,"none","PRESERVED_SPECIMEN",2922927,6,7707728,220,412,8798,2919963,2922927,2922927,"Psychotria laciniata Vell.","Psychotria laciniata Vell.","Plantae","Tracheophyta","Gentianales","Rubiaceae","Psychotria","Psychotria laciniata","Psychotria","laciniata","SPECIES","ACCEPTED","2018-07-17T00:00:00",25,0,"Santa Catarina",2018,7,17,"2018-07-17T00:00:00","2018-12-10T13:35:41.658+0000","http://creativecommons.org/licenses/by-nc/4.0/legalcode","none","none","none","WGS84","Magnoliopsida","BR","Brazil","FURB - Herbário Dr. Roberto Miguel Klein","BRA:FURB:FURB:0000060058","3084","FURB - Herbário Dr. Roberto Miguel Klein","Palhoça","Vale da Utopia.","pt","FURB",1913570834,"BRA:FURB:FURB:0000060058","Collection","Kassner-Filho, A.; Santos, D.; Bollmann, G.; Althoff, L.F.","60058","Universidade Regional de Blumenau, FURB","Universidade Regional de Blumenau, FURB","fruto imaturo","Kassner-Filho, A.","2018-10-11T17:27:39.000+0000","","","",NA,NA,"","",NA,"","","",NA,NA,NA,NA,NA,NA,"","","Palhoça","Santa Catarina","brazil",468,"Palhoça",4211900,-48.671008,-27.779709,"SANTA CATARINA","SC","Santa Catarina",-50.48226937,-27.24592878,"Santa Catarina","sc",-27.886944,-48.572778,"original coordinates","original coordinates outside Brazil"
"4","Psychotria laciniata",1931772591,-27.540278,-48.689444,"cdround,gass84","b9a43c60-d2b6-445c-9362-2db65465c963","34e6e625-47cf-4d42-8054-af0c2f1b6e64","none","b38ff2b7-c8af-454e-b5af-ee760f0d5bca","BR","DWC_ARCHIVE","2018-11-23T15:39:31.112+0000","2018-10-24T15:38:21.379+0000",121,"none","PRESERVED_SPECIMEN",2922927,6,7707728,220,412,8798,2919963,2922927,2922927,"Psychotria laciniata Vell.","Psychotria laciniata Vell.","Plantae","Tracheophyta","Gentianales","Rubiaceae","Psychotria","Psychotria laciniata","Psychotria","laciniata","SPECIES","ACCEPTED","2018-07-19T00:00:00",NA,NA,"Santa Catarina",2018,7,19,"2018-07-19T00:00:00","2018-12-07T06:14:59.549+0000","http://creativecommons.org/licenses/by-nc/4.0/legalcode","none","none","none","WGS84","Magnoliopsida","BR","Brazil","FURB - Herbário Dr. Roberto Miguel Klein","BRA:FURB:FURB:0000060413","3142","FURB - Herbário Dr. Roberto Miguel Klein","São José","","pt","FURB",1931772591,"BRA:FURB:FURB:0000060413","Collection","Kassner-Filho, A.; Santos, D.; Bollmann, G.; Althoff, L.F.","60413","Universidade Regional de Blumenau, FURB","Universidade Regional de Blumenau, FURB","fruto imaturo","Kassner-Filho, A.","2018-10-11T17:27:39.000+0000","","","",NA,NA,"","",NA,"","","",NA,NA,NA,NA,NA,NA,"","","São José","Santa Catarina","brazil",521,"São José",4216602,-48.672899,-27.577183,"SANTA CATARINA","SC","Santa Catarina",-50.48226937,-27.24592878,"Santa Catarina","sc",-27.540278,-48.689444,"original coordinates","original coordinates OK"
"5","Psychotria laciniata",1563171291,-26.794722,-48.591944,"cdround,gass84","b9a43c60-d2b6-445c-9362-2db65465c963","34e6e625-47cf-4d42-8054-af0c2f1b6e64","none","b38ff2b7-c8af-454e-b5af-ee760f0d5bca","BR","DWC_ARCHIVE","2018-11-23T15:39:25.125+0000","2018-10-24T15:38:17.930+0000",121,"none","PRESERVED_SPECIMEN",2922927,6,7707728,220,412,8798,2919963,2922927,2922927,"Psychotria laciniata Vell.","Psychotria laciniata Vell.","Plantae","Tracheophyta","Gentianales","Rubiaceae","Psychotria","Psychotria laciniata","Psychotria","laciniata","SPECIES","ACCEPTED","2017-02-14T00:00:00",72,0,"Santa Catarina",2017,2,14,"2017-02-14T00:00:00","2018-12-07T14:50:40.021+0000","http://creativecommons.org/licenses/by-nc/4.0/legalcode","none","none","none","WGS84","Magnoliopsida","BR","Brazil","FURB - Herbário Dr. Roberto Miguel Klein","BRA:FURB:FURB:0000052695","6023","FURB - Herbário Dr. Roberto Miguel Klein","Penha","Estrada da Praia Vermelha.","pt","FURB",1563171291,"BRA:FURB:FURB:0000052695","Collection","Funez, L.A.; A.L. de Gasper, F.F. Pastório","52695","Universidade Regional de Blumenau, FURB","Universidade Regional de Blumenau, FURB","Flores brancas","L.A. Funez","2018-10-11T17:27:38.000+0000","","","",NA,NA,"","",NA,"","","",NA,NA,NA,NA,NA,NA,"","","Penha","Santa Catarina","brazil",709,"Penha",4212502,-48.65028,-26.807638,"SANTA CATARINA","SC","Santa Catarina",-50.48226937,-27.24592878,"Santa Catarina","sc",-26.794722,-48.591944,"original coordinates","original coordinates OK"
"6","Psychotria laciniata",1801099149,-28.168333,-48.958333,"cdround,gass84","b9a43c60-d2b6-445c-9362-2db65465c963","34e6e625-47cf-4d42-8054-af0c2f1b6e64","none","b38ff2b7-c8af-454e-b5af-ee760f0d5bca","BR","DWC_ARCHIVE","2018-11-23T15:39:27.353+0000","2018-10-24T15:38:19.031+0000",121,"none","PRESERVED_SPECIMEN",2922927,6,7707728,220,412,8798,2919963,2922927,2922927,"Psychotria laciniata Vell.","Psychotria laciniata Vell.","Plantae","Tracheophyta","Gentianales","Rubiaceae","Psychotria","Psychotria laciniata","Psychotria","laciniata","SPECIES","ACCEPTED","2017-11-13T00:00:00",89,0,"Santa Catarina",2017,10,25,"2017-10-25T00:00:00","2018-12-08T01:46:26.153+0000","http://creativecommons.org/licenses/by-nc/4.0/legalcode","none","none","none","WGS84","Magnoliopsida","BR","Brazil","FURB - Herbário Dr. Roberto Miguel Klein","BRA:FURB:FURB:0000055442","1363","FURB - Herbário Dr. Roberto Miguel Klein","São Martinho","","pt","FURB",1801099149,"BRA:FURB:FURB:0000055442","Collection","Kassner-Filho, A.; Santos, D.; Bollmann, G.; Silva, D.A.","55442","Universidade Regional de Blumenau, FURB","Universidade Regional de Blumenau, FURB","fruto imaturo","Farias, D.M.","2018-10-11T17:27:38.000+0000","","","",NA,NA,"","",NA,"","","",NA,NA,NA,NA,NA,NA,"","","São Martinho","Santa Catarina","brazil",401,"São Martinho",4217105,-48.973077,-28.125257,"SANTA CATARINA","SC","Santa Catarina",-50.48226937,-27.24592878,"Santa Catarina","sc",-28.168333,-48.958333,"original coordinates","original coordinates OK"
"7","Psychotria laciniata",1077506642,-29.897839,-50.169714,"gass84","52b78a58-c84a-4370-bb14-b27a007d5da6","7cf67ac2-f2f2-42bd-92e4-c2eac0b21039","none","b38ff2b7-c8af-454e-b5af-ee760f0d5bca","BR","DWC_ARCHIVE","2018-11-23T15:39:05.076+0000","2017-12-29T14:09:26.679+0000",128,"none","PRESERVED_SPECIMEN",2922927,6,7707728,220,412,8798,2919963,2922927,2922927,"Psychotria laciniata Vell.","Psychotria laciniata Vell.","Plantae","Tracheophyta","Gentianales","Rubiaceae","Psychotria","Psychotria laciniata","Psychotria","laciniata","SPECIES","ACCEPTED","2015-03-05T00:00:00",7,0,"Rio Grande do Sul",2015,1,21,"2015-01-21T00:00:00","2018-12-09T10:54:15.287+0000","http://creativecommons.org/licenses/by-nc/4.0/legalcode","none","none","none","WGS84","Magnoliopsida","BR","Brazil","HUCS - Herbário da Universidade de Caxias do Sul","BRA:UCS:HUCS:0000042560","1559","HUCS - Herbário da Universidade de Caxias do Sul","Osório","Próximo à Lagoa dos Veados","pt","HUCS",1077506642,"BRA:UCS:HUCS:0000042560","Collection","Gonzatti, F.","42560","UCS","Universidade de Caxias do Sul (UCS)","arvoreta no sub-bosque; mata de Restinga úmida","Gonzatti, F.","2017-11-08T11:12:14.000+0000","","","",NA,NA,"","",NA,"","","",NA,NA,NA,NA,NA,NA,"","","Osório","Rio Grande do Sul","brazil",73,"Osório",4313508,-50.267366,-29.915961,"RIO GRANDE DO SUL","RS","Rio Grande do Sul",-53.24495754,-29.78635099,"Rio Grande do Sul","rs",-29.897839,-50.169714,"original coordinates","original coordinates OK"
"8","Psychotria laciniata",1213523634,-26.341111,-49.311389,"cdround,gass84","b9a43c60-d2b6-445c-9362-2db65465c963","34e6e625-47cf-4d42-8054-af0c2f1b6e64","none","b38ff2b7-c8af-454e-b5af-ee760f0d5bca","BR","DWC_ARCHIVE","2018-11-23T15:39:22.277+0000","2018-10-24T15:38:16.514+0000",121,"none","PRESERVED_SPECIMEN",2922927,6,7707728,220,412,8798,2919963,2922927,2922927,"Psychotria laciniata Vell.","Psychotria laciniata Vell.","Plantae","Tracheophyta","Gentianales","Rubiaceae","Psychotria","Psychotria laciniata","Psychotria","laciniata","SPECIES","ACCEPTED","2015-02-16T00:00:00",575,0,"Santa Catarina",2015,2,16,"2015-02-16T00:00:00","2018-10-24T15:38:53.444+0000","http://creativecommons.org/licenses/by-nc/4.0/legalcode","none","none","none","WGS84","Magnoliopsida","BR","Brazil","FURB - Herbário Dr. Roberto Miguel Klein","BRA:FURB:FURB:0000048429","1054","FURB - Herbário Dr. Roberto Miguel Klein","São Bento do Sul","","pt","FURB",1213523634,"BRA:FURB:FURB:0000048429","Collection","Schwirkowski, P.","48429","Universidade Regional de Blumenau, FURB","Universidade Regional de Blumenau, FURB","","","","","","",NA,NA,"","",NA,"","","",NA,NA,NA,NA,NA,NA,"","","São Bento do Sul","Santa Catarina","brazil",787,"São Bento do Sul",4215802,-49.34941,-26.295148,"SANTA CATARINA","SC","Santa Catarina",-50.48226937,-27.24592878,"Santa Catarina","sc",-26.341111,-49.311389,"original coordinates","original coordinates OK"
"9","Psychotria laciniata",1913591728,-29.5215,-50.1128,"gass84","76823beb-2f33-47a6-96a1-ccd2df47ac28","9243118c-e750-412b-91f4-ac987666eee1","none","b38ff2b7-c8af-454e-b5af-ee760f0d5bca","BR","DWC_ARCHIVE","2018-11-23T18:47:05.386+0000","2018-09-24T19:50:19.374+0000",132,"none","PRESERVED_SPECIMEN",2922927,6,7707728,220,412,8798,2919963,2922927,2922927,"Psychotria laciniata Vell.","Psychotria laciniata Vell.","Plantae","Tracheophyta","Gentianales","Rubiaceae","Psychotria","Psychotria laciniata","Psychotria","laciniata","SPECIES","ACCEPTED","2015-11-01T00:00:00",8,0,"Rio Grande do Sul",2015,9,13,"2015-09-13T00:00:00","2018-12-10T13:35:52.499+0000","http://creativecommons.org/licenses/by-nc/4.0/legalcode","none","none","none","WGS84","Magnoliopsida","BR","Brazil","ASE - Herbário da Universidade Federal de Sergipe","BRA:UFS:ASE:0000040116","2122","ASE - Herbário da Universidade Federal de Sergipe","Osório","Lagoa das Trairas","pt","ASE",1913591728,"BRA:UFS:ASE:0000040116","Collection","Gonzatti, F; Demeda, C; Gaio, J; Link, O","40116","Universidade Federal de Sergipe, UFS","Universidade Federal de Sergipe, UFS","arvoreta com cálices bem desenvolvidos na frutificação; No interior de mata paludosa","Gonzatti, F","2018-08-31T18:31:06.000+0000","SOUTH_AMERICA","","",NA,NA,"","",NA,"","","",NA,NA,NA,NA,NA,NA,"","","Osório","Rio Grande do Sul","brazil",73,"Osório",4313508,-50.267366,-29.915961,"RIO GRANDE DO SUL","RS","Rio Grande do Sul",-53.24495754,-29.78635099,"Rio Grande do Sul","rs",-29.5215,-50.1128,"original coordinates","original coordinates outside municipality original in osorio falls in itati"
"10","Psychotria laciniata",1095353561,-29.309722,-49.771389,"gass84","2273e40d-26c2-4959-aea2-b6abcce16d09","04481953-6112-489f-bb8d-9703d787e3ea","none","b38ff2b7-c8af-454e-b5af-ee760f0d5bca","BR","DWC_ARCHIVE","2018-12-03T13:50:20.931+0000","2018-12-03T15:52:54.113+0000",122,"none","PRESERVED_SPECIMEN",2922927,6,7707728,220,412,8798,2919963,2922927,2922927,"Psychotria laciniata Vell.","Psychotria laciniata Vell.","Plantae","Tracheophyta","Gentianales","Rubiaceae","Psychotria","Psychotria laciniata","Psychotria","laciniata","SPECIES","ACCEPTED","none",27,0,"Rio Grande do Sul",2014,1,19,"2014-01-19T00:00:00","2018-12-03T15:54:06.899+0000","http://creativecommons.org/licenses/by-nc/4.0/legalcode","none","none","none","WGS84","Magnoliopsida","BR","Brazil","ICN - Herbário do Instituto de Ciências Naturais","BRA:UFRGS:ICN:0000171983","s.n.","ICN - Herbário do Instituto de Ciências Naturais","Torres","São João","pt","ICN",1095353561,"BRA:UFRGS:ICN:0000171983","Collection","Molz, M; M. Grings, G Seger","171983","UFRGS","Universidade Federal do Rio Grande do Sul (UFRGS)","WGS-84","Grings, M","2018-10-15T19:29:29.000+0000","SOUTH_AMERICA","","",NA,NA,"","",NA,"","","",NA,NA,NA,NA,NA,NA,"","","Torres","Rio Grande do Sul","brazil",194,"Torres",4321501,-49.810162,-29.327838,"RIO GRANDE DO SUL","RS","Rio Grande do Sul",-53.24495754,-29.78635099,"Rio Grande do Sul","rs",-29.309722,-49.771389,"original coordinates","original coordinates OK"
"11","Psychotria laciniata",1424458991,-27.021944,-49.114444,"cdround,gass84","4300f8d5-1ae5-49e5-a101-63894b005868","838537fc-4aeb-4980-8b58-97fbdcd1d91a","none","da7fe11a-b42c-46cb-9e9d-02243edb738a","BR","DWC_ARCHIVE","2018-10-02T15:42:35.329+0000","2018-09-24T20:03:49.111+0000",207,"none","PRESERVED_SPECIMEN",2922927,6,7707728,220,412,8798,2919963,2922927,2922927,"Psychotria laciniata Vell.","Psychotria laciniata Vell.","Plantae","Tracheophyta","Gentianales","Rubiaceae","Psychotria","Psychotria laciniata","Psychotria","laciniata","SPECIES","ACCEPTED","2016-10-19T00:00:00",423,NA,"Santa Catarina",2013,2,25,"2013-02-25T00:00:00","2018-12-06T17:00:35.932+0000","http://creativecommons.org/licenses/by/4.0/legalcode","none","none","none","WGS84","Magnoliopsida","BR","Brazil","Rio de Janeiro Botanical Garden","urn:catalog:JBRJ:RB:799704","1783","RB - Rio de Janeiro Botanical Garden Herbarium Collection","Blumenau","Parque Ecológico Spitzkopf.","","RB",1424458991,"urn:catalog:JBRJ:RB:799704","PhysicalObject","L.A. Funez","RB00799704","JBRJ","","Altura: 3,5 metros de altura; Hábito: arvoreta; Cor/Flor: cálice arroxeado e corola amarelo-claro.","Mario Gomes","2017-10-15T10:13:06.594+0000","","RB 582648","Habitat: borda da trilha; Floresta Ombrófila Densa",NA,NA,"","",NA,"","","",NA,NA,NA,NA,NA,NA,"","","Blumenau","Santa Catarina","brazil",690,"Blumenau",4202404,-49.097426,-26.884746,"SANTA CATARINA","SC","Santa Catarina",-50.48226937,-27.24592878,"Santa Catarina","sc",-27.021944,-49.114444,"original coordinates","original coordinates OK"
"12","Psychotria laciniata",1077420079,-28.734167,-49.225278,"cdround,gass84","b9a43c60-d2b6-445c-9362-2db65465c963","34e6e625-47cf-4d42-8054-af0c2f1b6e64","none","b38ff2b7-c8af-454e-b5af-ee760f0d5bca","BR","DWC_ARCHIVE","2018-11-23T15:39:18.116+0000","2018-10-24T15:38:13.619+0000",121,"none","PRESERVED_SPECIMEN",2922927,6,7707728,220,412,8798,2919963,2922927,2922927,"Psychotria laciniata Vell.","Psychotria laciniata Vell.","Plantae","Tracheophyta","Gentianales","Rubiaceae","Psychotria","Psychotria laciniata","Psychotria","laciniata","SPECIES","ACCEPTED","1905-07-04T00:00:00",17,0,"Santa Catarina",2012,2,28,"2012-02-28T00:00:00","2018-12-06T14:18:04.779+0000","http://creativecommons.org/licenses/by-nc/4.0/legalcode","none","none","none","WGS84","Magnoliopsida","BR","Brazil","FURB - Herbário Dr. Roberto Miguel Klein","BRA:FURB:FURB:0000041009","3380","FURB - Herbário Dr. Roberto Miguel Klein","Içara","Fazenda Esperança, às margens da rodovia BR-101, km 376.","pt","FURB",1077420079,"BRA:FURB:FURB:0000041009","Collection","Stival-Santos, A.; Mancino, L.C.","41009","Universidade Regional de Blumenau, FURB","Universidade Regional de Blumenau, FURB","Encontrada no fragmento Içara 1","Stival-Santos, A","2018-10-11T17:27:38.000+0000","","","",NA,NA,"","",NA,"","","",NA,NA,NA,NA,NA,NA,"","","Içara","Santa Catarina","brazil",289,"Içara",4207007,-49.276951,-28.750863,"SANTA CATARINA","SC","Santa Catarina",-50.48226937,-27.24592878,"Santa Catarina","sc",-28.734167,-49.225278,"original coordinates","original coordinates OK"
"13","Psychotria laciniata",1077377479,-27.1875,-48.5525,"gass84","121275a3-dcce-44f4-9868-37326e9f64ef","d254f613-d4dd-4553-9fe3-b9485ca28371","none","b38ff2b7-c8af-454e-b5af-ee760f0d5bca","BR","DWC_ARCHIVE","2018-11-23T15:40:30.858+0000","2018-10-24T15:38:54.371+0000",122,"none","PRESERVED_SPECIMEN",2922927,6,7707728,220,412,8798,2919963,2922927,2922927,"Psychotria laciniata Vell.","Psychotria laciniata Vell.","Plantae","Tracheophyta","Gentianales","Rubiaceae","Psychotria","Psychotria laciniata","Psychotria","laciniata","SPECIES","ACCEPTED","2012-03-08T00:00:00",2,0,"Santa Catarina",2012,3,8,"2012-03-08T00:00:00","2018-12-06T14:17:46.642+0000","http://creativecommons.org/licenses/by-nc/4.0/legalcode","none","none","none","WGS84","Magnoliopsida","BR","Brazil","FLOR - Herbário do Departamento de Botânica da Universidade Federal de Santa Catarina","BRA:UFSC:FLOR:0000054462","647","FLOR - Herbário do Departamento de Botânica da Universidade Federal de Santa Catarina","Bombinhas","Área de Relevante Interesse Ecológico (ARIE) Costeira de Zimbros.","pt","FLOR",1077377479,"BRA:UFSC:FLOR:0000054462","Collection","Nuernberg, A.; Mello, A.S.; Weber, P. & Lufchitz, A.","54462","Universidade Federal de Santa Catarina (UFSC)","Universidade Federal de Santa Catarina (UFSC)","arbustivo, flores presentes. Coordenadas aproximadas.","Mello, A.S.","2018-10-01T14:25:18.000+0000","","","",NA,NA,"","",NA,"","","",NA,NA,NA,NA,NA,NA,"","","Bombinhas","Santa Catarina","brazil",625,"Bombinhas",4202453,-48.520106,-27.172396,"SANTA CATARINA","SC","Santa Catarina",-50.48226937,-27.24592878,"Santa Catarina","sc",-27.1875,-48.5525,"original coordinates","original coordinates OK"
"14","Psychotria laciniata",1077374986,-27.5275,-48.429722,"gass84","121275a3-dcce-44f4-9868-37326e9f64ef","d254f613-d4dd-4553-9fe3-b9485ca28371","none","b38ff2b7-c8af-454e-b5af-ee760f0d5bca","BR","DWC_ARCHIVE","2018-11-23T15:40:29.427+0000","2018-10-24T15:38:53.266+0000",122,"none","PRESERVED_SPECIMEN",2922927,6,7707728,220,412,8798,2919963,2922927,2922927,"Psychotria laciniata Vell.","Psychotria laciniata Vell.","Plantae","Tracheophyta","Gentianales","Rubiaceae","Psychotria","Psychotria laciniata","Psychotria","laciniata","SPECIES","ACCEPTED","2012-11-23T00:00:00",15,0,"Santa Catarina",2012,11,23,"2012-11-23T00:00:00","2018-12-06T14:17:45.519+0000","http://creativecommons.org/licenses/by-nc/4.0/legalcode","none","none","none","WGS84","Magnoliopsida","BR","Brazil","FLOR - Herbário do Departamento de Botânica da Universidade Federal de Santa Catarina","BRA:UFSC:FLOR:0000051515","867","FLOR - Herbário do Departamento de Botânica da Universidade Federal de Santa Catarina","Florianópolis","PAERVE - Parque Estadual do Rio Vermelho, Ilha de Santa Catarina, Beira da estrada, perto da sede","pt","FLOR",1077374986,"BRA:UFSC:FLOR:0000051515","Collection","Nuernberg, A.","51515","Universidade Federal de Santa Catarina (UFSC)","Universidade Federal de Santa Catarina (UFSC)","arbustivo","Nuernberg, A.","2018-10-01T14:25:18.000+0000","","","",NA,NA,"","",NA,"","","",NA,NA,NA,NA,NA,NA,"","","Florianópolis","Santa Catarina","brazil",517,"Florianópolis",4205407,-48.489329,-27.585684,"SANTA CATARINA","SC","Santa Catarina",-50.48226937,-27.24592878,"Santa Catarina","sc",-27.5275,-48.429722,"original coordinates","original coordinates OK"
"15","Psychotria laciniata",1303583355,-27.186944,-48.565278,"gass84","121275a3-dcce-44f4-9868-37326e9f64ef","d254f613-d4dd-4553-9fe3-b9485ca28371","none","b38ff2b7-c8af-454e-b5af-ee760f0d5bca","BR","DWC_ARCHIVE","2018-11-23T15:40:33.803+0000","2018-10-24T15:38:56.066+0000",122,"none","PRESERVED_SPECIMEN",2922927,6,7707728,220,412,8798,2919963,2922927,2922927,"Psychotria laciniata Vell.","Psychotria laciniata Vell.","Plantae","Tracheophyta","Gentianales","Rubiaceae","Psychotria","Psychotria laciniata","Psychotria","laciniata","SPECIES","ACCEPTED","2011-05-08T00:00:00",2,0,"Santa Catarina",2011,5,8,"2011-05-08T00:00:00","2018-12-07T20:27:24.096+0000","http://creativecommons.org/licenses/by-nc/4.0/legalcode","none","none","none","WGS84","Magnoliopsida","BR","Brazil","FLOR - Herbário do Departamento de Botânica da Universidade Federal de Santa Catarina","BRA:UFSC:FLOR:0000060251","181","FLOR - Herbário do Departamento de Botânica da Universidade Federal de Santa Catarina","Bombinhas","ARIE (Área de Relevante Interesse Ecológico) Costeira de Zimbros.","pt","FLOR",1303583355,"BRA:UFSC:FLOR:0000060251","Collection","Nuernberg, A.; Mello, A.S.","60251","Universidade Federal de Santa Catarina (UFSC)","Universidade Federal de Santa Catarina (UFSC)","Herbáceo, com flores. Coordenadas aproximadas.","Mello, A.S.","2018-10-01T14:25:19.000+0000","","","",NA,NA,"","",NA,"","","",NA,NA,NA,NA,NA,NA,"","","Bombinhas","Santa Catarina","brazil",625,"Bombinhas",4202453,-48.520106,-27.172396,"SANTA CATARINA","SC","Santa Catarina",-50.48226937,-27.24592878,"Santa Catarina","sc",-27.186944,-48.565278,"original coordinates","original coordinates OK"
"16","Psychotria laciniata",1303583343,-27.186667,-48.5625,"gass84","121275a3-dcce-44f4-9868-37326e9f64ef","d254f613-d4dd-4553-9fe3-b9485ca28371","none","b38ff2b7-c8af-454e-b5af-ee760f0d5bca","BR","DWC_ARCHIVE","2018-11-23T15:40:33.793+0000","2018-10-24T15:38:56.021+0000",122,"none","PRESERVED_SPECIMEN",2922927,6,7707728,220,412,8798,2919963,2922927,2922927,"Psychotria laciniata Vell.","Psychotria laciniata Vell.","Plantae","Tracheophyta","Gentianales","Rubiaceae","Psychotria","Psychotria laciniata","Psychotria","laciniata","SPECIES","ACCEPTED","2011-05-06T00:00:00",2,0,"Santa Catarina",2011,5,6,"2011-05-06T00:00:00","2018-12-07T20:27:24.096+0000","http://creativecommons.org/licenses/by-nc/4.0/legalcode","none","none","none","WGS84","Magnoliopsida","BR","Brazil","FLOR - Herbário do Departamento de Botânica da Universidade Federal de Santa Catarina","BRA:UFSC:FLOR:0000060250","100","FLOR - Herbário do Departamento de Botânica da Universidade Federal de Santa Catarina","Bombinhas","ARIE (Área de Relevante Interesse Ecológico) Costeira de Zimbros.","pt","FLOR",1303583343,"BRA:UFSC:FLOR:0000060250","Collection","Nuernberg, A.; Mello, A.S.","60250","Universidade Federal de Santa Catarina (UFSC)","Universidade Federal de Santa Catarina (UFSC)","Arbustivo, flor creme. Coordenadas aproximadas.","Mello, A.S.","2018-10-01T14:25:19.000+0000","","","",NA,NA,"","",NA,"","","",NA,NA,NA,NA,NA,NA,"","","Bombinhas","Santa Catarina","brazil",625,"Bombinhas",4202453,-48.520106,-27.172396,"SANTA CATARINA","SC","Santa Catarina",-50.48226937,-27.24592878,"Santa Catarina","sc",-27.186667,-48.5625,"original coordinates","original coordinates OK"
"17","Psychotria laciniata",1077372902,-27.121944,-48.515,"gass84","121275a3-dcce-44f4-9868-37326e9f64ef","d254f613-d4dd-4553-9fe3-b9485ca28371","none","b38ff2b7-c8af-454e-b5af-ee760f0d5bca","BR","DWC_ARCHIVE","2018-11-23T15:40:28.377+0000","2018-10-24T15:38:52.388+0000",122,"none","PRESERVED_SPECIMEN",2922927,6,7707728,220,412,8798,2919963,2922927,2922927,"Psychotria laciniata Vell.","Psychotria laciniata Vell.","Plantae","Tracheophyta","Gentianales","Rubiaceae","Psychotria","Psychotria laciniata","Psychotria","laciniata","SPECIES","ACCEPTED","2011-09-03T00:00:00",NA,NA,"Santa Catarina",2011,9,3,"2011-09-03T00:00:00","2018-12-06T14:17:44.630+0000","http://creativecommons.org/licenses/by-nc/4.0/legalcode","none","none","none","WGS84","Magnoliopsida","BR","Brazil","FLOR - Herbário do Departamento de Botânica da Universidade Federal de Santa Catarina","BRA:UFSC:FLOR:0000049377","318","FLOR - Herbário do Departamento de Botânica da Universidade Federal de Santa Catarina","Porto Belo","APA da Ponta do Araçá.","pt","FLOR",1077372902,"BRA:UFSC:FLOR:0000049377","Collection","Nuernberg, A.; Mello, A.S. & Weber, P.","49377","Universidade Federal de Santa Catarina (UFSC)","Universidade Federal de Santa Catarina (UFSC)","arbustiva, flor cálice persistente verde claro, Fruto Imaturo, verde, 5m altura. beira de riacho.","Mello, A.S.","2018-10-01T14:25:18.000+0000","","","",NA,NA,"","",NA,"","","",NA,NA,NA,NA,NA,NA,"","","Porto Belo","Santa Catarina","brazil",624,"Porto Belo",4213500,-48.615962,-27.174374,"SANTA CATARINA","SC","Santa Catarina",-50.48226937,-27.24592878,"Santa Catarina","sc",-27.121944,-48.515,"original coordinates","original coordinates OK"
"18","Psychotria laciniata",1077409005,-28.617778,-49.315556,"cdround,gass84","b9a43c60-d2b6-445c-9362-2db65465c963","34e6e625-47cf-4d42-8054-af0c2f1b6e64","none","b38ff2b7-c8af-454e-b5af-ee760f0d5bca","BR","DWC_ARCHIVE","2018-11-23T15:39:11.323+0000","2018-10-24T15:38:08.944+0000",121,"none","PRESERVED_SPECIMEN",2922927,6,7707728,220,412,8798,2919963,2922927,2922927,"Psychotria laciniata Vell.","Psychotria laciniata Vell.","Plantae","Tracheophyta","Gentianales","Rubiaceae","Psychotria","Psychotria laciniata","Psychotria","laciniata","SPECIES","ACCEPTED","2010-08-15T00:00:00",61,0,"Santa Catarina",2010,2,1,"2010-02-01T00:00:00","2018-12-06T14:17:59.968+0000","http://creativecommons.org/licenses/by-nc/4.0/legalcode","none","none","none","WGS84","Magnoliopsida","BR","Brazil","FURB - Herbário Dr. Roberto Miguel Klein","BRA:FURB:FURB:0000029950","3554","FURB - Herbário Dr. Roberto Miguel Klein","Cocal do Sul","Linha Cabral.","pt","FURB",1077409005,"BRA:FURB:FURB:0000029950","Collection","Verdi, M.; Souza, N.L. de & Klemz, G.","29950","Universidade Regional de Blumenau, FURB","Universidade Regional de Blumenau, FURB","Florística IFFSC 50 (Arbusto)","Sobral, M","2018-10-11T17:27:38.000+0000","","","",NA,NA,"","",NA,"","","",NA,NA,NA,NA,NA,NA,"","","Cocal do Sul","Santa Catarina","brazil",317,"Cocal do Sul",4204251,-49.335059,-28.599245,"SANTA CATARINA","SC","Santa Catarina",-50.48226937,-27.24592878,"Santa Catarina","sc",-28.617778,-49.315556,"original coordinates","original coordinates OK"
"19","Psychotria laciniata",1077409126,-27.149444,-48.601944,"cdround,gass84","b9a43c60-d2b6-445c-9362-2db65465c963","34e6e625-47cf-4d42-8054-af0c2f1b6e64","none","b38ff2b7-c8af-454e-b5af-ee760f0d5bca","BR","DWC_ARCHIVE","2018-11-23T15:39:11.349+0000","2018-10-24T15:38:09.117+0000",121,"none","PRESERVED_SPECIMEN",2922927,6,7707728,220,412,8798,2919963,2922927,2922927,"Psychotria laciniata Vell.","Psychotria laciniata Vell.","Plantae","Tracheophyta","Gentianales","Rubiaceae","Psychotria","Psychotria laciniata","Psychotria","laciniata","SPECIES","ACCEPTED","2010-08-15T00:00:00",55,0,"Santa Catarina",2010,2,5,"2010-02-05T00:00:00","2018-12-06T14:17:59.950+0000","http://creativecommons.org/licenses/by-nc/4.0/legalcode","none","none","none","WGS84","Magnoliopsida","BR","Brazil","FURB - Herbário Dr. Roberto Miguel Klein","BRA:FURB:FURB:0000030060","1355","FURB - Herbário Dr. Roberto Miguel Klein","Porto Belo","Margem da BR 101.","pt","FURB",1077409126,"BRA:FURB:FURB:0000030060","Collection","Schmitt, J.L.; Caglioni, E.; Andrade, S. & Cristofolini, C.","30060","Universidade Regional de Blumenau, FURB","Universidade Regional de Blumenau, FURB","Florística IFFSC e8002b (Arbusto)","Sobral, M","2018-10-11T17:27:38.000+0000","","","",NA,NA,"","",NA,"","","",NA,NA,NA,NA,NA,NA,"","","Porto Belo","Santa Catarina","brazil",624,"Porto Belo",4213500,-48.615962,-27.174374,"SANTA CATARINA","SC","Santa Catarina",-50.48226937,-27.24592878,"Santa Catarina","sc",-27.149444,-48.601944,"original coordinates","original coordinates OK"
"20","Psychotria laciniata",1094716630,-27,-49.41,"gass84","bb080d40-c63b-4529-bf21-d1782a81e024","2ccb1a0b-1194-4acf-9921-b5daad99cbb8","none","b38ff2b7-c8af-454e-b5af-ee760f0d5bca","BR","DWC_ARCHIVE","2018-11-24T12:32:44.504+0000","2018-10-25T12:34:36.811+0000",128,"none","PRESERVED_SPECIMEN",2922927,6,7707728,220,412,8798,2919963,2922927,2922927,"Psychotria laciniata Vell.","Psychotria laciniata Vell.","Plantae","Tracheophyta","Gentianales","Rubiaceae","Psychotria","Psychotria laciniata","Psychotria","laciniata","SPECIES","ACCEPTED","2010-08-15T00:00:00",281,0,"Santa Catarina",2010,3,15,"2010-03-15T00:00:00","2018-10-25T12:34:53.668+0000","http://creativecommons.org/licenses/by-nc/4.0/legalcode","none","none","none","WGS84","Magnoliopsida","BR","Brazil","CRI - Herbário Pe. Dr. Raulino Reitz","BRA:UNESC:CRI:0000009370","2126","CRI - Herbário Pe. Dr. Raulino Reitz","Ascurra","Guaricanas.","pt","CRI",1094716630,"BRA:UNESC:CRI:0000009370","Collection","A. Korte; A. Kniess","9370","UNESC","Universidade do Extremo Sul Catarinense (UNESC)","Floresta Ombrófila Densa","M. Sobral","","","","",NA,NA,"","",NA,"","","",NA,NA,NA,NA,NA,NA,"","","Ascurra","Santa Catarina","brazil",672,"Ascurra",4201703,-49.396504,-26.97331,"SANTA CATARINA","SC","Santa Catarina",-50.48226937,-27.24592878,"Santa Catarina","sc",-27,-49.41,"original coordinates","original coordinates OK"
"21","Psychotria laciniata",1077409021,-27.7175,-48.5275,"gass84","b9a43c60-d2b6-445c-9362-2db65465c963","34e6e625-47cf-4d42-8054-af0c2f1b6e64","none","b38ff2b7-c8af-454e-b5af-ee760f0d5bca","BR","DWC_ARCHIVE","2018-11-23T15:39:11.297+0000","2018-10-24T15:38:09.030+0000",121,"none","PRESERVED_SPECIMEN",2922927,6,7707728,220,412,8798,2919963,2922927,2922927,"Psychotria laciniata Vell.","Psychotria laciniata Vell.","Plantae","Tracheophyta","Gentianales","Rubiaceae","Psychotria","Psychotria laciniata","Psychotria","laciniata","SPECIES","ACCEPTED","2010-08-15T00:00:00",226,0,"Santa Catarina",2010,3,10,"2010-03-10T00:00:00","2018-12-06T14:17:59.910+0000","http://creativecommons.org/licenses/by-nc/4.0/legalcode","none","none","none","WGS84","Magnoliopsida","BR","Brazil","FURB - Herbário Dr. Roberto Miguel Klein","BRA:FURB:FURB:0000029951","1954","FURB - Herbário Dr. Roberto Miguel Klein","Florianópolis","Parque Municipal Lagoa do Peri.","pt","FURB",1077409021,"BRA:FURB:FURB:0000029951","Collection","Stival-Santos, A.; Legal, E. & Silveira, S.","29951","Universidade Regional de Blumenau, FURB","Universidade Regional de Blumenau, FURB","Florística IFFSC 8003 (Arbusto)","Sobral, M","2018-10-11T17:27:38.000+0000","","","",NA,NA,"","",NA,"","","",NA,NA,NA,NA,NA,NA,"","","Florianópolis","Santa Catarina","brazil",517,"Florianópolis",4205407,-48.489329,-27.585684,"SANTA CATARINA","SC","Santa Catarina",-50.48226937,-27.24592878,"Santa Catarina","sc",-27.7175,-48.5275,"original coordinates","original coordinates OK"
"22","Psychotria laciniata",1802960914,-27,-49.41,"gass84","fe8c1017-5941-4703-8f81-5023028a32ab","94a9c3b2-d54d-4938-811b-e91e091eeb28","none","b38ff2b7-c8af-454e-b5af-ee760f0d5bca","BR","DWC_ARCHIVE","2018-11-14T17:16:48.830+0000","2018-10-11T11:56:21.716+0000",123,"none","PRESERVED_SPECIMEN",2922927,6,7707728,220,412,8798,2919963,2922927,2922927,"Psychotria laciniata Vell.","Psychotria laciniata Vell.","Plantae","Tracheophyta","Gentianales","Rubiaceae","Psychotria","Psychotria laciniata","Psychotria","laciniata","SPECIES","ACCEPTED","2010-08-15T00:00:00",281,0,"Santa Catarina",2010,3,15,"2010-03-15T00:00:00","2018-12-08T07:13:34.635+0000","http://creativecommons.org/licenses/by-nc/4.0/legalcode","none","none","none","WGS84","Magnoliopsida","BR","Brazil","PACA-AGP - Herbarium Anchieta","BRA:IAP:PACA-AGP:0000109893","2126","PACA-AGP - Herbarium Anchieta","Ascurra","Guaricanas.","pt","PACA-AGP",1802960914,"BRA:IAP:PACA-AGP:0000109893","Collection","A. Korte & A. Kniess","109893","IAP","Instituto Anchietano de Pesquisas (IAP)","FURB 29955 Habitat: interior do fragmento Fenofase: fruto imaturo Hábito: arbustiva Ecossistema: floresta ombrófila densa","M. Sobral","2018-09-28T11:54:31.000+0000","","","",NA,NA,"","",NA,"","","",NA,NA,NA,NA,NA,NA,"","","Ascurra","Santa Catarina","brazil",672,"Ascurra",4201703,-49.396504,-26.97331,"SANTA CATARINA","SC","Santa Catarina",-50.48226937,-27.24592878,"Santa Catarina","sc",-27,-49.41,"original coordinates","original coordinates OK"
"23","Psychotria laciniata",1077294862,-28.259444,-49.049167,"gass84","330d773a-abe3-4234-b423-129dc4d00963","303e2432-448c-41ec-be2b-020a25c7adc4","none","b38ff2b7-c8af-454e-b5af-ee760f0d5bca","BR","DWC_ARCHIVE","2018-11-28T18:02:30.528+0000","2018-11-28T18:02:30.609+0000",125,"none","PRESERVED_SPECIMEN",2922927,6,7707728,220,412,8798,2919963,2922927,2922927,"Psychotria laciniata Vell.","Psychotria laciniata Vell.","Plantae","Tracheophyta","Gentianales","Rubiaceae","Psychotria","Psychotria laciniata","Psychotria","laciniata","SPECIES","ACCEPTED","2010-08-15T00:00:00",187,0,"Santa Catarina",2010,4,6,"2010-04-06T00:00:00","2018-12-06T14:17:02.998+0000","http://creativecommons.org/licenses/by-nc/4.0/legalcode","none","none","none","WGS84","Magnoliopsida","BR","Brazil","CESJ - Herbário Leopoldo Krieger","BRA:UFJF:CESJ:0000059379","4201","CESJ - Herbário Leopoldo Krieger","Armazém","Areião, Lat.:28º15'34,00""S; Lon.:49º02'57,00""O; Alt.: 187m.","pt","CESJ",1077294862,"BRA:UFJF:CESJ:0000059379","Collection","M.Verdi; N.L.Souza; G.Klems; D.H. Klettenberg","59379","Universidade Federal de Juiz de Fora (UFJF)","Universidade Federal de Juiz de Fora (UFJF)","Floresta Ombrófila Densa; estádio suces. avançado. Arbusto, 3m alt., em interior de fragmento. Fruto roxo.","M. Sobral","2018-10-30T16:38:20.000+0000","SOUTH_AMERICA","","",NA,NA,"","",NA,"","","",NA,NA,NA,NA,NA,NA,"","","Armazém","Santa Catarina","brazil",381,"Armazém",4201505,-49.015919,-28.238237,"SANTA CATARINA","SC","Santa Catarina",-50.48226937,-27.24592878,"Santa Catarina","sc",-28.259444,-49.049167,"original coordinates","original coordinates OK"
"24","Psychotria laciniata",1077408626,-28.08,-48.69,"gass84","b9a43c60-d2b6-445c-9362-2db65465c963","34e6e625-47cf-4d42-8054-af0c2f1b6e64","none","b38ff2b7-c8af-454e-b5af-ee760f0d5bca","BR","DWC_ARCHIVE","2018-11-23T15:39:11.084+0000","2018-10-24T15:38:08.906+0000",121,"none","PRESERVED_SPECIMEN",2922927,6,7707728,220,412,8798,2919963,2922927,2922927,"Psychotria laciniata Vell.","Psychotria laciniata Vell.","Plantae","Tracheophyta","Gentianales","Rubiaceae","Psychotria","Psychotria laciniata","Psychotria","laciniata","SPECIES","ACCEPTED","2010-08-15T00:00:00",147,0,"Santa Catarina",2010,4,28,"2010-04-28T00:00:00","2018-12-06T14:17:59.784+0000","http://creativecommons.org/licenses/by-nc/4.0/legalcode","none","none","none","WGS84","Magnoliopsida","BR","Brazil","FURB - Herbário Dr. Roberto Miguel Klein","BRA:FURB:FURB:0000029546","4484","FURB - Herbário Dr. Roberto Miguel Klein","Garopaba","Morro da Ressacada.","pt","FURB",1077408626,"BRA:FURB:FURB:0000029546","Collection","Verdi, M.; Souza, N.L. de; Klemz, G. & Klettenberg, D.H.","29546","Universidade Regional de Blumenau, FURB","Universidade Regional de Blumenau, FURB","Florística IFFSC 175 (Arbusto)","Sobral, M","2018-10-11T17:27:38.000+0000","","","",NA,NA,"","",NA,"","","",NA,NA,NA,NA,NA,NA,"","","Garopaba","Santa Catarina","brazil",413,"Garopaba",4205704,-48.658371,-28.046427,"SANTA CATARINA","SC","Santa Catarina",-50.48226937,-27.24592878,"Santa Catarina","sc",-28.08,-48.69,"original coordinates","original coordinates OK"
"25","Psychotria laciniata",1077409166,-28.080556,-48.960833,"cdround,gass84","b9a43c60-d2b6-445c-9362-2db65465c963","34e6e625-47cf-4d42-8054-af0c2f1b6e64","none","b38ff2b7-c8af-454e-b5af-ee760f0d5bca","BR","DWC_ARCHIVE","2018-11-23T15:39:11.408+0000","2018-10-24T15:38:09.059+0000",121,"none","PRESERVED_SPECIMEN",2922927,6,7707728,220,412,8798,2919963,2922927,2922927,"Psychotria laciniata Vell.","Psychotria laciniata Vell.","Plantae","Tracheophyta","Gentianales","Rubiaceae","Psychotria","Psychotria laciniata","Psychotria","laciniata","SPECIES","ACCEPTED","2010-08-15T00:00:00",332,0,"Santa Catarina",2010,4,12,"2010-04-12T00:00:00","2018-12-06T14:17:59.965+0000","http://creativecommons.org/licenses/by-nc/4.0/legalcode","none","none","none","WGS84","Magnoliopsida","BR","Brazil","FURB - Herbário Dr. Roberto Miguel Klein","BRA:FURB:FURB:0000030107","4384","FURB - Herbário Dr. Roberto Miguel Klein","São Bonifácio","Rio Sete.","pt","FURB",1077409166,"BRA:FURB:FURB:0000030107","Collection","Verdi, M.; Souza, N.L. de; Klemz, G. & Klettenberg, D.H.","30107","Universidade Regional de Blumenau, FURB","Universidade Regional de Blumenau, FURB","Florística IFFSC 172 (Arbusto)","Sobral, M","2018-10-11T17:27:38.000+0000","","","",NA,NA,"","",NA,"","","",NA,NA,NA,NA,NA,NA,"","","São Bonifácio","Santa Catarina","brazil",431,"São Bonifácio",4215901,-48.940193,-27.956491,"SANTA CATARINA","SC","Santa Catarina",-50.48226937,-27.24592878,"Santa Catarina","sc",-28.080556,-48.960833,"original coordinates","original coordinates OK"
"26","Psychotria laciniata",1077409397,-28.2625,-48.959444,"cdround,gass84","b9a43c60-d2b6-445c-9362-2db65465c963","34e6e625-47cf-4d42-8054-af0c2f1b6e64","none","b38ff2b7-c8af-454e-b5af-ee760f0d5bca","BR","DWC_ARCHIVE","2018-11-23T15:39:11.534+0000","2018-10-24T15:38:09.188+0000",121,"none","PRESERVED_SPECIMEN",2922927,6,7707728,220,412,8798,2919963,2922927,2922927,"Psychotria laciniata Vell.","Psychotria laciniata Vell.","Plantae","Tracheophyta","Gentianales","Rubiaceae","Psychotria","Psychotria laciniata","Psychotria","laciniata","SPECIES","ACCEPTED","2010-08-15T00:00:00",412,0,"Santa Catarina",2010,4,7,"2010-04-07T00:00:00","2018-12-06T14:18:00.115+0000","http://creativecommons.org/licenses/by-nc/4.0/legalcode","none","none","none","WGS84","Magnoliopsida","BR","Brazil","FURB - Herbário Dr. Roberto Miguel Klein","BRA:FURB:FURB:0000030301","4226","FURB - Herbário Dr. Roberto Miguel Klein","Armazém","São José dos Macacos/Mineração.","pt","FURB",1077409397,"BRA:FURB:FURB:0000030301","Collection","Verdi, M.; Souza, N.L. de; Klemz, G. & Klettenberg, D.H.","30301","Universidade Regional de Blumenau, FURB","Universidade Regional de Blumenau, FURB","Florística IFFSC 123 (Arbusto)","Sobral, M","2018-10-11T17:27:38.000+0000","","","",NA,NA,"","",NA,"","","",NA,NA,NA,NA,NA,NA,"","","Armazém","Santa Catarina","brazil",381,"Armazém",4201505,-49.015919,-28.238237,"SANTA CATARINA","SC","Santa Catarina",-50.48226937,-27.24592878,"Santa Catarina","sc",-28.2625,-48.959444,"original coordinates","original coordinates OK"
"27","Psychotria laciniata",1077404399,-28.44,-48.87,"gass84","b9a43c60-d2b6-445c-9362-2db65465c963","34e6e625-47cf-4d42-8054-af0c2f1b6e64","none","b38ff2b7-c8af-454e-b5af-ee760f0d5bca","BR","DWC_ARCHIVE","2018-11-23T15:39:08.259+0000","2018-10-24T15:38:07.198+0000",121,"none","PRESERVED_SPECIMEN",2922927,6,7707728,220,412,8798,2919963,2922927,2922927,"Psychotria laciniata Vell.","Psychotria laciniata Vell.","Plantae","Tracheophyta","Gentianales","Rubiaceae","Psychotria","Psychotria laciniata","Psychotria","laciniata","SPECIES","ACCEPTED","2010-07-22T00:00:00",246,0,"Santa Catarina",2010,4,3,"2010-04-03T00:00:00","2018-12-06T14:17:58.085+0000","http://creativecommons.org/licenses/by-nc/4.0/legalcode","none","none","none","WGS84","Magnoliopsida","BR","Brazil","FURB - Herbário Dr. Roberto Miguel Klein","BRA:FURB:FURB:0000025367","4165","FURB - Herbário Dr. Roberto Miguel Klein","Laguna","Laranjeiras.","pt","FURB",1077404399,"BRA:FURB:FURB:0000025367","Collection","Verdi, M.; Souza, N.L. de; Klemz, G. & Klettenberg, D.H.","25367","Universidade Regional de Blumenau, FURB","Universidade Regional de Blumenau, FURB","Regeneração IFFSC 81 /N/1","Verdi, M","2018-10-11T17:27:38.000+0000","","","",NA,NA,"","",NA,"","","",NA,NA,NA,NA,NA,NA,"","","Laguna","Santa Catarina","brazil",339,"Laguna",4209409,-48.825678,-28.485399,"SANTA CATARINA","SC","Santa Catarina",-50.48226937,-27.24592878,"Santa Catarina","sc",-28.44,-48.87,"original coordinates","original coordinates outside municipality original in laguna falls in pescaria brava"
"28","Psychotria laciniata",1077408640,-28.08,-48.78,"gass84","b9a43c60-d2b6-445c-9362-2db65465c963","34e6e625-47cf-4d42-8054-af0c2f1b6e64","none","b38ff2b7-c8af-454e-b5af-ee760f0d5bca","BR","DWC_ARCHIVE","2018-11-23T15:39:11.103+0000","2018-10-24T15:38:08.911+0000",121,"none","PRESERVED_SPECIMEN",2922927,6,7707728,220,412,8798,2919963,2922927,2922927,"Psychotria laciniata Vell.","Psychotria laciniata Vell.","Plantae","Tracheophyta","Gentianales","Rubiaceae","Psychotria","Psychotria laciniata","Psychotria","laciniata","SPECIES","ACCEPTED","2010-08-15T00:00:00",126,0,"Santa Catarina",2010,4,30,"2010-04-30T00:00:00","2018-12-06T14:17:59.778+0000","http://creativecommons.org/licenses/by-nc/4.0/legalcode","none","none","none","WGS84","Magnoliopsida","BR","Brazil","FURB - Herbário Dr. Roberto Miguel Klein","BRA:FURB:FURB:0000029581","4542","FURB - Herbário Dr. Roberto Miguel Klein","Paulo Lopes","Laranjal.","pt","FURB",1077408640,"BRA:FURB:FURB:0000029581","Collection","Verdi, M.; Souza, N.L. de; Klemz, G. & Klettenberg, D.H.","29581","Universidade Regional de Blumenau, FURB","Universidade Regional de Blumenau, FURB","Florística IFFSC 174 (Arbusto)","Sobral, M","2018-10-11T17:27:38.000+0000","","","",NA,NA,"","",NA,"","","",NA,NA,NA,NA,NA,NA,"","","Paulo Lopes","Santa Catarina","brazil",427,"Paulo Lopes",4212304,-48.761062,-27.964846,"SANTA CATARINA","SC","Santa Catarina",-50.48226937,-27.24592878,"Santa Catarina","sc",-28.08,-48.78,"original coordinates","original coordinates OK"
"29","Psychotria laciniata",1931784374,-27.63,-48.691667,"cdround,gass84","bb080d40-c63b-4529-bf21-d1782a81e024","2ccb1a0b-1194-4acf-9921-b5daad99cbb8","none","b38ff2b7-c8af-454e-b5af-ee760f0d5bca","BR","DWC_ARCHIVE","2018-11-24T12:32:47.142+0000","2018-10-25T12:34:38.405+0000",128,"none","PRESERVED_SPECIMEN",2922927,6,7707728,220,412,8798,2919963,2922927,2922927,"Psychotria laciniata Vell.","Psychotria laciniata Vell.","Plantae","Tracheophyta","Gentianales","Rubiaceae","Psychotria","Psychotria laciniata","Psychotria","laciniata","SPECIES","ACCEPTED","2010-10-29T00:00:00",65,0,"Santa Catarina",2010,6,2,"2010-06-02T00:00:00","2018-12-07T06:15:07.680+0000","http://creativecommons.org/licenses/by-nc/4.0/legalcode","none","none","none","WGS84","Magnoliopsida","BR","Brazil","CRI - Herbário Pe. Dr. Raulino Reitz","BRA:UNESC:CRI:0000013103","2947","CRI - Herbário Pe. Dr. Raulino Reitz","Palhoça","Pedra Branca. Pedra Branca.","pt","CRI",1931784374,"BRA:UNESC:CRI:0000013103","Collection","Stival-Santos, A.; Legal, E. & Silveira, S.","13103","UNESC","Universidade do Extremo Sul Catarinense (UNESC)","Florística IFFSC 318 (Arbusto)","Sobral, M","2018-10-01T12:59:33.000+0000","","","",NA,NA,"","",NA,"","","",NA,NA,NA,NA,NA,NA,"","","Palhoça","Santa Catarina","brazil",468,"Palhoça",4211900,-48.671008,-27.779709,"SANTA CATARINA","SC","Santa Catarina",-50.48226937,-27.24592878,"Santa Catarina","sc",-27.63,-48.691667,"original coordinates","original coordinates OK"
"30","Psychotria laciniata",1931784178,-27.99,-48.78,"gass84","bb080d40-c63b-4529-bf21-d1782a81e024","2ccb1a0b-1194-4acf-9921-b5daad99cbb8","none","b38ff2b7-c8af-454e-b5af-ee760f0d5bca","BR","DWC_ARCHIVE","2018-11-24T12:32:47.136+0000","2018-10-25T12:34:38.155+0000",128,"none","PRESERVED_SPECIMEN",2922927,6,7707728,220,412,8798,2919963,2922927,2922927,"Psychotria laciniata Vell.","Psychotria laciniata Vell.","Plantae","Tracheophyta","Gentianales","Rubiaceae","Psychotria","Psychotria laciniata","Psychotria","laciniata","SPECIES","ACCEPTED","2010-10-25T00:00:00",329,0,"Santa Catarina",2010,6,8,"2010-06-08T00:00:00","2018-12-07T06:15:07.504+0000","http://creativecommons.org/licenses/by-nc/4.0/legalcode","none","none","none","WGS84","Magnoliopsida","BR","Brazil","CRI - Herbário Pe. Dr. Raulino Reitz","BRA:UNESC:CRI:0000013100","4862","CRI - Herbário Pe. Dr. Raulino Reitz","Paulo Lopes","Espraiado/Parque Estadual da Serra do Tabuleiro. Espraiado/Parque Estadual da Serra do Tabuleiro.","pt","CRI",1931784178,"BRA:UNESC:CRI:0000013100","Collection","Verdi, M.; Souza, N.L. de; Klemz, G. & Klettenberg, D.H.","13100","UNESC","Universidade do Extremo Sul Catarinense (UNESC)","Florística IFFSC 199 (Arbusto)","Sobral, M","2018-10-01T12:59:33.000+0000","","","",NA,NA,"","",NA,"","","",NA,NA,NA,NA,NA,NA,"","","Paulo Lopes","Santa Catarina","brazil",427,"Paulo Lopes",4212304,-48.761062,-27.964846,"SANTA CATARINA","SC","Santa Catarina",-50.48226937,-27.24592878,"Santa Catarina","sc",-27.99,-48.78,"original coordinates","original coordinates OK"
"31","Psychotria laciniata",1077413977,-27.18,-48.51,"gass84","b9a43c60-d2b6-445c-9362-2db65465c963","34e6e625-47cf-4d42-8054-af0c2f1b6e64","none","b38ff2b7-c8af-454e-b5af-ee760f0d5bca","BR","DWC_ARCHIVE","2018-11-23T15:39:14.127+0000","2018-10-24T15:38:11.050+0000",121,"none","PRESERVED_SPECIMEN",2922927,6,7707728,220,412,8798,2919963,2922927,2922927,"Psychotria laciniata Vell.","Psychotria laciniata Vell.","Plantae","Tracheophyta","Gentianales","Rubiaceae","Psychotria","Psychotria laciniata","Psychotria","laciniata","SPECIES","ACCEPTED","1905-07-02T00:00:00",5,0,"Santa Catarina",2010,7,6,"2010-07-06T00:00:00","2018-12-06T14:18:01.998+0000","http://creativecommons.org/licenses/by-nc/4.0/legalcode","none","none","none","WGS84","Magnoliopsida","BR","Brazil","FURB - Herbário Dr. Roberto Miguel Klein","BRA:FURB:FURB:0000034903","2548","FURB - Herbário Dr. Roberto Miguel Klein","Bombinhas","Praia Mariscal.","pt","FURB",1077413977,"BRA:FURB:FURB:0000034903","Collection","Dreveck, S.","34903","Universidade Regional de Blumenau, FURB","Universidade Regional de Blumenau, FURB","Voucher estéril IFFSC 526 (Regeneração)","Oliveira, AA de","2018-10-11T17:27:38.000+0000","","","",NA,NA,"","",NA,"","","",NA,NA,NA,NA,NA,NA,"","","Bombinhas","Santa Catarina","brazil",625,"Bombinhas",4202453,-48.520106,-27.172396,"SANTA CATARINA","SC","Santa Catarina",-50.48226937,-27.24592878,"Santa Catarina","sc",-27.18,-48.51,"original coordinates","original coordinates OK"
"32","Psychotria laciniata",1077412236,-27.09,-48.780556,"cdround,gass84","b9a43c60-d2b6-445c-9362-2db65465c963","34e6e625-47cf-4d42-8054-af0c2f1b6e64","none","b38ff2b7-c8af-454e-b5af-ee760f0d5bca","BR","DWC_ARCHIVE","2018-11-23T15:39:13.057+0000","2018-10-24T15:38:10.301+0000",121,"none","PRESERVED_SPECIMEN",2922927,6,7707728,220,412,8798,2919963,2922927,2922927,"Psychotria laciniata Vell.","Psychotria laciniata Vell.","Plantae","Tracheophyta","Gentianales","Rubiaceae","Psychotria","Psychotria laciniata","Psychotria","laciniata","SPECIES","ACCEPTED","2011-01-11T00:00:00",341,0,"Santa Catarina",2010,11,9,"2010-11-09T00:00:00","2018-12-06T14:18:01.258+0000","http://creativecommons.org/licenses/by-nc/4.0/legalcode","none","none","none","WGS84","Magnoliopsida","BR","Brazil","FURB - Herbário Dr. Roberto Miguel Klein","BRA:FURB:FURB:0000033133","4865","FURB - Herbário Dr. Roberto Miguel Klein","Camboriú","Cobra Fria.","pt","FURB",1077412236,"BRA:FURB:FURB:0000033133","Collection","Korte, A.; Kniess, A.","33133","Universidade Regional de Blumenau, FURB","Universidade Regional de Blumenau, FURB","Florística IFFSC 582b (Arbusto)","Korte, A","2018-10-11T17:27:38.000+0000","","","",NA,NA,"","",NA,"","","",NA,NA,NA,NA,NA,NA,"","","Camboriú","Santa Catarina","brazil",647,"Camboriú",4203204,-48.708882,-27.070853,"SANTA CATARINA","SC","Santa Catarina",-50.48226937,-27.24592878,"Santa Catarina","sc",-27.09,-48.780556,"original coordinates","original coordinates OK"
"33","Psychotria laciniata",1077412195,-27.000278,-48.690833,"cdround,gass84","b9a43c60-d2b6-445c-9362-2db65465c963","34e6e625-47cf-4d42-8054-af0c2f1b6e64","none","b38ff2b7-c8af-454e-b5af-ee760f0d5bca","BR","DWC_ARCHIVE","2018-11-23T15:39:13.042+0000","2018-10-24T15:38:10.283+0000",121,"none","PRESERVED_SPECIMEN",2922927,6,7707728,220,412,8798,2919963,2922927,2922927,"Psychotria laciniata Vell.","Psychotria laciniata Vell.","Plantae","Tracheophyta","Gentianales","Rubiaceae","Psychotria","Psychotria laciniata","Psychotria","laciniata","SPECIES","ACCEPTED","2011-01-11T00:00:00",47,0,"Santa Catarina",2010,11,11,"2010-11-11T00:00:00","2018-12-06T14:18:01.239+0000","http://creativecommons.org/licenses/by-nc/4.0/legalcode","none","none","none","WGS84","Magnoliopsida","BR","Brazil","FURB - Herbário Dr. Roberto Miguel Klein","BRA:FURB:FURB:0000033132","4953","FURB - Herbário Dr. Roberto Miguel Klein","Camboriú","Rio do Meio.","pt","FURB",1077412195,"BRA:FURB:FURB:0000033132","Collection","Korte, A.; Kniess, A.","33132","Universidade Regional de Blumenau, FURB","Universidade Regional de Blumenau, FURB","Florística IFFSC 641b (Arbusto)","Korte, A","2018-10-11T17:27:38.000+0000","","","",NA,NA,"","",NA,"","","",NA,NA,NA,NA,NA,NA,"","","Camboriú","Santa Catarina","brazil",647,"Camboriú",4203204,-48.708882,-27.070853,"SANTA CATARINA","SC","Santa Catarina",-50.48226937,-27.24592878,"Santa Catarina","sc",-27.000278,-48.690833,"original coordinates","original coordinates OK"
"34","Psychotria laciniata",1840912120,-27.902222,-48.584722,"cdround,gass84","4300f8d5-1ae5-49e5-a101-63894b005868","838537fc-4aeb-4980-8b58-97fbdcd1d91a","none","da7fe11a-b42c-46cb-9e9d-02243edb738a","BR","DWC_ARCHIVE","2018-10-02T15:37:22.743+0000","2018-09-24T19:59:03.901+0000",207,"none","PRESERVED_SPECIMEN",2922927,6,7707728,220,412,8798,2919963,2922927,2922927,"Psychotria laciniata Vell.","Psychotria laciniata Vell.","Plantae","Tracheophyta","Gentianales","Rubiaceae","Psychotria","Psychotria laciniata","Psychotria","laciniata","SPECIES","ACCEPTED","2012-01-01T00:00:00",NA,NA,"Santa Catarina",2010,12,3,"2010-12-03T00:00:00","2018-12-08T19:50:28.686+0000","http://creativecommons.org/licenses/by/4.0/legalcode","none","none","none","WGS84","Magnoliopsida","BR","Brazil","Rio de Janeiro Botanical Garden","urn:catalog:JBRJ:RB:1385768","5433","RB - Rio de Janeiro Botanical Garden Herbarium Collection","Palhoça","Pedra do Urubu. Pedra do Urubu.","","RB",1840912120,"urn:catalog:JBRJ:RB:1385768","PhysicalObject","Korte, A.","RB01385768","JBRJ","","Coleta Extra IFFSC (Arbusto)","Cabral, EL","2018-04-27T13:11:29.880+0000","","RB 763357","",NA,NA,"","",NA,"","","",NA,NA,NA,NA,NA,NA,"","","Palhoça","Santa Catarina","brazil",468,"Palhoça",4211900,-48.671008,-27.779709,"SANTA CATARINA","SC","Santa Catarina",-50.48226937,-27.24592878,"Santa Catarina","sc",-27.902222,-48.584722,"original coordinates","original coordinates OK"
"35","Psychotria laciniata",1840912107,-28.890278,-49.320833,"cdround,gass84","4300f8d5-1ae5-49e5-a101-63894b005868","838537fc-4aeb-4980-8b58-97fbdcd1d91a","none","da7fe11a-b42c-46cb-9e9d-02243edb738a","BR","DWC_ARCHIVE","2018-10-02T15:37:22.712+0000","2018-09-24T19:59:03.868+0000",207,"none","PRESERVED_SPECIMEN",2922927,6,7707728,220,412,8798,2919963,2922927,2922927,"Psychotria laciniata Vell.","Psychotria laciniata Vell.","Plantae","Tracheophyta","Gentianales","Rubiaceae","Psychotria","Psychotria laciniata","Psychotria","laciniata","SPECIES","ACCEPTED","none",NA,NA,"Santa Catarina",2010,12,7,"2010-12-07T00:00:00","2018-12-08T19:50:28.688+0000","http://creativecommons.org/licenses/by/4.0/legalcode","none","none","none","WGS84","Magnoliopsida","BR","Brazil","Rio de Janeiro Botanical Garden","urn:catalog:JBRJ:RB:1385677","5444","RB - Rio de Janeiro Botanical Garden Herbarium Collection","Araranguá","","","RB",1840912107,"urn:catalog:JBRJ:RB:1385677","PhysicalObject","Korte, A.; Rigon-Junior, M.J.","RB01385677","JBRJ","","Florística IFFSC 27 (Arbusto)","Oliveira, AA de","2018-04-27T10:59:35.625+0000","","RB 763266","",NA,NA,"","",NA,"","","",NA,NA,NA,NA,NA,NA,"","","Araranguá","Santa Catarina","brazil",263,"Araranguá",4201406,-49.471158,-28.942354,"SANTA CATARINA","SC","Santa Catarina",-50.48226937,-27.24592878,"Santa Catarina","sc",-28.890278,-49.320833,"original coordinates","original coordinates OK"
"36","Psychotria laciniata",1090579480,-25.0147,-47.9267,"gass84","1064b787-c882-493e-b17d-4ffba363b776","c47cd3b0-2178-4a4b-87a6-740b482970a9","none","b38ff2b7-c8af-454e-b5af-ee760f0d5bca","BR","DWC_ARCHIVE","2018-11-23T18:20:29.833+0000","2017-12-29T14:14:16.576+0000",129,"none","PRESERVED_SPECIMEN",2923438,6,7707728,220,412,8798,2919963,2922927,2922927,"Psychotria kleinii L.B.Sm. & Downs","Psychotria laciniata Vell.","Plantae","Tracheophyta","Gentianales","Rubiaceae","Psychotria","Psychotria laciniata","Psychotria","kleinii","SPECIES","SYNONYM","2007-06-14T00:00:00",NA,NA,"São Paulo",2001,5,1,"2001-05-01T00:00:00","2018-12-08T04:43:30.855+0000","http://creativecommons.org/licenses/by-nc/4.0/legalcode","none","none","none","WGS84","Magnoliopsida","BR","Brazil","IAC - Herbário do Instituto Agronômico de Campinas","BRA:IAC:IAC:0000052634","18","IAC - Herbário do Instituto Agronômico de Campinas","Cananéia","Ilha do Cardoso","pt","IAC",1090579480,"BRA:IAC:IAC:0000052634","Collection","R. Castro","52634","IAC","Instituto Agronômico de Campinas, IAC","","S.L. Jung-Mendaçolli","2017-06-09T14:02:04.000+0000","","","",NA,NA,"","",NA,"","","",NA,NA,NA,NA,NA,NA,"","","Cananéia","São Paulo","brazil",925,"Cananéia",3509908,-48.007886,-25.018214,"SAO PAULO","SP","São Paulo",-48.72944932,-22.26440593,"São Paulo","sp",-25.0147,-47.9267,"original coordinates","original coordinates OK"
"37","Psychotria laciniata",1260600734,-26.8,-48.95,"gass84","7bd65a7a-f762-11e1-a439-00145eb45e9a","90fd6680-349f-11d8-aa2d-b8a03c50a862","none","c4e134d3-c68f-406d-a116-6a37895602e0","US","DWC_ARCHIVE","2018-06-20T08:03:00.399+0000","2016-03-21T16:09:10.983+0000",28,"none","PRESERVED_SPECIMEN",2922927,6,7707728,220,412,8798,2919963,2922927,2922927,"Psychotria laciniata Vell.","Psychotria laciniata Vell.","Plantae","Tracheophyta","Gentianales","Rubiaceae","Psychotria","Psychotria laciniata","Psychotria","laciniata","SPECIES","ACCEPTED","2005-01-01T00:00:00",225,25,"Santa Catarina",1998,12,2,"1998-12-02T00:00:00","2018-12-09T00:37:10.891+0000","http://creativecommons.org/licenses/by/4.0/legalcode","none","none","none","WGS84","Magnoliopsida","BR","Brazil","Missouri Botanical Garden","urn:catalog:MO:Tropicos:3207288","Delprete 6977","Tropicos","","Ilhota, Parque Botânico do Morro Baù. Trilha a lado da Cachoeira Central. Vegetação ""quasi primária"".","","MO",1260600734,"urn:catalog:MO:Tropicos:3207288","PhysicalObject","Piero G. Delprete|A. Reis|O. Iza","3207288","MO","MOBOT","","C. M. Taylor","2013-12-28T19:53:00.000+0000","SOUTH_AMERICA","","",NA,NA,"No opinion","ICNafp",50127371,"http://www.tropicos.org/Specimen/3207288","http://biocol.org/urn:lsid:biocol.org:col:15859","",NA,NA,NA,NA,NA,NA,"","","","Santa Catarina","brazil",NA,"",NA,NA,NA,"","","Santa Catarina",-50.48226937,-27.24592878,"Santa Catarina","sc",-26.8,-48.95,"original coordinates","original coordinates outside municipality original in  falls in ilhota"
"38","Psychotria laciniata",1260600773,-27.51666,-48.5,"gass84","7bd65a7a-f762-11e1-a439-00145eb45e9a","90fd6680-349f-11d8-aa2d-b8a03c50a862","none","c4e134d3-c68f-406d-a116-6a37895602e0","US","DWC_ARCHIVE","2018-06-20T08:03:00.467+0000","2016-03-21T16:09:11.127+0000",28,"none","PRESERVED_SPECIMEN",2922927,6,7707728,220,412,8798,2919963,2922927,2922927,"Psychotria laciniata Vell.","Psychotria laciniata Vell.","Plantae","Tracheophyta","Gentianales","Rubiaceae","Psychotria","Psychotria laciniata","Psychotria","laciniata","SPECIES","ACCEPTED","2005-01-01T00:00:00",100,50,"Santa Catarina",1998,12,10,"1998-12-10T00:00:00","2018-12-09T00:37:10.895+0000","http://creativecommons.org/licenses/by/4.0/legalcode","none","none","none","WGS84","Magnoliopsida","BR","Brazil","Missouri Botanical Garden","urn:catalog:MO:Tropicos:3207460","Delprete 7045","Tropicos","","Mun. Florianopolis, Unidade de Conservaçao Ambiental Desterro Vegetação secundária sobre solo granitico.","","MO",1260600773,"urn:catalog:MO:Tropicos:3207460","PhysicalObject","Piero G. Delprete|A. Reis|O. Iza","3207460","MO","MOBOT","","C. M. Taylor","2013-12-28T19:53:00.000+0000","SOUTH_AMERICA","","",NA,NA,"No opinion","ICNafp",50127371,"http://www.tropicos.org/Specimen/3207460","http://biocol.org/urn:lsid:biocol.org:col:15859","",NA,NA,NA,NA,NA,NA,"","","","Santa Catarina","brazil",NA,"",NA,NA,NA,"","","Santa Catarina",-50.48226937,-27.24592878,"Santa Catarina","sc",-27.51666,-48.5,"original coordinates","original coordinates outside municipality original in  falls in florianopolis"
"39","Psychotria laciniata",1234556982,-24.3918,-41.29282,"gass84","7741a517-ab3d-4b85-ae58-56322e44c8ce","d073b448-6b80-4364-8c38-18d08b88797f","none","b38ff2b7-c8af-454e-b5af-ee760f0d5bca","BR","DWC_ARCHIVE","2018-12-03T13:51:01.769+0000","2018-12-03T16:41:05.099+0000",122,"none","PRESERVED_SPECIMEN",2922927,6,7707728,220,412,8798,2919963,2922927,2922927,"Psychotria laciniata Vell.","Psychotria laciniata Vell.","Plantae","Tracheophyta","Gentianales","Rubiaceae","Psychotria","Psychotria laciniata","Psychotria","laciniata","SPECIES","ACCEPTED","1998-01-01T00:00:00",NA,NA,"São Paulo",1995,2,15,"1995-02-15T00:00:00","2018-12-03T16:41:59.792+0000","http://creativecommons.org/licenses/by-nc/4.0/legalcode","none","none","none","WGS84","Magnoliopsida","BR","Brazil","UEC - Herbário da Universidade Estadual de Campinas","BRA:UNICAMP:UEC:0000072691","33537","UEC - Herbário da Universidade Estadual de Campinas","Iguape","Morro do Cristo.","pt","UEC",1234556982,"BRA:UNICAMP:UEC:0000072691","Collection","Leitão Filho, H.F.; Rodrigues, R.R.; Rozza, A.; Sposito, T.C.; Santos, K.; Vieira, A.P.","72691","UNICAMP","Universidade Estadual de Campinas, UNICAMP","2,00 m de altura, sépala amareladas, flores brancas.; Mata de Encosta, em sub bosque.","Taylor, C.M.","2018-11-21T16:38:24.000+0000","","","",NA,NA,"","",NA,"","","",NA,NA,NA,NA,NA,NA,"","","Iguape","São Paulo","brazil",975,"Iguape",3520301,-47.474658,-24.549358,"SAO PAULO","SP","São Paulo",-48.72944932,-22.26440593,"São Paulo","sp",-24.3918,-41.29282,"original coordinates","original coordinates outside Brazil"
"40","Psychotria laciniata",1087345903,-24.366667,-47.333333,"gass84","17efa320-7312-4b55-bf0a-a4cfc4613169","2437c128-bf8c-4f53-b668-da95fb2e40b7","none","b38ff2b7-c8af-454e-b5af-ee760f0d5bca","BR","DWC_ARCHIVE","2018-11-24T12:35:12.939+0000","2018-09-25T13:51:20.617+0000",120,"none","PRESERVED_SPECIMEN",2923438,6,7707728,220,412,8798,2919963,2922927,2922927,"Psychotria kleinii L.B.Sm. & Downs","Psychotria laciniata Vell.","Plantae","Tracheophyta","Gentianales","Rubiaceae","Psychotria","Psychotria laciniata","Psychotria","kleinii","SPECIES","SYNONYM","none",800,0,"São Paulo",1994,1,13,"1994-01-13T00:00:00","2018-12-08T13:04:10.897+0000","http://creativecommons.org/licenses/by-nc/4.0/legalcode","none","none","none","WGS84","Magnoliopsida","BR","Brazil","SP - Herbário do Estado ""Maria Eneyda P. Kaufmann Fidalgo"" - Coleção de Fanerógamas","BRA:IBt:SP:0000272073","516","SP - Herbário do Estado ""Maria Eneyda P. Kaufmann Fidalgo"" - Coleção de Fanerógamas","Iguape","Estação Ecológica Juréia-Itatins, Alto da Serra dos Itatins, mata alta, bem preservada, com dossel irregular","pt","SP",1087345903,"BRA:IBt:SP:0000272073","Collection","Anunciação, EA; Rossi, L","272073","Instituto de Botânica, IBT","Instituto de Botânica, IBT","Arvoreta 2,0m alt., frutos imaturos verdes passando a roxo azulado intenso","Anunciação, EA","2018-09-10T11:28:40.000+0000","","","",NA,NA,"","",NA,"","","",NA,NA,NA,NA,NA,NA,"","","Iguape","São Paulo","brazil",975,"Iguape",3520301,-47.474658,-24.549358,"SAO PAULO","SP","São Paulo",-48.72944932,-22.26440593,"São Paulo","sp",-24.366667,-47.333333,"original coordinates","original coordinates OK"
"41","Psychotria laciniata",1234557048,-24.48543,-47.44324,"gass84","7741a517-ab3d-4b85-ae58-56322e44c8ce","d073b448-6b80-4364-8c38-18d08b88797f","none","b38ff2b7-c8af-454e-b5af-ee760f0d5bca","BR","DWC_ARCHIVE","2018-12-03T13:51:03.168+0000","2018-12-03T16:41:05.121+0000",122,"none","PRESERVED_SPECIMEN",2922927,6,7707728,220,412,8798,2919963,2922927,2922927,"Psychotria laciniata Vell.","Psychotria laciniata Vell.","Plantae","Tracheophyta","Gentianales","Rubiaceae","Psychotria","Psychotria laciniata","Psychotria","laciniata","SPECIES","ACCEPTED","1998-01-01T00:00:00",NA,NA,"São Paulo",1994,9,7,"1994-09-07T00:00:00","2018-12-03T16:41:59.803+0000","http://creativecommons.org/licenses/by-nc/4.0/legalcode","none","none","none","WGS84","Magnoliopsida","BR","Brazil","UEC - Herbário da Universidade Estadual de Campinas","BRA:UNICAMP:UEC:0000076715","51","UEC - Herbário da Universidade Estadual de Campinas","Subaúma","Beira da estrada Subaúma - Iguape, próximo a Subapuma.","pt","UEC",1234557048,"BRA:UNICAMP:UEC:0000076715","Collection","Sanches, C.D.; Bastos, E.B.; Hoffmann, J.R.; Gorenstein, M.R.; Pereira, V.F.","76715","UNICAMP","Universidade Estadual de Campinas, UNICAMP","Árvore, 4m alt.; corola amarela.; Área de transição mata de restinga - mata atlântica.","Taylor, C.M.","2018-11-21T16:38:24.000+0000","","","",NA,NA,"","",NA,"","","",NA,NA,NA,NA,NA,NA,"","","Subaúma","São Paulo","brazil",NA,"",NA,NA,NA,"","","São Paulo",-48.72944932,-22.26440593,"São Paulo","sp",-24.48543,-47.44324,"original coordinates","original coordinates outside municipality original in subauma falls in iguape"
"42","Psychotria laciniata",1087354541,-25.017778,-47.911944,"gass84","17efa320-7312-4b55-bf0a-a4cfc4613169","2437c128-bf8c-4f53-b668-da95fb2e40b7","none","b38ff2b7-c8af-454e-b5af-ee760f0d5bca","BR","DWC_ARCHIVE","2018-11-24T12:35:20.986+0000","2018-09-25T13:52:32.392+0000",120,"none","PRESERVED_SPECIMEN",2922927,6,7707728,220,412,8798,2919963,2922927,2922927,"Psychotria laciniata Vell.","Psychotria laciniata Vell.","Plantae","Tracheophyta","Gentianales","Rubiaceae","Psychotria","Psychotria laciniata","Psychotria","laciniata","SPECIES","ACCEPTED","none",NA,NA,"São Paulo",1994,9,8,"1994-09-08T00:00:00","2018-12-08T13:04:14.674+0000","http://creativecommons.org/licenses/by-nc/4.0/legalcode","none","none","none","WGS84","Magnoliopsida","BR","Brazil","SP - Herbário do Estado ""Maria Eneyda P. Kaufmann Fidalgo"" - Coleção de Fanerógamas","BRA:IBt:SP:0000300922","59","SP - Herbário do Estado ""Maria Eneyda P. Kaufmann Fidalgo"" - Coleção de Fanerógamas","Cananéia","Ilha Comprida, estrada entre a balsa e a Praia da Ilha Comprida","pt","SP",1087354541,"BRA:IBt:SP:0000300922","Collection","Hoffmann, JRR; et al.","300922","Instituto de Botânica, IBT","Instituto de Botânica, IBT","","","2018-09-10T11:28:40.000+0000","","","",NA,NA,"","",NA,"","","",NA,NA,NA,NA,NA,NA,"","","Cananéia","São Paulo","brazil",925,"Cananéia",3509908,-48.007886,-25.018214,"SAO PAULO","SP","São Paulo",-48.72944932,-22.26440593,"São Paulo","sp",-25.017778,-47.911944,"original coordinates","original coordinates outside municipality original in cananeia falls in ilha comprida"
"43","Psychotria laciniata",1087342835,-24.55,-47.25,"gass84","17efa320-7312-4b55-bf0a-a4cfc4613169","2437c128-bf8c-4f53-b668-da95fb2e40b7","none","b38ff2b7-c8af-454e-b5af-ee760f0d5bca","BR","DWC_ARCHIVE","2018-11-24T12:35:10.047+0000","2018-09-25T13:50:52.229+0000",120,"none","PRESERVED_SPECIMEN",2923438,6,7707728,220,412,8798,2919963,2922927,2922927,"Psychotria kleinii L.B.Sm. & Downs","Psychotria laciniata Vell.","Plantae","Tracheophyta","Gentianales","Rubiaceae","Psychotria","Psychotria laciniata","Psychotria","kleinii","SPECIES","SYNONYM","1996-07-17T00:00:00",NA,NA,"São Paulo",1993,8,29,"1993-08-29T00:00:00","2018-12-08T13:04:09.346+0000","http://creativecommons.org/licenses/by-nc/4.0/legalcode","none","none","none","WGS84","Magnoliopsida","BR","Brazil","SP - Herbário do Estado ""Maria Eneyda P. Kaufmann Fidalgo"" - Coleção de Fanerógamas","BRA:IBt:SP:0000262847","361","SP - Herbário do Estado ""Maria Eneyda P. Kaufmann Fidalgo"" - Coleção de Fanerógamas","Iguape","Estação Ecológica Juréia-Itatins, Serra da Juréia, arredores da Cachoeira do Salto","pt","SP",1087342835,"BRA:IBt:SP:0000262847","Collection","Anunciação, EA; et al.","262847","Instituto de Botânica, IBT","Instituto de Botânica, IBT","Arvoreta ca. 2,5m alt., frutos imaturos verdes","Anunciação, EA","2018-09-10T11:28:40.000+0000","","","",NA,NA,"","",NA,"","","",NA,NA,NA,NA,NA,NA,"","","Iguape","São Paulo","brazil",975,"Iguape",3520301,-47.474658,-24.549358,"SAO PAULO","SP","São Paulo",-48.72944932,-22.26440593,"São Paulo","sp",-24.55,-47.25,"original coordinates","original coordinates OK"
"44","Psychotria laciniata",1077379813,-26.905556,-49.079167,"cdround,gass84","b9a43c60-d2b6-445c-9362-2db65465c963","34e6e625-47cf-4d42-8054-af0c2f1b6e64","none","b38ff2b7-c8af-454e-b5af-ee760f0d5bca","BR","DWC_ARCHIVE","2018-11-23T15:38:53.653+0000","2018-10-24T15:37:56.771+0000",121,"none","PRESERVED_SPECIMEN",2922927,6,7707728,220,412,8798,2919963,2922927,2922927,"Psychotria laciniata Vell.","Psychotria laciniata Vell.","Plantae","Tracheophyta","Gentianales","Rubiaceae","Psychotria","Psychotria laciniata","Psychotria","laciniata","SPECIES","ACCEPTED","1905-06-17T00:00:00",20,0,"Santa Catarina",1990,8,13,"1990-08-13T00:00:00","2018-12-06T14:17:47.798+0000","http://creativecommons.org/licenses/by-nc/4.0/legalcode","none","none","none","WGS84","Magnoliopsida","BR","Brazil","FURB - Herbário Dr. Roberto Miguel Klein","BRA:FURB:FURB:0000000746","s.n.","FURB - Herbário Dr. Roberto Miguel Klein","Blumenau","Area C - Furb.","pt","FURB",1077379813,"BRA:FURB:FURB:0000000746","Collection","Kiehn, E.","746","Universidade Regional de Blumenau, FURB","Universidade Regional de Blumenau, FURB","","Sobral, M","2018-10-11T17:27:39.000+0000","","","",NA,NA,"","",NA,"","","",NA,NA,NA,NA,NA,NA,"","","Blumenau","Santa Catarina","brazil",690,"Blumenau",4202404,-49.097426,-26.884746,"SANTA CATARINA","SC","Santa Catarina",-50.48226937,-27.24592878,"Santa Catarina","sc",-26.905556,-49.079167,"original coordinates","original coordinates OK"
"45","Psychotria laciniata",1090556111,-25.0147,-47.9267,"gass84","1064b787-c882-493e-b17d-4ffba363b776","c47cd3b0-2178-4a4b-87a6-740b482970a9","none","b38ff2b7-c8af-454e-b5af-ee760f0d5bca","BR","DWC_ARCHIVE","2018-11-23T18:20:14.020+0000","2018-09-24T19:21:03.007+0000",129,"none","PRESERVED_SPECIMEN",2922927,6,7707728,220,412,8798,2919963,2922927,2922927,"Psychotria laciniata Vell.","Psychotria laciniata Vell.","Plantae","Tracheophyta","Gentianales","Rubiaceae","Psychotria","Psychotria laciniata","Psychotria","laciniata","SPECIES","ACCEPTED","1997-06-23T00:00:00",NA,NA,"São Paulo",1988,8,23,"1988-08-23T00:00:00","2018-12-08T04:43:18.734+0000","http://creativecommons.org/licenses/by-nc/4.0/legalcode","none","none","none","WGS84","Magnoliopsida","BR","Brazil","IAC - Herbário do Instituto Agronômico de Campinas","BRA:IAC:IAC:0000027735","s/nº","IAC - Herbário do Instituto Agronômico de Campinas","Cananéia","Ilha do Cardoso","pt","IAC",1090556111,"BRA:IAC:IAC:0000027735","Collection","L. Rossi et al.","27735","IAC","Instituto Agronômico de Campinas, IAC","","C.M. Taylor","2018-08-07T17:33:19.000+0000","","","",NA,NA,"","",NA,"","","",NA,NA,NA,NA,NA,NA,"","","Cananéia","São Paulo","brazil",925,"Cananéia",3509908,-48.007886,-25.018214,"SAO PAULO","SP","São Paulo",-48.72944932,-22.26440593,"São Paulo","sp",-25.0147,-47.9267,"original coordinates","original coordinates OK"
"46","Psychotria laciniata",1090556055,-25.0147,-47.9267,"gass84","1064b787-c882-493e-b17d-4ffba363b776","c47cd3b0-2178-4a4b-87a6-740b482970a9","none","b38ff2b7-c8af-454e-b5af-ee760f0d5bca","BR","DWC_ARCHIVE","2018-11-23T18:20:13.971+0000","2018-09-24T19:21:02.936+0000",129,"none","PRESERVED_SPECIMEN",2922927,6,7707728,220,412,8798,2919963,2922927,2922927,"Psychotria laciniata Vell.","Psychotria laciniata Vell.","Plantae","Tracheophyta","Gentianales","Rubiaceae","Psychotria","Psychotria laciniata","Psychotria","laciniata","SPECIES","ACCEPTED","1997-06-19T00:00:00",NA,NA,"São Paulo",1986,4,19,"1986-04-19T00:00:00","2018-12-08T04:43:18.622+0000","http://creativecommons.org/licenses/by-nc/4.0/legalcode","none","none","none","WGS84","Magnoliopsida","BR","Brazil","IAC - Herbário do Instituto Agronômico de Campinas","BRA:IAC:IAC:0000027703","s/nº","IAC - Herbário do Instituto Agronômico de Campinas","Cananéia","Ilha do Cardoso","pt","IAC",1090556055,"BRA:IAC:IAC:0000027703","Collection","M. Sugiyama et al.","27703","IAC","Instituto Agronômico de Campinas, IAC","","C.M. Taylor","2018-08-07T17:33:19.000+0000","","","",NA,NA,"","",NA,"","","",NA,NA,NA,NA,NA,NA,"","","Cananéia","São Paulo","brazil",925,"Cananéia",3509908,-48.007886,-25.018214,"SAO PAULO","SP","São Paulo",-48.72944932,-22.26440593,"São Paulo","sp",-25.0147,-47.9267,"original coordinates","original coordinates OK"
"47","Psychotria laciniata",1090556256,-25.0147,-47.9267,"gass84","1064b787-c882-493e-b17d-4ffba363b776","c47cd3b0-2178-4a4b-87a6-740b482970a9","none","b38ff2b7-c8af-454e-b5af-ee760f0d5bca","BR","DWC_ARCHIVE","2018-11-23T18:20:14.082+0000","2018-09-24T19:21:03.061+0000",129,"none","PRESERVED_SPECIMEN",2922927,6,7707728,220,412,8798,2919963,2922927,2922927,"Psychotria laciniata Vell.","Psychotria laciniata Vell.","Plantae","Tracheophyta","Gentianales","Rubiaceae","Psychotria","Psychotria laciniata","Psychotria","laciniata","SPECIES","ACCEPTED","1997-06-06T00:00:00",NA,NA,"São Paulo",1985,3,6,"1985-03-06T00:00:00","2018-12-08T04:43:18.725+0000","http://creativecommons.org/licenses/by-nc/4.0/legalcode","none","none","none","WGS84","Magnoliopsida","BR","Brazil","IAC - Herbário do Instituto Agronômico de Campinas","BRA:IAC:IAC:0000027905","s/nº","IAC - Herbário do Instituto Agronômico de Campinas","Cananéia","Ilha do Cardoso","pt","IAC",1090556256,"BRA:IAC:IAC:0000027905","Collection","C.B. Toledo; F. Barros & M.M.R.F. Melo","27905","IAC","Instituto Agronômico de Campinas, IAC","","C.M. Taylor","2018-08-07T17:33:19.000+0000","","","",NA,NA,"","",NA,"","","",NA,NA,NA,NA,NA,NA,"","","Cananéia","São Paulo","brazil",925,"Cananéia",3509908,-48.007886,-25.018214,"SAO PAULO","SP","São Paulo",-48.72944932,-22.26440593,"São Paulo","sp",-25.0147,-47.9267,"original coordinates","original coordinates OK"
"48","Psychotria laciniata",1090579540,-23.3103,-51.1628,"gass84","1064b787-c882-493e-b17d-4ffba363b776","c47cd3b0-2178-4a4b-87a6-740b482970a9","none","b38ff2b7-c8af-454e-b5af-ee760f0d5bca","BR","DWC_ARCHIVE","2018-11-23T18:20:29.874+0000","2017-12-29T14:14:16.591+0000",129,"none","PRESERVED_SPECIMEN",2923438,6,7707728,220,412,8798,2919963,2922927,2922927,"Psychotria kleinii L.B.Sm. & Downs","Psychotria laciniata Vell.","Plantae","Tracheophyta","Gentianales","Rubiaceae","Psychotria","Psychotria laciniata","Psychotria","kleinii","SPECIES","SYNONYM","1986-01-30T00:00:00",NA,NA,"Paraná",1985,5,30,"1985-05-30T00:00:00","2018-12-08T04:43:30.864+0000","http://creativecommons.org/licenses/by-nc/4.0/legalcode","none","none","none","WGS84","Magnoliopsida","BR","Brazil","IAC - Herbário do Instituto Agronômico de Campinas","BRA:IAC:IAC:0000052718","s/nº","IAC - Herbário do Instituto Agronômico de Campinas","Londrina","Mata do Godoy","pt","IAC",1090579540,"BRA:IAC:IAC:0000052718","Collection","L.A.C. Rodas","52718","IAC","Instituto Agronômico de Campinas, IAC","","E.L. Cabral","2017-06-09T14:02:04.000+0000","","","",NA,NA,"","",NA,"","","",NA,NA,NA,NA,NA,NA,"","","Londrina","Paraná","brazil",1175,"Londrina",4113700,-51.110175,-23.515282,"PARANA","PR","Paraná",-51.61693027,-24.63581955,"Paraná","pr",-23.3103,-51.1628,"original coordinates","original coordinates OK"
"49","Psychotria laciniata",1090575061,-25.0147,-47.9267,"gass84","1064b787-c882-493e-b17d-4ffba363b776","c47cd3b0-2178-4a4b-87a6-740b482970a9","none","b38ff2b7-c8af-454e-b5af-ee760f0d5bca","BR","DWC_ARCHIVE","2018-11-23T18:20:26.944+0000","2017-12-29T14:14:14.706+0000",129,"none","PRESERVED_SPECIMEN",2923438,6,7707728,220,412,8798,2919963,2922927,2922927,"Psychotria kleinii L.B.Sm. & Downs","Psychotria laciniata Vell.","Plantae","Tracheophyta","Gentianales","Rubiaceae","Psychotria","Psychotria laciniata","Psychotria","kleinii","SPECIES","SYNONYM","1989-12-27T00:00:00",NA,NA,"São Paulo",1982,4,6,"1982-04-06T00:00:00","2018-12-08T04:43:27.485+0000","http://creativecommons.org/licenses/by-nc/4.0/legalcode","none","none","none","WGS84","Magnoliopsida","BR","Brazil","IAC - Herbário do Instituto Agronômico de Campinas","BRA:IAC:IAC:0000048185","10","IAC - Herbário do Instituto Agronômico de Campinas","Cananéia","Parque Estadual da ilha do Cardoso","pt","IAC",1090575061,"BRA:IAC:IAC:0000048185","Collection","M.C.B. Attié","48185","IAC","Instituto Agronômico de Campinas, IAC","Corola branca,arbusto de ca. 1,5m de alt.","S.L. Jung-Mendaçolli","2017-06-09T14:02:04.000+0000","","","",NA,NA,"","",NA,"","","",NA,NA,NA,NA,NA,NA,"","","Cananéia","São Paulo","brazil",925,"Cananéia",3509908,-48.007886,-25.018214,"SAO PAULO","SP","São Paulo",-48.72944932,-22.26440593,"São Paulo","sp",-25.0147,-47.9267,"original coordinates","original coordinates OK"
"50","Psychotria laciniata",1095246252,-25.166666,-48,"gass84","e38d4c95-3a1d-4594-9ae9-883b48042e6d","7ef169f9-81f8-46a2-a7f7-240df6a1889c","none","b38ff2b7-c8af-454e-b5af-ee760f0d5bca","BR","DWC_ARCHIVE","2018-11-23T18:21:27.972+0000","2018-11-23T18:21:28.191+0000",123,"none","PRESERVED_SPECIMEN",2923438,6,7707728,220,412,8798,2919963,2922927,2922927,"Psychotria kleinii L.B.Sm. & Downs","Psychotria laciniata Vell.","Plantae","Tracheophyta","Gentianales","Rubiaceae","Psychotria","Psychotria laciniata","Psychotria","kleinii","SPECIES","SYNONYM","none",NA,NA,"São Paulo",1982,4,7,"1982-04-07T00:00:00","2018-11-23T18:22:40.197+0000","http://creativecommons.org/licenses/by-nc/4.0/legalcode","none","none","none","WGS84","Magnoliopsida","BR","Brazil","CEN - Herbário da Embrapa Recursos Genéticos e Biotecnologia","BRA:Cenargen:CEN:0000070969","19","CEN - Herbário da Embrapa Recursos Genéticos e Biotecnologia","CANANEIA","Parque Estadual da Ilha do Cardoso.","pt","CEN",1095246252,"BRA:Cenargen:CEN:0000070969","Collection","Célia Regina F. Guedes","70969","Cenargen","Empresa Brasileira de Pesquisa Agropecuária (EMBRAPA)","Filotaxia: Oposta. doação do CNPq - Brasil - Programa Flora","S. L. Jung","","","","",0,NA,"","",NA,"","","Exsicatas",NA,NA,NA,NA,NA,NA,"","","CANANEIA","São Paulo","brazil",925,"Cananéia",3509908,-48.007886,-25.018214,"SAO PAULO","SP","São Paulo",-48.72944932,-22.26440593,"São Paulo","sp",-25.166666,-48,"original coordinates","original coordinates OK"
"51","Psychotria laciniata",1077600576,-25.081767,-47.938686,"gass84","a0cb1f6e-5766-4cc5-a8a0-cfc6a22c5c3d","81114709-2a6c-4e0b-908b-cb207a8708c2","none","b38ff2b7-c8af-454e-b5af-ee760f0d5bca","BR","DWC_ARCHIVE","2018-11-23T18:20:48.486+0000","2018-11-23T18:20:48.646+0000",125,"none","PRESERVED_SPECIMEN",2922927,6,7707728,220,412,8798,2919963,2922927,2922927,"Psychotria laciniata Vell.","Psychotria laciniata Vell.","Plantae","Tracheophyta","Gentianales","Rubiaceae","Psychotria","Psychotria laciniata","Psychotria","laciniata","SPECIES","ACCEPTED","1989-01-01T00:00:00",NA,NA,"São Paulo",1982,4,7,"1982-04-07T00:00:00","2018-12-09T10:54:56.221+0000","http://creativecommons.org/licenses/by-nc/4.0/legalcode","none","none","none","WGS84","Magnoliopsida","BR","Brazil","MAC - Herbário do Instituto do Meio Ambiente do Estado de Alagoas","BRA:IMA:MAC:0000025598","19","MAC - Herbário do Instituto do Meio Ambiente do Estado de Alagoas","Cananéia","Parque Estadual da Ilha do Cardoso.","pt","MAC",1077600576,"BRA:IMA:MAC:0000025598","Collection","C.R.F.Guedes; et al.","25598","IMA","Instituto do Meio Ambiente do Estado de Alagoas, IMA","Arbusto ca. 2 m de altura. Flores brancas.; Mata Primária.","S.L.J.Mendaçolli","2018-11-22T17:01:17.000+0000","","","",NA,NA,"","",NA,"","","",NA,NA,NA,NA,NA,NA,"","","Cananéia","São Paulo","brazil",925,"Cananéia",3509908,-48.007886,-25.018214,"SAO PAULO","SP","São Paulo",-48.72944932,-22.26440593,"São Paulo","sp",-25.081767,-47.938686,"original coordinates","original coordinates OK"
"52","Psychotria laciniata",1090556127,-25.0147,-47.9267,"gass84","1064b787-c882-493e-b17d-4ffba363b776","c47cd3b0-2178-4a4b-87a6-740b482970a9","none","b38ff2b7-c8af-454e-b5af-ee760f0d5bca","BR","DWC_ARCHIVE","2018-11-23T18:20:14.024+0000","2018-09-24T19:21:03.003+0000",129,"none","PRESERVED_SPECIMEN",2922927,6,7707728,220,412,8798,2919963,2922927,2922927,"Psychotria laciniata Vell.","Psychotria laciniata Vell.","Plantae","Tracheophyta","Gentianales","Rubiaceae","Psychotria","Psychotria laciniata","Psychotria","laciniata","SPECIES","ACCEPTED","1997-06-07T00:00:00",NA,NA,"São Paulo",1982,4,7,"1982-04-07T00:00:00","2018-12-08T04:43:18.772+0000","http://creativecommons.org/licenses/by-nc/4.0/legalcode","none","none","none","WGS84","Magnoliopsida","BR","Brazil","IAC - Herbário do Instituto Agronômico de Campinas","BRA:IAC:IAC:0000027781","s/nº","IAC - Herbário do Instituto Agronômico de Campinas","Cananéia","Ilha do Cardoso","pt","IAC",1090556127,"BRA:IAC:IAC:0000027781","Collection","C.R.F. Guedes et al.","27781","IAC","Instituto Agronômico de Campinas, IAC","","C.M. Taylor","2018-08-07T17:33:19.000+0000","","","",NA,NA,"","",NA,"","","",NA,NA,NA,NA,NA,NA,"","","Cananéia","São Paulo","brazil",925,"Cananéia",3509908,-48.007886,-25.018214,"SAO PAULO","SP","São Paulo",-48.72944932,-22.26440593,"São Paulo","sp",-25.0147,-47.9267,"original coordinates","original coordinates OK"
"53","Psychotria laciniata",1077600624,-25.081767,-47.938686,"gass84","a0cb1f6e-5766-4cc5-a8a0-cfc6a22c5c3d","81114709-2a6c-4e0b-908b-cb207a8708c2","none","b38ff2b7-c8af-454e-b5af-ee760f0d5bca","BR","DWC_ARCHIVE","2018-11-23T18:20:48.536+0000","2018-11-23T18:20:48.733+0000",125,"none","PRESERVED_SPECIMEN",2922927,6,7707728,220,412,8798,2919963,2922927,2922927,"Psychotria laciniata Vell.","Psychotria laciniata Vell.","Plantae","Tracheophyta","Gentianales","Rubiaceae","Psychotria","Psychotria laciniata","Psychotria","laciniata","SPECIES","ACCEPTED","1989-12-28T00:00:00",NA,NA,"São Paulo",1982,8,18,"1982-08-18T00:00:00","2018-12-09T10:54:56.221+0000","http://creativecommons.org/licenses/by-nc/4.0/legalcode","none","none","none","WGS84","Magnoliopsida","BR","Brazil","MAC - Herbário do Instituto do Meio Ambiente do Estado de Alagoas","BRA:IMA:MAC:0000025665","520","MAC - Herbário do Instituto do Meio Ambiente do Estado de Alagoas","Cananéia","Ilha do Cardoso, Morro do Marujá.","pt","MAC",1077600624,"BRA:IMA:MAC:0000025665","Collection","S.L.Jung-Menda","25665","IMA","Instituto do Meio Ambiente do Estado de Alagoas, IMA","Arvorete ca. 4m de altura. Frutos imaturos verdes.","S.L.Jung-Menda","2018-11-22T17:01:17.000+0000","","","",NA,NA,"","",NA,"","","",NA,NA,NA,NA,NA,NA,"","","Cananéia","São Paulo","brazil",925,"Cananéia",3509908,-48.007886,-25.018214,"SAO PAULO","SP","São Paulo",-48.72944932,-22.26440593,"São Paulo","sp",-25.081767,-47.938686,"original coordinates","original coordinates OK"
"54","Psychotria laciniata",1090575022,-25.0147,-47.9267,"gass84","1064b787-c882-493e-b17d-4ffba363b776","c47cd3b0-2178-4a4b-87a6-740b482970a9","none","b38ff2b7-c8af-454e-b5af-ee760f0d5bca","BR","DWC_ARCHIVE","2018-11-23T18:20:26.952+0000","2017-12-29T14:14:14.711+0000",129,"none","PRESERVED_SPECIMEN",2923438,6,7707728,220,412,8798,2919963,2922927,2922927,"Psychotria kleinii L.B.Sm. & Downs","Psychotria laciniata Vell.","Plantae","Tracheophyta","Gentianales","Rubiaceae","Psychotria","Psychotria laciniata","Psychotria","kleinii","SPECIES","SYNONYM","1989-12-27T00:00:00",NA,NA,"São Paulo",1982,10,28,"1982-10-28T00:00:00","2018-12-08T04:43:27.346+0000","http://creativecommons.org/licenses/by-nc/4.0/legalcode","none","none","none","WGS84","Magnoliopsida","BR","Brazil","IAC - Herbário do Instituto Agronômico de Campinas","BRA:IAC:IAC:0000048167","33","IAC - Herbário do Instituto Agronômico de Campinas","Cananéia","Reserva biológica da Ilha do Cardoso, Rio Tajuba","pt","IAC",1090575022,"BRA:IAC:IAC:0000048167","Collection","R.D.C. Xavier et al.","48167","IAC","Instituto Agronômico de Campinas, IAC","Filotaxia: Oposta","S.L. Jung-Mendaçolli","2017-06-09T14:02:04.000+0000","","","",NA,NA,"","",NA,"","","",NA,NA,NA,NA,NA,NA,"","","Cananéia","São Paulo","brazil",925,"Cananéia",3509908,-48.007886,-25.018214,"SAO PAULO","SP","São Paulo",-48.72944932,-22.26440593,"São Paulo","sp",-25.0147,-47.9267,"original coordinates","original coordinates OK"
"55","Psychotria laciniata",1090556136,-25.0147,-47.9267,"gass84","1064b787-c882-493e-b17d-4ffba363b776","c47cd3b0-2178-4a4b-87a6-740b482970a9","none","b38ff2b7-c8af-454e-b5af-ee760f0d5bca","BR","DWC_ARCHIVE","2018-11-23T18:20:14.035+0000","2018-09-24T19:21:02.994+0000",129,"none","PRESERVED_SPECIMEN",2922927,6,7707728,220,412,8798,2919963,2922927,2922927,"Psychotria laciniata Vell.","Psychotria laciniata Vell.","Plantae","Tracheophyta","Gentianales","Rubiaceae","Psychotria","Psychotria laciniata","Psychotria","laciniata","SPECIES","ACCEPTED","1997-06-05T00:00:00",NA,NA,"São Paulo",1978,4,5,"1978-04-05T00:00:00","2018-12-08T04:43:18.747+0000","http://creativecommons.org/licenses/by-nc/4.0/legalcode","none","none","none","WGS84","Magnoliopsida","BR","Brazil","IAC - Herbário do Instituto Agronômico de Campinas","BRA:IAC:IAC:0000027782","s/nº","IAC - Herbário do Instituto Agronômico de Campinas","Cananéia","Ilha do Cardoso","pt","IAC",1090556136,"BRA:IAC:IAC:0000027782","Collection","M. Goes","27782","IAC","Instituto Agronômico de Campinas, IAC","","C.M. Taylor","2018-08-07T17:33:19.000+0000","","","",NA,NA,"","",NA,"","","",NA,NA,NA,NA,NA,NA,"","","Cananéia","São Paulo","brazil",925,"Cananéia",3509908,-48.007886,-25.018214,"SAO PAULO","SP","São Paulo",-48.72944932,-22.26440593,"São Paulo","sp",-25.0147,-47.9267,"original coordinates","original coordinates OK"
"56","Psychotria laciniata",1090556040,-25.0147,-47.9267,"gass84","1064b787-c882-493e-b17d-4ffba363b776","c47cd3b0-2178-4a4b-87a6-740b482970a9","none","b38ff2b7-c8af-454e-b5af-ee760f0d5bca","BR","DWC_ARCHIVE","2018-11-23T18:20:13.979+0000","2018-09-24T19:21:03.003+0000",129,"none","PRESERVED_SPECIMEN",2922927,6,7707728,220,412,8798,2919963,2922927,2922927,"Psychotria laciniata Vell.","Psychotria laciniata Vell.","Plantae","Tracheophyta","Gentianales","Rubiaceae","Psychotria","Psychotria laciniata","Psychotria","laciniata","SPECIES","ACCEPTED","1997-06-29T00:00:00",NA,NA,"São Paulo",1977,7,29,"1977-07-29T00:00:00","2018-12-08T04:43:18.621+0000","http://creativecommons.org/licenses/by-nc/4.0/legalcode","none","none","none","WGS84","Magnoliopsida","BR","Brazil","IAC - Herbário do Instituto Agronômico de Campinas","BRA:IAC:IAC:0000027698","s/nº","IAC - Herbário do Instituto Agronômico de Campinas","Cananéia","Ilha do Cardoso","pt","IAC",1090556040,"BRA:IAC:IAC:0000027698","Collection","O. Yano","27698","IAC","Instituto Agronômico de Campinas, IAC","","C.M. Taylor","2018-08-07T17:33:19.000+0000","","","",NA,NA,"","",NA,"","","",NA,NA,NA,NA,NA,NA,"","","Cananéia","São Paulo","brazil",925,"Cananéia",3509908,-48.007886,-25.018214,"SAO PAULO","SP","São Paulo",-48.72944932,-22.26440593,"São Paulo","sp",-25.0147,-47.9267,"original coordinates","original coordinates OK"
"57","Psychotria laciniata",1144756516,-10.77306,-53.08972,"gass84,rdativ","f577c9f3-ae71-4278-b6bf-512ba1dfaa21","43a26bbf-466a-4335-96cc-01d0656c614a","none","6040a0d6-f762-11e1-a439-00145eb45e9a","CH","BIOCASE","2018-12-11T23:53:35.475+0000","2016-02-24T13:17:47.958+0000",43,"none","PRESERVED_SPECIMEN",2922927,6,7707728,220,412,8798,2919963,2922927,2922927,"Psychotria laciniata Vell.","Psychotria laciniata Vell.","Plantae","Tracheophyta","Gentianales","Rubiaceae","Psychotria","Psychotria laciniata","Psychotria","laciniata","SPECIES","ACCEPTED","none",NA,NA,"",NA,NA,NA,"none","2018-12-06T21:55:34.755+0000","http://creativecommons.org/licenses/by-nc/4.0/legalcode","none","none","none","WGS84","Magnoliopsida","BR","Brazil","","","","","","Brésil - Mandioca","","Geneva Herbarium – General Collection (G)",1144756516,"","","Riedel, L. (Coll. De Candolle)","G-G-225063/1","G","","","Taylor, C. M. (2010)","","","","",NA,NA,"","",NA,"","","",NA,NA,NA,NA,NA,NA,"SYNTYPE","Psychotria stenocalyx Müll. Arg.","","","brazil",NA,"",NA,NA,NA,"","","",NA,NA,NA,"",-10.77306,-53.08972,"original coordinates","original coordinates outside municipality original in  falls in sao jose do xingu"
"58","Psychotria laciniata",1423922269,-24.815,-47.742222,"cdround,gass84","4300f8d5-1ae5-49e5-a101-63894b005868","838537fc-4aeb-4980-8b58-97fbdcd1d91a","none","da7fe11a-b42c-46cb-9e9d-02243edb738a","BR","DWC_ARCHIVE","2018-10-02T15:35:20.624+0000","2018-09-24T19:57:59.643+0000",207,"none","PRESERVED_SPECIMEN",2922927,6,7707728,220,412,8798,2919963,2922927,2922927,"Psychotria laciniata Vell.","Psychotria laciniata Vell.","Plantae","Tracheophyta","Gentianales","Rubiaceae","Psychotria","Psychotria laciniata","Psychotria","laciniata","SPECIES","ACCEPTED","2018-06-20T00:00:00",NA,NA,"São Paulo",NA,NA,NA,"none","2018-12-06T16:55:32.192+0000","http://creativecommons.org/licenses/by/4.0/legalcode","none","none","none","WGS84","Magnoliopsida","BR","Brazil","Rio de Janeiro Botanical Garden","urn:catalog:JBRJ:RB:1158249","51","RB - Rio de Janeiro Botanical Garden Herbarium Collection","São Paulo","Município de Subaúma. Beira da estrada subauma.","","RB",1423922269,"urn:catalog:JBRJ:RB:1158249","PhysicalObject","C.D. Sanches; E.B. Bastos; J.R.R. Hoffmann; M.R. Gorenstein; V.F. Pereira","RB01158249","JBRJ","","","F. Torres-Leite","","","RB 657418","Área de transição mata de restinga.",NA,NA,"","",NA,"","","",NA,NA,NA,NA,NA,NA,"","","São Paulo","São Paulo","brazil",1130,"São Paulo",3550308,-46.647014,-23.64989,"SAO PAULO","SP","São Paulo",-48.72944932,-22.26440593,"São Paulo","sp",-24.815,-47.742222,"original coordinates","original coordinates outside municipality original in sao paulo falls in iguape"
