"","name","key","decimalLatitude","decimalLongitude","issues","datasetKey","publishingOrgKey","networkKeys","installationKey","publishingCountry","protocol","lastCrawled","lastParsed","crawlId","extensions","basisOfRecord","taxonKey","kingdomKey","phylumKey","classKey","orderKey","familyKey","genusKey","speciesKey","acceptedTaxonKey","scientificName","acceptedScientificName","kingdom","phylum","order","family","genus","species","genericName","specificEpithet","taxonRank","taxonomicStatus","dateIdentified","elevation","elevationAccuracy","stateProvince.original","year","month","day","eventDate","modified","lastInterpreted","license","identifiers","facts","relations","geodeticDatum","class","countryCode","country.original","rightsHolder","identifier","recordNumber","datasetName","municipality.original","locality","language","collectionCode","gbifID","occurrenceID","type","recordedBy","catalogNumber","institutionCode","ownerInstitutionCode","occurrenceRemarks","identifiedBy","otherCatalogNumbers","fieldNotes","continent","nomenclaturalStatus","nomenclaturalCode","county","taxonID","bibliographicCitation","collectionID","coordinateUncertaintyInMeters","references","institutionID","verbatimEventDate","georeferenceProtocol","endDayOfYear","preparations","startDayOfYear","georeferenceSources","identificationRemarks","habitat","verbatimElevation","georeferencedDate","higherGeography","fieldNumber","organismID","datasetID","accessRights","higherClassification","typeStatus","typifiedName","municipality","stateProvince","country","FID","NOME","GEOCODIGO","POINT_X","POINT_Y","NOMEUF","SIGLAUF","estados_shp","x_estado","y_estado","nome","sigla","new_Lat","new_Lon","notes","comments"
"1","Simira sampaioana",1077425799,-26.73,-50.04,"gass84","b9a43c60-d2b6-445c-9362-2db65465c963","34e6e625-47cf-4d42-8054-af0c2f1b6e64","none","b38ff2b7-c8af-454e-b5af-ee760f0d5bca","BR","DWC_ARCHIVE","2018-11-23T15:39:21.356+0000","2018-10-24T15:38:15.997+0000",121,"none","PRESERVED_SPECIMEN",5335283,6,7707728,220,412,8798,2894913,5335283,5335283,"Simira sampaioana (Standl.) Steyerm.","Simira sampaioana (Standl.) Steyerm.","Plantae","Tracheophyta","Gentianales","Rubiaceae","Simira","Simira sampaioana","Simira","sampaioana","SPECIES","ACCEPTED","2015-03-20T00:00:00",765,0,"Santa Catarina",2015,3,20,"2015-03-20T00:00:00","2018-10-11T17:27:53.000+0000","2018-12-06T14:18:07.669+0000","http://creativecommons.org/licenses/by-nc/4.0/legalcode","none","none","none","WGS84","Magnoliopsida","BR","Brazil","FURB - Herbário Dr. Roberto Miguel Klein","BRA:FURB:FURB:0000046707","1349","FURB - Herbário Dr. Roberto Miguel Klein","Santa Terezinha","Morro do Taió.","pt","FURB",1077425799,"BRA:FURB:FURB:0000046707","Collection","Oliveira, A.A. de","46707","Universidade Regional de Blumenau, FURB","Universidade Regional de Blumenau, FURB","Regeneração IFFSC 796 /L/128","Oliveira, AA de","","","",NA,"","",NA,NA,"",NA,"","","","",NA,"",NA,"","","","","","",NA,NA,"","","","","","Santa Terezinha","Santa Catarina","brazil",738,"Santa Terezinha",4215679,-50.005437,-26.667517,"SANTA CATARINA","SC","Santa Catarina",-50.48226937,-27.24592878,"Santa Catarina","sc",-26.73,-50.04,"original coordinates","original coordinates OK"
"2","Simira sampaioana",1435461484,-19.004722,-43.773889,"cdround,gass84","4300f8d5-1ae5-49e5-a101-63894b005868","838537fc-4aeb-4980-8b58-97fbdcd1d91a","none","da7fe11a-b42c-46cb-9e9d-02243edb738a","BR","DWC_ARCHIVE","2018-10-02T15:36:09.715+0000","2018-09-24T19:58:13.740+0000",207,"none","PRESERVED_SPECIMEN",5335283,6,7707728,220,412,8798,2894913,5335283,5335283,"Simira sampaioana (Standl.) Steyerm.","Simira sampaioana (Standl.) Steyerm.","Plantae","Tracheophyta","Gentianales","Rubiaceae","Simira","Simira sampaioana","Simira","sampaioana","SPECIES","ACCEPTED","none",696,NA,"Minas Gerais",2014,12,20,"2014-12-20T00:00:00","2017-10-15T14:37:10.551+0000","2018-12-08T00:09:55.841+0000","http://creativecommons.org/licenses/by/4.0/legalcode","none","none","none","WGS84","Magnoliopsida","BR","Brazil","Rio de Janeiro Botanical Garden","urn:catalog:JBRJ:RB:1223348","624","RB - Rio de Janeiro Botanical Garden Herbarium Collection","Santana de Pirapama","Fazenda Toucan Cipó. Mata adjacente ao rio Cipó. Próxima aos estábulos e a casa do Botânico","","RB",1435461484,"urn:catalog:JBRJ:RB:1223348","PhysicalObject","G.M. Antar; I.S. Seto; I. Akemi-Borges; C. Farhat","RB01223348","JBRJ","","","M.F. Santos; G.M. Antar","RB 675312","Mata seca. Solo organo argiloso seco","",NA,"","",NA,NA,"",NA,"","","","",NA,"",NA,"","","","","","",NA,NA,"","","","","","Santana de Pirapama","Minas Gerais","brazil",2648,"Santana de Pirapama",3158508,-43.904348,-18.918993,"MINAS GERAIS","MG","Minas Gerais",-44.67333254,-18.45539008,"Minas Gerais","mg",-19.004722,-43.773889,"original coordinates","original coordinates OK"
"3","Simira sampaioana",1424475318,-21.550556,-41.555,"cdround,gass84","4300f8d5-1ae5-49e5-a101-63894b005868","838537fc-4aeb-4980-8b58-97fbdcd1d91a","none","da7fe11a-b42c-46cb-9e9d-02243edb738a","BR","DWC_ARCHIVE","2018-10-02T15:42:44.358+0000","2018-09-24T20:03:57.694+0000",207,"none","PRESERVED_SPECIMEN",5335283,6,7707728,220,412,8798,2894913,5335283,5335283,"Simira sampaioana (Standl.) Steyerm.","Simira sampaioana (Standl.) Steyerm.","Plantae","Tracheophyta","Gentianales","Rubiaceae","Simira","Simira sampaioana","Simira","sampaioana","SPECIES","ACCEPTED","2014-10-23T00:00:00",74,NA,"Rio de Janeiro",2013,12,17,"2013-12-17T00:00:00","2017-10-07T22:56:53.592+0000","2018-12-06T17:00:44.247+0000","http://creativecommons.org/licenses/by/4.0/legalcode","none","none","none","WGS84","Magnoliopsida","BR","Brazil","Rio de Janeiro Botanical Garden","urn:catalog:JBRJ:RB:840080","2802","RB - Rio de Janeiro Botanical Garden Herbarium Collection","Cardoso Moreira","","","RB",1424475318,"urn:catalog:JBRJ:RB:840080","PhysicalObject","M. Nadruz; I.G. Costa","RB00840080","JBRJ","","Lâmina membranácea levemente discolor; pedúnculo acastanhado, flores sésseis, botões esverdeados, flores esverdeadas.","M. Gomes","RB 593974","Floresta secundária preservada","",NA,"","",NA,NA,"",NA,"","","","",NA,"",NA,"","","","","","",NA,NA,"","","","","","Cardoso Moreira","Rio de Janeiro","brazil",1872,"Cardoso Moreira",3301157,-41.501879,-21.525639,"RIO DE JANEIRO","RJ","Rio de Janeiro",-42.66307908,-22.19581555,"Rio de Janeiro","rj",-21.550556,-41.555,"original coordinates","original coordinates OK"
"4","Simira sampaioana",1090633039,-19.005016,-43.776008,"gass84","1bb3cae3-b91f-4109-8a2d-a1f05f2d6fd3","76dbcb10-efc5-4d5f-87a5-bcd409fc92c8","none","b38ff2b7-c8af-454e-b5af-ee760f0d5bca","BR","DWC_ARCHIVE","2018-11-24T12:30:51.483+0000","2018-09-25T14:05:47.402+0000",126,"none","PRESERVED_SPECIMEN",5335283,6,7707728,220,412,8798,2894913,5335283,5335283,"Simira sampaioana (Standl.) Steyerm.","Simira sampaioana (Standl.) Steyerm.","Plantae","Tracheophyta","Gentianales","Rubiaceae","Simira","Simira sampaioana","Simira","sampaioana","SPECIES","ACCEPTED","2012-01-01T00:00:00",NA,NA,"Minas Gerais",2010,3,7,"2010-03-07T00:00:00","2018-08-21T18:45:31.000+0000","2018-12-08T04:43:57.019+0000","http://creativecommons.org/licenses/by-nc/4.0/legalcode","none","none","none","WGS84","Magnoliopsida","BR","Brazil","SPF - Herbário da Universidade de São Paulo","BRA:USP:SPF:0000214413","2753","SPF - Herbário da Universidade de São Paulo","Santana de Pirapama","Serra do Cipó, Capela de São José. Fazenda Toucan Cipó, mata perto dos estábulos","pt","SPF",1090633039,"BRA:USP:SPF:0000214413","Collection","Zappi, DC","214413","USP","Universidade de São Paulo, USP","Arvoreta 6 m alt.; Mata de galeria do Rio Cipó.","Zappi, DC","","","",NA,"","",NA,NA,"",NA,"","","","",NA,"",NA,"","","","","","",NA,NA,"","","","","","Santana de Pirapama","Minas Gerais","brazil",2648,"Santana de Pirapama",3158508,-43.904348,-18.918993,"MINAS GERAIS","MG","Minas Gerais",-44.67333254,-18.45539008,"Minas Gerais","mg",-19.005016,-43.776008,"original coordinates","original coordinates OK"
"5","Simira sampaioana",1077404636,-26.365,-49.235555,"cdround,gass84","b9a43c60-d2b6-445c-9362-2db65465c963","34e6e625-47cf-4d42-8054-af0c2f1b6e64","none","b38ff2b7-c8af-454e-b5af-ee760f0d5bca","BR","DWC_ARCHIVE","2018-11-23T15:39:08.381+0000","2018-10-24T15:38:07.284+0000",121,"none","PRESERVED_SPECIMEN",5335283,6,7707728,220,412,8798,2894913,5335283,5335283,"Simira sampaioana (Standl.) Steyerm.","Simira sampaioana (Standl.) Steyerm.","Plantae","Tracheophyta","Gentianales","Rubiaceae","Simira","Simira sampaioana","Simira","sampaioana","SPECIES","ACCEPTED","2010-05-10T00:00:00",417,0,"Santa Catarina",2010,5,10,"2010-05-10T00:00:00","2018-10-11T17:27:53.000+0000","2018-12-06T14:17:58.304+0000","http://creativecommons.org/licenses/by-nc/4.0/legalcode","none","none","none","WGS84","Magnoliopsida","BR","Brazil","FURB - Herbário Dr. Roberto Miguel Klein","BRA:FURB:FURB:0000025555","2215","FURB - Herbário Dr. Roberto Miguel Klein","São Bento do Sul","Braço esquerdo.","pt","FURB",1077404636,"BRA:FURB:FURB:0000025555","Collection","Cadorin, T.J.; Clemes, S.M. & Oliveira, C.","25555","Universidade Regional de Blumenau, FURB","Universidade Regional de Blumenau, FURB","Florística IFFSC e993b (Arbórea). Forófito 7.","Cadorin, TJ","","","",NA,"","",NA,NA,"",NA,"","","","",NA,"",NA,"","","","","","",NA,NA,"","","","","","São Bento do Sul","Santa Catarina","brazil",787,"São Bento do Sul",4215802,-49.34941,-26.295148,"SANTA CATARINA","SC","Santa Catarina",-50.48226937,-27.24592878,"Santa Catarina","sc",-26.365,-49.235555,"original coordinates","original coordinates OK"
"6","Simira sampaioana",1077386431,-26.921389,-49.071944,"cdround,gass84","b9a43c60-d2b6-445c-9362-2db65465c963","34e6e625-47cf-4d42-8054-af0c2f1b6e64","none","b38ff2b7-c8af-454e-b5af-ee760f0d5bca","BR","DWC_ARCHIVE","2018-11-23T15:38:57.616+0000","2018-10-24T15:37:59.642+0000",121,"none","PRESERVED_SPECIMEN",5335283,6,7707728,220,412,8798,2894913,5335283,5335283,"Simira sampaioana (Standl.) Steyerm.","Simira sampaioana (Standl.) Steyerm.","Plantae","Tracheophyta","Gentianales","Rubiaceae","Simira","Simira sampaioana","Simira","sampaioana","SPECIES","ACCEPTED","2008-05-15T00:00:00",NA,NA,"Santa Catarina",2008,3,11,"2008-03-11T00:00:00","2018-10-11T17:27:53.000+0000","2018-12-06T14:17:50.673+0000","http://creativecommons.org/licenses/by-nc/4.0/legalcode","none","none","none","WGS84","Magnoliopsida","BR","Brazil","FURB - Herbário Dr. Roberto Miguel Klein","BRA:FURB:FURB:0000007359","s.n.","FURB - Herbário Dr. Roberto Miguel Klein","Blumenau","Parque Natural Municipal São Francisco de Assis.","pt","FURB",1077386431,"BRA:FURB:FURB:0000007359","Collection","Schaefer, J.","7359","Universidade Regional de Blumenau, FURB","Universidade Regional de Blumenau, FURB","","Sobral, M","","","",NA,"","",NA,NA,"",NA,"","","","",NA,"",NA,"","","","","","",NA,NA,"","","","","","Blumenau","Santa Catarina","brazil",690,"Blumenau",4202404,-49.097426,-26.884746,"SANTA CATARINA","SC","Santa Catarina",-50.48226937,-27.24592878,"Santa Catarina","sc",-26.921389,-49.071944,"original coordinates","original coordinates OK"
"7","Simira sampaioana",1932872286,-20.321111,-49.504722,"gass84,preneglat,preneglon","f70fdd5a-e761-43b6-a854-462826cc7933","92bd7d31-3255-4f1c-8552-cbb6fbe60478","none","b38ff2b7-c8af-454e-b5af-ee760f0d5bca","BR","DWC_ARCHIVE","2018-12-03T15:20:55.373+0000","2018-11-01T19:41:13.670+0000",113,"none","PRESERVED_SPECIMEN",5335283,6,7707728,220,412,8798,2894913,5335283,5335283,"Simira sampaioana (Standl.) Steyerm.","Simira sampaioana (Standl.) Steyerm.","Plantae","Tracheophyta","Gentianales","Rubiaceae","Simira","Simira sampaioana","Simira","sampaioana","SPECIES","ACCEPTED","none",NA,NA,"São Paulo",2008,10,28,"2008-10-28T00:00:00","","2018-11-01T19:41:17.398+0000","http://creativecommons.org/licenses/by-nc/4.0/legalcode","none","none","none","WGS84","Magnoliopsida","BR","Brazil","SJRP - Herbário de São José do Rio Preto","BRA:UNESPSJRP:SJRP:0000033708","426","SJRP - Herbário de São José do Rio Preto","Palestina (P6)","Fazenda Boa Vista","pt","SJRP",1932872286,"BRA:UNESPSJRP:SJRP:0000033708","Collection","Almeida Neto, A. & Ranga, N. T.","33708","UNESPSJRP","Universidade Estadual Paulista, UNESP","Geografia: Árvore, P-A 14, I-102","","","","SOUTH_AMERICA",NA,"","",NA,NA,"",NA,"","","","",NA,"",NA,"","","","","","",NA,NA,"","","","","","Palestina (P6)","São Paulo","brazil",NA,"",NA,NA,NA,"","","São Paulo",-48.72944932,-22.26440593,"São Paulo","sp",-20.321111,-49.504722,"original coordinates","original coordinates outside municipality original in palestina (p6) falls in palestina"
"8","Simira sampaioana",1840941131,-20.473611,-50.293333,"gass84,preneglat,preneglon","f70fdd5a-e761-43b6-a854-462826cc7933","92bd7d31-3255-4f1c-8552-cbb6fbe60478","none","b38ff2b7-c8af-454e-b5af-ee760f0d5bca","BR","DWC_ARCHIVE","2018-12-03T15:20:55.095+0000","2018-10-02T19:47:16.348+0000",113,"none","PRESERVED_SPECIMEN",5335283,6,7707728,220,412,8798,2894913,5335283,5335283,"Simira sampaioana (Standl.) Steyerm.","Simira sampaioana (Standl.) Steyerm.","Plantae","Tracheophyta","Gentianales","Rubiaceae","Simira","Simira sampaioana","Simira","sampaioana","SPECIES","ACCEPTED","none",NA,NA,"São Paulo",2007,12,15,"2007-12-15T00:00:00","2018-10-01T18:10:44.000+0000","2018-12-08T19:50:46.027+0000","http://creativecommons.org/licenses/by-nc/4.0/legalcode","none","none","none","WGS84","Magnoliopsida","BR","Brazil","SJRP - Herbário de São José do Rio Preto","BRA:UNESPSJRP:SJRP:0000033250","2756","SJRP - Herbário de São José do Rio Preto","São João de Iracema (G5)","Fazenda São Francisco","pt","SJRP",1840941131,"BRA:UNESPSJRP:SJRP:0000033250","Collection","Stranghetti, V.; Ranga, N. T. & Rezende A. A.","33250","UNESPSJRP","Universidade Estadual Paulista, UNESP","Geografia: Árvore, 3m, botão esverdeado.","","","","SOUTH_AMERICA",NA,"","",NA,NA,"",NA,"","","","",NA,"",NA,"","","","","","",NA,NA,"","","","","","São João de Iracema (G5)","São Paulo","brazil",NA,"",NA,NA,NA,"","","São Paulo",-48.72944932,-22.26440593,"São Paulo","sp",-20.473611,-50.293333,"original coordinates","original coordinates outside municipality original in sao joao de iracema (g5) falls in sao joao de iracema"
"9","Simira sampaioana",1090582191,-23.336944,-44.835556,"gass84","1064b787-c882-493e-b17d-4ffba363b776","c47cd3b0-2178-4a4b-87a6-740b482970a9","none","b38ff2b7-c8af-454e-b5af-ee760f0d5bca","BR","DWC_ARCHIVE","2018-11-23T18:20:31.510+0000","2017-12-29T14:14:17.701+0000",129,"none","PRESERVED_SPECIMEN",5335283,6,7707728,220,412,8798,2894913,5335283,5335283,"Simira sampaioana (Standl.) Steyerm.","Simira sampaioana (Standl.) Steyerm.","Plantae","Tracheophyta","Gentianales","Rubiaceae","Simira","Simira sampaioana","Simira","sampaioana","SPECIES","ACCEPTED","2006-02-08T00:00:00",NA,NA,"São Paulo",2006,2,8,"2006-02-08T00:00:00","2017-06-09T14:02:15.000+0000","2018-12-08T04:43:32.025+0000","http://creativecommons.org/licenses/by-nc/4.0/legalcode","none","none","none","WGS84","Magnoliopsida","BR","Brazil","IAC - Herbário do Instituto Agronômico de Campinas","BRA:IAC:IAC:0000055473","s/nº","IAC - Herbário do Instituto Agronômico de Campinas","Ubatuba","Parque Estadual da Serra do Mar, Núcleo Picinguaba, trilha do Corisco, no sertão da Casa da Farinha","pt","IAC",1090582191,"BRA:IAC:IAC:0000055473","Collection","Assis, Marco Antônio","55473","IAC","Instituto Agronômico de Campinas, IAC","indivíduo n° B 237","Assis, Marco Antônio","","","",NA,"","",NA,NA,"",NA,"","","","",NA,"",NA,"","","","","","",NA,NA,"","","","","","Ubatuba","São Paulo","brazil",1216,"Ubatuba",3555406,-45.026117,-23.38322,"SAO PAULO","SP","São Paulo",-48.72944932,-22.26440593,"São Paulo","sp",-23.336944,-44.835556,"original coordinates","original coordinates OK"
"10","Simira sampaioana",1086917041,-23.336944,-44.835556,"gass84","16ed67e5-fd70-4fd4-85c3-70ea2da627fe","52603cfd-d564-4e89-a466-5e71813677be","none","b38ff2b7-c8af-454e-b5af-ee760f0d5bca","BR","DWC_ARCHIVE","2018-11-24T08:56:59.365+0000","2018-11-24T08:56:59.390+0000",126,"none","PRESERVED_SPECIMEN",5335283,6,7707728,220,412,8798,2894913,5335283,5335283,"Simira sampaioana (Standl.) Steyerm.","Simira sampaioana (Standl.) Steyerm.","Plantae","Tracheophyta","Gentianales","Rubiaceae","Simira","Simira sampaioana","Simira","sampaioana","SPECIES","ACCEPTED","2006-02-08T00:00:00",45,12,"São Paulo",2006,2,8,"2006-02-08T00:00:00","2018-11-05T15:59:21.000+0000","2018-12-08T13:01:20.586+0000","http://creativecommons.org/licenses/by-nc/4.0/legalcode","none","none","none","WGS84","Magnoliopsida","BR","Brazil","SPSF - Herbário Dom Bento José Pickel","BRA:IF:SPSF:0000049043","","SPSF - Herbário Dom Bento José Pickel","Ubatuba","Parque Estadual da Serra do Mar - Núcleo Picinguaba","pt","SPSF",1086917041,"BRA:IF:SPSF:0000049043","Collection","M.A.Assis","49043","IF","Instituto Florestal, IF","COLETA: Árvore nº 237.; GEOGRAFIA: Localizada ao longo da Trilha do Corisco, no Sertão da Casa da Farinha.&nf;Floresta Ombrófila Densa de Terras Baixas.;","M.A.Assis","","","SOUTH_AMERICA",NA,"","",NA,NA,"",NA,"","","","",NA,"",NA,"","","","","","",NA,NA,"","","","","","Ubatuba","São Paulo","brazil",1216,"Ubatuba",3555406,-45.026117,-23.38322,"SAO PAULO","SP","São Paulo",-48.72944932,-22.26440593,"São Paulo","sp",-23.336944,-44.835556,"original coordinates","original coordinates OK"
"11","Simira sampaioana",1135951968,-23.2013,-44.5008,"gass84","7741a517-ab3d-4b85-ae58-56322e44c8ce","d073b448-6b80-4364-8c38-18d08b88797f","none","b38ff2b7-c8af-454e-b5af-ee760f0d5bca","BR","DWC_ARCHIVE","2018-12-03T13:51:54.833+0000","2018-12-03T16:40:49.773+0000",122,"none","PRESERVED_SPECIMEN",5335283,6,7707728,220,412,8798,2894913,5335283,5335283,"Simira sampaioana (Standl.) Steyerm.","Simira sampaioana (Standl.) Steyerm.","Plantae","Tracheophyta","Gentianales","Rubiaceae","Simira","Simira sampaioana","Simira","sampaioana","SPECIES","ACCEPTED","none",45,12,"São Paulo",2006,2,8,"2006-02-08T00:00:00","2018-11-21T16:38:37.000+0000","2018-12-06T21:48:33.627+0000","http://creativecommons.org/licenses/by-nc/4.0/legalcode","none","none","none","WGS84","Magnoliopsida","BR","Brazil","UEC - Herbário da Universidade Estadual de Campinas","BRA:UNICAMP:UEC:0000186120","s.n.","UEC - Herbário da Universidade Estadual de Campinas","Ubatuba","Parque Estadual da Serra do Mar, Núcleo Picinguaba, ao longo da Trilha do Corisco, no Sertão da Casa da Farinha","pt","UEC",1135951968,"BRA:UNICAMP:UEC:0000186120","Collection","Assis, M.A.","186120","UNICAMP","Universidade Estadual de Campinas, UNICAMP","indivíduo nº B237&nf;; Floresta Ombrófila Densa de Terras Baixas","Assis, M.A.","","","",NA,"","",NA,NA,"",NA,"","","","",NA,"",NA,"","","","","","",NA,NA,"","","","","","Ubatuba","São Paulo","brazil",1216,"Ubatuba",3555406,-45.026117,-23.38322,"SAO PAULO","SP","São Paulo",-48.72944932,-22.26440593,"São Paulo","sp",-23.2013,-44.5008,"original coordinates","original coordinates outside Brazil"
"12","Simira sampaioana",1090580567,-23.4339,-45.0711,"gass84","1064b787-c882-493e-b17d-4ffba363b776","c47cd3b0-2178-4a4b-87a6-740b482970a9","none","b38ff2b7-c8af-454e-b5af-ee760f0d5bca","BR","DWC_ARCHIVE","2018-11-23T18:20:30.429+0000","2017-12-29T14:14:17.129+0000",129,"none","PRESERVED_SPECIMEN",5335283,6,7707728,220,412,8798,2894913,5335283,5335283,"Simira sampaioana (Standl.) Steyerm.","Simira sampaioana (Standl.) Steyerm.","Plantae","Tracheophyta","Gentianales","Rubiaceae","Simira","Simira sampaioana","Simira","sampaioana","SPECIES","ACCEPTED","2006-05-08T00:00:00",NA,NA,"São Paulo",2006,5,8,"2006-05-08T00:00:00","2017-10-31T16:20:03.000+0000","2018-12-08T04:43:31.413+0000","http://creativecommons.org/licenses/by-nc/4.0/legalcode","none","none","none","WGS84","Magnoliopsida","BR","Brazil","IAC - Herbário do Instituto Agronômico de Campinas","BRA:IAC:IAC:0000053725","521","IAC - Herbário do Instituto Agronômico de Campinas","Ubatuba","Núcleo Picinguaba/PESM, trilha da Casa da Farinha","pt","IAC",1090580567,"BRA:IAC:IAC:0000053725","Collection","M.C.R. Campos; M.A. Assis; A. Guaraldo & R. Belinelo","53725","IAC","Instituto Agronômico de Campinas, IAC","Composição florística, estrutura e funcionamento da Floresta Ombrófila Densa dos Núcleos Picinguaba e Santa Virgínia do Parque Estadual da Serra do Mar.&nf;Parcela E, subparcela 55","M.C.R. Campos et al.","","","",NA,"","",NA,NA,"",NA,"","","","",NA,"",NA,"","","","","","",NA,NA,"","","","","","Ubatuba","São Paulo","brazil",1216,"Ubatuba",3555406,-45.026117,-23.38322,"SAO PAULO","SP","São Paulo",-48.72944932,-22.26440593,"São Paulo","sp",-23.4339,-45.0711,"original coordinates","original coordinates OK"
"13","Simira sampaioana",1090526064,-10.351944,-48.188611,"gass84","965b5ae5-7b2d-4155-a7ff-e9e496d70f90","605d693a-f335-44fb-b6cf-3ac49842358e","none","b38ff2b7-c8af-454e-b5af-ee760f0d5bca","BR","DWC_ARCHIVE","2018-11-24T12:22:31.538+0000","2017-12-29T14:52:49.538+0000",129,"none","PRESERVED_SPECIMEN",5335283,6,7707728,220,412,8798,2894913,5335283,5335283,"Simira sampaioana (Standl.) Steyerm.","Simira sampaioana (Standl.) Steyerm.","Plantae","Tracheophyta","Gentianales","Rubiaceae","Simira","Simira sampaioana","Simira","sampaioana","SPECIES","ACCEPTED","none",9999,0,"Tocantins",2005,12,8,"2005-12-08T00:00:00","2016-12-15T18:24:59.000+0000","2018-12-08T04:43:03.609+0000","http://creativecommons.org/licenses/by-nc/4.0/legalcode","none","none","none","WGS84","Magnoliopsida","BR","Brazil","HUTO - Herbário da Universidade de Tocantins","BRA:UNITINS:HUTO:0000000324","170","HUTO - Herbário da Universidade de Tocantins","Palmas","Córrego Taboca. Sub-bacia do Ribeirão São João","pt","HUTO",1090526064,"BRA:UNITINS:HUTO:0000000324","Collection","Santos, E.R.","324","UNITINS","Fundação Universidade de Tocantins (UNITINS)","Árvore com cerca de 2,50 m de altura. Inflorescência creme com antera marrom; Mata de galeria","","","","",NA,"","",NA,NA,"",NA,"","","","",NA,"",NA,"","","","","","",NA,NA,"","","","","","Palmas","Tocantins","brazil",3877,"Palmas",1721000,-48.15252,-10.220926,"TOCANTINS","TO","Tocantins",-48.32919432,-10.14913269,"Tocantins","to",-10.351944,-48.188611,"original coordinates","original coordinates OK"
"14","Simira sampaioana",1090569041,-20.0308,-49.3833,"gass84","1064b787-c882-493e-b17d-4ffba363b776","c47cd3b0-2178-4a4b-87a6-740b482970a9","none","b38ff2b7-c8af-454e-b5af-ee760f0d5bca","BR","DWC_ARCHIVE","2018-11-23T18:20:22.931+0000","2017-12-29T14:14:12.273+0000",129,"none","PRESERVED_SPECIMEN",5335283,6,7707728,220,412,8798,2894913,5335283,5335283,"Simira sampaioana (Standl.) Steyerm.","Simira sampaioana (Standl.) Steyerm.","Plantae","Tracheophyta","Gentianales","Rubiaceae","Simira","Simira sampaioana","Simira","sampaioana","SPECIES","ACCEPTED","2002-12-05T00:00:00",NA,NA,"São Paulo",2002,12,5,"2002-12-05T00:00:00","2017-10-31T16:17:23.000+0000","2018-12-08T04:43:24.582+0000","http://creativecommons.org/licenses/by-nc/4.0/legalcode","none","none","none","WGS84","Magnoliopsida","BR","Brazil","IAC - Herbário do Instituto Agronômico de Campinas","BRA:IAC:IAC:0000042149","213","IAC - Herbário do Instituto Agronômico de Campinas","Paulo de Faria","Estação Ecológica de Paulo de Faria","pt","IAC",1090569041,"BRA:IAC:IAC:0000042149","Collection","F. Tomasetto; A.A. Rezende & N. Taroda-Ranga","42149","IAC","Instituto Agronômico de Campinas, IAC","","F. Tomasetto et al.","","","",NA,"","",NA,NA,"",NA,"","","","",NA,"",NA,"","","","","","",NA,NA,"","","","","","Paulo de Faria","São Paulo","brazil",2402,"Paulo de Faria",3536604,-49.463623,-20.066089,"SAO PAULO","SP","São Paulo",-48.72944932,-22.26440593,"São Paulo","sp",-20.0308,-49.3833,"original coordinates","original coordinates OK"
"15","Simira sampaioana",1089107244,-22.33,-46.3112,"gass84","7741a517-ab3d-4b85-ae58-56322e44c8ce","d073b448-6b80-4364-8c38-18d08b88797f","none","b38ff2b7-c8af-454e-b5af-ee760f0d5bca","BR","DWC_ARCHIVE","2018-12-03T13:51:46.626+0000","2018-12-03T16:41:23.819+0000",122,"none","PRESERVED_SPECIMEN",5335283,6,7707728,220,412,8798,2894913,5335283,5335283,"Simira sampaioana (Standl.) Steyerm.","Simira sampaioana (Standl.) Steyerm.","Plantae","Tracheophyta","Gentianales","Rubiaceae","Simira","Simira sampaioana","Simira","sampaioana","SPECIES","ACCEPTED","none",NA,NA,"São Paulo",2001,1,19,"2001-01-19T00:00:00","2018-11-21T16:38:37.000+0000","2018-12-08T04:38:23.058+0000","http://creativecommons.org/licenses/by-nc/4.0/legalcode","none","none","none","WGS84","Magnoliopsida","BR","Brazil","UEC - Herbário da Universidade Estadual de Campinas","BRA:UNICAMP:UEC:0000171006","3905","UEC - Herbário da Universidade Estadual de Campinas","Itatiba","Mata da Fazenda Malabar (Fragmento M3).","pt","UEC",1089107244,"BRA:UNICAMP:UEC:0000171006","Collection","Santos, K.; Baitello, J.B.","171006","UNICAMP","Universidade Estadual de Campinas, UNICAMP","Árvore 13m alt. Decídua. Anemocórica. Córtex rugoso. Madeira pesada. Fuste: 10m. PAP: 75cm. 51-75% da copa infestada por lianas. Nome popular: Maiate.","","","","",NA,"","",NA,NA,"",NA,"","","","",NA,"",NA,"","","","","","",NA,NA,"","","","","","Itatiba","São Paulo","brazil",1337,"Itatiba",3523404,-46.814257,-23.006578,"SAO PAULO","SP","São Paulo",-48.72944932,-22.26440593,"São Paulo","sp",-22.33,-46.3112,"original coordinates","original coordinates outside municipality original in itatiba falls in inconfidentes"
"16","Simira sampaioana",1090530657,-13.826111,-46.698611,"gass84","965b5ae5-7b2d-4155-a7ff-e9e496d70f90","605d693a-f335-44fb-b6cf-3ac49842358e","none","b38ff2b7-c8af-454e-b5af-ee760f0d5bca","BR","DWC_ARCHIVE","2018-11-24T12:22:33.468+0000","2017-12-29T14:53:11.220+0000",129,"none","PRESERVED_SPECIMEN",5335283,6,7707728,220,412,8798,2894913,5335283,5335283,"Simira sampaioana (Standl.) Steyerm.","Simira sampaioana (Standl.) Steyerm.","Plantae","Tracheophyta","Gentianales","Rubiaceae","Simira","Simira sampaioana","Simira","sampaioana","SPECIES","ACCEPTED","none",478,0,"Goiás",2001,3,28,"2001-03-28T00:00:00","2016-12-15T18:24:59.000+0000","2018-12-08T04:43:05.684+0000","http://creativecommons.org/licenses/by-nc/4.0/legalcode","none","none","none","WGS84","Magnoliopsida","BR","Brazil","HUTO - Herbário da Universidade de Tocantins","BRA:UNITINS:HUTO:0000005100","13","HUTO - Herbário da Universidade de Tocantins","São Domingos","Fazenda São José - Vale do Paranã. Solo com afloramento de calcário","pt","HUTO",1090530657,"BRA:UNITINS:HUTO:0000005100","Collection","Silva, L.A.","5100","UNITINS","Fundação Universidade de Tocantins (UNITINS)","Floresta estacional decídua","Texeira, A.","","","",NA,"","",NA,NA,"",NA,"","","","",NA,"",NA,"","","","","","",NA,NA,"","","","","","São Domingos","Goiás","brazil",3399,"São Domingos",5219803,-46.486593,-13.536781,"GOIAS","GO","Goiás",-49.62349059,-16.04162242,"Goiás","go",-13.826111,-46.698611,"original coordinates","original coordinates outside municipality original in sao domingos falls in guarani de goias"
"17","Simira sampaioana",1089107226,-22.27,-46.3336,"gass84","7741a517-ab3d-4b85-ae58-56322e44c8ce","d073b448-6b80-4364-8c38-18d08b88797f","none","b38ff2b7-c8af-454e-b5af-ee760f0d5bca","BR","DWC_ARCHIVE","2018-12-03T13:51:46.498+0000","2018-12-03T16:41:23.874+0000",122,"none","PRESERVED_SPECIMEN",5335283,6,7707728,220,412,8798,2894913,5335283,5335283,"Simira sampaioana (Standl.) Steyerm.","Simira sampaioana (Standl.) Steyerm.","Plantae","Tracheophyta","Gentianales","Rubiaceae","Simira","Simira sampaioana","Simira","sampaioana","SPECIES","ACCEPTED","none",NA,NA,"São Paulo",2001,9,12,"2001-09-12T00:00:00","2018-11-21T16:38:37.000+0000","2018-12-08T04:38:23.094+0000","http://creativecommons.org/licenses/by-nc/4.0/legalcode","none","none","none","WGS84","Magnoliopsida","BR","Brazil","UEC - Herbário da Universidade Estadual de Campinas","BRA:UNICAMP:UEC:0000171004","4093","UEC - Herbário da Universidade Estadual de Campinas","Campinas","Mata da Fazenda Recreio (Fragmento G2).","pt","UEC",1089107226,"BRA:UNICAMP:UEC:0000171004","Collection","Santos, K.; Baitello, J.B.","171004","UNICAMP","Universidade Estadual de Campinas, UNICAMP","Árvore 7m alt. Decídua. Anemocórica. Córtex rugoso. Madeira pesada. Fuste: 3,5m. PAP: 22cm. 15-75% da copa infestada por lianas. Nome popular: Maiate.; Floresta estacional semidecidual.","","","","",NA,"","",NA,NA,"",NA,"","","","",NA,"",NA,"","","","","","",NA,NA,"","","","","","Campinas","São Paulo","brazil",1373,"Campinas",3509502,-47.043665,-22.883678,"SAO PAULO","SP","São Paulo",-48.72944932,-22.26440593,"São Paulo","sp",-22.27,-46.3336,"original coordinates","original coordinates outside municipality original in campinas falls in ouro fino"
"18","Simira sampaioana",1077214200,-13.716667,-39.133333,"gass84","5b5cf455-a448-4c0a-aecd-3e0956f27f10","afdd8e93-b4e3-491c-88f0-8a22834ac1a9","none","b38ff2b7-c8af-454e-b5af-ee760f0d5bca","BR","DWC_ARCHIVE","2018-12-03T14:13:28.004+0000","2018-12-03T16:15:55.817+0000",122,"none","PRESERVED_SPECIMEN",5335283,6,7707728,220,412,8798,2894913,5335283,5335283,"Simira sampaioana (Standl.) Steyerm.","Simira sampaioana (Standl.) Steyerm.","Plantae","Tracheophyta","Gentianales","Rubiaceae","Simira","Simira sampaioana","Simira","sampaioana","SPECIES","ACCEPTED","2001-12-01T00:00:00",NA,NA,"Bahia",2001,12,15,"2001-12-15T00:00:00","2018-08-28T19:18:05.000+0000","2018-12-06T14:16:27.586+0000","http://creativecommons.org/licenses/by-nc/4.0/legalcode","none","none","none","WGS84","Magnoliopsida","BR","Brazil","ALCB - Herbário Alexandre Leal Costa","BRA:UFBA:ALCB:0000056522","9317","ALCB - Herbário Alexandre Leal Costa","Ituberá","Litoral Sul, Pancada Grande","pt","ALCB",1077214200,"BRA:UFBA:ALCB:0000056522","Collection","Guedes, ML; Santana, DL; Loureiro, DM; Alves, L. de J.","56522","Universidade Federal da Bahia (UFBA)","Universidade Federal da Bahia (UFBA)","12,0 m.. Folhas concentradas nas pontas dos ramos, cartáceas, discolores. Frutos maduros, deiscentes; sementes aladas. Ocasional.","Guedes, ML","","","SOUTH_AMERICA",NA,"","",NA,NA,"",NA,"","","","",NA,"",NA,"","","","","","",NA,NA,"","","","","","Ituberá","Bahia","brazil",3376,"Ituberá",2917300,-39.147155,-13.750476,"BAHIA","BA","Bahia",-41.72018023,-12.47295682,"Bahia","ba",-13.716667,-39.133333,"original coordinates","original coordinates OK"
"19","Simira sampaioana",1089107259,-22.49,-46.55,"gass84","7741a517-ab3d-4b85-ae58-56322e44c8ce","d073b448-6b80-4364-8c38-18d08b88797f","none","b38ff2b7-c8af-454e-b5af-ee760f0d5bca","BR","DWC_ARCHIVE","2018-12-03T13:51:46.493+0000","2018-12-03T16:41:23.838+0000",122,"none","PRESERVED_SPECIMEN",5335283,6,7707728,220,412,8798,2894913,5335283,5335283,"Simira sampaioana (Standl.) Steyerm.","Simira sampaioana (Standl.) Steyerm.","Plantae","Tracheophyta","Gentianales","Rubiaceae","Simira","Simira sampaioana","Simira","sampaioana","SPECIES","ACCEPTED","none",653,0,"São Paulo",2000,1,25,"2000-01-25T00:00:00","2018-11-21T16:38:37.000+0000","2018-12-08T04:38:23.063+0000","http://creativecommons.org/licenses/by-nc/4.0/legalcode","none","none","none","WGS84","Magnoliopsida","BR","Brazil","UEC - Herbário da Universidade Estadual de Campinas","BRA:UNICAMP:UEC:0000171007","995","UEC - Herbário da Universidade Estadual de Campinas","Campinas","Mata Ribeirão Cachoeira (área C1); área total: 244,9ha.","pt","UEC",1089107259,"BRA:UNICAMP:UEC:0000171007","Collection","Santos, K.; Belinello, R.","171007","UNICAMP","Universidade Estadual de Campinas, UNICAMP","Árvore decídua, anemocórica, córtex rugoso, madeira moderadamente pesada; altura total: 10m; altura do fuste: 3m; PAP: 31cm. 26-50% da copa infestada por lianas. Pilosa, N.P.: maiate.; Floresta estacional semidecidual.","Santos, K.","","","",NA,"","",NA,NA,"",NA,"","","","",NA,"",NA,"","","","","","",NA,NA,"","","","","","Campinas","São Paulo","brazil",1373,"Campinas",3509502,-47.043665,-22.883678,"SAO PAULO","SP","São Paulo",-48.72944932,-22.26440593,"São Paulo","sp",-22.49,-46.55,"original coordinates","original coordinates outside municipality original in campinas falls in socorro"
"20","Simira sampaioana",1089107208,-22.48,-46.53,"gass84","7741a517-ab3d-4b85-ae58-56322e44c8ce","d073b448-6b80-4364-8c38-18d08b88797f","none","b38ff2b7-c8af-454e-b5af-ee760f0d5bca","BR","DWC_ARCHIVE","2018-12-03T13:51:46.595+0000","2018-12-03T16:41:23.815+0000",122,"none","PRESERVED_SPECIMEN",5335283,6,7707728,220,412,8798,2894913,5335283,5335283,"Simira sampaioana (Standl.) Steyerm.","Simira sampaioana (Standl.) Steyerm.","Plantae","Tracheophyta","Gentianales","Rubiaceae","Simira","Simira sampaioana","Simira","sampaioana","SPECIES","ACCEPTED","none",733,0,"São Paulo",2000,6,14,"2000-06-14T00:00:00","2018-11-21T16:38:37.000+0000","2018-12-08T04:38:22.993+0000","http://creativecommons.org/licenses/by-nc/4.0/legalcode","none","none","none","WGS84","Magnoliopsida","BR","Brazil","UEC - Herbário da Universidade Estadual de Campinas","BRA:UNICAMP:UEC:0000171008","2151","UEC - Herbário da Universidade Estadual de Campinas","Campinas","Mata da faz. Santa Atalaia (fragmento M4); área total: 25,2ha.","pt","UEC",1089107208,"BRA:UNICAMP:UEC:0000171008","Collection","Santos, K.; Belinello, R.","171008","UNICAMP","Universidade Estadual de Campinas, UNICAMP","Árvore decídua, anemocórica, córtex rugoso, madeira moderadamente pesada; altura total: 16m; altura do fuste: 11m; PAP: 45cm. 01-25% da copa infestada por lianas. Pilosa, N.P.: maiate.; Floresta estacional semidecidual.","Santos, K.","","","",NA,"","",NA,NA,"",NA,"","","","",NA,"",NA,"","","","","","",NA,NA,"","","","","","Campinas","São Paulo","brazil",1373,"Campinas",3509502,-47.043665,-22.883678,"SAO PAULO","SP","São Paulo",-48.72944932,-22.26440593,"São Paulo","sp",-22.48,-46.53,"original coordinates","original coordinates outside municipality original in campinas falls in monte siao"
"21","Simira sampaioana",1089107238,-22.3224,-46.3036,"gass84","7741a517-ab3d-4b85-ae58-56322e44c8ce","d073b448-6b80-4364-8c38-18d08b88797f","none","b38ff2b7-c8af-454e-b5af-ee760f0d5bca","BR","DWC_ARCHIVE","2018-12-03T13:51:46.594+0000","2018-12-03T16:41:23.828+0000",122,"none","PRESERVED_SPECIMEN",5335283,6,7707728,220,412,8798,2894913,5335283,5335283,"Simira sampaioana (Standl.) Steyerm.","Simira sampaioana (Standl.) Steyerm.","Plantae","Tracheophyta","Gentianales","Rubiaceae","Simira","Simira sampaioana","Simira","sampaioana","SPECIES","ACCEPTED","none",NA,NA,"São Paulo",2000,8,23,"2000-08-23T00:00:00","2018-11-21T16:38:37.000+0000","2018-12-08T04:38:23.052+0000","http://creativecommons.org/licenses/by-nc/4.0/legalcode","none","none","none","WGS84","Magnoliopsida","BR","Brazil","UEC - Herbário da Universidade Estadual de Campinas","BRA:UNICAMP:UEC:0000171014","3327","UEC - Herbário da Universidade Estadual de Campinas","Itatiba","Mata da Fazenda Malabar (Fragmento M2).","pt","UEC",1089107238,"BRA:UNICAMP:UEC:0000171014","Collection","Santos, K.; Belinello, R.","171014","UNICAMP","Universidade Estadual de Campinas, UNICAMP","Árvore decídua 10m alt. Anemocórica. Córtex rugoso. Madeira moderadamente pesada. Fuste 6m alt. PAP: 48cm. 51-75% da copa infestada por lianas. Pilosa. Nome popular: maiate.; Floresta estacional semidecidual.","","","","",NA,"","",NA,NA,"",NA,"","","","",NA,"",NA,"","","","","","",NA,NA,"","","","","","Itatiba","São Paulo","brazil",1337,"Itatiba",3523404,-46.814257,-23.006578,"SAO PAULO","SP","São Paulo",-48.72944932,-22.26440593,"São Paulo","sp",-22.3224,-46.3036,"original coordinates","original coordinates outside municipality original in itatiba falls in inconfidentes"
"22","Simira sampaioana",1089107242,-22.52,-46.54,"gass84","7741a517-ab3d-4b85-ae58-56322e44c8ce","d073b448-6b80-4364-8c38-18d08b88797f","none","b38ff2b7-c8af-454e-b5af-ee760f0d5bca","BR","DWC_ARCHIVE","2018-12-03T13:51:46.606+0000","2018-12-03T16:41:23.790+0000",122,"none","PRESERVED_SPECIMEN",5335283,6,7707728,220,412,8798,2894913,5335283,5335283,"Simira sampaioana (Standl.) Steyerm.","Simira sampaioana (Standl.) Steyerm.","Plantae","Tracheophyta","Gentianales","Rubiaceae","Simira","Simira sampaioana","Simira","sampaioana","SPECIES","ACCEPTED","none",885,0,"São Paulo",2000,8,14,"2000-08-14T00:00:00","2018-11-21T16:38:37.000+0000","2018-12-08T04:38:23.018+0000","http://creativecommons.org/licenses/by-nc/4.0/legalcode","none","none","none","WGS84","Magnoliopsida","BR","Brazil","UEC - Herbário da Universidade Estadual de Campinas","BRA:UNICAMP:UEC:0000171010","2910","UEC - Herbário da Universidade Estadual de Campinas","Campinas","Mata da faz. Capoeira Grande (fragmento M1); área total: 19.9ha.","pt","UEC",1089107242,"BRA:UNICAMP:UEC:0000171010","Collection","Santos, K.; Belinello, R.","171010","UNICAMP","Universidade Estadual de Campinas, UNICAMP","Árvore decídua, anemocórica, córtex rugoso, madeira moderadamente pesada; altura total: 12m; altura do fuste: 16m; PAP: 81cm. 51-75% da copa infestada por lianas. Pilosa, N.P.: maiate.; Floresta estacional semidecidual.","Santos, K.","","","",NA,"","",NA,NA,"",NA,"","","","",NA,"",NA,"","","","","","",NA,NA,"","","","","","Campinas","São Paulo","brazil",1373,"Campinas",3509502,-47.043665,-22.883678,"SAO PAULO","SP","São Paulo",-48.72944932,-22.26440593,"São Paulo","sp",-22.52,-46.54,"original coordinates","original coordinates outside municipality original in campinas falls in socorro"
"23","Simira sampaioana",1090579361,-21.13457,-47.750664,"gass84","1064b787-c882-493e-b17d-4ffba363b776","c47cd3b0-2178-4a4b-87a6-740b482970a9","none","b38ff2b7-c8af-454e-b5af-ee760f0d5bca","BR","DWC_ARCHIVE","2018-11-23T18:20:29.718+0000","2017-12-29T14:14:16.556+0000",129,"none","PRESERVED_SPECIMEN",5335283,6,7707728,220,412,8798,2894913,5335283,5335283,"Simira sampaioana (Standl.) Steyerm.","Simira sampaioana (Standl.) Steyerm.","Plantae","Tracheophyta","Gentianales","Rubiaceae","Simira","Simira sampaioana","Simira","sampaioana","SPECIES","ACCEPTED","2000-11-21T00:00:00",NA,NA,"São Paulo",2000,11,21,"2000-11-21T00:00:00","2017-06-09T14:02:15.000+0000","2018-12-08T04:43:30.794+0000","http://creativecommons.org/licenses/by-nc/4.0/legalcode","none","none","none","WGS84","Magnoliopsida","BR","Brazil","IAC - Herbário do Instituto Agronômico de Campinas","BRA:IAC:IAC:0000052477","608","IAC - Herbário do Instituto Agronômico de Campinas","Ribeirão Preto","Reserva do loteamento Floresta Fernandes","pt","IAC",1090579361,"BRA:IAC:IAC:0000052477","Collection","O. Kotchetkoff-Henriques","52477","IAC","Instituto Agronômico de Campinas, IAC","","L.C. Bernacci & O. Kotchetkoff-Henriques","","","",NA,"","",NA,NA,"",NA,"","","","",NA,"",NA,"","","","","","",NA,NA,"","","","","","Ribeirão Preto","São Paulo","brazil",1986,"Ribeirão Preto",3543402,-47.821643,-21.210883,"SAO PAULO","SP","São Paulo",-48.72944932,-22.26440593,"São Paulo","sp",-21.13457,-47.750664,"original coordinates","original coordinates OK"
"24","Simira sampaioana",1089107248,-22.47,-46.56,"gass84","7741a517-ab3d-4b85-ae58-56322e44c8ce","d073b448-6b80-4364-8c38-18d08b88797f","none","b38ff2b7-c8af-454e-b5af-ee760f0d5bca","BR","DWC_ARCHIVE","2018-12-03T13:51:46.572+0000","2018-12-03T16:41:23.862+0000",122,"none","PRESERVED_SPECIMEN",5335283,6,7707728,220,412,8798,2894913,5335283,5335283,"Simira sampaioana (Standl.) Steyerm.","Simira sampaioana (Standl.) Steyerm.","Plantae","Tracheophyta","Gentianales","Rubiaceae","Simira","Simira sampaioana","Simira","sampaioana","SPECIES","ACCEPTED","none",739,0,"São Paulo",1999,9,28,"1999-09-28T00:00:00","2018-11-21T16:38:37.000+0000","2018-12-08T04:38:23.038+0000","http://creativecommons.org/licenses/by-nc/4.0/legalcode","none","none","none","WGS84","Magnoliopsida","BR","Brazil","UEC - Herbário da Universidade Estadual de Campinas","BRA:UNICAMP:UEC:0000171011","471","UEC - Herbário da Universidade Estadual de Campinas","Campinas","Mata do Macuco (fragmento G1); área total: 41,8ha.","pt","UEC",1089107248,"BRA:UNICAMP:UEC:0000171011","Collection","Santos, K.; Belinello, R.","171011","UNICAMP","Universidade Estadual de Campinas, UNICAMP","Árvore decídua, anemocórica, córtex rugoso, madeira moderadamente pesada; altura total: 9m; altura do fuste: 5m; PAP: 33cm. 01-25% da copa infestada por lianas. Pilosa, N.P.: maiate.; Floresta estacional semidecidual.","Santos, K.","","","",NA,"","",NA,NA,"",NA,"","","","",NA,"",NA,"","","","","","",NA,NA,"","","","","","Campinas","São Paulo","brazil",1373,"Campinas",3509502,-47.043665,-22.883678,"SAO PAULO","SP","São Paulo",-48.72944932,-22.26440593,"São Paulo","sp",-22.47,-46.56,"original coordinates","original coordinates outside municipality original in campinas falls in aguas de lindoia"
"25","Simira sampaioana",1089107241,-22.49,-46.55,"gass84","7741a517-ab3d-4b85-ae58-56322e44c8ce","d073b448-6b80-4364-8c38-18d08b88797f","none","b38ff2b7-c8af-454e-b5af-ee760f0d5bca","BR","DWC_ARCHIVE","2018-12-03T13:51:46.528+0000","2018-12-03T16:41:23.829+0000",122,"none","PRESERVED_SPECIMEN",5335283,6,7707728,220,412,8798,2894913,5335283,5335283,"Simira sampaioana (Standl.) Steyerm.","Simira sampaioana (Standl.) Steyerm.","Plantae","Tracheophyta","Gentianales","Rubiaceae","Simira","Simira sampaioana","Simira","sampaioana","SPECIES","ACCEPTED","none",756,0,"São Paulo",1999,11,29,"1999-11-29T00:00:00","2018-11-21T16:38:37.000+0000","2018-12-08T04:38:23.068+0000","http://creativecommons.org/licenses/by-nc/4.0/legalcode","none","none","none","WGS84","Magnoliopsida","BR","Brazil","UEC - Herbário da Universidade Estadual de Campinas","BRA:UNICAMP:UEC:0000171009","745","UEC - Herbário da Universidade Estadual de Campinas","Campinas","Mata Ribeirão Cachoeira (área C3); área total: 244,9ha.","pt","UEC",1089107241,"BRA:UNICAMP:UEC:0000171009","Collection","Santos, K.; Belinello, R.","171009","UNICAMP","Universidade Estadual de Campinas, UNICAMP","Árvore decídua, anemocórica, córtex rugoso, madeira moderadamente pesada; altura total: 13m; altura do fuste: 11m; PAP: 48cm. 01-25% da copa infestada por lianas. Pilosa, N.P.: maiate.; Floresta estacional semidecidual.","Santos, K.","","","",NA,"","",NA,NA,"",NA,"","","","",NA,"",NA,"","","","","","",NA,NA,"","","","","","Campinas","São Paulo","brazil",1373,"Campinas",3509502,-47.043665,-22.883678,"SAO PAULO","SP","São Paulo",-48.72944932,-22.26440593,"São Paulo","sp",-22.49,-46.55,"original coordinates","original coordinates outside municipality original in campinas falls in socorro"
"26","Simira sampaioana",1090479224,-16.266667,-39.016667,"gass84","bc81e05b-ed51-46ba-a0a4-90fbae9b5545","c6aacf9d-a5a7-4d7f-a6fc-ea0a4b8ec450","none","b38ff2b7-c8af-454e-b5af-ee760f0d5bca","BR","DWC_ARCHIVE","2018-11-24T12:34:03.518+0000","2018-11-24T12:34:03.549+0000",122,"none","PRESERVED_SPECIMEN",5335283,6,7707728,220,412,8798,2894913,5335283,5335283,"Simira sampaioana (Standl.) Steyerm.","Simira sampaioana (Standl.) Steyerm.","Plantae","Tracheophyta","Gentianales","Rubiaceae","Simira","Simira sampaioana","Simira","sampaioana","SPECIES","ACCEPTED","none",NA,NA,"Bahia",1997,7,30,"1997-07-30T00:00:00","2018-11-14T18:15:40.000+0000","2018-12-08T04:42:45.077+0000","http://creativecommons.org/licenses/by-nc/4.0/legalcode","none","none","none","WGS84","Magnoliopsida","BR","Brazil","CEPEC - Herbário do Centro de Pesquisas do Cacau","BRA:CEPLAC:CEPEC:0000085591","6669","CEPEC - Herbário do Centro de Pesquisas do Cacau","SANTA CRUZ CABRÁLIA","Extremo Sul. Projeto Cedro da Veracel Celulose.","pt","CEPEC",1090479224,"BRA:CEPLAC:CEPEC:0000085591","Collection","M. L. Guedes","85591","Comissão Executiva do Plano da Lavoura Cacaueira (CEPLAC)","Comissão Executiva do Plano da Lavoura Cacaueira (CEPLAC)","","M. L. Guedes","30/11/1998","","",NA,"","",NA,NA,"",NA,"","","","",NA,"",NA,"","","","","","",NA,NA,"","","","","","SANTA CRUZ CABRÁLIA","Bahia","brazil",3034,"Santa Cruz Cabrália",2927705,-39.203176,-16.228954,"BAHIA","BA","Bahia",-41.72018023,-12.47295682,"Bahia","ba",-16.266667,-39.016667,"original coordinates","original coordinates outside Brazil"
"27","Simira sampaioana",1234557147,-19.58,-49.32,"gass84","7741a517-ab3d-4b85-ae58-56322e44c8ce","d073b448-6b80-4364-8c38-18d08b88797f","none","b38ff2b7-c8af-454e-b5af-ee760f0d5bca","BR","DWC_ARCHIVE","2018-12-03T13:51:05.263+0000","2018-12-03T16:41:05.070+0000",122,"none","PRESERVED_SPECIMEN",5335283,6,7707728,220,412,8798,2894913,5335283,5335283,"Simira sampaioana (Standl.) Steyerm.","Simira sampaioana (Standl.) Steyerm.","Plantae","Tracheophyta","Gentianales","Rubiaceae","Simira","Simira sampaioana","Simira","sampaioana","SPECIES","ACCEPTED","none",NA,NA,"São Paulo",1995,4,25,"1995-04-25T00:00:00","2018-11-21T16:38:37.000+0000","2018-12-03T16:41:59.673+0000","http://creativecommons.org/licenses/by-nc/4.0/legalcode","none","none","none","WGS84","Magnoliopsida","BR","Brazil","UEC - Herbário da Universidade Estadual de Campinas","BRA:UNICAMP:UEC:0000083282","509","UEC - Herbário da Universidade Estadual de Campinas","Paulo de Faria","estação ecológica de paulo de faria","pt","UEC",1234557147,"BRA:UNICAMP:UEC:0000083282","Collection","Stranghetti, V.","83282","UNICAMP","Universidade Estadual de Campinas, UNICAMP","árvore 13 m, fruto, beira de mata, lado direito","","","","",NA,"","",NA,NA,"",NA,"","","","",NA,"",NA,"","","","","","",NA,NA,"","","","","","Paulo de Faria","São Paulo","brazil",2402,"Paulo de Faria",3536604,-49.463623,-20.066089,"SAO PAULO","SP","São Paulo",-48.72944932,-22.26440593,"São Paulo","sp",-19.58,-49.32,"original coordinates","original coordinates outside municipality original in paulo de faria falls in comendador gomes"
"28","Simira sampaioana",1928849521,-19.3949002236543,-40.071853011446,"cdrep","d415c253-4d61-4459-9d25-4015b9084fb0","ae447c50-b8a8-11d8-92a4-b8a03c50a862","none","17017c2c-036b-45d9-b045-606d21b00771","US","DWC_ARCHIVE","2018-11-18T14:52:31.938+0000","2018-11-18T14:52:32.027+0000",96,"none","PRESERVED_SPECIMEN",5335283,6,7707728,220,412,8798,2894913,5335283,5335283,"Simira sampaioana (Standl.) Steyerm.","Simira sampaioana (Standl.) Steyerm.","Plantae","Tracheophyta","Gentianales","Rubiaceae","Simira","Simira sampaioana","Simira","sampaioana","SPECIES","ACCEPTED","1999-01-01T00:00:00",0,0,"Espírito Santo",1994,2,3,"1994-02-03T00:00:00","2016-11-01T11:02:00.000+0000","2018-12-08T19:29:36.687+0000","http://creativecommons.org/publicdomain/zero/1.0/legalcode","none","none","none","WGS84","Magnoliopsida","BR","Brazil","The New York Botanical Garden","4c6b8189-57ec-4c02-9339-3304d9f1d21e","2201","Vascular plants","","Reserva Florestal de Linhares. Estrada Gávea. Km. 19,6","en","NY",1928849521,"4c6b8189-57ec-4c02-9339-3304d9f1d21e","PhysicalObject","D. A. Folli","502843","NY","","","P. G. Delprete","","","SOUTH_AMERICA",NA,"ICN","Linhares",NA,NA,"http://biocol.org/urn:lsid:biocol.org:col:15556",48094,"http://sweetgum.nybg.org/science/vh/specimen_details.php?irn=136251","http://biocol.org/urn:lsid:biocol.org:col:15556","03 Feb 1994","Other source",34,"sheet",34,"CRIA (Centro de Referência em Informação Ambiental)","","","","","",NA,NA,"","","","","","","Espírito Santo","brazil",NA,"",NA,NA,NA,"","","Espírito Santo",-40.6681057,-19.57475617,"Espírito Santo","es",-19.3949002236543,-40.071853011446,"original coordinates","original coordinates outside municipality original in  falls in linhares"
"29","Simira sampaioana",1234557148,-19.58,-49.32,"gass84","7741a517-ab3d-4b85-ae58-56322e44c8ce","d073b448-6b80-4364-8c38-18d08b88797f","none","b38ff2b7-c8af-454e-b5af-ee760f0d5bca","BR","DWC_ARCHIVE","2018-12-03T13:51:05.271+0000","2018-12-03T16:41:05.065+0000",122,"none","PRESERVED_SPECIMEN",5335283,6,7707728,220,412,8798,2894913,5335283,5335283,"Simira sampaioana (Standl.) Steyerm.","Simira sampaioana (Standl.) Steyerm.","Plantae","Tracheophyta","Gentianales","Rubiaceae","Simira","Simira sampaioana","Simira","sampaioana","SPECIES","ACCEPTED","none",NA,NA,"São Paulo",1994,3,22,"1994-03-22T00:00:00","2018-11-21T16:38:37.000+0000","2018-12-03T16:41:59.608+0000","http://creativecommons.org/licenses/by-nc/4.0/legalcode","none","none","none","WGS84","Magnoliopsida","BR","Brazil","UEC - Herbário da Universidade Estadual de Campinas","BRA:UNICAMP:UEC:0000083283","289","UEC - Herbário da Universidade Estadual de Campinas","Paulo de Faria","estação ecológica de paulo de faria","pt","UEC",1234557148,"BRA:UNICAMP:UEC:0000083283","Collection","Stranghetti, V.","83283","UNICAMP","Universidade Estadual de Campinas, UNICAMP","árvore 8m, fruto, interior de mata","","","","",NA,"","",NA,NA,"",NA,"","","","",NA,"",NA,"","","","","","",NA,NA,"","","","","","Paulo de Faria","São Paulo","brazil",2402,"Paulo de Faria",3536604,-49.463623,-20.066089,"SAO PAULO","SP","São Paulo",-48.72944932,-22.26440593,"São Paulo","sp",-19.58,-49.32,"original coordinates","original coordinates outside municipality original in paulo de faria falls in comendador gomes"
"30","Simira sampaioana",1123793250,-19.971389,-40.530278,"gass84,txmatfuz","9129ec89-afa7-45af-8b73-509f1f8942ab","667644b9-7b93-4892-80c7-c4271735c515","none","b38ff2b7-c8af-454e-b5af-ee760f0d5bca","BR","DWC_ARCHIVE","2018-10-11T11:54:23.106+0000","2017-12-15T16:34:29.736+0000",129,"none","PRESERVED_SPECIMEN",5335283,6,7707728,220,412,8798,2894913,5335283,5335283,"Simira sampaioana (Standl.) Steyerm.","Simira sampaioana (Standl.) Steyerm.","Plantae","Tracheophyta","Gentianales","Rubiaceae","Simira","Simira sampaioana","Simira","sampaioana","SPECIES","ACCEPTED","none",NA,NA,"Espírito Santo",1994,8,30,"1994-08-30T00:00:00","2017-09-14T14:27:03.000+0000","2018-12-08T12:04:47.623+0000","http://creativecommons.org/licenses/by-nc/4.0/legalcode","none","none","none","WGS84","Magnoliopsida","BR","Brazil","MBML-Herbario - Herbário Mello Leitão","BRA:MBML:MBML-HERBARIO:0000010553","742","MBML-Herbario - Herbário Mello Leitão","Santa Teresa","Estação Biológica de Santa Lúcia","pt","MBML-HERBARIO",1123793250,"BRA:MBML:MBML-HERBARIO:0000010553","Collection","L. D. Thomaz","10553","MBML","Museu de Biologia Professor Mello Leitão, MBML","Altura 10m. PAP 29cm. Caule interno alaranjado. Fruto ferrugem.","D. Zappi/16-10-2000","","","",NA,"","",NA,NA,"",NA,"","","","",NA,"",NA,"","","","","","",NA,NA,"","","","","","Santa Teresa","Espírito Santo","brazil",2456,"Santa Teresa",3204609,-40.635175,-19.877577,"ESPIRITO SANTO","ES","Espírito Santo",-40.6681057,-19.57475617,"Espírito Santo","es",-19.971389,-40.530278,"original coordinates","original coordinates OK"
"31","Simira sampaioana",1234557150,-19.58,-49.32,"gass84","7741a517-ab3d-4b85-ae58-56322e44c8ce","d073b448-6b80-4364-8c38-18d08b88797f","none","b38ff2b7-c8af-454e-b5af-ee760f0d5bca","BR","DWC_ARCHIVE","2018-12-03T13:51:05.279+0000","2018-12-03T16:41:05.046+0000",122,"none","PRESERVED_SPECIMEN",5335283,6,7707728,220,412,8798,2894913,5335283,5335283,"Simira sampaioana (Standl.) Steyerm.","Simira sampaioana (Standl.) Steyerm.","Plantae","Tracheophyta","Gentianales","Rubiaceae","Simira","Simira sampaioana","Simira","sampaioana","SPECIES","ACCEPTED","none",NA,NA,"São Paulo",1993,10,21,"1993-10-21T00:00:00","2018-11-21T16:38:37.000+0000","2018-12-03T16:41:59.569+0000","http://creativecommons.org/licenses/by-nc/4.0/legalcode","none","none","none","WGS84","Magnoliopsida","BR","Brazil","UEC - Herbário da Universidade Estadual de Campinas","BRA:UNICAMP:UEC:0000083281","224","UEC - Herbário da Universidade Estadual de Campinas","Paulo de Faria","estação ecológica de paulo de faria","pt","UEC",1234557150,"BRA:UNICAMP:UEC:0000083281","Collection","Stranghetti, V.","83281","UNICAMP","Universidade Estadual de Campinas, UNICAMP","árvore 5m, botão esverdeado, beira de mata, lado direito","","","","",NA,"","",NA,NA,"",NA,"","","","",NA,"",NA,"","","","","","",NA,NA,"","","","","","Paulo de Faria","São Paulo","brazil",2402,"Paulo de Faria",3536604,-49.463623,-20.066089,"SAO PAULO","SP","São Paulo",-48.72944932,-22.26440593,"São Paulo","sp",-19.58,-49.32,"original coordinates","original coordinates outside municipality original in paulo de faria falls in comendador gomes"
"32","Simira sampaioana",1226944693,-22.52,-46.05,"gass84","7741a517-ab3d-4b85-ae58-56322e44c8ce","d073b448-6b80-4364-8c38-18d08b88797f","none","b38ff2b7-c8af-454e-b5af-ee760f0d5bca","BR","DWC_ARCHIVE","2018-12-03T13:50:51.407+0000","2018-12-03T16:41:17.173+0000",122,"none","PRESERVED_SPECIMEN",5335283,6,7707728,220,412,8798,2894913,5335283,5335283,"Simira sampaioana (Standl.) Steyerm.","Simira sampaioana (Standl.) Steyerm.","Plantae","Tracheophyta","Gentianales","Rubiaceae","Simira","Simira sampaioana","Simira","sampaioana","SPECIES","ACCEPTED","2011-08-01T00:00:00",550,0,"São Paulo",1987,8,27,"1987-08-27T00:00:00","2018-11-21T16:38:37.000+0000","2018-12-07T20:00:38.727+0000","http://creativecommons.org/licenses/by-nc/4.0/legalcode","none","none","none","WGS84","Magnoliopsida","BR","Brazil","UEC - Herbário da Universidade Estadual de Campinas","BRA:UNICAMP:UEC:0000047482","58754","UEC - Herbário da Universidade Estadual de Campinas","Campinas","Brasil, São Paulo: Reserva Florestal de Santa Genebra, Barão Geraldo - Campinas.","pt","UEC",1226944693,"BRA:UNICAMP:UEC:0000047482","Collection","Gentry, A.","47482","UNICAMP","Universidade Estadual de Campinas, UNICAMP","Árvore 9cm dbh, estéril.; Floresta semidecídua perturbada.","Jung-Mendaçolli, S.L.","","","",NA,"","",NA,NA,"",NA,"","","","",NA,"",NA,"","","","","","",NA,NA,"","","","","","Campinas","São Paulo","brazil",1373,"Campinas",3509502,-47.043665,-22.883678,"SAO PAULO","SP","São Paulo",-48.72944932,-22.26440593,"São Paulo","sp",-22.52,-46.05,"original coordinates","original coordinates outside municipality original in campinas falls in cambui"
"33","Simira sampaioana",1929895993,-19.3949002236543,-40.071853011446,"cdrep","d415c253-4d61-4459-9d25-4015b9084fb0","ae447c50-b8a8-11d8-92a4-b8a03c50a862","none","17017c2c-036b-45d9-b045-606d21b00771","US","DWC_ARCHIVE","2018-11-18T15:27:00.062+0000","2018-11-18T15:27:00.148+0000",96,"none","PRESERVED_SPECIMEN",5335283,6,7707728,220,412,8798,2894913,5335283,5335283,"Simira sampaioana (Standl.) Steyerm.","Simira sampaioana (Standl.) Steyerm.","Plantae","Tracheophyta","Gentianales","Rubiaceae","Simira","Simira sampaioana","Simira","sampaioana","SPECIES","ACCEPTED","1985-02-02T00:00:00",0,0,"Espírito Santo",1984,7,31,"1984-07-31T00:00:00","2016-11-01T11:02:00.000+0000","2018-12-06T11:23:00.149+0000","http://creativecommons.org/publicdomain/zero/1.0/legalcode","none","none","none","WGS84","Magnoliopsida","BR","Brazil","The New York Botanical Garden","96bb071d-e075-4e59-9970-c4a5d66956b0","514","Vascular plants","","Reserva Florestal de Linhares. Estrada Parajú, km. 0,01. Coleta de flor DAF 196, registro 541","en","NY",1929895993,"96bb071d-e075-4e59-9970-c4a5d66956b0","PhysicalObject","D. A. Folli","502842","NY","","","A. Peixoto","","","SOUTH_AMERICA",NA,"ICN","Linhares",NA,NA,"http://biocol.org/urn:lsid:biocol.org:col:15556",48094,"http://sweetgum.nybg.org/science/vh/specimen_details.php?irn=136247","http://biocol.org/urn:lsid:biocol.org:col:15556","31 Jul 1984","Other source",213,"sheet",213,"CRIA (Centro de Referência em Informação Ambiental)","! P. Delprete, 1999","","","","",NA,NA,"","","","","","","Espírito Santo","brazil",NA,"",NA,NA,NA,"","","Espírito Santo",-40.6681057,-19.57475617,"Espírito Santo","es",-19.3949002236543,-40.071853011446,"original coordinates","original coordinates outside municipality original in  falls in linhares"
"34","Simira sampaioana",1928705294,-19.3949002236543,-40.071853011446,"cdrep","d415c253-4d61-4459-9d25-4015b9084fb0","ae447c50-b8a8-11d8-92a4-b8a03c50a862","none","17017c2c-036b-45d9-b045-606d21b00771","US","DWC_ARCHIVE","2018-11-18T14:51:28.408+0000","2018-11-18T14:51:28.547+0000",96,"none","PRESERVED_SPECIMEN",5335283,6,7707728,220,412,8798,2894913,5335283,5335283,"Simira sampaioana (Standl.) Steyerm.","Simira sampaioana (Standl.) Steyerm.","Plantae","Tracheophyta","Gentianales","Rubiaceae","Simira","Simira sampaioana","Simira","sampaioana","SPECIES","ACCEPTED","1985-02-02T00:00:00",0,0,"Espírito Santo",1980,2,14,"1980-02-14T00:00:00","2016-11-01T11:02:00.000+0000","2018-12-08T19:28:18.672+0000","http://creativecommons.org/publicdomain/zero/1.0/legalcode","none","none","none","WGS84","Magnoliopsida","BR","Brazil","The New York Botanical Garden","4249ff58-f731-40e1-b5cb-4a64f2bc895f","196","Vascular plants","","Reserva Florestal da CVRD. Estrada Parajú, km. 0,010, próxima a um Coco d'oleo","en","NY",1928705294,"4249ff58-f731-40e1-b5cb-4a64f2bc895f","PhysicalObject","D. A. Folli","502845","NY","","","A. Peixoto","","","SOUTH_AMERICA",NA,"ICN","Linhares",NA,NA,"http://biocol.org/urn:lsid:biocol.org:col:15556",48094,"http://sweetgum.nybg.org/science/vh/specimen_details.php?irn=136248","http://biocol.org/urn:lsid:biocol.org:col:15556","14 Feb 1980","Other source",45,"sheet",45,"CRIA (Centro de Referência em Informação Ambiental)","! P. Delprete, 1999","","","","",NA,NA,"","","","","","","Espírito Santo","brazil",NA,"",NA,NA,NA,"","","Espírito Santo",-40.6681057,-19.57475617,"Espírito Santo","es",-19.3949002236543,-40.071853011446,"original coordinates","original coordinates outside municipality original in  falls in linhares"
"35","Simira sampaioana",1929524027,-19.3949002236543,-40.071853011446,"cdrep","d415c253-4d61-4459-9d25-4015b9084fb0","ae447c50-b8a8-11d8-92a4-b8a03c50a862","none","17017c2c-036b-45d9-b045-606d21b00771","US","DWC_ARCHIVE","2018-11-18T15:23:43.950+0000","2018-11-18T15:23:44.012+0000",96,"none","PRESERVED_SPECIMEN",5335283,6,7707728,220,412,8798,2894913,5335283,5335283,"Simira sampaioana (Standl.) Steyerm.","Simira sampaioana (Standl.) Steyerm.","Plantae","Tracheophyta","Gentianales","Rubiaceae","Simira","Simira sampaioana","Simira","sampaioana","SPECIES","ACCEPTED","1999-01-01T00:00:00",0,0,"Espírito Santo",1978,1,17,"1978-01-17T00:00:00","2016-11-01T11:02:00.000+0000","2018-12-08T13:30:45.743+0000","http://creativecommons.org/publicdomain/zero/1.0/legalcode","none","none","none","WGS84","Magnoliopsida","BR","Brazil","The New York Botanical Garden","7c3db52b-a4ab-44e6-a48e-9317cd5b9476","23-78","Vascular plants","","Reserva Florestal de Linhares. Estrada Farinha Seca, km. 4,3. Arvore torta e cheia de cipó","en","NY",1929524027,"7c3db52b-a4ab-44e6-a48e-9317cd5b9476","PhysicalObject","J. Spada","502841","NY","","","P. G. Delprete","","","SOUTH_AMERICA",NA,"ICN","Linhares",NA,NA,"http://biocol.org/urn:lsid:biocol.org:col:15556",48094,"http://sweetgum.nybg.org/science/vh/specimen_details.php?irn=136250","http://biocol.org/urn:lsid:biocol.org:col:15556","17 Jan 1978","Other source",17,"sheet",17,"CRIA (Centro de Referência em Informação Ambiental)","","","","","",NA,NA,"","","","","","","Espírito Santo","brazil",NA,"",NA,NA,NA,"","","Espírito Santo",-40.6681057,-19.57475617,"Espírito Santo","es",-19.3949002236543,-40.071853011446,"original coordinates","original coordinates outside municipality original in  falls in linhares"
"36","Simira sampaioana",1929120815,-27.83288,-48.563093,"","d415c253-4d61-4459-9d25-4015b9084fb0","ae447c50-b8a8-11d8-92a4-b8a03c50a862","none","17017c2c-036b-45d9-b045-606d21b00771","US","DWC_ARCHIVE","2018-11-18T15:04:27.136+0000","2018-10-19T14:12:38.605+0000",96,"none","PRESERVED_SPECIMEN",5335283,6,7707728,220,412,8798,2894913,5335283,5335283,"Simira sampaioana (Standl.) Steyerm.","Simira sampaioana (Standl.) Steyerm.","Plantae","Tracheophyta","Gentianales","Rubiaceae","Simira","Simira sampaioana","Simira","sampaioana","SPECIES","ACCEPTED","1998-01-01T00:00:00",320,0,"Santa Catarina",1971,1,19,"1971-01-19T00:00:00","","2018-12-08T18:02:48.796+0000","http://creativecommons.org/publicdomain/zero/1.0/legalcode","none","none","none","WGS84","Magnoliopsida","BR","Brazil","The New York Botanical Garden","5fac9253-ae40-41d6-911c-a3fb73c75b24","99","Vascular plants","","Naufragados, Ilha de S.C.","en","NY",1929120815,"5fac9253-ae40-41d6-911c-a3fb73c75b24","PhysicalObject","A. Bresolin","799433","NY","","","P. G. Delprete","","","SOUTH_AMERICA",NA,"ICN","Florianópolis",NA,NA,"http://biocol.org/urn:lsid:biocol.org:col:15556",844,"http://sweetgum.nybg.org/science/vh/specimen_details.php?irn=795128","http://biocol.org/urn:lsid:biocol.org:col:15556","19 Jan 1971","Georeferencing Quick Reference Guide, Version 2012",19,"sheet",19,"GEOLocate (Tulane University Museum of Natural History)","","Mata.","1050 ft","2013-04-18","",NA,NA,"","","","","","","Santa Catarina","brazil",NA,"",NA,NA,NA,"","","Santa Catarina",-50.48226937,-27.24592878,"Santa Catarina","sc",-27.83288,-48.563093,"original coordinates","original coordinates outside municipality original in  falls in florianopolis"
"37","Simira sampaioana",1929242068,-24.3232515755352,-52.5305159005788,"cdrep","d415c253-4d61-4459-9d25-4015b9084fb0","ae447c50-b8a8-11d8-92a4-b8a03c50a862","none","17017c2c-036b-45d9-b045-606d21b00771","US","DWC_ARCHIVE","2018-11-18T15:21:15.139+0000","2018-11-18T15:21:15.160+0000",96,"none","PRESERVED_SPECIMEN",5335283,6,7707728,220,412,8798,2894913,5335283,5335283,"Simira sampaioana (Standl.) Steyerm.","Simira sampaioana (Standl.) Steyerm.","Plantae","Tracheophyta","Gentianales","Rubiaceae","Simira","Simira sampaioana","Simira","sampaioana","SPECIES","ACCEPTED","1999-01-01T00:00:00",0,0,"Paraná",1967,5,16,"1967-05-16T00:00:00","2016-11-01T11:02:00.000+0000","2018-12-08T20:21:18.362+0000","http://creativecommons.org/publicdomain/zero/1.0/legalcode","none","none","none","WGS84","Magnoliopsida","BR","Brazil","The New York Botanical Garden","6849121c-03db-4de1-b121-1fd4f8a922e8","5321","Vascular plants","","Vicinity of Mamboré, road to Fazenda S. Domingos","en","NY",1929242068,"6849121c-03db-4de1-b121-1fd4f8a922e8","PhysicalObject","J. C. Lindeman","502840","NY","","","P. G. Delprete","","","SOUTH_AMERICA",NA,"ICN","Mamborê",NA,NA,"http://biocol.org/urn:lsid:biocol.org:col:15556",25284,"http://sweetgum.nybg.org/science/vh/specimen_details.php?irn=136249","http://biocol.org/urn:lsid:biocol.org:col:15556","16 May 1967","Other source",136,"sheet",136,"CRIA (Centro de Referência em Informação Ambiental)","","","","","",NA,NA,"","","","","","","Paraná","brazil",NA,"",NA,NA,NA,"","","Paraná",-51.61693027,-24.63581955,"Paraná","pr",-24.3232515755352,-52.5305159005788,"original coordinates","original coordinates outside municipality original in  falls in mambore"
"38","Simira sampaioana",1929408869,-26.3744913658805,-50.1448631823987,"cdrep","d415c253-4d61-4459-9d25-4015b9084fb0","ae447c50-b8a8-11d8-92a4-b8a03c50a862","none","17017c2c-036b-45d9-b045-606d21b00771","US","DWC_ARCHIVE","2018-11-18T15:22:43.825+0000","2018-10-19T14:19:12.750+0000",96,"none","PRESERVED_SPECIMEN",5335283,6,7707728,220,412,8798,2894913,5335283,5335283,"Simira sampaioana (Standl.) Steyerm.","Simira sampaioana (Standl.) Steyerm.","Plantae","Tracheophyta","Gentianales","Rubiaceae","Simira","Simira sampaioana","Simira","sampaioana","SPECIES","ACCEPTED","1998-01-01T00:00:00",20,0,"Santa Catarina",1962,1,3,"1962-01-03T00:00:00","2016-11-01T08:16:00.000+0000","2018-12-08T23:00:34.155+0000","http://creativecommons.org/publicdomain/zero/1.0/legalcode","none","none","none","WGS84","Magnoliopsida","BR","Brazil","The New York Botanical Garden","742f143d-0096-43bd-b8f8-74ba2a878eba","11410","Vascular plants","","Serra dp Espigao","en","NY",1929408869,"742f143d-0096-43bd-b8f8-74ba2a878eba","PhysicalObject","R. Reitz","799434","NY","","","P. G. Delprete","","","SOUTH_AMERICA",NA,"ICN","Papanduva",NA,NA,"http://biocol.org/urn:lsid:biocol.org:col:15556",49621,"http://sweetgum.nybg.org/science/vh/specimen_details.php?irn=795130","http://biocol.org/urn:lsid:biocol.org:col:15556","03 Jan 1962","Other source",3,"sheet",3,"CRIA (Centro de Referência em Informação Ambiental)","","Mata.","66 ft","","",NA,NA,"","","","","","","Santa Catarina","brazil",NA,"",NA,NA,NA,"","","Santa Catarina",-50.48226937,-27.24592878,"Santa Catarina","sc",-26.3744913658805,-50.1448631823987,"original coordinates","original coordinates outside municipality original in  falls in papanduva"
"39","Simira sampaioana",1927829585,-26.4294960696544,-49.2437002219861,"cdrep","d415c253-4d61-4459-9d25-4015b9084fb0","ae447c50-b8a8-11d8-92a4-b8a03c50a862","none","17017c2c-036b-45d9-b045-606d21b00771","US","DWC_ARCHIVE","2018-11-18T14:44:58.538+0000","2018-10-19T13:45:21.570+0000",96,"none","PRESERVED_SPECIMEN",5335283,6,7707728,220,412,8798,2894913,5335283,5335283,"Simira sampaioana (Standl.) Steyerm.","Simira sampaioana (Standl.) Steyerm.","Plantae","Tracheophyta","Gentianales","Rubiaceae","Simira","Simira sampaioana","Simira","sampaioana","SPECIES","ACCEPTED","1998-01-01T00:00:00",600,0,"Santa Catarina",1958,1,13,"1958-01-13T00:00:00","2016-11-01T08:16:00.000+0000","2018-12-05T23:30:24.890+0000","http://creativecommons.org/publicdomain/zero/1.0/legalcode","none","none","none","WGS84","Magnoliopsida","BR","Brazil","The New York Botanical Garden","04503adc-83ec-4445-9cb9-6bda5331b49e","6216","Vascular plants","","Correa","en","NY",1927829585,"04503adc-83ec-4445-9cb9-6bda5331b49e","PhysicalObject","R. Reitz","799431","NY","","","P. G. Delprete","","","SOUTH_AMERICA",NA,"ICN","Corupá",NA,NA,"http://biocol.org/urn:lsid:biocol.org:col:15556",23917,"http://sweetgum.nybg.org/science/vh/specimen_details.php?irn=795123","http://biocol.org/urn:lsid:biocol.org:col:15556","13 Jan 1958","Other source",13,"sheet",13,"CRIA (Centro de Referência em Informação Ambiental)","","Mata.","1969 ft","","",NA,NA,"","","","","","","Santa Catarina","brazil",NA,"",NA,NA,NA,"","","Santa Catarina",-50.48226937,-27.24592878,"Santa Catarina","sc",-26.4294960696544,-49.2437002219861,"original coordinates","original coordinates outside municipality original in  falls in corupa"
"40","Simira sampaioana",1930742320,-27.3958080951506,-49.3562133297331,"cdrep","d415c253-4d61-4459-9d25-4015b9084fb0","ae447c50-b8a8-11d8-92a4-b8a03c50a862","none","17017c2c-036b-45d9-b045-606d21b00771","US","DWC_ARCHIVE","2018-11-18T16:01:22.323+0000","2018-10-19T14:50:00.990+0000",96,"none","PRESERVED_SPECIMEN",5335283,6,7707728,220,412,8798,2894913,5335283,5335283,"Simira sampaioana (Standl.) Steyerm.","Simira sampaioana (Standl.) Steyerm.","Plantae","Tracheophyta","Gentianales","Rubiaceae","Simira","Simira sampaioana","Simira","sampaioana","SPECIES","ACCEPTED","1958-01-01T00:00:00",600,0,"Santa Catarina",1958,4,8,"1958-04-08T00:00:00","2016-11-01T08:16:00.000+0000","2018-12-09T01:02:27.426+0000","http://creativecommons.org/publicdomain/zero/1.0/legalcode","none","none","none","WGS84","Magnoliopsida","BR","Brazil","The New York Botanical Garden","d2705112-d739-401d-ad14-b332574b2f17","6659","Vascular plants","","Sabiá","en","NY",1930742320,"d2705112-d739-401d-ad14-b332574b2f17","PhysicalObject","R. Reitz","799432","NY","","","L. B. Smith","","","SOUTH_AMERICA",NA,"ICN","Vidal Ramos",NA,NA,"http://biocol.org/urn:lsid:biocol.org:col:15556",21797,"http://sweetgum.nybg.org/science/vh/specimen_details.php?irn=795125","http://biocol.org/urn:lsid:biocol.org:col:15556","08 Apr 1958","Other source",98,"sheet",98,"CRIA (Centro de Referência em Informação Ambiental)","!, P. Delprete, 1998","Mata.","1969 ft","","",NA,NA,"","","","","","","Santa Catarina","brazil",NA,"",NA,NA,NA,"","","Santa Catarina",-50.48226937,-27.24592878,"Santa Catarina","sc",-27.3958080951506,-49.3562133297331,"original coordinates","original coordinates outside municipality original in  falls in vidal ramos"
"41","Simira sampaioana",1228398666,-27,-50,"gass84","90c853e6-56bd-480b-8e8f-6285c3f8d42b","7b8aff00-a9f8-11d8-944b-b8a03c50a862","none","3b84ff5b-79ce-427c-acb7-b4004e160f66","US","DWC_ARCHIVE","2018-11-22T21:35:00.084+0000","2018-11-22T21:35:00.116+0000",97,"none","PRESERVED_SPECIMEN",5335283,6,7707728,220,412,8798,2894913,5335283,5335283,"Simira sampaioana (Standl.) Steyerm.","Simira sampaioana (Standl.) Steyerm.","Plantae","Tracheophyta","Gentianales","Rubiaceae","Simira","Simira sampaioana","Simira","sampaioana","SPECIES","ACCEPTED","none",NA,NA,"Santa Catarina",1958,12,30,"1958-12-30T00:00:00","","2018-12-07T20:11:13.000+0000","http://creativecommons.org/publicdomain/zero/1.0/legalcode","none","none","none","WGS84","Magnoliopsida","BR","Brazil","The Field Museum of Natural History","37bfdc8c-9c70-4d1f-9374-95bb3dbbfe22","6134","GDI 2013-2015 SAPP","","","en","Botany",1228398666,"37bfdc8c-9c70-4d1f-9374-95bb3dbbfe22","PhysicalObject","R. Reitz","V0355858F","F","F","","RRC ID Flag","","","SOUTH_AMERICA",NA,"ICBN","",NA,NA,"Botany",NA,"","F","","",NA,"",NA,"","","","","","South America, Brazil, Santa Catarina, Sul",6134,313972,"seeds-20-nov-2018","http://fieldmuseum.org/about/copyright-information","Plantae Spermatophyta Dicotyledoneae Rubiaceae","","","","Santa Catarina","brazil",NA,"",NA,NA,NA,"","","Santa Catarina",-50.48226937,-27.24592878,"Santa Catarina","sc",-27,-50,"original coordinates","original coordinates outside municipality original in  falls in salete"
"42","Simira sampaioana",1928827142,-27.0608031135342,-49.5184229581099,"cdrep","d415c253-4d61-4459-9d25-4015b9084fb0","ae447c50-b8a8-11d8-92a4-b8a03c50a862","none","17017c2c-036b-45d9-b045-606d21b00771","US","DWC_ARCHIVE","2018-11-18T14:52:22.708+0000","2018-10-19T13:53:29.657+0000",96,"none","PRESERVED_SPECIMEN",5335283,6,7707728,220,412,8798,2894913,5335283,5335283,"Simira sampaioana (Standl.) Steyerm.","Simira sampaioana (Standl.) Steyerm.","Plantae","Tracheophyta","Gentianales","Rubiaceae","Simira","Simira sampaioana","Simira","sampaioana","SPECIES","ACCEPTED","1968-01-01T00:00:00",400,0,"Santa Catarina",1956,2,4,"1956-02-04T00:00:00","","2018-12-08T19:29:24.622+0000","http://creativecommons.org/publicdomain/zero/1.0/legalcode","none","none","none","WGS84","Magnoliopsida","BR","Brazil","The New York Botanical Garden","4ae80496-9061-44e9-a2b8-eb4c320252d7","2586","Vascular plants","","EstaÃ§ao Florestal I.N.P.","en","NY",1928827142,"4ae80496-9061-44e9-a2b8-eb4c320252d7","PhysicalObject","R. Reitz","502847","NY","","","J. A. Steyermark","","","SOUTH_AMERICA",NA,"ICN","Ibirama",NA,NA,"http://biocol.org/urn:lsid:biocol.org:col:15556",18533,"http://sweetgum.nybg.org/science/vh/specimen_details.php?irn=136254","http://biocol.org/urn:lsid:biocol.org:col:15556","04 Feb 1956","Other source",35,"sheet",35,"CRIA (Centro de ReferÃªncia em InformaÃ§Ã£o Ambiental)","","","1312 ft","","",NA,NA,"","","","","","","Santa Catarina","brazil",NA,"",NA,NA,NA,"","","Santa Catarina",-50.48226937,-27.24592878,"Santa Catarina","sc",-27.0608031135342,-49.5184229581099,"original coordinates","original coordinates outside municipality original in  falls in ibirama"
"43","Simira sampaioana",1228289712,-10.8339,-52.8731,"gass84","90c853e6-56bd-480b-8e8f-6285c3f8d42b","7b8aff00-a9f8-11d8-944b-b8a03c50a862","none","3b84ff5b-79ce-427c-acb7-b4004e160f66","US","DWC_ARCHIVE","2018-11-22T21:35:02.811+0000","2018-11-22T21:35:02.963+0000",97,"none","PRESERVED_SPECIMEN",2895011,6,7707728,220,412,8798,2894913,5335283,5335283,"Sickingia sampaioana Standl.","Simira sampaioana (Standl.) Steyerm.","Plantae","Tracheophyta","Gentianales","Rubiaceae","Simira","Simira sampaioana","Sickingia","sampaioana","SPECIES","SYNONYM","none",NA,NA,"",1931,NA,NA,"1931-01-01T00:00:00","","2018-12-07T20:10:08.682+0000","http://creativecommons.org/publicdomain/zero/1.0/legalcode","none","none","none","WGS84","Magnoliopsida","BR","Brazil","The Field Museum of Natural History","3a3418fa-dc0e-45af-b963-875581073949","28","vTypes","","","en","Botany",1228289712,"3a3418fa-dc0e-45af-b963-875581073949","PhysicalObject","A. J. de Sampaio","V0071109F","F","F","","","","","SOUTH_AMERICA",NA,"ICBN","",NA,NA,"Botany",NA,"","F","","",NA,"",NA,"","","","","","South America, BRAZIL",NA,345156,"seeds-20-nov-2018","http://fieldmuseum.org/about/copyright-information","Plantae Spermatophyta Dicotyledoneae Rubiaceae","HOLOTYPE","","","","brazil",NA,"",NA,NA,NA,"","","",NA,NA,NA,"",-10.8339,-52.8731,"original coordinates","original coordinates outside municipality original in  falls in sao jose do xingu"
"44","Simira sampaioana",1144781067,-10.77306,-53.08972,"gass84,rdativ","f577c9f3-ae71-4278-b6bf-512ba1dfaa21","43a26bbf-466a-4335-96cc-01d0656c614a","none","6040a0d6-f762-11e1-a439-00145eb45e9a","CH","BIOCASE","2018-12-12T00:14:25.223+0000","2016-02-24T13:17:52.988+0000",43,"none","PRESERVED_SPECIMEN",5335283,6,7707728,220,412,8798,2894913,5335283,5335283,"Simira sampaioana (Standl.) Steyerm.","Simira sampaioana (Standl.) Steyerm.","Plantae","Tracheophyta","Gentianales","Rubiaceae","Simira","Simira sampaioana","Simira","sampaioana","SPECIES","ACCEPTED","none",NA,NA,"",NA,NA,NA,"none","","2018-12-06T21:55:53.515+0000","http://creativecommons.org/licenses/by-nc/4.0/legalcode","none","none","none","WGS84","Magnoliopsida","BR","Brazil","","","","","","Brésil - Brazil.","","Geneva Herbarium – General Collection (G)",1144781067,"","","Sampaio, G. (Coll. Delessert 1936)","G-G-296373/1","G","","","","","","",NA,"","",NA,NA,"",NA,"","","","",NA,"",NA,"","","","","","",NA,NA,"","","","ISOTYPE","Sickingia sampaioana Standl.","","","brazil",NA,"",NA,NA,NA,"","","",NA,NA,NA,"",-10.77306,-53.08972,"original coordinates","original coordinates outside municipality original in  falls in sao jose do xingu"
"45","Simira sampaioana",1087371325,-23.583333,-46.7,"gass84","17efa320-7312-4b55-bf0a-a4cfc4613169","2437c128-bf8c-4f53-b668-da95fb2e40b7","none","b38ff2b7-c8af-454e-b5af-ee760f0d5bca","BR","DWC_ARCHIVE","2018-11-24T12:35:35.735+0000","2018-09-25T13:54:46.856+0000",120,"none","PRESERVED_SPECIMEN",5335283,6,7707728,220,412,8798,2894913,5335283,5335283,"Simira sampaioana (Standl.) Steyerm.","Simira sampaioana (Standl.) Steyerm.","Plantae","Tracheophyta","Gentianales","Rubiaceae","Simira","Simira sampaioana","Simira","sampaioana","SPECIES","ACCEPTED","2013-09-01T00:00:00",NA,NA,"São Paulo",NA,NA,NA,"none","2018-09-10T11:29:11.000+0000","2018-12-08T13:04:22.023+0000","http://creativecommons.org/licenses/by-nc/4.0/legalcode","none","none","none","WGS84","Magnoliopsida","BR","Brazil","SP - Herbário do Estado ""Maria Eneyda P. Kaufmann Fidalgo"" - Coleção de Fanerógamas","BRA:IBt:SP:0000346046","544","SP - Herbário do Estado ""Maria Eneyda P. Kaufmann Fidalgo"" - Coleção de Fanerógamas","São Paulo","Parque Municipal Alfredo Volpi","pt","SP",1087371325,"BRA:IBt:SP:0000346046","Collection","Aragaki, S","346046","Instituto de Botânica, IBT","Instituto de Botânica, IBT","","Margalho, LF","","","",NA,"","",NA,NA,"",NA,"","","","",NA,"",NA,"","","","","","",NA,NA,"","","","","","São Paulo","São Paulo","brazil",1130,"São Paulo",3550308,-46.647014,-23.64989,"SAO PAULO","SP","São Paulo",-48.72944932,-22.26440593,"São Paulo","sp",-23.583333,-46.7,"original coordinates","original coordinates OK"
