"","name","key","decimalLatitude","decimalLongitude","issues","datasetKey","publishingOrgKey","networkKeys","installationKey","publishingCountry","protocol","lastCrawled","lastParsed","crawlId","extensions","basisOfRecord","taxonKey","kingdomKey","phylumKey","classKey","orderKey","familyKey","genusKey","speciesKey","acceptedTaxonKey","scientificName","acceptedScientificName","kingdom","phylum","order","family","genus","species","genericName","specificEpithet","taxonRank","taxonomicStatus","dateIdentified","stateProvince.original","year","month","day","eventDate","modified","lastInterpreted","license","identifiers","facts","relations","geodeticDatum","class","countryCode","country.original","rightsHolder","identifier","recordNumber","datasetName","municipality.original","locality","collectionCode","gbifID","occurrenceID","type","recordedBy","catalogNumber","otherCatalogNumbers","institutionCode","occurrenceRemarks","identifiedBy","language","ownerInstitutionCode","elevation","fieldNotes","individualCount","continent","nomenclaturalStatus","nomenclaturalCode","county","taxonID","bibliographicCitation","collectionID","elevationAccuracy","references","institutionID","verbatimEventDate","endDayOfYear","preparations","startDayOfYear","higherGeography","organismID","datasetID","accessRights","higherClassification","coordinateUncertaintyInMeters","habitat","verbatimElevation","georeferenceProtocol","georeferenceSources","georeferencedDate","fieldNumber","typeStatus","typifiedName","municipality","stateProvince","country","FID","NOME","GEOCODIGO","POINT_X","POINT_Y","NOMEUF","SIGLAUF","estados_shp","x_estado","y_estado","nome","sigla","new_Lat","new_Lon","notes","comments"
"1","Margaritopsis cymuligera",1883584103,-22.940555,-43.195833,"cdround,gass84","4300f8d5-1ae5-49e5-a101-63894b005868","838537fc-4aeb-4980-8b58-97fbdcd1d91a","none","da7fe11a-b42c-46cb-9e9d-02243edb738a","BR","DWC_ARCHIVE","2018-10-02T15:37:28.190+0000","2018-09-24T19:59:08.587+0000",207,"none","PRESERVED_SPECIMEN",9786542,6,7707728,220,412,8798,9813859,5596791,5596791,"Eumachia cymuligera (Müll.Arg.) C.M.Taylor & Razafim.","Margaritopsis cymuligera (Müll.Arg.) C.M.Taylor","Plantae","Tracheophyta","Gentianales","Rubiaceae","Margaritopsis","Margaritopsis cymuligera","Eumachia","cymuligera","SPECIES","SYNONYM","none","Rio de Janeiro",2018,6,28,"2018-06-28T00:00:00","2018-07-18T12:35:16.462+0000","2018-12-07T12:52:59.494+0000","http://creativecommons.org/licenses/by/4.0/legalcode","none","none","none","WGS84","Magnoliopsida","BR","Brazil","Rio de Janeiro Botanical Garden","urn:catalog:JBRJ:RB:1394933","1683","RB - Rio de Janeiro Botanical Garden Herbarium Collection","Rio de Janeiro","Bairro Cosme Velho. Matra atrás do Colégio São Vicente de Paulo. Sopé da face norte do Morro Dona Marta.","RB",1883584103,"urn:catalog:JBRJ:RB:1394933","PhysicalObject","C. Baez; E.P. Fernandez","RB01394933","RB 772333","JBRJ","Arbusto, umbrófilo, 1,8m. Frutos imaturos verdes e maduros vermelhos.","C. Baez","","",NA,"",NA,"","","","",NA,"","",NA,"","","",NA,"",NA,"",NA,"","","",NA,"","","","","",NA,"","","Rio de Janeiro","Rio de Janeiro","brazil",1360,"Rio de Janeiro",3304557,-43.45231,-22.924471,"RIO DE JANEIRO","RJ","Rio de Janeiro",-42.66307908,-22.19581555,"Rio de Janeiro","rj",-22.940555,-43.195833,"original coordinates","original coordinates OK"
"2","Margaritopsis cymuligera",1135946000,-24.02,-47.31561,"gass84","cbf8c968-37d6-45be-bf5c-e22914a384dc","a88bec5c-1cbf-47a2-8c3e-6081804d80a5","none","b38ff2b7-c8af-454e-b5af-ee760f0d5bca","BR","DWC_ARCHIVE","2018-12-03T15:21:43.110+0000","2018-01-05T16:39:51.206+0000",81,"none","PRESERVED_SPECIMEN",5596791,6,7707728,220,412,8798,9813859,5596791,5596791,"Margaritopsis cymuligera (Müll.Arg.) C.M.Taylor","Margaritopsis cymuligera (Müll.Arg.) C.M.Taylor","Plantae","Tracheophyta","Gentianales","Rubiaceae","Margaritopsis","Margaritopsis cymuligera","Margaritopsis","cymuligera","SPECIES","ACCEPTED","2013-01-01T00:00:00","São Paulo",2013,3,28,"2013-03-28T00:00:00","2015-08-18T19:46:28.000+0000","2018-12-06T21:48:29.422+0000","http://creativecommons.org/licenses/by-nc/4.0/legalcode","none","none","none","WGS84","Magnoliopsida","BR","Brazil","ESA - Herbário da Escola Superior de Agricultura Luiz de Queiroz","BRA:ESALQ:ESA:0ESA128428","1170","ESA - Herbário da Escola Superior de Agricultura Luiz de Queiroz","Juquiá","Reserva Particular da Votorantim (CBA). Trilha da Casa de Pedra, próximo a UHE Serraria. Floresta Ombrófila Densa bem conservada.","ESA",1135946000,"BRA:ESALQ:ESA:0ESA128428","Collection","Polisel, R.T.","ESA128428","","Escola Superior de Agricultura Luiz de Queiroz, ESALQ","","Ferreira, M.A.P.","pt","Escola Superior de Agricultura Luiz de Queiroz, ESALQ",NA,"",NA,"","","","",NA,"","",NA,"","","",NA,"",NA,"",NA,"","","",NA,"","","","","",NA,"","","Juquiá","São Paulo","brazil",1015,"Juquiá",3526100,-47.653364,-24.213812,"SAO PAULO","SP","São Paulo",-48.72944932,-22.26440593,"São Paulo","sp",-24.02,-47.31561,"original coordinates","original coordinates outside municipality original in juquia falls in miracatu"
"3","Margaritopsis cymuligera",1135951762,-24.03882,-47.37897,"gass84","7741a517-ab3d-4b85-ae58-56322e44c8ce","d073b448-6b80-4364-8c38-18d08b88797f","none","b38ff2b7-c8af-454e-b5af-ee760f0d5bca","BR","DWC_ARCHIVE","2018-12-03T13:51:51.683+0000","2018-12-03T16:41:02.379+0000",122,"none","PRESERVED_SPECIMEN",5596791,6,7707728,220,412,8798,9813859,5596791,5596791,"Margaritopsis cymuligera (Müll.Arg.) C.M.Taylor","Margaritopsis cymuligera (Müll.Arg.) C.M.Taylor","Plantae","Tracheophyta","Gentianales","Rubiaceae","Margaritopsis","Margaritopsis cymuligera","Margaritopsis","cymuligera","SPECIES","ACCEPTED","2013-01-01T00:00:00","São Paulo",2013,3,30,"2013-03-30T00:00:00","2018-11-21T16:38:08.000+0000","2018-12-06T21:48:33.545+0000","http://creativecommons.org/licenses/by-nc/4.0/legalcode","none","none","none","WGS84","Magnoliopsida","BR","Brazil","UEC - Herbário da Universidade Estadual de Campinas","BRA:UNICAMP:UEC:0000180891","1894","UEC - Herbário da Universidade Estadual de Campinas","Tapiraí","Reserva Particular da Votoramtim CBA. Trilha do Chagas, UHE da Fumaça.","UEC",1135951762,"BRA:UNICAMP:UEC:0000180891","Collection","Flores, T.B.; Mello, F.N.A.; Braga, D.P.P.; Bettinardi, M.L.; Souza, V.C.; Rodrigues, R.R.; e","180891","","UNICAMP","Floresta Ombrófila Densa à margem esquerda do Rio Juquiá.","Ferreira, M.A.","pt","Universidade Estadual de Campinas, UNICAMP",NA,"",NA,"","","","",NA,"","",NA,"","","",NA,"",NA,"",NA,"","","",NA,"","","","","",NA,"","","Tapiraí","São Paulo","brazil",1050,"Tapiraí",3553500,-47.619531,-24.008322,"SAO PAULO","SP","São Paulo",-48.72944932,-22.26440593,"São Paulo","sp",-24.03882,-47.37897,"original coordinates","original coordinates OK"
"4","Margaritopsis cymuligera",1087706455,-13.579167,-39.691389,"gass84","a8e78a51-12b2-4ca1-8945-6d909022ef6a","6cc5aff1-f24c-4d67-a827-a666dc680b66","none","b38ff2b7-c8af-454e-b5af-ee760f0d5bca","BR","DWC_ARCHIVE","2018-11-24T12:31:54.180+0000","2018-08-03T12:12:38.126+0000",121,"none","PRESERVED_SPECIMEN",5596791,6,7707728,220,412,8798,9813859,5596791,5596791,"Margaritopsis cymuligera (Müll.Arg.) C.M.Taylor","Margaritopsis cymuligera (Müll.Arg.) C.M.Taylor","Plantae","Tracheophyta","Gentianales","Rubiaceae","Margaritopsis","Margaritopsis cymuligera","Margaritopsis","cymuligera","SPECIES","ACCEPTED","none","Bahia",2013,3,11,"2013-03-11T00:00:00","2018-07-31T12:27:45.000+0000","2018-12-08T13:06:05.814+0000","http://creativecommons.org/licenses/by-nc/4.0/legalcode","none","none","none","WGS84","Magnoliopsida","BR","Brazil","HURB - Herbário do Recôncavo da Bahia","BRA:UFRB:HURB:0000005723","2382","HURB - Herbário do Recôncavo da Bahia","Wenceslau Guimarães","Estação Ecológica, assentamento Patioba;","HURB",1087706455,"BRA:UFRB:HURB:0000005723","Collection","Aona, L.Y.S.; Biggs, N.; Jardim, J.; Lucas, E.; Mazine, F.F.","5723","","UFRB","Hábito: arvoreta","","pt","Universidade Federal do Recôncavo da Bahia (UFRB)",NA,"",NA,"","","","",NA,"","",NA,"","","",NA,"",NA,"",NA,"","","",NA,"","","","","",NA,"","","Wenceslau Guimarães","Bahia","brazil",3386,"Wenceslau Guimarães",2933505,-39.626771,-13.630549,"BAHIA","BA","Bahia",-41.72018023,-12.47295682,"Bahia","ba",-13.579167,-39.691389,"original coordinates","original coordinates OK"
"5","Margaritopsis cymuligera",1135945980,-24.10114,-47.51037,"gass84","cbf8c968-37d6-45be-bf5c-e22914a384dc","a88bec5c-1cbf-47a2-8c3e-6081804d80a5","none","b38ff2b7-c8af-454e-b5af-ee760f0d5bca","BR","DWC_ARCHIVE","2018-12-03T15:21:43.146+0000","2018-01-05T16:39:51.272+0000",81,"none","PRESERVED_SPECIMEN",5596791,6,7707728,220,412,8798,9813859,5596791,5596791,"Margaritopsis cymuligera (Müll.Arg.) C.M.Taylor","Margaritopsis cymuligera (Müll.Arg.) C.M.Taylor","Plantae","Tracheophyta","Gentianales","Rubiaceae","Margaritopsis","Margaritopsis cymuligera","Margaritopsis","cymuligera","SPECIES","ACCEPTED","2013-01-01T00:00:00","São Paulo",2013,4,1,"2013-04-01T00:00:00","2015-08-18T19:46:28.000+0000","2018-12-06T21:48:29.412+0000","http://creativecommons.org/licenses/by-nc/4.0/legalcode","none","none","none","WGS84","Magnoliopsida","BR","Brazil","ESA - Herbário da Escola Superior de Agricultura Luiz de Queiroz","BRA:ESALQ:ESA:0ESA128426","8","ESA - Herbário da Escola Superior de Agricultura Luiz de Queiroz","Tapiraí","Reserva Particular da Votorantim (CBA). UHE da Barra, UHE Alecrim trilha da Chaminé","ESA",1135945980,"BRA:ESALQ:ESA:0ESA128426","Collection","Bettinardi, M.L.","ESA128426","","Escola Superior de Agricultura Luiz de Queiroz, ESALQ","","Ferreira, M.P.","pt","Escola Superior de Agricultura Luiz de Queiroz, ESALQ",NA,"",NA,"","","","",NA,"","",NA,"","","",NA,"",NA,"",NA,"","","",NA,"","","","","",NA,"","","Tapiraí","São Paulo","brazil",1050,"Tapiraí",3553500,-47.619531,-24.008322,"SAO PAULO","SP","São Paulo",-48.72944932,-22.26440593,"São Paulo","sp",-24.10114,-47.51037,"original coordinates","original coordinates outside municipality original in tapirai falls in juquia"
"6","Margaritopsis cymuligera",1135945997,-24.10233,-47.50978,"gass84","cbf8c968-37d6-45be-bf5c-e22914a384dc","a88bec5c-1cbf-47a2-8c3e-6081804d80a5","none","b38ff2b7-c8af-454e-b5af-ee760f0d5bca","BR","DWC_ARCHIVE","2018-12-03T15:21:43.097+0000","2018-01-05T16:39:51.184+0000",81,"none","PRESERVED_SPECIMEN",5596791,6,7707728,220,412,8798,9813859,5596791,5596791,"Margaritopsis cymuligera (Müll.Arg.) C.M.Taylor","Margaritopsis cymuligera (Müll.Arg.) C.M.Taylor","Plantae","Tracheophyta","Gentianales","Rubiaceae","Margaritopsis","Margaritopsis cymuligera","Margaritopsis","cymuligera","SPECIES","ACCEPTED","2013-01-01T00:00:00","São Paulo",2013,4,1,"2013-04-01T00:00:00","2015-08-18T19:46:28.000+0000","2018-12-06T21:48:29.582+0000","http://creativecommons.org/licenses/by-nc/4.0/legalcode","none","none","none","WGS84","Magnoliopsida","BR","Brazil","ESA - Herbário da Escola Superior de Agricultura Luiz de Queiroz","BRA:ESALQ:ESA:0ESA128427","16","ESA - Herbário da Escola Superior de Agricultura Luiz de Queiroz","Tapiraí","Reserva Particular da Votorantim (CBA). UHE da Barra, UHE Alecrim trilha da Chaminé","ESA",1135945997,"BRA:ESALQ:ESA:0ESA128427","Collection","Bettinardi, M.L.","ESA128427","","Escola Superior de Agricultura Luiz de Queiroz, ESALQ","","Ferreira, M.A.P.","pt","Escola Superior de Agricultura Luiz de Queiroz, ESALQ",NA,"",NA,"","","","",NA,"","",NA,"","","",NA,"",NA,"",NA,"","","",NA,"","","","","",NA,"","","Tapiraí","São Paulo","brazil",1050,"Tapiraí",3553500,-47.619531,-24.008322,"SAO PAULO","SP","São Paulo",-48.72944932,-22.26440593,"São Paulo","sp",-24.10233,-47.50978,"original coordinates","original coordinates outside municipality original in tapirai falls in juquia"
"7","Margaritopsis cymuligera",1090515799,-16.419167,-39.202222,"gass84","bc81e05b-ed51-46ba-a0a4-90fbae9b5545","c6aacf9d-a5a7-4d7f-a6fc-ea0a4b8ec450","none","b38ff2b7-c8af-454e-b5af-ee760f0d5bca","BR","DWC_ARCHIVE","2018-11-24T12:34:34.177+0000","2018-11-24T12:34:34.236+0000",122,"none","PRESERVED_SPECIMEN",5596791,6,7707728,220,412,8798,9813859,5596791,5596791,"Margaritopsis cymuligera (Müll.Arg.) C.M.Taylor","Margaritopsis cymuligera (Müll.Arg.) C.M.Taylor","Plantae","Tracheophyta","Gentianales","Rubiaceae","Margaritopsis","Margaritopsis cymuligera","Margaritopsis","cymuligera","SPECIES","ACCEPTED","none","Bahia",2010,7,4,"2010-07-04T00:00:00","2018-11-14T18:14:39.000+0000","2018-12-08T04:43:00.114+0000","http://creativecommons.org/licenses/by-nc/4.0/legalcode","none","none","none","WGS84","Magnoliopsida","BR","Brazil","CEPEC - Herbário do Centro de Pesquisas do Cacau","BRA:CEPLAC:CEPEC:0000127876","361","CEPEC - Herbário do Centro de Pesquisas do Cacau","PORTO SEGURO","Trilha do Pequí, bloco 4 da RPPN Estação VERACEL.","CEPEC",1090515799,"BRA:CEPLAC:CEPEC:0000127876","Collection","Daneu, L.","127876","","Comissão Executiva do Plano da Lavoura Cacaueira (CEPLAC)","","Sem Informação","pt","Comissão Executiva do Plano da Lavoura Cacaueira (CEPLAC)",NA,"",NA,"","","","",NA,"","",NA,"","","",NA,"",NA,"",NA,"","","",NA,"","","","","",NA,"","","PORTO SEGURO","Bahia","brazil",2962,"Porto Seguro",2925303,-39.278757,-16.625586,"BAHIA","BA","Bahia",-41.72018023,-12.47295682,"Bahia","ba",-16.419167,-39.202222,"original coordinates","original coordinates OK"
"8","Margaritopsis cymuligera",1257646998,-19.152222,-40.071389,"cdround,gass84,iddatunl","7bd65a7a-f762-11e1-a439-00145eb45e9a","90fd6680-349f-11d8-aa2d-b8a03c50a862","none","c4e134d3-c68f-406d-a116-6a37895602e0","US","DWC_ARCHIVE","2018-06-20T07:52:38.581+0000","2016-03-21T14:14:21.912+0000",28,"none","PRESERVED_SPECIMEN",5596791,6,7707728,220,412,8798,9813859,5596791,5596791,"Margaritopsis cymuligera (Müll.Arg.) C.M.Taylor","Margaritopsis cymuligera (Müll.Arg.) C.M.Taylor","Plantae","Tracheophyta","Gentianales","Rubiaceae","Margaritopsis","Margaritopsis cymuligera","Margaritopsis","cymuligera","SPECIES","ACCEPTED","2008-01-01T00:00:00","Espírito Santo",2006,11,30,"2006-11-30T00:00:00","2013-11-12T05:43:00.000+0000","2018-07-07T19:44:38.488+0000","http://creativecommons.org/licenses/by/4.0/legalcode","none","none","none","WGS84","Magnoliopsida","BR","Brazil","Missouri Botanical Garden","urn:catalog:MO:Tropicos:100297195","Lucas 851","Tropicos","","Reserva da Compania Vale do Rio Doce, estrada Cinco Folhas.","MO",1257646998,"urn:catalog:MO:Tropicos:100297195","PhysicalObject","Eve J. Lucas","100297195","","MO","","D.C. Zappi","","MOBOT",6,"",1,"SOUTH_AMERICA","No opinion","ICNafp","Linhares",50291404,"http://www.tropicos.org/Specimen/100297195","http://biocol.org/urn:lsid:biocol.org:col:15859",NA,"","","",NA,"",NA,"",NA,"","","",NA,"","","","","",NA,"","","","Espírito Santo","brazil",NA,"",NA,NA,NA,"","","Espírito Santo",-40.6681057,-19.57475617,"Espírito Santo","es",-19.152222,-40.071389,"original coordinates","original coordinates outside municipality original in  falls in linhares"
"9","Margaritopsis cymuligera",1801150315,-15.391667,-39.565278,"gass84","1bb3cae3-b91f-4109-8a2d-a1f05f2d6fd3","76dbcb10-efc5-4d5f-87a5-bcd409fc92c8","none","b38ff2b7-c8af-454e-b5af-ee760f0d5bca","BR","DWC_ARCHIVE","2018-11-24T12:30:42.460+0000","2018-09-25T14:05:20.068+0000",126,"none","PRESERVED_SPECIMEN",5596791,6,7707728,220,412,8798,9813859,5596791,5596791,"Margaritopsis cymuligera (Müll.Arg.) C.M.Taylor","Margaritopsis cymuligera (Müll.Arg.) C.M.Taylor","Plantae","Tracheophyta","Gentianales","Rubiaceae","Margaritopsis","Margaritopsis cymuligera","Margaritopsis","cymuligera","SPECIES","ACCEPTED","2014-01-01T00:00:00","Bahia",2005,3,18,"2005-03-18T00:00:00","2018-08-21T18:44:57.000+0000","2018-12-08T01:46:34.055+0000","http://creativecommons.org/licenses/by-nc/4.0/legalcode","none","none","none","WGS84","Magnoliopsida","BR","Brazil","SPF - Herbário da Universidade de São Paulo","BRA:USP:SPF:0000169469","2870","SPF - Herbário da Universidade de São Paulo","Camacan","RPPN Serra Bonita","SPF",1801150315,"BRA:USP:SPF:0000169469","Collection","Fiaschi, P","169469","","USP","","Zappi, DC","pt","Universidade de São Paulo, USP",850,"",NA,"","","","",NA,"","",0,"","","",NA,"",NA,"",NA,"","","",NA,"","","","","",NA,"","","Camacan","Bahia","brazil",3149,"Camacan",2905602,-39.519116,-15.445393,"BAHIA","BA","Bahia",-41.72018023,-12.47295682,"Bahia","ba",-15.391667,-39.565278,"original coordinates","original coordinates OK"
"10","Margaritopsis cymuligera",1801149865,-13.483333,-39.033333,"gass84","1bb3cae3-b91f-4109-8a2d-a1f05f2d6fd3","76dbcb10-efc5-4d5f-87a5-bcd409fc92c8","none","b38ff2b7-c8af-454e-b5af-ee760f0d5bca","BR","DWC_ARCHIVE","2018-11-24T12:30:40.541+0000","2018-09-25T14:05:14.710+0000",126,"none","PRESERVED_SPECIMEN",5596791,6,7707728,220,412,8798,9813859,5596791,5596791,"Margaritopsis cymuligera (Müll.Arg.) C.M.Taylor","Margaritopsis cymuligera (Müll.Arg.) C.M.Taylor","Plantae","Tracheophyta","Gentianales","Rubiaceae","Margaritopsis","Margaritopsis cymuligera","Margaritopsis","cymuligera","SPECIES","ACCEPTED","2014-01-01T00:00:00","Bahia",2003,4,12,"2003-04-12T00:00:00","2018-08-21T18:44:57.000+0000","2018-12-08T01:46:33.837+0000","http://creativecommons.org/licenses/by-nc/4.0/legalcode","none","none","none","WGS84","Magnoliopsida","BR","Brazil","SPF - Herbário da Universidade de São Paulo","BRA:USP:SPF:0000159941","10265","SPF - Herbário da Universidade de São Paulo","Cairu","","SPF",1801149865,"BRA:USP:SPF:0000159941","Collection","Guedes, ML","159941","","USP","","Zappi, DC","pt","Universidade de São Paulo, USP",NA,"",NA,"","","","",NA,"","",NA,"","","",NA,"",NA,"",NA,"","","",NA,"","","","","",NA,"","","Cairu","Bahia","brazil",3402,"Cairu",2905404,-38.983317,-13.507976,"BAHIA","BA","Bahia",-41.72018023,-12.47295682,"Bahia","ba",-13.483333,-39.033333,"original coordinates","original coordinates OK"
"11","Margaritopsis cymuligera",1801149841,-13.713056,-39.001111,"gass84","1bb3cae3-b91f-4109-8a2d-a1f05f2d6fd3","76dbcb10-efc5-4d5f-87a5-bcd409fc92c8","none","b38ff2b7-c8af-454e-b5af-ee760f0d5bca","BR","DWC_ARCHIVE","2018-11-24T12:30:40.211+0000","2018-09-25T14:05:13.779+0000",126,"none","PRESERVED_SPECIMEN",5596791,6,7707728,220,412,8798,9813859,5596791,5596791,"Margaritopsis cymuligera (Müll.Arg.) C.M.Taylor","Margaritopsis cymuligera (Müll.Arg.) C.M.Taylor","Plantae","Tracheophyta","Gentianales","Rubiaceae","Margaritopsis","Margaritopsis cymuligera","Margaritopsis","cymuligera","SPECIES","ACCEPTED","2014-01-01T00:00:00","Bahia",2002,11,16,"2002-11-16T00:00:00","2018-08-21T18:44:57.000+0000","2018-12-08T01:46:33.906+0000","http://creativecommons.org/licenses/by-nc/4.0/legalcode","none","none","none","WGS84","Magnoliopsida","BR","Brazil","SPF - Herbário da Universidade de São Paulo","BRA:USP:SPF:0000157999","1168","SPF - Herbário da Universidade de São Paulo","Camamu","","SPF",1801149841,"BRA:USP:SPF:0000157999","Collection","Fiaschi, P","157999","","USP","","Zappi, DC","pt","Universidade de São Paulo, USP",17.5,"",NA,"","","","",NA,"","",2.5,"","","",NA,"",NA,"",NA,"","","",NA,"","","","","",NA,"","","Camamu","Bahia","brazil",3347,"Camamu",2905800,-39.176174,-14.01333,"BAHIA","BA","Bahia",-41.72018023,-12.47295682,"Bahia","ba",-13.713056,-39.001111,"original coordinates","original coordinates outside municipality original in camamu falls in nilo pecanha"
"12","Margaritopsis cymuligera",1135897900,-24.041222,-46.824417,"gass84","cbf8c968-37d6-45be-bf5c-e22914a384dc","a88bec5c-1cbf-47a2-8c3e-6081804d80a5","none","b38ff2b7-c8af-454e-b5af-ee760f0d5bca","BR","DWC_ARCHIVE","2018-12-03T15:21:09.887+0000","2018-01-05T16:39:30.661+0000",81,"none","PRESERVED_SPECIMEN",5596791,6,7707728,220,412,8798,9813859,5596791,5596791,"Margaritopsis cymuligera (Müll.Arg.) C.M.Taylor","Margaritopsis cymuligera (Müll.Arg.) C.M.Taylor","Plantae","Tracheophyta","Gentianales","Rubiaceae","Margaritopsis","Margaritopsis cymuligera","Margaritopsis","cymuligera","SPECIES","ACCEPTED","2012-05-01T00:00:00","São Paulo",2001,4,17,"2001-04-17T00:00:00","2015-08-18T19:46:28.000+0000","2018-12-06T21:47:58.125+0000","http://creativecommons.org/licenses/by-nc/4.0/legalcode","none","none","none","WGS84","Magnoliopsida","BR","Brazil","ESA - Herbário da Escola Superior de Agricultura Luiz de Queiroz","BRA:ESALQ:ESA:0ESA075995","694","ESA - Herbário da Escola Superior de Agricultura Luiz de Queiroz","Itanhaém","Parque Estadual da Serra do Mar, Núcleo Curucutu. Floresta Ombrófila Densa Baixomontana e Montana no entorno do Vale dos Rios Mambu e dos Macacos.","ESA",1135897900,"BRA:ESALQ:ESA:0ESA075995","Collection","Romão, G.O.; Herrerias, C.; Pereira, M.; Zevallos, P.; Rodrigues, R.R.; Souza, V.C.; Tamashiro, J.Y.; Gandolfi, S.; Oliveira, A.A.; Souza, J.P.; Ivanauskas, N.M.; Nave, A.G.; Furlan, E.","ESA075995","","Escola Superior de Agricultura Luiz de Queiroz, ESALQ","","Souza, V.C.","pt","Escola Superior de Agricultura Luiz de Queiroz, ESALQ",30,"",NA,"","","","",NA,"","",0,"","","",NA,"",NA,"",NA,"","","",NA,"","","","","",NA,"","","Itanhaém","São Paulo","brazil",1037,"Itanhaém",3522109,-46.835166,-24.091687,"SAO PAULO","SP","São Paulo",-48.72944932,-22.26440593,"São Paulo","sp",-24.041222,-46.824417,"original coordinates","original coordinates OK"
"13","Margaritopsis cymuligera",1423906757,-24.0475,-46.818056,"cdround,gass84","4300f8d5-1ae5-49e5-a101-63894b005868","838537fc-4aeb-4980-8b58-97fbdcd1d91a","none","da7fe11a-b42c-46cb-9e9d-02243edb738a","BR","DWC_ARCHIVE","2018-10-02T15:34:51.768+0000","2018-09-24T19:57:51.980+0000",207,"none","PRESERVED_SPECIMEN",5596791,6,7707728,220,412,8798,9813859,5596791,5596791,"Margaritopsis cymuligera (Müll.Arg.) C.M.Taylor","Margaritopsis cymuligera (Müll.Arg.) C.M.Taylor","Plantae","Tracheophyta","Gentianales","Rubiaceae","Margaritopsis","Margaritopsis cymuligera","Margaritopsis","cymuligera","SPECIES","ACCEPTED","2012-01-01T00:00:00","São Paulo",2001,4,16,"2001-04-16T00:00:00","2017-10-18T13:47:32.638+0000","2018-12-06T16:55:23.379+0000","http://creativecommons.org/licenses/by/4.0/legalcode","none","none","none","WGS84","Magnoliopsida","BR","Brazil","Rio de Janeiro Botanical Garden","urn:catalog:JBRJ:RB:1110439","176","RB - Rio de Janeiro Botanical Garden Herbarium Collection","Itanhaém","Parque Estadual da Serra do Mar. Núcleo Curucutu.","RB",1423906757,"urn:catalog:JBRJ:RB:1110439","PhysicalObject","L.D. Meireles; A.P.S. Gonçales; F.J. Soares Jr; G.I.P. Meneghetti; S. Gandolfi; J.P. Souza; N.M. Ivanauskas; E. Furlan","RB01110439","RB 646286","JBRJ","Arbusto, ca. 1m alt.; frutos imaturos verdes, maduros avermelhados.","V.C.Souza","","",NA,"Floresta Ombrófila Densa Baixomontana no entorno do Vale do Rio Mambu.",NA,"","","","",NA,"","",NA,"","","",NA,"",NA,"",NA,"","","",NA,"","","","","",NA,"","","Itanhaém","São Paulo","brazil",1037,"Itanhaém",3522109,-46.835166,-24.091687,"SAO PAULO","SP","São Paulo",-48.72944932,-22.26440593,"São Paulo","sp",-24.0475,-46.818056,"original coordinates","original coordinates OK"
"14","Margaritopsis cymuligera",1135897229,-23.983333,-46.7,"gass84","cbf8c968-37d6-45be-bf5c-e22914a384dc","a88bec5c-1cbf-47a2-8c3e-6081804d80a5","none","b38ff2b7-c8af-454e-b5af-ee760f0d5bca","BR","DWC_ARCHIVE","2018-12-03T15:21:09.371+0000","2018-01-05T16:39:30.374+0000",81,"none","PRESERVED_SPECIMEN",5596791,6,7707728,220,412,8798,9813859,5596791,5596791,"Margaritopsis cymuligera (Müll.Arg.) C.M.Taylor","Margaritopsis cymuligera (Müll.Arg.) C.M.Taylor","Plantae","Tracheophyta","Gentianales","Rubiaceae","Margaritopsis","Margaritopsis cymuligera","Margaritopsis","cymuligera","SPECIES","ACCEPTED","2012-05-01T00:00:00","São Paulo",2001,4,12,"2001-04-12T00:00:00","2015-08-18T19:46:28.000+0000","2018-12-06T21:47:57.593+0000","http://creativecommons.org/licenses/by-nc/4.0/legalcode","none","none","none","WGS84","Magnoliopsida","BR","Brazil","ESA - Herbário da Escola Superior de Agricultura Luiz de Queiroz","BRA:ESALQ:ESA:0ESA075317","97","ESA - Herbário da Escola Superior de Agricultura Luiz de Queiroz","São Paulo","Parque Estadual da Serra do Mar, Núcleo Curucutu. Trilha do Rio Branco. Floresta Altomontana sobre o divisor de água. Transição Floresta Altomontana-Floresta de encosta com campos adjacentes.","ESA",1135897229,"BRA:ESALQ:ESA:0ESA075317","Collection","Souza, F.M.; Duarte, A.R.; Sampaio, D.; Bernhardt, R.; Rodrigues, R.R.; Souza, V.C.; Tamashiro, J.Y.; Gandolfi, S.; Souza, J.P.; Ivanauskas, N.M.; Furlan, E.","ESA075317","","Escola Superior de Agricultura Luiz de Queiroz, ESALQ","","Souza, V.C.","pt","Escola Superior de Agricultura Luiz de Queiroz, ESALQ",700,"",NA,"","","","",NA,"","",0,"","","",NA,"",NA,"",NA,"","","",NA,"","","","","",NA,"","","São Paulo","São Paulo","brazil",1130,"São Paulo",3550308,-46.647014,-23.64989,"SAO PAULO","SP","São Paulo",-48.72944932,-22.26440593,"São Paulo","sp",-23.983333,-46.7,"original coordinates","original coordinates OK"
"15","Margaritopsis cymuligera",1135897267,-24.047694,-46.8181,"gass84","cbf8c968-37d6-45be-bf5c-e22914a384dc","a88bec5c-1cbf-47a2-8c3e-6081804d80a5","none","b38ff2b7-c8af-454e-b5af-ee760f0d5bca","BR","DWC_ARCHIVE","2018-12-03T15:21:09.405+0000","2018-01-05T16:39:30.411+0000",81,"none","PRESERVED_SPECIMEN",5596791,6,7707728,220,412,8798,9813859,5596791,5596791,"Margaritopsis cymuligera (Müll.Arg.) C.M.Taylor","Margaritopsis cymuligera (Müll.Arg.) C.M.Taylor","Plantae","Tracheophyta","Gentianales","Rubiaceae","Margaritopsis","Margaritopsis cymuligera","Margaritopsis","cymuligera","SPECIES","ACCEPTED","2012-05-01T00:00:00","São Paulo",2001,4,16,"2001-04-16T00:00:00","2015-08-18T19:46:28.000+0000","2018-12-06T21:47:57.639+0000","http://creativecommons.org/licenses/by-nc/4.0/legalcode","none","none","none","WGS84","Magnoliopsida","BR","Brazil","ESA - Herbário da Escola Superior de Agricultura Luiz de Queiroz","BRA:ESALQ:ESA:0ESA075333","171","ESA - Herbário da Escola Superior de Agricultura Luiz de Queiroz","Itanhaém","Parque Estadual da Serra do Mar, Núcleo Curucutu. Floresta Ombrófila Densa Baixomontana no entorno do Vale do Rio Mambu.","ESA",1135897267,"BRA:ESALQ:ESA:0ESA075333","Collection","Souza, F.M.; Duarte, A.R.; Sampaio, D.; Bernhardt, R.; Rodrigues, R.R.; Souza, V.C.; Tamashiro, J.Y.; Gandolfi, S.; Souza, J.P.; Ivanauskas, N.M.; Furlan, E.","ESA075333","","Escola Superior de Agricultura Luiz de Queiroz, ESALQ","","Souza, V.C.","pt","Escola Superior de Agricultura Luiz de Queiroz, ESALQ",30,"",NA,"","","","",NA,"","",0,"","","",NA,"",NA,"",NA,"","","",NA,"","","","","",NA,"","","Itanhaém","São Paulo","brazil",1037,"Itanhaém",3522109,-46.835166,-24.091687,"SAO PAULO","SP","São Paulo",-48.72944932,-22.26440593,"São Paulo","sp",-24.047694,-46.8181,"original coordinates","original coordinates OK"
"16","Margaritopsis cymuligera",1135891763,-23.711944,-45.704867,"gass84","cbf8c968-37d6-45be-bf5c-e22914a384dc","a88bec5c-1cbf-47a2-8c3e-6081804d80a5","none","b38ff2b7-c8af-454e-b5af-ee760f0d5bca","BR","DWC_ARCHIVE","2018-12-03T15:21:04.863+0000","2018-01-05T16:39:28.209+0000",81,"none","PRESERVED_SPECIMEN",5596791,6,7707728,220,412,8798,9813859,5596791,5596791,"Margaritopsis cymuligera (Müll.Arg.) C.M.Taylor","Margaritopsis cymuligera (Müll.Arg.) C.M.Taylor","Plantae","Tracheophyta","Gentianales","Rubiaceae","Margaritopsis","Margaritopsis cymuligera","Margaritopsis","cymuligera","SPECIES","ACCEPTED","2012-05-01T00:00:00","São Paulo",2000,4,21,"2000-04-21T00:00:00","2015-08-18T19:46:28.000+0000","2018-12-06T21:47:54.244+0000","http://creativecommons.org/licenses/by-nc/4.0/legalcode","none","none","none","WGS84","Magnoliopsida","BR","Brazil","ESA - Herbário da Escola Superior de Agricultura Luiz de Queiroz","BRA:ESALQ:ESA:0ESA069672","3632","ESA - Herbário da Escola Superior de Agricultura Luiz de Queiroz","São Sebastião","Parque Estadual da Serra do Mar, Cachoeira do Sítio Urucurana. Trilha do escorrega, às margens do Rio Una. . Floresta Ombrófila densa de Encosta. Interior de mata.","ESA",1135891763,"BRA:ESALQ:ESA:0ESA069672","Collection","Oliveira, A.A.; Mendes, J.C.T.; Ferraz, K.M.B.; Ferraz, S.F.B.; Silva, E.V.; Valente, R.; Rocha, E.; Rodrigues, R.R.; Souza, V.C.; Tamashiro, J.Y.","ESA069672","","Escola Superior de Agricultura Luiz de Queiroz, ESALQ","","Souza, V.C.","pt","Escola Superior de Agricultura Luiz de Queiroz, ESALQ",130,"",NA,"","","","",NA,"","",0,"","","",NA,"",NA,"",NA,"","","",NA,"","","","","",NA,"","","São Sebastião","São Paulo","brazil",1100,"São Sebastião",3550704,-45.603109,-23.752538,"SAO PAULO","SP","São Paulo",-48.72944932,-22.26440593,"São Paulo","sp",-23.711944,-45.704867,"original coordinates","original coordinates OK"
"17","Margaritopsis cymuligera",1423906787,-23.759722,-45.553055,"cdround,gass84","4300f8d5-1ae5-49e5-a101-63894b005868","838537fc-4aeb-4980-8b58-97fbdcd1d91a","none","da7fe11a-b42c-46cb-9e9d-02243edb738a","BR","DWC_ARCHIVE","2018-10-02T15:34:51.758+0000","2018-09-24T19:57:51.930+0000",207,"none","PRESERVED_SPECIMEN",5596791,6,7707728,220,412,8798,9813859,5596791,5596791,"Margaritopsis cymuligera (Müll.Arg.) C.M.Taylor","Margaritopsis cymuligera (Müll.Arg.) C.M.Taylor","Plantae","Tracheophyta","Gentianales","Rubiaceae","Margaritopsis","Margaritopsis cymuligera","Margaritopsis","cymuligera","SPECIES","ACCEPTED","none","São Paulo",2000,4,19,"2000-04-19T00:00:00","2017-10-18T13:05:35.380+0000","2018-12-06T16:55:23.440+0000","http://creativecommons.org/licenses/by/4.0/legalcode","none","none","none","WGS84","Magnoliopsida","BR","Brazil","Rio de Janeiro Botanical Garden","urn:catalog:JBRJ:RB:1110373","3276","RB - Rio de Janeiro Botanical Garden Herbarium Collection","São Sebastião","Parque Estadual da Serra do Mar, estrada da Limeira.","RB",1423906787,"urn:catalog:JBRJ:RB:1110373","PhysicalObject","J.P. Souza; A. Zidko; C.G. Mendonça; V.R. Baptista; L Ferreira; R. Culo; R.R. Rodrigues; V.C. Souza; J.Y. Tamashiro","RB01110373","RB 646267","JBRJ","Arbusto com 1m de altura; flores brancas","V.C.Souza","","",NA,"Floresta ombrófila densa d encosta com pertubação.",NA,"","","","",NA,"","",NA,"","","",NA,"",NA,"",NA,"","","",NA,"","","","","",NA,"","","São Sebastião","São Paulo","brazil",1100,"São Sebastião",3550704,-45.603109,-23.752538,"SAO PAULO","SP","São Paulo",-48.72944932,-22.26440593,"São Paulo","sp",-23.759722,-45.553055,"original coordinates","original coordinates OK"
"18","Margaritopsis cymuligera",1135890928,-23.711944,-45.708056,"gass84","cbf8c968-37d6-45be-bf5c-e22914a384dc","a88bec5c-1cbf-47a2-8c3e-6081804d80a5","none","b38ff2b7-c8af-454e-b5af-ee760f0d5bca","BR","DWC_ARCHIVE","2018-12-03T15:21:04.113+0000","2018-01-05T16:39:27.741+0000",81,"none","PRESERVED_SPECIMEN",5596791,6,7707728,220,412,8798,9813859,5596791,5596791,"Margaritopsis cymuligera (Müll.Arg.) C.M.Taylor","Margaritopsis cymuligera (Müll.Arg.) C.M.Taylor","Plantae","Tracheophyta","Gentianales","Rubiaceae","Margaritopsis","Margaritopsis cymuligera","Margaritopsis","cymuligera","SPECIES","ACCEPTED","2012-05-01T00:00:00","São Paulo",2000,4,21,"2000-04-21T00:00:00","2015-08-18T19:46:28.000+0000","2018-12-06T21:47:53.500+0000","http://creativecommons.org/licenses/by-nc/4.0/legalcode","none","none","none","WGS84","Magnoliopsida","BR","Brazil","ESA - Herbário da Escola Superior de Agricultura Luiz de Queiroz","BRA:ESALQ:ESA:0ESA068779","4575","ESA - Herbário da Escola Superior de Agricultura Luiz de Queiroz","São Sebastião","Parque Estadual da Serra do Mar, Trilha do Escorrega, Sítio Urucurana. Floresta Ombrófila Densa de Enconsta sem muita perturbação. Interior da mata","ESA",1135890928,"BRA:ESALQ:ESA:0ESA068779","Collection","Ivanauskas, N.M.; Zidko, A.; Mendonça, C.G.; Baptista, V.R.; Ferreira, L.; Cielo Filho, R.","ESA068779","","Escola Superior de Agricultura Luiz de Queiroz, ESALQ","","Souza, V.C.","pt","Escola Superior de Agricultura Luiz de Queiroz, ESALQ",130,"",NA,"","","","",NA,"","",0,"","","",NA,"",NA,"",NA,"","","",NA,"","","","","",NA,"","","São Sebastião","São Paulo","brazil",1100,"São Sebastião",3550704,-45.603109,-23.752538,"SAO PAULO","SP","São Paulo",-48.72944932,-22.26440593,"São Paulo","sp",-23.711944,-45.708056,"original coordinates","original coordinates OK"
"19","Margaritopsis cymuligera",1503331729,-22.716667,-40.616667,"cdround,gass84","4300f8d5-1ae5-49e5-a101-63894b005868","838537fc-4aeb-4980-8b58-97fbdcd1d91a","none","da7fe11a-b42c-46cb-9e9d-02243edb738a","BR","DWC_ARCHIVE","2018-10-02T15:36:59.336+0000","2018-09-24T19:58:41.411+0000",207,"none","PRESERVED_SPECIMEN",5596791,6,7707728,220,412,8798,9813859,5596791,5596791,"Margaritopsis cymuligera (Müll.Arg.) C.M.Taylor","Margaritopsis cymuligera (Müll.Arg.) C.M.Taylor","Plantae","Tracheophyta","Gentianales","Rubiaceae","Margaritopsis","Margaritopsis cymuligera","Margaritopsis","cymuligera","SPECIES","ACCEPTED","none","São Paulo",1999,1,5,"1999-01-05T00:00:00","2017-11-19T07:37:41.399+0000","2018-12-08T09:14:14.235+0000","http://creativecommons.org/licenses/by/4.0/legalcode","none","none","none","WGS84","Magnoliopsida","BR","Brazil","Rio de Janeiro Botanical Garden","urn:catalog:JBRJ:RB:1313994","39","RB - Rio de Janeiro Botanical Garden Herbarium Collection","Pariquera-Açu","Parque  Ecológico  de  Pariquera  Abaixo  (PEPA),  trilha  da  Campina.","RB",1503331729,"urn:catalog:JBRJ:RB:1313994","PhysicalObject","D. Sampaio; H.M. Maltez; C. Silva; A. Almeida; M.M.R. Silva","RB01313994","RB 729149","JBRJ","","V.C. Souza","","",NA,"",NA,"","","","",NA,"","",NA,"","","",NA,"",NA,"",NA,"","","",NA,"","","","","",NA,"","","Pariquera-Açu","São Paulo","brazil",959,"Pariquera-Açu",3536208,-47.84981,-24.678057,"SAO PAULO","SP","São Paulo",-48.72944932,-22.26440593,"São Paulo","sp",-22.716667,-40.616667,"original coordinates","original coordinates outside Brazil"
"20","Margaritopsis cymuligera",1260573430,-27.51666,-48.5,"gass84","7bd65a7a-f762-11e1-a439-00145eb45e9a","90fd6680-349f-11d8-aa2d-b8a03c50a862","none","c4e134d3-c68f-406d-a116-6a37895602e0","US","DWC_ARCHIVE","2018-06-20T08:02:54.747+0000","2016-03-21T16:07:31.332+0000",28,"none","PRESERVED_SPECIMEN",5596791,6,7707728,220,412,8798,9813859,5596791,5596791,"Margaritopsis cymuligera (Müll.Arg.) C.M.Taylor","Margaritopsis cymuligera (Müll.Arg.) C.M.Taylor","Plantae","Tracheophyta","Gentianales","Rubiaceae","Margaritopsis","Margaritopsis cymuligera","Margaritopsis","cymuligera","SPECIES","ACCEPTED","2005-01-01T00:00:00","Santa Catarina",1998,12,10,"1998-12-10T00:00:00","2013-12-28T19:53:00.000+0000","2018-12-09T00:36:57.549+0000","http://creativecommons.org/licenses/by/4.0/legalcode","none","none","none","WGS84","Magnoliopsida","BR","Brazil","Missouri Botanical Garden","urn:catalog:MO:Tropicos:3182845","Delprete 7047","Tropicos","","Mun. Florianopolis, Unidade de Conservacao Ambiental Desterro (Universidade Federal de Santa Catarina). Trilha do Jacatirao. Vegetacao secundaria sobre solo granitico.","MO",1260573430,"urn:catalog:MO:Tropicos:3182845","PhysicalObject","Piero G. Delprete|A. Reis|O. Iza","3182845","","MO","","C.M.Taylor","","MOBOT",100,"",NA,"SOUTH_AMERICA","No opinion","ICNafp","",50291404,"http://www.tropicos.org/Specimen/3182845","http://biocol.org/urn:lsid:biocol.org:col:15859",50,"","","",NA,"",NA,"",NA,"","","",NA,"","","","","",NA,"","","","Santa Catarina","brazil",NA,"",NA,NA,NA,"","","Santa Catarina",-50.48226937,-27.24592878,"Santa Catarina","sc",-27.51666,-48.5,"original coordinates","original coordinates outside municipality original in  falls in florianopolis"
"21","Margaritopsis cymuligera",1260573512,-27.51666,-48.5,"gass84","7bd65a7a-f762-11e1-a439-00145eb45e9a","90fd6680-349f-11d8-aa2d-b8a03c50a862","none","c4e134d3-c68f-406d-a116-6a37895602e0","US","DWC_ARCHIVE","2018-06-20T08:02:54.553+0000","2016-03-21T16:07:31.416+0000",28,"none","PRESERVED_SPECIMEN",5596791,6,7707728,220,412,8798,9813859,5596791,5596791,"Margaritopsis cymuligera (Müll.Arg.) C.M.Taylor","Margaritopsis cymuligera (Müll.Arg.) C.M.Taylor","Plantae","Tracheophyta","Gentianales","Rubiaceae","Margaritopsis","Margaritopsis cymuligera","Margaritopsis","cymuligera","SPECIES","ACCEPTED","2005-01-01T00:00:00","Santa Catarina",1998,12,10,"1998-12-10T00:00:00","2013-12-28T19:53:00.000+0000","2018-12-09T00:36:57.604+0000","http://creativecommons.org/licenses/by/4.0/legalcode","none","none","none","WGS84","Magnoliopsida","BR","Brazil","Missouri Botanical Garden","urn:catalog:MO:Tropicos:3182685","Delprete 7043","Tropicos","","Ilha de Santa Catarina, Mun. Florianopolis, Unidade de Conservacao Ambiental Desterro (Universidade Federal de Santa Catarina). Trilha do Jacatirao. Vegatacao secundaria sobre solo granitico.","MO",1260573512,"urn:catalog:MO:Tropicos:3182685","PhysicalObject","Piero G. Delprete|A. Reis|O. Iza","3182685","","MO","","C.M.Taylor","","MOBOT",100,"",NA,"SOUTH_AMERICA","No opinion","ICNafp","",50291404,"http://www.tropicos.org/Specimen/3182685","http://biocol.org/urn:lsid:biocol.org:col:15859",50,"","","",NA,"",NA,"",NA,"","","",NA,"","","","","",NA,"","","","Santa Catarina","brazil",NA,"",NA,NA,NA,"","","Santa Catarina",-50.48226937,-27.24592878,"Santa Catarina","sc",-27.51666,-48.5,"original coordinates","original coordinates outside municipality original in  falls in florianopolis"
"22","Margaritopsis cymuligera",1090561946,-23.4339,-45.0711,"gass84","1064b787-c882-493e-b17d-4ffba363b776","c47cd3b0-2178-4a4b-87a6-740b482970a9","none","b38ff2b7-c8af-454e-b5af-ee760f0d5bca","BR","DWC_ARCHIVE","2018-11-23T18:20:18.041+0000","2018-09-24T19:21:05.436+0000",129,"none","PRESERVED_SPECIMEN",2910811,6,7707728,220,412,8798,9813859,5596791,5596791,"Psychotria xanthophylloides (Müll.Arg.) Standl.","Margaritopsis cymuligera (Müll.Arg.) C.M.Taylor","Plantae","Tracheophyta","Gentianales","Rubiaceae","Margaritopsis","Margaritopsis cymuligera","Psychotria","xanthophylloides","SPECIES","SYNONYM","1997-06-20T00:00:00","São Paulo",1997,1,20,"1997-01-20T00:00:00","2018-08-07T17:33:20.000+0000","2018-12-08T04:43:21.624+0000","http://creativecommons.org/licenses/by-nc/4.0/legalcode","none","none","none","WGS84","Magnoliopsida","BR","Brazil","IAC - Herbário do Instituto Agronômico de Campinas","BRA:IAC:IAC:0000034735","s/nº","IAC - Herbário do Instituto Agronômico de Campinas","Ubatuba","","IAC",1090561946,"BRA:IAC:IAC:0000034735","Collection","I.S.M. Gajardo","34735","","IAC","","C.M. Taylor","pt","Instituto Agronômico de Campinas, IAC",NA,"",NA,"","","","",NA,"","",NA,"","","",NA,"",NA,"",NA,"","","",NA,"","","","","",NA,"","","Ubatuba","São Paulo","brazil",1216,"Ubatuba",3555406,-45.026117,-23.38322,"SAO PAULO","SP","São Paulo",-48.72944932,-22.26440593,"São Paulo","sp",-23.4339,-45.0711,"original coordinates","original coordinates OK"
"23","Margaritopsis cymuligera",1931096766,-15.15,-39.08,"gass84","d415c253-4d61-4459-9d25-4015b9084fb0","ae447c50-b8a8-11d8-92a4-b8a03c50a862","none","17017c2c-036b-45d9-b045-606d21b00771","US","DWC_ARCHIVE","2018-11-18T16:24:34.056+0000","2018-11-18T16:24:34.173+0000",96,"none","PRESERVED_SPECIMEN",2910811,6,7707728,220,412,8798,9813859,5596791,5596791,"Psychotria xanthophylloides (Müll.Arg.) Standl.","Margaritopsis cymuligera (Müll.Arg.) C.M.Taylor","Plantae","Tracheophyta","Gentianales","Rubiaceae","Margaritopsis","Margaritopsis cymuligera","Psychotria","xanthophylloides","SPECIES","SYNONYM","none","Bahia",1997,9,18,"1997-09-18T00:00:00","","2018-12-08T04:58:34.426+0000","http://creativecommons.org/publicdomain/zero/1.0/legalcode","none","none","none","WGS84","Magnoliopsida","BR","Brazil","The New York Botanical Garden","eb8c1077-ff7a-469c-8da4-1e15ebc5dde8","2090","Vascular plants","","Reserva BiolÃ³gica do Mico-leao (IBAMA). Entrada no km 46 da Rod. BA-001 IlhÃ©us/Una. Picada paralela ao Rio Maruim","NY",1931096766,"eb8c1077-ff7a-469c-8da4-1e15ebc5dde8","PhysicalObject","A. M. Amorim","502498","","NY","","P. G. Delprete","en","",0,"",NA,"SOUTH_AMERICA","","ICN","Una",NA,"","http://biocol.org/urn:lsid:biocol.org:col:15556",0,"http://sweetgum.nybg.org/science/vh/specimen_details.php?irn=473144","http://biocol.org/urn:lsid:biocol.org:col:15556","18 Sep 1997",261,"sheet",261,"",NA,"","","",NA,"","","","","",NA,"","","","Bahia","brazil",NA,"",NA,NA,NA,"","","Bahia",-41.72018023,-12.47295682,"Bahia","ba",-15.15,-39.08,"original coordinates","original coordinates outside municipality original in  falls in una"
"24","Margaritopsis cymuligera",1228218722,-10.8339,-52.8731,"gass84","90c853e6-56bd-480b-8e8f-6285c3f8d42b","7b8aff00-a9f8-11d8-944b-b8a03c50a862","none","3b84ff5b-79ce-427c-acb7-b4004e160f66","US","DWC_ARCHIVE","2018-11-22T21:37:24.856+0000","2018-11-22T21:37:24.926+0000",97,"none","PRESERVED_SPECIMEN",5596791,6,7707728,220,412,8798,9813859,5596791,5596791,"Margaritopsis cymuligera (Müll.Arg.) C.M.Taylor","Margaritopsis cymuligera (Müll.Arg.) C.M.Taylor","Plantae","Tracheophyta","Gentianales","Rubiaceae","Margaritopsis","Margaritopsis cymuligera","Margaritopsis","cymuligera","SPECIES","ACCEPTED","2017-01-01T00:00:00","",1996,11,19,"1996-11-19T00:00:00","","2018-12-07T20:09:25.809+0000","http://creativecommons.org/publicdomain/zero/1.0/legalcode","none","none","none","WGS84","Magnoliopsida","BR","Brazil","The Field Museum of Natural History","abf32b66-6134-4d61-88b0-2732e4c2e000","10","GDI 2013-2015 SAPP","","","Botany",1228218722,"abf32b66-6134-4d61-88b0-2732e4c2e000","PhysicalObject","M. de R. J. Oliveira & L. F. P. Gusmão","V0235157F","","F","","C. M. Taylor","en","F",NA,"",NA,"SOUTH_AMERICA","","ICBN","",NA,"","Botany",NA,"","F","",NA,"",NA,"South America, BRAZIL",2951973,"seeds-20-nov-2018","http://fieldmuseum.org/about/copyright-information","Plantae Spermatophyta Dicotyledoneae Rubiaceae",NA,"","","","","",NA,"","","","","brazil",NA,"",NA,NA,NA,"","","",NA,NA,NA,"",-10.8339,-52.8731,"original coordinates","original coordinates outside municipality original in  falls in sao jose do xingu"
"25","Margaritopsis cymuligera",1090557643,-24.608333,-47.8825,"gass84","1064b787-c882-493e-b17d-4ffba363b776","c47cd3b0-2178-4a4b-87a6-740b482970a9","none","b38ff2b7-c8af-454e-b5af-ee760f0d5bca","BR","DWC_ARCHIVE","2018-11-23T18:20:15.182+0000","2017-12-29T14:14:07.325+0000",129,"none","PRESERVED_SPECIMEN",5596791,6,7707728,220,412,8798,9813859,5596791,5596791,"Margaritopsis cymuligera (Müll.Arg.) C.M.Taylor","Margaritopsis cymuligera (Müll.Arg.) C.M.Taylor","Plantae","Tracheophyta","Gentianales","Rubiaceae","Margaritopsis","Margaritopsis cymuligera","Margaritopsis","cymuligera","SPECIES","ACCEPTED","2007-06-30T00:00:00","São Paulo",1995,1,10,"1995-01-10T00:00:00","2017-10-31T16:19:47.000+0000","2018-12-08T04:43:19.357+0000","http://creativecommons.org/licenses/by-nc/4.0/legalcode","none","none","none","WGS84","Magnoliopsida","BR","Brazil","IAC - Herbário do Instituto Agronômico de Campinas","BRA:IAC:IAC:0000029780","1037","IAC - Herbário do Instituto Agronômico de Campinas","Pariquera-Açu","IAC, Estação Experimental, área nativa","IAC",1090557643,"BRA:IAC:IAC:0000029780","Collection","L.C. Bernacci et al.","29780","","IAC","Identificação apud SP 300651 (SpLink)!","C.M. Taylor","pt","Instituto Agronômico de Campinas, IAC",NA,"",NA,"","","","",NA,"","",NA,"","","",NA,"",NA,"",NA,"","","",NA,"","","","","",NA,"","","Pariquera-Açu","São Paulo","brazil",959,"Pariquera-Açu",3536208,-47.84981,-24.678057,"SAO PAULO","SP","São Paulo",-48.72944932,-22.26440593,"São Paulo","sp",-24.608333,-47.8825,"original coordinates","original coordinates OK"
"26","Margaritopsis cymuligera",1234556969,-24.47375,-48.28171,"gass84","7741a517-ab3d-4b85-ae58-56322e44c8ce","d073b448-6b80-4364-8c38-18d08b88797f","none","b38ff2b7-c8af-454e-b5af-ee760f0d5bca","BR","DWC_ARCHIVE","2018-12-03T13:51:01.667+0000","2018-12-03T16:41:05.128+0000",122,"none","PRESERVED_SPECIMEN",2910811,6,7707728,220,412,8798,9813859,5596791,5596791,"Psychotria xanthophylloides (Müll.Arg.) Standl.","Margaritopsis cymuligera (Müll.Arg.) C.M.Taylor","Plantae","Tracheophyta","Gentianales","Rubiaceae","Margaritopsis","Margaritopsis cymuligera","Psychotria","xanthophylloides","SPECIES","SYNONYM","1998-01-01T00:00:00","São Paulo",1995,2,8,"1995-02-08T00:00:00","2018-11-21T16:38:28.000+0000","2018-12-03T16:41:59.834+0000","http://creativecommons.org/licenses/by-nc/4.0/legalcode","none","none","none","WGS84","Magnoliopsida","BR","Brazil","UEC - Herbário da Universidade Estadual de Campinas","BRA:UNICAMP:UEC:0000072250","33114","UEC - Herbário da Universidade Estadual de Campinas","Barra do Turvo","Estrada de acesso à Barra do Turvo.","UEC",1234556969,"BRA:UNICAMP:UEC:0000072250","Collection","Leitão Filho, H.F.; Rodrigues, R.R.; Rozza, A.; Sposito, T.; Santos, K.; Vieira, A.P.","72250","","UNICAMP","Beira de estrada, próximo a uma mata 1 m de alt, com frutos verdes, sub bosque.","Taylor, C.M.","pt","Universidade Estadual de Campinas, UNICAMP",NA,"",NA,"","","","",NA,"","",NA,"","","",NA,"",NA,"",NA,"","","",NA,"","","","","",NA,"","","Barra do Turvo","São Paulo","brazil",939,"Barra do Turvo",3505401,-48.426994,-24.888391,"SAO PAULO","SP","São Paulo",-48.72944932,-22.26440593,"São Paulo","sp",-24.47375,-48.28171,"original coordinates","original coordinates outside municipality original in barra do turvo falls in eldorado"
"27","Margaritopsis cymuligera",1087354329,-24.608333,-47.885,"gass84","17efa320-7312-4b55-bf0a-a4cfc4613169","2437c128-bf8c-4f53-b668-da95fb2e40b7","none","b38ff2b7-c8af-454e-b5af-ee760f0d5bca","BR","DWC_ARCHIVE","2018-11-24T12:35:20.786+0000","2018-09-25T13:52:29.520+0000",120,"none","PRESERVED_SPECIMEN",5596791,6,7707728,220,412,8798,9813859,5596791,5596791,"Margaritopsis cymuligera (Müll.Arg.) C.M.Taylor","Margaritopsis cymuligera (Müll.Arg.) C.M.Taylor","Plantae","Tracheophyta","Gentianales","Rubiaceae","Margaritopsis","Margaritopsis cymuligera","Margaritopsis","cymuligera","SPECIES","ACCEPTED","2007-01-01T00:00:00","São Paulo",1995,2,10,"1995-02-10T00:00:00","2018-09-10T11:28:14.000+0000","2018-12-08T13:04:14.409+0000","http://creativecommons.org/licenses/by-nc/4.0/legalcode","none","none","none","WGS84","Magnoliopsida","BR","Brazil","SP - Herbário do Estado ""Maria Eneyda P. Kaufmann Fidalgo"" - Coleção de Fanerógamas","BRA:IBt:SP:0000300576","33019","SP - Herbário do Estado ""Maria Eneyda P. Kaufmann Fidalgo"" - Coleção de Fanerógamas","Pariquera-Açu","Estação Experimental do IAC","SP",1087354329,"BRA:IBt:SP:0000300576","Collection","Leitão Filho, HF","300576","","Instituto de Botânica, IBT","","Taylor, CM","pt","Instituto de Botânica, IBT",NA,"",NA,"","","","",NA,"","",NA,"","","",NA,"",NA,"",NA,"","","",NA,"","","","","",NA,"","","Pariquera-Açu","São Paulo","brazil",959,"Pariquera-Açu",3536208,-47.84981,-24.678057,"SAO PAULO","SP","São Paulo",-48.72944932,-22.26440593,"São Paulo","sp",-24.608333,-47.885,"original coordinates","original coordinates OK"
"28","Margaritopsis cymuligera",1928260629,-14.9839,-39.0408,"gass84","d415c253-4d61-4459-9d25-4015b9084fb0","ae447c50-b8a8-11d8-92a4-b8a03c50a862","none","17017c2c-036b-45d9-b045-606d21b00771","US","DWC_ARCHIVE","2018-11-18T14:48:11.742+0000","2018-11-18T14:48:11.935+0000",96,"none","PRESERVED_SPECIMEN",2910811,6,7707728,220,412,8798,9813859,5596791,5596791,"Psychotria xanthophylloides (Müll.Arg.) Standl.","Margaritopsis cymuligera (Müll.Arg.) C.M.Taylor","Plantae","Tracheophyta","Gentianales","Rubiaceae","Margaritopsis","Margaritopsis cymuligera","Psychotria","xanthophylloides","SPECIES","SYNONYM","1998-01-01T00:00:00","Bahia",1995,5,21,"1995-05-21T00:00:00","","2018-12-05T23:34:30.933+0000","http://creativecommons.org/publicdomain/zero/1.0/legalcode","none","none","none","WGS84","Magnoliopsida","BR","Brazil","The New York Botanical Garden","22ae4fe9-a5e1-4cea-b823-4b157443d81f","10939","Vascular plants","","7.3 km SW of OlivenÃ§a on road to Vila Brasil","NY",1928260629,"22ae4fe9-a5e1-4cea-b823-4b157443d81f","PhysicalObject","W. W. Thomas","227796","","NY","","C. M. Taylor","en","",0,"",NA,"SOUTH_AMERICA","","ICN","IlhÃ©us",NA,"","http://biocol.org/urn:lsid:biocol.org:col:15556",0,"http://sweetgum.nybg.org/science/vh/specimen_details.php?irn=473141","http://biocol.org/urn:lsid:biocol.org:col:15556","21 May 1995",141,"sheet",141,"",NA,"","","",NA,"","","","","",NA,"","","","Bahia","brazil",NA,"",NA,NA,NA,"","","Bahia",-41.72018023,-12.47295682,"Bahia","ba",-14.9839,-39.0408,"original coordinates","original coordinates outside municipality original in  falls in ilheus"
"29","Margaritopsis cymuligera",1260574810,-24.60833,-47.88333,"gass84","7bd65a7a-f762-11e1-a439-00145eb45e9a","90fd6680-349f-11d8-aa2d-b8a03c50a862","none","c4e134d3-c68f-406d-a116-6a37895602e0","US","DWC_ARCHIVE","2018-06-20T08:02:54.952+0000","2016-03-21T16:07:36.275+0000",28,"none","PRESERVED_SPECIMEN",5596791,6,7707728,220,412,8798,9813859,5596791,5596791,"Margaritopsis cymuligera (Müll.Arg.) C.M.Taylor","Margaritopsis cymuligera (Müll.Arg.) C.M.Taylor","Plantae","Tracheophyta","Gentianales","Rubiaceae","Margaritopsis","Margaritopsis cymuligera","Margaritopsis","cymuligera","SPECIES","ACCEPTED","2005-01-01T00:00:00","São Paulo",1995,NA,NA,"1995-01-01T00:00:00","2008-05-27T22:02:00.000+0000","2018-12-09T00:36:58.273+0000","http://creativecommons.org/licenses/by/4.0/legalcode","none","none","none","WGS84","Magnoliopsida","BR","Brazil","Missouri Botanical Garden","urn:catalog:MO:Tropicos:3183825","HERMOGENES 33019","Tropicos","","Pariquera- Acu E.E.","MO",1260574810,"urn:catalog:MO:Tropicos:3183825","PhysicalObject","* HERMOGENES","3183825","","MO","","C.M.Taylor","","MOBOT",NA,"",NA,"SOUTH_AMERICA","No opinion","ICNafp","",50291404,"http://www.tropicos.org/Specimen/3183825","http://biocol.org/urn:lsid:biocol.org:col:15859",NA,"","","",NA,"",NA,"",NA,"","","",NA,"","","","","",NA,"","","","São Paulo","brazil",NA,"",NA,NA,NA,"","","São Paulo",-48.72944932,-22.26440593,"São Paulo","sp",-24.60833,-47.88333,"original coordinates","original coordinates outside municipality original in  falls in pariquera-acu"
"30","Margaritopsis cymuligera",1801148003,-24.05,-47.216667,"gass84","1bb3cae3-b91f-4109-8a2d-a1f05f2d6fd3","76dbcb10-efc5-4d5f-87a5-bcd409fc92c8","none","b38ff2b7-c8af-454e-b5af-ee760f0d5bca","BR","DWC_ARCHIVE","2018-11-24T12:30:28.435+0000","2018-09-25T14:04:41.291+0000",126,"none","PRESERVED_SPECIMEN",5596791,6,7707728,220,412,8798,9813859,5596791,5596791,"Margaritopsis cymuligera (Müll.Arg.) C.M.Taylor","Margaritopsis cymuligera (Müll.Arg.) C.M.Taylor","Plantae","Tracheophyta","Gentianales","Rubiaceae","Margaritopsis","Margaritopsis cymuligera","Margaritopsis","cymuligera","SPECIES","ACCEPTED","2014-01-01T00:00:00","São Paulo",1994,4,19,"1994-04-19T00:00:00","2018-08-21T18:44:57.000+0000","2018-12-08T01:46:32.769+0000","http://creativecommons.org/licenses/by-nc/4.0/legalcode","none","none","none","WGS84","Magnoliopsida","BR","Brazil","SPF - Herbário da Universidade de São Paulo","BRA:USP:SPF:0000094367","3104","SPF - Herbário da Universidade de São Paulo","Miracatu","Serra de Paranapiacaba","SPF",1801148003,"BRA:USP:SPF:0000094367","Collection","Pirani, JR","94367","","USP","","Zappi, DC","pt","Universidade de São Paulo, USP",550,"",NA,"","","","",NA,"","",0,"","","",NA,"",NA,"",NA,"","","",NA,"","","","","",NA,"","","Miracatu","São Paulo","brazil",1019,"Miracatu",3529906,-47.394869,-24.194935,"SAO PAULO","SP","São Paulo",-48.72944932,-22.26440593,"São Paulo","sp",-24.05,-47.216667,"original coordinates","original coordinates OK"
"31","Margaritopsis cymuligera",1929791072,-15.15,-39.08,"gass84","d415c253-4d61-4459-9d25-4015b9084fb0","ae447c50-b8a8-11d8-92a4-b8a03c50a862","none","17017c2c-036b-45d9-b045-606d21b00771","US","DWC_ARCHIVE","2018-11-18T15:26:04.889+0000","2018-11-18T15:26:04.901+0000",96,"none","PRESERVED_SPECIMEN",2910811,6,7707728,220,412,8798,9813859,5596791,5596791,"Psychotria xanthophylloides (Müll.Arg.) Standl.","Margaritopsis cymuligera (Müll.Arg.) C.M.Taylor","Plantae","Tracheophyta","Gentianales","Rubiaceae","Margaritopsis","Margaritopsis cymuligera","Psychotria","xanthophylloides","SPECIES","SYNONYM","1998-01-01T00:00:00","Bahia",1993,9,15,"1993-09-15T00:00:00","","2018-12-08T02:42:01.525+0000","http://creativecommons.org/publicdomain/zero/1.0/legalcode","none","none","none","WGS84","Magnoliopsida","BR","Brazil","The New York Botanical Garden","8f43b032-85ca-4a53-b3f3-8fef51c3302c","281","Vascular plants","","Reserva BiolÃ³gica do Mico-leao (IBAMA). Entrada no km 46 da Rod. BA-001 IlhÃ©us/Una. Entrada a direita, no km 10,4 Rod. Una/IlhÃ©us","NY",1929791072,"8f43b032-85ca-4a53-b3f3-8fef51c3302c","PhysicalObject","J. G. Jardim","502497","","NY","","C. M. Taylor","en","",0,"",NA,"SOUTH_AMERICA","","ICN","Una",NA,"","http://biocol.org/urn:lsid:biocol.org:col:15556",0,"http://sweetgum.nybg.org/science/vh/specimen_details.php?irn=473143","http://biocol.org/urn:lsid:biocol.org:col:15556","15 Sep 1993",258,"sheet",258,"",NA,"","","",NA,"","","","","",NA,"","","","Bahia","brazil",NA,"",NA,NA,NA,"","","Bahia",-41.72018023,-12.47295682,"Bahia","ba",-15.15,-39.08,"original coordinates","original coordinates outside municipality original in  falls in una"
"32","Margaritopsis cymuligera",1424272452,-22.433333,-42.833333,"cdround,gass84","4300f8d5-1ae5-49e5-a101-63894b005868","838537fc-4aeb-4980-8b58-97fbdcd1d91a","none","da7fe11a-b42c-46cb-9e9d-02243edb738a","BR","DWC_ARCHIVE","2018-10-02T15:40:43.357+0000","2018-09-24T20:01:59.621+0000",207,"none","PRESERVED_SPECIMEN",5596791,6,7707728,220,412,8798,9813859,5596791,5596791,"Margaritopsis cymuligera (Müll.Arg.) C.M.Taylor","Margaritopsis cymuligera (Müll.Arg.) C.M.Taylor","Plantae","Tracheophyta","Gentianales","Rubiaceae","Margaritopsis","Margaritopsis cymuligera","Margaritopsis","cymuligera","SPECIES","ACCEPTED","2014-03-24T00:00:00","Rio de Janeiro",1992,2,5,"1992-02-05T00:00:00","","2018-12-06T16:58:45.086+0000","http://creativecommons.org/licenses/by/4.0/legalcode","none","none","none","WGS84","Magnoliopsida","BR","Brazil","Rio de Janeiro Botanical Garden","urn:catalog:JBRJ:RB:558634","706","RB - Rio de Janeiro Botanical Garden Herbarium Collection","Guapimirim","Estação Ecológica Estadual de Paraíso. Mata atrás da residência.","RB",1424272452,"urn:catalog:JBRJ:RB:558634","PhysicalObject","L.Sylvestre; et al.","RB00558634","RB 316700","JBRJ","Erva. Folhas discolores verdes, face abaxial verde escura lustrosa.  Frutos esfericos verdes. Ind.; 630.","Mario Gomes","","",0,"",NA,"","","","",NA,"","",NA,"","","",NA,"",NA,"",NA,"","","",NA,"","","","","",NA,"","","Guapimirim","Rio de Janeiro","brazil",1500,"Guapimirim",3301850,-42.963842,-22.584312,"RIO DE JANEIRO","RJ","Rio de Janeiro",-42.66307908,-22.19581555,"Rio de Janeiro","rj",-22.433333,-42.833333,"original coordinates","original coordinates outside municipality original in guapimirim falls in cachoeiras de macacu"
"33","Margaritopsis cymuligera",1424272843,-22.433333,-42.833333,"cdround,gass84","4300f8d5-1ae5-49e5-a101-63894b005868","838537fc-4aeb-4980-8b58-97fbdcd1d91a","none","da7fe11a-b42c-46cb-9e9d-02243edb738a","BR","DWC_ARCHIVE","2018-10-02T15:40:43.585+0000","2018-09-24T20:01:59.868+0000",207,"none","PRESERVED_SPECIMEN",5596791,6,7707728,220,412,8798,9813859,5596791,5596791,"Margaritopsis cymuligera (Müll.Arg.) C.M.Taylor","Margaritopsis cymuligera (Müll.Arg.) C.M.Taylor","Plantae","Tracheophyta","Gentianales","Rubiaceae","Margaritopsis","Margaritopsis cymuligera","Margaritopsis","cymuligera","SPECIES","ACCEPTED","2014-03-24T00:00:00","Rio de Janeiro",1991,11,19,"1991-11-19T00:00:00","2017-10-17T14:11:33.478+0000","2018-12-06T16:58:45.394+0000","http://creativecommons.org/licenses/by/4.0/legalcode","none","none","none","WGS84","Magnoliopsida","BR","Brazil","Rio de Janeiro Botanical Garden","urn:catalog:JBRJ:RB:559034","4294","RB - Rio de Janeiro Botanical Garden Herbarium Collection","Guapimirim","Estação Ecológica Estadual de Paraíso. Area da parcela 1.","RB",1424272843,"urn:catalog:JBRJ:RB:559034","PhysicalObject","H.C.de Lima; et al.","RB00559034","RB 297112","JBRJ","Arbusto com 0.5 m de alt. Flores alvo-esverdeadas. Muito frequente no sub-bosque. Ind.: 323.","Mario Gomes","","",0,"",NA,"","","","",NA,"","",NA,"","","",NA,"",NA,"",NA,"","","",NA,"","","","","",NA,"","","Guapimirim","Rio de Janeiro","brazil",1500,"Guapimirim",3301850,-42.963842,-22.584312,"RIO DE JANEIRO","RJ","Rio de Janeiro",-42.66307908,-22.19581555,"Rio de Janeiro","rj",-22.433333,-42.833333,"original coordinates","original coordinates outside municipality original in guapimirim falls in cachoeiras de macacu"
"34","Margaritopsis cymuligera",1801147235,-20.766667,-42.033333,"gass84","1bb3cae3-b91f-4109-8a2d-a1f05f2d6fd3","76dbcb10-efc5-4d5f-87a5-bcd409fc92c8","none","b38ff2b7-c8af-454e-b5af-ee760f0d5bca","BR","DWC_ARCHIVE","2018-11-24T12:30:19.632+0000","2018-09-25T14:04:27.695+0000",126,"none","PRESERVED_SPECIMEN",5596791,6,7707728,220,412,8798,9813859,5596791,5596791,"Margaritopsis cymuligera (Müll.Arg.) C.M.Taylor","Margaritopsis cymuligera (Müll.Arg.) C.M.Taylor","Plantae","Tracheophyta","Gentianales","Rubiaceae","Margaritopsis","Margaritopsis cymuligera","Margaritopsis","cymuligera","SPECIES","ACCEPTED","2014-01-01T00:00:00","Minas Gerais",1990,7,7,"1990-07-07T00:00:00","2018-08-21T18:44:57.000+0000","2018-12-08T01:46:32.338+0000","http://creativecommons.org/licenses/by-nc/4.0/legalcode","none","none","none","WGS84","Magnoliopsida","BR","Brazil","SPF - Herbário da Universidade de São Paulo","BRA:USP:SPF:0000068469","s.n.","SPF - Herbário da Universidade de São Paulo","Carangola","","SPF",1801147235,"BRA:USP:SPF:0000068469","Collection","Leoni, LS","68469","","USP","","Zappi, DC","pt","Universidade de São Paulo, USP",600,"",NA,"","","","",NA,"","",0,"","","",NA,"",NA,"",NA,"","","",NA,"","","","","",NA,"","","Carangola","Minas Gerais","brazil",2187,"Carangola",3113305,-42.088972,-20.703232,"MINAS GERAIS","MG","Minas Gerais",-44.67333254,-18.45539008,"Minas Gerais","mg",-20.766667,-42.033333,"original coordinates","original coordinates outside municipality original in carangola falls in faria lemos"
"35","Margaritopsis cymuligera",1090556669,-23.4339,-45.0711,"gass84","1064b787-c882-493e-b17d-4ffba363b776","c47cd3b0-2178-4a4b-87a6-740b482970a9","none","b38ff2b7-c8af-454e-b5af-ee760f0d5bca","BR","DWC_ARCHIVE","2018-11-23T18:20:14.416+0000","2018-09-24T19:21:03.361+0000",129,"none","PRESERVED_SPECIMEN",2910811,6,7707728,220,412,8798,9813859,5596791,5596791,"Psychotria xanthophylloides (Müll.Arg.) Standl.","Margaritopsis cymuligera (Müll.Arg.) C.M.Taylor","Plantae","Tracheophyta","Gentianales","Rubiaceae","Margaritopsis","Margaritopsis cymuligera","Psychotria","xanthophylloides","SPECIES","SYNONYM","1997-06-23T00:00:00","São Paulo",1989,5,23,"1989-05-23T00:00:00","2018-08-07T17:33:20.000+0000","2018-12-08T04:43:19.026+0000","http://creativecommons.org/licenses/by-nc/4.0/legalcode","none","none","none","WGS84","Magnoliopsida","BR","Brazil","IAC - Herbário do Instituto Agronômico de Campinas","BRA:IAC:IAC:0000028342","s/nº","IAC - Herbário do Instituto Agronômico de Campinas","Ubatuba","Picinguaba","IAC",1090556669,"BRA:IAC:IAC:0000028342","Collection","Mizue Kirizawa & José A. Correa","28342","","IAC","doação do instituto agronômico de botânica","C.M. Taylor","pt","Instituto Agronômico de Campinas, IAC",NA,"",NA,"","","","",NA,"","",NA,"","","",NA,"",NA,"",NA,"","","",NA,"","","","","",NA,"","","Ubatuba","São Paulo","brazil",1216,"Ubatuba",3555406,-45.026117,-23.38322,"SAO PAULO","SP","São Paulo",-48.72944932,-22.26440593,"São Paulo","sp",-23.4339,-45.0711,"original coordinates","original coordinates OK"
"36","Margaritopsis cymuligera",1090562014,-23.4339,-45.0711,"gass84","1064b787-c882-493e-b17d-4ffba363b776","c47cd3b0-2178-4a4b-87a6-740b482970a9","none","b38ff2b7-c8af-454e-b5af-ee760f0d5bca","BR","DWC_ARCHIVE","2018-11-23T18:20:18.048+0000","2018-09-24T19:21:05.408+0000",129,"none","PRESERVED_SPECIMEN",2910811,6,7707728,220,412,8798,9813859,5596791,5596791,"Psychotria xanthophylloides (Müll.Arg.) Standl.","Margaritopsis cymuligera (Müll.Arg.) C.M.Taylor","Plantae","Tracheophyta","Gentianales","Rubiaceae","Margaritopsis","Margaritopsis cymuligera","Psychotria","xanthophylloides","SPECIES","SYNONYM","1997-06-06T00:00:00","São Paulo",1989,5,6,"1989-05-06T00:00:00","2018-08-07T17:33:20.000+0000","2018-12-08T04:43:21.585+0000","http://creativecommons.org/licenses/by-nc/4.0/legalcode","none","none","none","WGS84","Magnoliopsida","BR","Brazil","IAC - Herbário do Instituto Agronômico de Campinas","BRA:IAC:IAC:0000034745","400","IAC - Herbário do Instituto Agronômico de Campinas","Ubatuba","Picinguaba","IAC",1090562014,"BRA:IAC:IAC:0000034745","Collection","F.C.P. Garcia et al.","34745","","IAC","","C.M. Taylor","pt","Instituto Agronômico de Campinas, IAC",NA,"",NA,"","","","",NA,"","",NA,"","","",NA,"",NA,"",NA,"","","",NA,"","","","","",NA,"","","Ubatuba","São Paulo","brazil",1216,"Ubatuba",3555406,-45.026117,-23.38322,"SAO PAULO","SP","São Paulo",-48.72944932,-22.26440593,"São Paulo","sp",-23.4339,-45.0711,"original coordinates","original coordinates OK"
"37","Margaritopsis cymuligera",1702802405,-15.38,-38.03,"gass84","821cc27a-e3bb-4bc5-ac34-89ada245069d","bc092ff0-02e4-11dc-991f-b8a03c50a862","none","b2ff19b5-d74f-40d2-82f1-ec5db01e8e31","US","DWC_ARCHIVE","2018-07-02T13:27:09.360+0000","2018-04-02T17:14:23.054+0000",58,"none","PRESERVED_SPECIMEN",5596791,6,7707728,220,412,8798,9813859,5596791,5596791,"Margaritopsis cymuligera (Müll.Arg.) C.M.Taylor","Margaritopsis cymuligera (Müll.Arg.) C.M.Taylor","Plantae","Tracheophyta","Gentianales","Rubiaceae","Margaritopsis","Margaritopsis cymuligera","Margaritopsis","cymuligera","SPECIES","ACCEPTED","none","Bahia",1988,2,18,"1988-02-18T00:00:00","","2018-12-08T11:36:02.246+0000","http://creativecommons.org/publicdomain/zero/1.0/legalcode","none","none","none","WGS84","Magnoliopsida","BR","Brazil","","http://n2t.net/ark:/65665/381d6c098-6a13-4f19-98a2-ea5b8edc66ba","6017","NMNH Extant Biology","","Mun. Una, 4 km N of Comandatuba, ca 10 km S of Una, Restinga forest and adjacent open restinga","Botany",1702802405,"http://n2t.net/ark:/65665/381d6c098-6a13-4f19-98a2-ea5b8edc66ba","PhysicalObject","W. W. Thomas, J. R. Pirani, R. Mello-Silva & J. Fernandes","3594871","","US","","","","",NA,"",1,"","","","",NA,"","",NA,"","http://biocol.org/urn:lsid:biocol.org:col:34871","",49,"",49,"South America - Neotropics, Brazil, Bahia",NA,"","","Plantae, Dicotyledonae, Rubiales, Rubiaceae",NA,"","","","","",NA,"","","","Bahia","brazil",NA,"",NA,NA,NA,"","","Bahia",-41.72018023,-12.47295682,"Bahia","ba",-15.38,-38.03,"original coordinates","original coordinates outside Brazil"
"38","Margaritopsis cymuligera",1929531640,-13.4905775140309,-39.0437871028705,"cdrep","d415c253-4d61-4459-9d25-4015b9084fb0","ae447c50-b8a8-11d8-92a4-b8a03c50a862","none","17017c2c-036b-45d9-b045-606d21b00771","US","DWC_ARCHIVE","2018-11-18T15:23:48.144+0000","2018-10-19T14:20:50.335+0000",96,"none","PRESERVED_SPECIMEN",2910811,6,7707728,220,412,8798,9813859,5596791,5596791,"Psychotria xanthophylloides (Müll.Arg.) Standl.","Margaritopsis cymuligera (Müll.Arg.) C.M.Taylor","Plantae","Tracheophyta","Gentianales","Rubiaceae","Margaritopsis","Margaritopsis cymuligera","Psychotria","xanthophylloides","SPECIES","SYNONYM","1998-01-01T00:00:00","Bahia",1985,11,20,"1985-11-20T00:00:00","","2018-12-08T08:50:42.415+0000","http://creativecommons.org/publicdomain/zero/1.0/legalcode","none","none","none","WGS84","Magnoliopsida","BR","Brazil","The New York Botanical Garden","7cd73311-c39b-4f57-a9f7-3289fe4c639a","1908","Vascular plants","","Ilha de TinharÃ©. Fazenda dos PilÃµes","NY",1929531640,"7cd73311-c39b-4f57-a9f7-3289fe4c639a","PhysicalObject","L. A. Mattos Silva","1017481","","NY","","C. M. Taylor","en","",20,"",NA,"SOUTH_AMERICA","","ICN","Cairu",NA,"","http://biocol.org/urn:lsid:biocol.org:col:15556",0,"http://sweetgum.nybg.org/science/vh/specimen_details.php?irn=1214616","http://biocol.org/urn:lsid:biocol.org:col:15556","20 Nov 1985",324,"sheet",324,"",NA,"","","",24756,"PiaÃ§aval nativo (Attalea funifera Mart.) associado Ã  capoeira. Solo arenoso.","66 ft","Other source","CRIA (Centro de ReferÃªncia em InformaÃ§Ã£o Ambiental)","",NA,"","","","Bahia","brazil",NA,"",NA,NA,NA,"","","Bahia",-41.72018023,-12.47295682,"Bahia","ba",-13.4905775140309,-39.0437871028705,"original coordinates","original coordinates outside municipality original in  falls in cairu"
"39","Margaritopsis cymuligera",1930275852,-12.19619,-38.014718,"cdround","d415c253-4d61-4459-9d25-4015b9084fb0","ae447c50-b8a8-11d8-92a4-b8a03c50a862","none","17017c2c-036b-45d9-b045-606d21b00771","US","DWC_ARCHIVE","2018-11-18T15:57:50.210+0000","2018-10-19T14:45:49.403+0000",96,"none","PRESERVED_SPECIMEN",2910811,6,7707728,220,412,8798,9813859,5596791,5596791,"Psychotria xanthophylloides (Müll.Arg.) Standl.","Margaritopsis cymuligera (Müll.Arg.) C.M.Taylor","Plantae","Tracheophyta","Gentianales","Rubiaceae","Margaritopsis","Margaritopsis cymuligera","Psychotria","xanthophylloides","SPECIES","SYNONYM","1998-01-01T00:00:00","Bahia",1981,5,26,"1981-05-26T00:00:00","","2018-12-08T11:10:58.454+0000","http://creativecommons.org/publicdomain/zero/1.0/legalcode","none","none","none","WGS84","Magnoliopsida","BR","Brazil","The New York Botanical Garden","b175d5f0-0009-460a-bf96-528183bf69eb","925","Vascular plants","","Road from Itanagra to Subaúma, 8 km W of Itanagra","NY",1930275852,"b175d5f0-0009-460a-bf96-528183bf69eb","PhysicalObject","B. M. Boom","502533","","NY","","C. M. Taylor","en","",50,"",NA,"SOUTH_AMERICA","","ICN","Itanagra",NA,"","http://biocol.org/urn:lsid:biocol.org:col:15556",0,"http://sweetgum.nybg.org/science/vh/specimen_details.php?irn=473145","http://biocol.org/urn:lsid:biocol.org:col:15556","26 May 1981",146,"sheet",146,"",NA,"","","",1418,"","164 ft","Georeferencing Quick Reference Guide, Version 2012","Google Maps (map data 2014), Manis Georef. Calculator","2014-07-16",NA,"","","","Bahia","brazil",NA,"",NA,NA,NA,"","","Bahia",-41.72018023,-12.47295682,"Bahia","ba",-12.19619,-38.014718,"original coordinates","original coordinates outside municipality original in  falls in entre rios"
"40","Margaritopsis cymuligera",1930722941,-25.3107843549497,-48.3294308539011,"cdrep","d415c253-4d61-4459-9d25-4015b9084fb0","ae447c50-b8a8-11d8-92a4-b8a03c50a862","none","17017c2c-036b-45d9-b045-606d21b00771","US","DWC_ARCHIVE","2018-11-18T16:01:13.740+0000","2018-11-18T16:01:13.809+0000",96,"none","PRESERVED_SPECIMEN",2910811,6,7707728,220,412,8798,9813859,5596791,5596791,"Psychotria xanthophylloides (Müll.Arg.) Standl.","Margaritopsis cymuligera (Müll.Arg.) C.M.Taylor","Plantae","Tracheophyta","Gentianales","Rubiaceae","Margaritopsis","Margaritopsis cymuligera","Psychotria","xanthophylloides","SPECIES","SYNONYM","1997-01-01T00:00:00","ParanÃ¡",1967,4,13,"1967-04-13T00:00:00","","2018-12-08T20:37:53.259+0000","http://creativecommons.org/publicdomain/zero/1.0/legalcode","none","none","none","WGS84","Magnoliopsida","BR","Brazil","The New York Botanical Garden","d11ab55a-3080-4e1c-b7f1-01003bc54adc","16312","Vascular plants","","Serrinha","NY",1930722941,"d11ab55a-3080-4e1c-b7f1-01003bc54adc","PhysicalObject","G. G. Hatschbach","502496","","NY","","C. M. Taylor","en","",0,"",NA,"SOUTH_AMERICA","","ICN","GuaraqueÃ§aba",NA,"","http://biocol.org/urn:lsid:biocol.org:col:15556",0,"http://sweetgum.nybg.org/science/vh/specimen_details.php?irn=473150","http://biocol.org/urn:lsid:biocol.org:col:15556","13 Apr 1967",103,"sheet",103,"",NA,"","","",37295,"","","Other source","CRIA (Centro de ReferÃªncia em InformaÃ§Ã£o Ambiental)","",NA,"","","","ParanÃ¡","brazil",NA,"",NA,NA,NA,"","","Paraná",-51.61693027,-24.63581955,"Paraná","pr",-25.3107843549497,-48.3294308539011,"original coordinates","original coordinates outside municipality original in  falls in guaraquecaba"
"41","Margaritopsis cymuligera",1228282941,-22,-42.5,"gass84","90c853e6-56bd-480b-8e8f-6285c3f8d42b","7b8aff00-a9f8-11d8-944b-b8a03c50a862","none","3b84ff5b-79ce-427c-acb7-b4004e160f66","US","DWC_ARCHIVE","2018-11-22T21:35:47.039+0000","2018-11-22T21:35:47.098+0000",97,"none","PRESERVED_SPECIMEN",9786542,6,7707728,220,412,8798,9813859,5596791,5596791,"Eumachia cymuligera (Müll.Arg.) C.M.Taylor & Razafim.","Margaritopsis cymuligera (Müll.Arg.) C.M.Taylor","Plantae","Tracheophyta","Gentianales","Rubiaceae","Margaritopsis","Margaritopsis cymuligera","Eumachia","cymuligera","SPECIES","SYNONYM","2017-01-01T00:00:00","Rio de Janeiro",1932,11,20,"1932-11-20T00:00:00","","2018-12-07T20:10:04.950+0000","http://creativecommons.org/publicdomain/zero/1.0/legalcode","none","none","none","WGS84","Magnoliopsida","BR","Brazil","The Field Museum of Natural History","5d21a0aa-3809-4232-af97-3fb12cd0c5cd","12057","Rapid Reference Collection","","","Botany",1228282941,"5d21a0aa-3809-4232-af97-3fb12cd0c5cd","PhysicalObject","A. C. Brade","V0355438F","","F","","RRC ID Flag","en","F",NA,"",NA,"SOUTH_AMERICA","","ICBN","",NA,"","Botany",NA,"","F","",NA,"",NA,"South America, Brazil, Rio de Janeiro, Sudeste",399090,"seeds-20-nov-2018","http://fieldmuseum.org/about/copyright-information","Plantae Spermatophyta Dicotyledoneae Rubiaceae",NA,"","","","","",12057,"","","","Rio de Janeiro","brazil",NA,"",NA,NA,NA,"","","Rio de Janeiro",-42.66307908,-22.19581555,"Rio de Janeiro","rj",-22,-42.5,"original coordinates","original coordinates outside municipality original in  falls in duas barras"
"42","Margaritopsis cymuligera",1228400379,-10.8339,-52.8731,"gass84","90c853e6-56bd-480b-8e8f-6285c3f8d42b","7b8aff00-a9f8-11d8-944b-b8a03c50a862","none","3b84ff5b-79ce-427c-acb7-b4004e160f66","US","DWC_ARCHIVE","2018-11-22T21:38:21.914+0000","2018-11-22T21:38:21.921+0000",97,"none","PRESERVED_SPECIMEN",2910815,6,7707728,220,412,8798,9813859,5596791,5596791,"Mapouria xanthophylloides Müll.Arg.","Margaritopsis cymuligera (Müll.Arg.) C.M.Taylor","Plantae","Tracheophyta","Gentianales","Rubiaceae","Margaritopsis","Margaritopsis cymuligera","Mapouria","xanthophylloides","SPECIES","SYNONYM","none","",1835,NA,NA,"1835-01-01T00:00:00","","2018-12-07T20:11:14.142+0000","http://creativecommons.org/publicdomain/zero/1.0/legalcode","none","none","none","WGS84","Magnoliopsida","BR","Brazil","The Field Museum of Natural History","d9c6c0ec-8562-4f58-9425-75389e2a001a","607","vTypes","","","Botany",1228400379,"d9c6c0ec-8562-4f58-9425-75389e2a001a","PhysicalObject","C. Gaudichaud-Beaupré","V0069768F","","F","","","en","F",NA,"",NA,"SOUTH_AMERICA","","ICBN","",NA,"","Botany",NA,"","F","",NA,"",NA,"South America, BRAZIL",347061,"seeds-20-nov-2018","http://fieldmuseum.org/about/copyright-information","Plantae Spermatophyta Dicotyledoneae Rubiaceae",NA,"","","","","",NA,"ISOTYPE","","","","brazil",NA,"",NA,NA,NA,"","","",NA,NA,NA,"",-10.8339,-52.8731,"original coordinates","original coordinates outside municipality original in  falls in sao jose do xingu"
"43","Margaritopsis cymuligera",1144727819,-22.48222,-42.9125,"gass84,rdativ","f577c9f3-ae71-4278-b6bf-512ba1dfaa21","43a26bbf-466a-4335-96cc-01d0656c614a","none","6040a0d6-f762-11e1-a439-00145eb45e9a","CH","BIOCASE","2018-12-11T23:20:58.224+0000","2016-02-24T13:17:41.932+0000",43,"none","PRESERVED_SPECIMEN",5596791,6,7707728,220,412,8798,9813859,5596791,5596791,"Margaritopsis cymuligera (Müll.Arg.) C.M.Taylor","Margaritopsis cymuligera (Müll.Arg.) C.M.Taylor","Plantae","Tracheophyta","Gentianales","Rubiaceae","Margaritopsis","Margaritopsis cymuligera","Margaritopsis","cymuligera","SPECIES","ACCEPTED","none","",NA,NA,NA,"none","","2018-12-06T21:55:13.415+0000","http://creativecommons.org/licenses/by-nc/4.0/legalcode","none","none","none","WGS84","Magnoliopsida","BR","Brazil","","","","","","Rio de Janeiro - Ri de Janeiro/Estado do Rio de Janeiro","Geneva Herbarium – General Collection (G)",1144727819,"","","Gaudichaud-Beaupré, C. (Coll. De Candolle)","G-G-359797/1","","G","","Taylor, C. M. (2010)","","",NA,"",NA,"","","","",NA,"","",NA,"","","",NA,"",NA,"",NA,"","","",NA,"","","","","",NA,"SYNTYPE","Mapouria sphaerocarpa Müll. Arg.","","","brazil",NA,"",NA,NA,NA,"","","",NA,NA,NA,"",-22.48222,-42.9125,"original coordinates","original coordinates outside municipality original in  falls in cachoeiras de macacu"
"44","Margaritopsis cymuligera",1930488852,-14.771874,-39.227366,"cdround,rdativ","d415c253-4d61-4459-9d25-4015b9084fb0","ae447c50-b8a8-11d8-92a4-b8a03c50a862","none","17017c2c-036b-45d9-b045-606d21b00771","US","DWC_ARCHIVE","2018-11-18T15:59:24.938+0000","2018-11-18T15:59:25.178+0000",96,"none","PRESERVED_SPECIMEN",2910811,6,7707728,220,412,8798,9813859,5596791,5596791,"Psychotria xanthophylloides (Müll.Arg.) Standl.","Margaritopsis cymuligera (Müll.Arg.) C.M.Taylor","Plantae","Tracheophyta","Gentianales","Rubiaceae","Margaritopsis","Margaritopsis cymuligera","Psychotria","xanthophylloides","SPECIES","SYNONYM","none","Bahia",NA,NA,NA,"none","","2018-12-10T02:02:07.520+0000","http://creativecommons.org/publicdomain/zero/1.0/legalcode","none","none","none","WGS84","Magnoliopsida","BR","Brazil","The New York Botanical Garden","c07c312c-c3df-46da-af88-e49f0f0c7cca","6035","Vascular plants","","Reserva Florestal Pau Brasil do CEPEC: coastal forest: dry no rain in 2 mon.","NY",1930488852,"c07c312c-c3df-46da-af88-e49f0f0c7cca","PhysicalObject","W. W. Thomas","1017483","","NY","","C. M. Taylor","en","",0,"",NA,"SOUTH_AMERICA","","ICN","Porto Seguro",NA,"","http://biocol.org/urn:lsid:biocol.org:col:15556",0,"http://sweetgum.nybg.org/science/vh/specimen_details.php?irn=473146","http://biocol.org/urn:lsid:biocol.org:col:15556","",0,"",0,"",NA,"","","",2320.07,"Lowland rain forest suffering from two month drought.","","Georeferencing Quick Reference Guide, Version 2012","Google Maps (map data 2014), Manis Georef. Calculator","2014-01-21",NA,"","","","Bahia","brazil",NA,"",NA,NA,NA,"","","Bahia",-41.72018023,-12.47295682,"Bahia","ba",-14.771874,-39.227366,"original coordinates","original coordinates outside municipality original in  falls in ilheus"
"45","Margaritopsis cymuligera",1929449125,-15.38,-39.069442,"gass84,rdativ","d415c253-4d61-4459-9d25-4015b9084fb0","ae447c50-b8a8-11d8-92a4-b8a03c50a862","none","17017c2c-036b-45d9-b045-606d21b00771","US","DWC_ARCHIVE","2018-11-18T15:23:05.139+0000","2018-11-18T15:23:05.165+0000",96,"none","PRESERVED_SPECIMEN",2910811,6,7707728,220,412,8798,9813859,5596791,5596791,"Psychotria xanthophylloides (Müll.Arg.) Standl.","Margaritopsis cymuligera (Müll.Arg.) C.M.Taylor","Plantae","Tracheophyta","Gentianales","Rubiaceae","Margaritopsis","Margaritopsis cymuligera","Psychotria","xanthophylloides","SPECIES","SYNONYM","none","Bahia",NA,NA,NA,"none","","2018-12-10T17:09:37.234+0000","http://creativecommons.org/publicdomain/zero/1.0/legalcode","none","none","none","WGS84","Magnoliopsida","BR","Brazil","The New York Botanical Garden","7700ac2d-a791-47da-8f9d-8867d6131289","6017","Vascular plants","","4 km N of Comandatuba, ca. 10 km S of Una","NY",1929449125,"7700ac2d-a791-47da-8f9d-8867d6131289","PhysicalObject","W. W. Thomas","1017482","","NY","Site: R","C. M. Taylor","en","",0,"",NA,"SOUTH_AMERICA","","ICN","Una",NA,"","http://biocol.org/urn:lsid:biocol.org:col:15556",0,"http://sweetgum.nybg.org/science/vh/specimen_details.php?irn=473149","http://biocol.org/urn:lsid:biocol.org:col:15556","",0,"",0,"",NA,"","","",NA,"Restinga forest and adjacent open restinga with Curatella americana and Byrsonima sp.","","","","",NA,"","","","Bahia","brazil",NA,"",NA,NA,NA,"","","Bahia",-41.72018023,-12.47295682,"Bahia","ba",-15.38,-39.069442,"original coordinates","original coordinates outside municipality original in  falls in santa luzia"
