"","name","key","decimalLatitude","decimalLongitude","issues","datasetKey","publishingOrgKey","networkKeys","installationKey","publishingCountry","protocol","lastCrawled","lastParsed","crawlId","extensions","basisOfRecord","taxonKey","kingdomKey","phylumKey","classKey","orderKey","familyKey","genusKey","speciesKey","acceptedTaxonKey","scientificName","acceptedScientificName","kingdom","phylum","order","family","genus","species","genericName","specificEpithet","taxonRank","taxonomicStatus","dateIdentified","stateProvince.original","year","month","day","eventDate","lastInterpreted","license","identifiers","facts","relations","geodeticDatum","class","countryCode","country.original","rightsHolder","identifier","recordNumber","datasetName","municipality.original","locality","collectionCode","gbifID","occurrenceID","type","recordedBy","catalogNumber","otherCatalogNumbers","institutionCode","occurrenceRemarks","identifiedBy","modified","elevation","language","ownerInstitutionCode","elevationAccuracy","continent","fieldNotes","references","institutionID","nomenclaturalCode","verbatimEventDate","endDayOfYear","county","preparations","startDayOfYear","verbatimElevation","collectionID","coordinateUncertaintyInMeters","habitat","georeferenceProtocol","georeferenceSources","nomenclaturalStatus","taxonID","bibliographicCitation","individualCount","higherGeography","fieldNumber","organismID","datasetID","accessRights","higherClassification","infraspecificEpithet","typeStatus","typifiedName","georeferencedDate","municipality","stateProvince","country","FID","NOME","GEOCODIGO","POINT_X","POINT_Y","NOMEUF","SIGLAUF","estados_shp","x_estado","y_estado","nome","sigla","new_Lat","new_Lon","notes","comments"
"1","Aspidosperma pyricollum",1840911698,-22.926944,-42.456389,"cdround,gass84","4300f8d5-1ae5-49e5-a101-63894b005868","838537fc-4aeb-4980-8b58-97fbdcd1d91a","none","da7fe11a-b42c-46cb-9e9d-02243edb738a","BR","DWC_ARCHIVE","2018-10-02T15:37:22.497+0000","2018-09-24T19:59:03.671+0000",207,"none","PRESERVED_SPECIMEN",7316886,6,7707728,220,412,6701,7316607,7316886,7316886,"Aspidosperma pyricollum Müll.Arg.","Aspidosperma pyricollum Müll.Arg.","Plantae","Tracheophyta","Gentianales","Apocynaceae","Aspidosperma","Aspidosperma pyricollum","Aspidosperma","pyricollum","SPECIES","ACCEPTED","none","Rio de Janeiro",2018,3,21,"2018-03-21T00:00:00","2018-12-08T19:50:28.297+0000","http://creativecommons.org/licenses/by/4.0/legalcode","none","none","none","WGS84","Magnoliopsida","BR","Brazil","Rio de Janeiro Botanical Garden","urn:catalog:JBRJ:RB:1385310","1524","RB - Rio de Janeiro Botanical Garden Herbarium Collection","Saquarema","Antiga Reserva Ecológica de Jacarepiá (""Vilatur). Parque Estadual da Costa do Sol","RB",1840911698,"urn:catalog:JBRJ:RB:1385310","PhysicalObject","C. Baez; E. Fernandez, T. Lima, R. Gomes","RB01385310","RB 762899","JBRJ","Árvore matriz nº 238; CAP 52 cm; Folhas marcadamente discolores. Frutos verdes com máculas alvacentas.","C. Baez","",NA,"","",NA,"","","","","","",NA,"","",NA,"","",NA,"","","","",NA,"",NA,"",NA,NA,"","","","","","","","Saquarema","Rio de Janeiro","brazil",1376,"Saquarema",3305505,-42.518393,-22.878506,"RIO DE JANEIRO","RJ","Rio de Janeiro",-42.66307908,-22.19581555,"Rio de Janeiro","rj",-22.926944,-42.456389,"original coordinates","original coordinates OK"
"2","Aspidosperma pyricollum",1840911665,-22.926389,-42.455833,"cdround,gass84","4300f8d5-1ae5-49e5-a101-63894b005868","838537fc-4aeb-4980-8b58-97fbdcd1d91a","none","da7fe11a-b42c-46cb-9e9d-02243edb738a","BR","DWC_ARCHIVE","2018-10-02T15:37:22.506+0000","2018-09-24T19:59:03.587+0000",207,"none","PRESERVED_SPECIMEN",7316886,6,7707728,220,412,6701,7316607,7316886,7316886,"Aspidosperma pyricollum Müll.Arg.","Aspidosperma pyricollum Müll.Arg.","Plantae","Tracheophyta","Gentianales","Apocynaceae","Aspidosperma","Aspidosperma pyricollum","Aspidosperma","pyricollum","SPECIES","ACCEPTED","none","Rio de Janeiro",2018,3,21,"2018-03-21T00:00:00","2018-12-08T19:50:28.305+0000","http://creativecommons.org/licenses/by/4.0/legalcode","none","none","none","WGS84","Magnoliopsida","BR","Brazil","Rio de Janeiro Botanical Garden","urn:catalog:JBRJ:RB:1385308","1522","RB - Rio de Janeiro Botanical Garden Herbarium Collection","Saquarema","Antiga Reserva Ecológica de Jacarepiá (""Vilatur). Parque Estadual da Costa do Sol","RB",1840911665,"urn:catalog:JBRJ:RB:1385308","PhysicalObject","C. Baez; E. Fernandez, T. Lima, R. Gomes","RB01385308","RB 762897","JBRJ","Árvore matriz nº 234; CAP 57+40+43 cm; Folhas marcadamente discolores. Frutos verdes com máculas alvacentas.","C. Baez","2018-04-27T11:58:14.629+0000",NA,"","",NA,"","","","","","",NA,"","",NA,"","",NA,"","","","",NA,"",NA,"",NA,NA,"","","","","","","","Saquarema","Rio de Janeiro","brazil",1376,"Saquarema",3305505,-42.518393,-22.878506,"RIO DE JANEIRO","RJ","Rio de Janeiro",-42.66307908,-22.19581555,"Rio de Janeiro","rj",-22.926389,-42.455833,"original coordinates","original coordinates OK"
"3","Aspidosperma pyricollum",1840911672,-22.925278,-42.440555,"cdround,gass84","4300f8d5-1ae5-49e5-a101-63894b005868","838537fc-4aeb-4980-8b58-97fbdcd1d91a","none","da7fe11a-b42c-46cb-9e9d-02243edb738a","BR","DWC_ARCHIVE","2018-10-02T15:37:22.486+0000","2018-09-24T19:59:03.558+0000",207,"none","PRESERVED_SPECIMEN",7316886,6,7707728,220,412,6701,7316607,7316886,7316886,"Aspidosperma pyricollum Müll.Arg.","Aspidosperma pyricollum Müll.Arg.","Plantae","Tracheophyta","Gentianales","Apocynaceae","Aspidosperma","Aspidosperma pyricollum","Aspidosperma","pyricollum","SPECIES","ACCEPTED","none","Rio de Janeiro",2018,3,20,"2018-03-20T00:00:00","2018-12-08T19:50:28.264+0000","http://creativecommons.org/licenses/by/4.0/legalcode","none","none","none","WGS84","Magnoliopsida","BR","Brazil","Rio de Janeiro Botanical Garden","urn:catalog:JBRJ:RB:1385275","1489","RB - Rio de Janeiro Botanical Garden Herbarium Collection","Saquarema","Antiga Reserva Ecológica de Jacarepiá (""Vilatur). Parque Estadual da Costa do Sol","RB",1840911672,"urn:catalog:JBRJ:RB:1385275","PhysicalObject","C. Baez; E. Fernandez, T. Lima, R. Gomes","RB01385275","RB 762864","JBRJ","Árvore matriz nº 220; CAP 67 cm; Folhas verdes discolores. Frutos verdes com máculas alvas-pardacentas.","C. Baez","2018-04-27T11:58:14.063+0000",NA,"","",NA,"","","","","","",NA,"","",NA,"","",NA,"","","","",NA,"",NA,"",NA,NA,"","","","","","","","Saquarema","Rio de Janeiro","brazil",1376,"Saquarema",3305505,-42.518393,-22.878506,"RIO DE JANEIRO","RJ","Rio de Janeiro",-42.66307908,-22.19581555,"Rio de Janeiro","rj",-22.925278,-42.440555,"original coordinates","original coordinates OK"
"4","Aspidosperma pyricollum",1840911676,-22.923611,-42.32,"cdround,gass84","4300f8d5-1ae5-49e5-a101-63894b005868","838537fc-4aeb-4980-8b58-97fbdcd1d91a","none","da7fe11a-b42c-46cb-9e9d-02243edb738a","BR","DWC_ARCHIVE","2018-10-02T15:37:22.499+0000","2018-09-24T19:59:03.603+0000",207,"none","PRESERVED_SPECIMEN",7316886,6,7707728,220,412,6701,7316607,7316886,7316886,"Aspidosperma pyricollum Müll.Arg.","Aspidosperma pyricollum Müll.Arg.","Plantae","Tracheophyta","Gentianales","Apocynaceae","Aspidosperma","Aspidosperma pyricollum","Aspidosperma","pyricollum","SPECIES","ACCEPTED","none","Rio de Janeiro",2018,3,21,"2018-03-21T00:00:00","2018-12-08T19:50:28.373+0000","http://creativecommons.org/licenses/by/4.0/legalcode","none","none","none","WGS84","Magnoliopsida","BR","Brazil","Rio de Janeiro Botanical Garden","urn:catalog:JBRJ:RB:1385282","1496","RB - Rio de Janeiro Botanical Garden Herbarium Collection","Araruama","Distrito de Praia Seca. Restinga da trilha interpretativa atrás da sub-sede do Parque Estadual da Costa do Sol. Parque Estadual da Costa do Sol","RB",1840911676,"urn:catalog:JBRJ:RB:1385282","PhysicalObject","C. Baez; E. Fernandez, T. Lima, R. Gomes","RB01385282","RB 762871","JBRJ","Árvore matriz nº 226; CAP 90 cm. Folhas discolores. Frutos verdes pardacentos com máculas creme.","C. Baez","2018-04-27T11:58:14.347+0000",NA,"","",NA,"","","","","","",NA,"","",NA,"","",NA,"","","","",NA,"",NA,"",NA,NA,"","","","","","","","Araruama","Rio de Janeiro","brazil",1427,"Araruama",3300209,-42.296121,-22.756538,"RIO DE JANEIRO","RJ","Rio de Janeiro",-42.66307908,-22.19581555,"Rio de Janeiro","rj",-22.923611,-42.32,"original coordinates","original coordinates OK"
"5","Aspidosperma pyricollum",1840911660,-22.926111,-42.453611,"cdround,gass84","4300f8d5-1ae5-49e5-a101-63894b005868","838537fc-4aeb-4980-8b58-97fbdcd1d91a","none","da7fe11a-b42c-46cb-9e9d-02243edb738a","BR","DWC_ARCHIVE","2018-10-02T15:37:22.455+0000","2018-09-24T19:59:03.632+0000",207,"none","PRESERVED_SPECIMEN",7316886,6,7707728,220,412,6701,7316607,7316886,7316886,"Aspidosperma pyricollum Müll.Arg.","Aspidosperma pyricollum Müll.Arg.","Plantae","Tracheophyta","Gentianales","Apocynaceae","Aspidosperma","Aspidosperma pyricollum","Aspidosperma","pyricollum","SPECIES","ACCEPTED","2018-04-18T00:00:00","Rio de Janeiro",2018,3,20,"2018-03-20T00:00:00","2018-12-08T19:50:28.331+0000","http://creativecommons.org/licenses/by/4.0/legalcode","none","none","none","WGS84","Magnoliopsida","BR","Brazil","Rio de Janeiro Botanical Garden","urn:catalog:JBRJ:RB:1385255","1469","RB - Rio de Janeiro Botanical Garden Herbarium Collection","Saquarema","Antiga Reserva Ecológica de Jacarepiá (""Vilatur). Parque Estadual da Costa do Sol","RB",1840911660,"urn:catalog:JBRJ:RB:1385255","PhysicalObject","C. Baez; E. Fernandez, T. Lima, R. Gomes","RB01385255","RB 762844","JBRJ","Árvore matriz nº 186; CAP 68+57+53 cm; Folhas verdes discolres. Frutos verdes com máculas alvas-pardacentas.","C. Baez","2018-05-14T16:11:38.490+0000",NA,"","",NA,"","","","","","",NA,"","",NA,"","",NA,"","","","",NA,"",NA,"",NA,NA,"","","","","","","","Saquarema","Rio de Janeiro","brazil",1376,"Saquarema",3305505,-42.518393,-22.878506,"RIO DE JANEIRO","RJ","Rio de Janeiro",-42.66307908,-22.19581555,"Rio de Janeiro","rj",-22.926111,-42.453611,"original coordinates","original coordinates OK"
"6","Aspidosperma pyricollum",1423900128,-22.931667,-42.601944,"cdround,gass84","4300f8d5-1ae5-49e5-a101-63894b005868","838537fc-4aeb-4980-8b58-97fbdcd1d91a","none","da7fe11a-b42c-46cb-9e9d-02243edb738a","BR","DWC_ARCHIVE","2018-10-02T15:34:37.445+0000","2018-09-24T19:57:48.686+0000",207,"none","PRESERVED_SPECIMEN",7316886,6,7707728,220,412,6701,7316607,7316886,7316886,"Aspidosperma pyricollum Müll.Arg.","Aspidosperma pyricollum Müll.Arg.","Plantae","Tracheophyta","Gentianales","Apocynaceae","Aspidosperma","Aspidosperma pyricollum","Aspidosperma","pyricollum","SPECIES","ACCEPTED","2016-05-31T00:00:00","Rio de Janeiro",2016,1,9,"2016-01-09T00:00:00","2018-12-06T16:55:19.241+0000","http://creativecommons.org/licenses/by/4.0/legalcode","none","none","none","WGS84","Magnoliopsida","BR","Brazil","Rio de Janeiro Botanical Garden","urn:catalog:JBRJ:RB:1067024","209","RB - Rio de Janeiro Botanical Garden Herbarium Collection","Saquarema","Jaconé. Crescendo na borda lesta da ARIE Formigueiro do Litoral.","RB",1423900128,"urn:catalog:JBRJ:RB:1067024","PhysicalObject","Carlos D. M. Ferreira; T.B.S.Patusco","RB01067024","RB 639645","JBRJ","Arvore 7m. Corola amarela. Cálice verde claro. Folhas lustrosas na face adaxial. Latescente, latex de coloração branco e de consistencia viscosa.","A.C.D.CASTELLO","2016-06-15T10:46:58.495+0000",NA,"","",NA,"","","","","","",NA,"","",NA,"","",NA,"","","","",NA,"",NA,"",NA,NA,"","","","","","","","Saquarema","Rio de Janeiro","brazil",1376,"Saquarema",3305505,-42.518393,-22.878506,"RIO DE JANEIRO","RJ","Rio de Janeiro",-42.66307908,-22.19581555,"Rio de Janeiro","rj",-22.931667,-42.601944,"original coordinates","original coordinates OK"
"7","Aspidosperma pyricollum",1423899359,-22.991389,-43.242778,"cdround,gass84","4300f8d5-1ae5-49e5-a101-63894b005868","838537fc-4aeb-4980-8b58-97fbdcd1d91a","none","da7fe11a-b42c-46cb-9e9d-02243edb738a","BR","DWC_ARCHIVE","2018-10-02T15:34:35.716+0000","2018-09-24T19:57:48.307+0000",207,"none","PRESERVED_SPECIMEN",7316886,6,7707728,220,412,6701,7316607,7316886,7316886,"Aspidosperma pyricollum Müll.Arg.","Aspidosperma pyricollum Müll.Arg.","Plantae","Tracheophyta","Gentianales","Apocynaceae","Aspidosperma","Aspidosperma pyricollum","Aspidosperma","pyricollum","SPECIES","ACCEPTED","none","Rio de Janeiro",2015,11,20,"2015-11-20T00:00:00","2018-12-06T16:55:18.683+0000","http://creativecommons.org/licenses/by/4.0/legalcode","none","none","none","WGS84","Magnoliopsida","BR","Brazil","Rio de Janeiro Botanical Garden","urn:catalog:JBRJ:RB:1057555","298","RB - Rio de Janeiro Botanical Garden Herbarium Collection","Rio de Janeiro","Morro Dois Irmãos, Irmão Maior. Trilha Vidigal - Cume do irmão Maior (Morro Dois irmãos). Afloramento rochoso durante a trilha.","RB",1423899359,"urn:catalog:JBRJ:RB:1057555","PhysicalObject","C. Baez; T. Lima, J. Floriano, F. Silva, V. Bonduki","RB01057555","RB 638863","JBRJ","Terrícola/rupícola heliófila. Folhas marcadamente discolores. Pecíolos verdes-amarelados. Pedicelo verde, cálice verde. Corola pentâmera alva. Frutos secos deiscentes castanhos.","A.C.D.CASTELLO","2017-10-15T10:54:37.769+0000",491,"","",NA,"","","","","","",NA,"","",NA,"","",NA,"","","","",NA,"",NA,"",NA,NA,"","","","","","","","Rio de Janeiro","Rio de Janeiro","brazil",1360,"Rio de Janeiro",3304557,-43.45231,-22.924471,"RIO DE JANEIRO","RJ","Rio de Janeiro",-42.66307908,-22.19581555,"Rio de Janeiro","rj",-22.991389,-43.242778,"original coordinates","original coordinates OK"
"8","Aspidosperma pyricollum",1275056466,-14.593103,-42.508867,"gass84,iddatunl","a0cb1f6e-5766-4cc5-a8a0-cfc6a22c5c3d","81114709-2a6c-4e0b-908b-cb207a8708c2","none","b38ff2b7-c8af-454e-b5af-ee760f0d5bca","BR","DWC_ARCHIVE","2018-11-23T18:21:11.617+0000","2018-11-23T18:21:11.677+0000",125,"none","PRESERVED_SPECIMEN",7316886,6,7707728,220,412,6701,7316607,7316886,7316886,"Aspidosperma pyricollum Müll.Arg.","Aspidosperma pyricollum Müll.Arg.","Plantae","Tracheophyta","Gentianales","Apocynaceae","Aspidosperma","Aspidosperma pyricollum","Aspidosperma","pyricollum","SPECIES","ACCEPTED","2015-05-01T00:00:00","Bahia",2014,4,22,"2014-04-22T00:00:00","2018-11-23T18:22:06.119+0000","http://creativecommons.org/licenses/by-nc/4.0/legalcode","none","none","none","WGS84","Magnoliopsida","BR","Brazil","MAC - Herbário do Instituto do Meio Ambiente do Estado de Alagoas","BRA:IMA:MAC:0000056937","s.n.","MAC - Herbário do Instituto do Meio Ambiente do Estado de Alagoas","Caetité","Província Uranífera de Lagoa Real.","MAC",1275056466,"BRA:IMA:MAC:0000056937","Collection","M.M.Lima","56937","","IMA","Arbórea.; Caatinga.","J.W.Alves-Silva","",NA,"pt","Instituto do Meio Ambiente do Estado de Alagoas, IMA",NA,"","","","","","",NA,"","",NA,"","",NA,"","","","",NA,"",NA,"",NA,NA,"","","","","","","","Caetité","Bahia","brazil",3351,"Caetité",2905206,-42.492478,-13.971521,"BAHIA","BA","Bahia",-41.72018023,-12.47295682,"Bahia","ba",-14.593103,-42.508867,"original coordinates","original coordinates outside municipality original in caetite falls in licinio de almeida"
"9","Aspidosperma pyricollum",1585200810,-25.1377,-48.8215,"gass84","767bddaa-9e6a-4eb1-bd12-f94a2b39a7d6","f6e2efc9-42a3-47ea-99c6-3eda8d653cc9","none","b38ff2b7-c8af-454e-b5af-ee760f0d5bca","BR","DWC_ARCHIVE","2018-11-24T12:35:22.537+0000","2018-04-05T12:08:12.186+0000",123,"none","PRESERVED_SPECIMEN",7316886,6,7707728,220,412,6701,7316607,7316886,7316886,"Aspidosperma pyricollum Müll.Arg.","Aspidosperma pyricollum Müll.Arg.","Plantae","Tracheophyta","Gentianales","Apocynaceae","Aspidosperma","Aspidosperma pyricollum","Aspidosperma","pyricollum","SPECIES","ACCEPTED","2014-08-27T00:00:00","Paraná",2014,5,29,"2014-05-29T00:00:00","2018-12-07T01:13:52.145+0000","http://creativecommons.org/licenses/by-nc/4.0/legalcode","none","none","none","WGS84","Magnoliopsida","BR","Brazil","EFC - Herbário Escola de Florestas Curitiba","BRA:UFPR:EFC:0000013730","110","EFC - Herbário Escola de Florestas Curitiba","Campina Grande do Sul","Morro Capivari Grande","EFC",1585200810,"BRA:UFPR:EFC:0000013730","Collection","Ribeiro, C.L. Vieira, R.S.","13730","","Universidade Federal do Paraná, UFPR","__COMMOM_NAME__: Guatanbu","Ribeiro, C.L.","2018-03-23T20:51:26.000+0000",NA,"pt","Universidade Federal do Paraná, UFPR",NA,"","","","","","",NA,"","",NA,"","",NA,"","","","",NA,"",NA,"",NA,NA,"","","","","","","","Campina Grande do Sul","Paraná","brazil",908,"Campina Grande do Sul",4104006,-48.844923,-25.186765,"PARANA","PR","Paraná",-51.61693027,-24.63581955,"Paraná","pr",-25.1377,-48.8215,"original coordinates","original coordinates outside municipality original in campina grande do sul falls in antonina"
"10","Aspidosperma pyricollum",1585202632,-25.4424,-49.2363,"gass84","767bddaa-9e6a-4eb1-bd12-f94a2b39a7d6","f6e2efc9-42a3-47ea-99c6-3eda8d653cc9","none","b38ff2b7-c8af-454e-b5af-ee760f0d5bca","BR","DWC_ARCHIVE","2018-11-24T12:35:23.919+0000","2018-11-24T12:35:23.923+0000",123,"none","PRESERVED_SPECIMEN",7316886,6,7707728,220,412,6701,7316607,7316886,7316886,"Aspidosperma pyricollum Müll.Arg.","Aspidosperma pyricollum Müll.Arg.","Plantae","Tracheophyta","Gentianales","Apocynaceae","Aspidosperma","Aspidosperma pyricollum","Aspidosperma","pyricollum","SPECIES","ACCEPTED","2014-11-19T00:00:00","Paraná",2014,9,17,"2014-09-17T00:00:00","2018-12-07T01:13:53.624+0000","http://creativecommons.org/licenses/by-nc/4.0/legalcode","none","none","none","WGS84","Magnoliopsida","BR","Brazil","EFC - Herbário Escola de Florestas Curitiba","BRA:UFPR:EFC:0000015611","8625","EFC - Herbário Escola de Florestas Curitiba","Curitiba","Jardim Botânico Municipal","EFC",1585202632,"BRA:UFPR:EFC:0000015611","Collection","Silva, J.M.","15611","","Universidade Federal do Paraná, UFPR","Árvore 6m, flor creme. Cultivada","Barboza, E.","2018-11-19T18:52:13.000+0000",932,"pt","Universidade Federal do Paraná, UFPR",0,"","","","","","",NA,"","",NA,"","",NA,"","","","",NA,"",NA,"",NA,NA,"","","","","","","","Curitiba","Paraná","brazil",875,"Curitiba",4106902,-49.288236,-25.478163,"PARANA","PR","Paraná",-51.61693027,-24.63581955,"Paraná","pr",-25.4424,-49.2363,"original coordinates","original coordinates OK"
"11","Aspidosperma pyricollum",1324595722,-25.441667,-49.238889,"gass84","dd31ac22-63d4-4bb4-a987-5eece5ffadb8","042a7696-696b-492b-ad3e-4076807eaeed","none","b38ff2b7-c8af-454e-b5af-ee760f0d5bca","BR","DWC_ARCHIVE","2018-11-24T12:32:12.981+0000","2018-11-24T12:32:12.998+0000",118,"none","PRESERVED_SPECIMEN",7316886,6,7707728,220,412,6701,7316607,7316886,7316886,"Aspidosperma pyricollum Müll.Arg.","Aspidosperma pyricollum Müll.Arg.","Plantae","Tracheophyta","Gentianales","Apocynaceae","Aspidosperma","Aspidosperma pyricollum","Aspidosperma","pyricollum","SPECIES","ACCEPTED","2014-11-19T00:00:00","Paraná",2014,9,17,"2014-09-17T00:00:00","2018-12-06T08:55:11.018+0000","http://creativecommons.org/licenses/by-nc/4.0/legalcode","none","none","none","WGS84","Magnoliopsida","BR","Brazil","HCF - Herbário da Universidade Tecnológica Federal do Paraná Campus Campo Mourão","BRA:UTFPR:HCF:0000020065","8625","HCF - Herbário da Universidade Tecnológica Federal do Paraná Campus Campo Mourão","Curitiba","Jardim Botânico Municipal","HCF",1324595722,"BRA:UTFPR:HCF:0000020065","Collection","J.M. Silva","20065","","Universidade Tecnológica Federal do Paraná (UTFPR)","árvore de 6 m de altura; flor creme. Cultivada.","E. Barboza","2018-10-30T17:58:22.000+0000",920,"pt","Universidade Tecnológica Federal do Paraná (UTFPR)",0,"","","","","","",NA,"","",NA,"","",NA,"","","","",NA,"",NA,"",NA,NA,"","","","","","","","Curitiba","Paraná","brazil",875,"Curitiba",4106902,-49.288236,-25.478163,"PARANA","PR","Paraná",-51.61693027,-24.63581955,"Paraná","pr",-25.441667,-49.238889,"original coordinates","original coordinates OK"
"12","Aspidosperma pyricollum",1077582398,-8.911944,-37.045833,"gass84","f45c5ee0-e5ec-42e3-a80a-07318144efa4","202d5f34-ff58-4ad7-964f-c947ce18078e","none","b38ff2b7-c8af-454e-b5af-ee760f0d5bca","BR","DWC_ARCHIVE","2018-11-23T15:41:08.852+0000","2018-08-03T12:05:13.225+0000",130,"none","PRESERVED_SPECIMEN",7316886,6,7707728,220,412,6701,7316607,7316886,7316886,"Aspidosperma pyricollum Müll.Arg.","Aspidosperma pyricollum Müll.Arg.","Plantae","Tracheophyta","Gentianales","Apocynaceae","Aspidosperma","Aspidosperma pyricollum","Aspidosperma","pyricollum","SPECIES","ACCEPTED","2013-11-18T00:00:00","Pernambuco",2013,11,18,"2013-11-18T00:00:00","2018-12-09T10:54:49.226+0000","http://creativecommons.org/licenses/by-nc/4.0/legalcode","none","none","none","WGS84","Magnoliopsida","BR","Brazil","IPA - Herbário - IPA Dárdano de Andrade Lima","BRA:IPA:IPA:0000089766","5715","IPA - Herbário - IPA Dárdano de Andrade Lima","Águas Belas","LT LZG-GAR, próximo a T 145-1.","IPA",1077582398,"BRA:IPA:IPA:0000089766","Collection","Oliveira, M.","89766","","IPA","","Oliveira, M.","2018-07-10T14:06:07.000+0000",NA,"pt","Empresa Pernambucana de Pesquisa Agropecuária, IPA",NA,"SOUTH_AMERICA","","","","","",NA,"","",NA,"","",NA,"","","","",NA,"",NA,"",NA,NA,"","","","","","","","Águas Belas","Pernambuco","brazil",4077,"Águas Belas",2600500,-37.038833,-9.087387,"PERNAMBUCO","PE","Pernambuco",-37.99303622,-8.3240949,"Pernambuco","pe",-8.911944,-37.045833,"original coordinates","original coordinates outside municipality original in aguas belas falls in buique"
"13","Aspidosperma pyricollum",1077374595,-27.724722,-48.532222,"gass84","121275a3-dcce-44f4-9868-37326e9f64ef","d254f613-d4dd-4553-9fe3-b9485ca28371","none","b38ff2b7-c8af-454e-b5af-ee760f0d5bca","BR","DWC_ARCHIVE","2018-11-23T15:40:29.195+0000","2018-10-24T15:38:53.201+0000",122,"none","PRESERVED_SPECIMEN",7316886,6,7707728,220,412,6701,7316607,7316886,7316886,"Aspidosperma pyricollum Müll.Arg.","Aspidosperma pyricollum Müll.Arg.","Plantae","Tracheophyta","Gentianales","Apocynaceae","Aspidosperma","Aspidosperma pyricollum","Aspidosperma","pyricollum","SPECIES","ACCEPTED","2013-11-11T00:00:00","Santa Catarina",2013,11,11,"2013-11-11T00:00:00","2018-12-06T14:17:45.423+0000","http://creativecommons.org/licenses/by-nc/4.0/legalcode","none","none","none","WGS84","Magnoliopsida","BR","Brazil","FLOR - Herbário do Departamento de Botânica da Universidade Federal de Santa Catarina","BRA:UFSC:FLOR:0000051098","","FLOR - Herbário do Departamento de Botânica da Universidade Federal de Santa Catarina","Florianópolis","Parque Municipal da Lagoa do Peri. Ilha de Santa Catarina.","FLOR",1077374595,"BRA:UFSC:FLOR:0000051098","Collection","Medeiros, J.D.","51098","","Universidade Federal de Santa Catarina (UFSC)","árvore, flor branca, pequena, Fruto Maduro, Marrom escuro, com sementes, 15m altura","Medeiros, J.D.","2018-10-01T14:24:54.000+0000",245,"pt","Universidade Federal de Santa Catarina (UFSC)",0,"","","","","","",NA,"","",NA,"","",NA,"","","","",NA,"",NA,"",NA,NA,"","","","","","","","Florianópolis","Santa Catarina","brazil",517,"Florianópolis",4205407,-48.489329,-27.585684,"SANTA CATARINA","SC","Santa Catarina",-50.48226937,-27.24592878,"Santa Catarina","sc",-27.724722,-48.532222,"original coordinates","original coordinates OK"
"14","Aspidosperma pyricollum",1077244336,-22.9675,-42.87,"gass84","5b5cf455-a448-4c0a-aecd-3e0956f27f10","afdd8e93-b4e3-491c-88f0-8a22834ac1a9","none","b38ff2b7-c8af-454e-b5af-ee760f0d5bca","BR","DWC_ARCHIVE","2018-12-03T14:13:48.662+0000","2018-12-03T16:16:08.500+0000",122,"none","PRESERVED_SPECIMEN",7316886,6,7707728,220,412,6701,7316607,7316886,7316886,"Aspidosperma pyricollum Müll.Arg.","Aspidosperma pyricollum Müll.Arg.","Plantae","Tracheophyta","Gentianales","Apocynaceae","Aspidosperma","Aspidosperma pyricollum","Aspidosperma","pyricollum","SPECIES","ACCEPTED","2012-11-01T00:00:00","Rio de Janeiro",2012,4,6,"2012-04-06T00:00:00","2018-12-06T14:16:40.188+0000","http://creativecommons.org/licenses/by-nc/4.0/legalcode","none","none","none","WGS84","Magnoliopsida","BR","Brazil","ALCB - Herbário Alexandre Leal Costa","BRA:UFBA:ALCB:0000108777","19574","ALCB - Herbário Alexandre Leal Costa","Rio de Janeiro","APA Restinga entre Itaipuaçu e Marica","ALCB",1077244336,"BRA:UFBA:ALCB:0000108777","Collection","Guedes, ML","108777","","Universidade Federal da Bahia (UFBA)","ca. 2 m alt. Frutos jovens.","Rodarte, ATA","2018-08-28T18:56:06.000+0000",NA,"pt","Universidade Federal da Bahia (UFBA)",NA,"SOUTH_AMERICA","","","","","",NA,"","",NA,"","",NA,"","","","",NA,"",NA,"",NA,NA,"","","","","","","","Rio de Janeiro","Rio de Janeiro","brazil",1360,"Rio de Janeiro",3304557,-43.45231,-22.924471,"RIO DE JANEIRO","RJ","Rio de Janeiro",-42.66307908,-22.19581555,"Rio de Janeiro","rj",-22.9675,-42.87,"original coordinates","original coordinates outside Brazil"
"15","Aspidosperma pyricollum",1424495580,-6.254444,-35.706944,"cdround,gass84","4300f8d5-1ae5-49e5-a101-63894b005868","838537fc-4aeb-4980-8b58-97fbdcd1d91a","none","da7fe11a-b42c-46cb-9e9d-02243edb738a","BR","DWC_ARCHIVE","2018-10-02T15:42:56.953+0000","2018-09-24T20:04:09.542+0000",207,"none","PRESERVED_SPECIMEN",7316886,6,7707728,220,412,6701,7316607,7316886,7316886,"Aspidosperma pyricollum Müll.Arg.","Aspidosperma pyricollum Müll.Arg.","Plantae","Tracheophyta","Gentianales","Apocynaceae","Aspidosperma","Aspidosperma pyricollum","Aspidosperma","pyricollum","SPECIES","ACCEPTED","2016-05-25T00:00:00","Rio Grande do Norte",2012,8,25,"2012-08-25T00:00:00","2018-12-06T17:00:59.590+0000","http://creativecommons.org/licenses/by/4.0/legalcode","none","none","none","WGS84","Magnoliopsida","BR","Brazil","Rio de Janeiro Botanical Garden","urn:catalog:JBRJ:RB:896906","6396","RB - Rio de Janeiro Botanical Garden Herbarium Collection","São José do Campestre","Entrada ca. 6km W da cidade. Haras Balanço ca. 1km da entrada. Serra oposta à Serra Cara branca.","RB",1424495580,"urn:catalog:JBRJ:RB:896906","PhysicalObject","J.G. Jardim; L.M. Versieux; E. Thomas; B. Colombo","RB00896906","RB 608721","JBRJ","Árvore ca. 5m alt. Folhas verdes, levemente discolores. Frutos imaturos verdes, sapicado em castanho","A.C.D.CASTELLO & A.L.SAUDELER","2017-10-19T21:29:55.017+0000",NA,"","",NA,"","Caatinga com Iselbergue com afloramento granítico","","","","",NA,"","",NA,"","",NA,"","","","",NA,"",NA,"",NA,NA,"","","","","","","","São José do Campestre","Rio Grande do Norte","brazil",4800,"São José do Campestre",2412302,-35.741841,-6.301231,"RIO GRANDE DO NORTE","RN","Rio Grande do Norte",-36.67312218,-5.83926444,"Rio Grande do Norte","rn",-6.254444,-35.706944,"original coordinates","original coordinates OK"
"16","Aspidosperma pyricollum",1089109446,-19.15201,-40.03891,"gass84","7741a517-ab3d-4b85-ae58-56322e44c8ce","d073b448-6b80-4364-8c38-18d08b88797f","none","b38ff2b7-c8af-454e-b5af-ee760f0d5bca","BR","DWC_ARCHIVE","2018-12-03T13:51:47.635+0000","2018-12-03T16:41:24.615+0000",122,"none","PRESERVED_SPECIMEN",7316886,6,7707728,220,412,6701,7316607,7316886,7316886,"Aspidosperma pyricollum Müll.Arg.","Aspidosperma pyricollum Müll.Arg.","Plantae","Tracheophyta","Gentianales","Apocynaceae","Aspidosperma","Aspidosperma pyricollum","Aspidosperma","pyricollum","SPECIES","ACCEPTED","2015-04-01T00:00:00","Espírito Santo",2011,4,15,"2011-04-15T00:00:00","2018-12-08T04:38:24.281+0000","http://creativecommons.org/licenses/by-nc/4.0/legalcode","none","none","none","WGS84","Magnoliopsida","BR","Brazil","UEC - Herbário da Universidade Estadual de Campinas","BRA:UNICAMP:UEC:0000173439","334","UEC - Herbário da Universidade Estadual de Campinas","Linhares","Reserva Natural Vale. Trilha do Flamengo, Km 4. Mussunga.","UEC",1089109446,"BRA:UNICAMP:UEC:0000173439","Collection","Morokawa, R.; Devecchi, M.F.; Martins, M.V.; Sabino, A.P.S.; Barreto, T.E.; et al.","173439","","UNICAMP","Árvore, ca 2m alt.Frutos imaturos castanhos. Presença de látex leitoso abundante.","Marcondes-Ferreira, W.","2018-11-21T16:17:28.000+0000",NA,"pt","Universidade Estadual de Campinas, UNICAMP",NA,"","","","","","",NA,"","",NA,"","",NA,"","","","",NA,"",NA,"",NA,NA,"","","","","","","","Linhares","Espírito Santo","brazil",2565,"Linhares",3203205,-40.028138,-19.38214,"ESPIRITO SANTO","ES","Espírito Santo",-40.6681057,-19.57475617,"Espírito Santo","es",-19.15201,-40.03891,"original coordinates","original coordinates OK"
"17","Aspidosperma pyricollum",1123823406,-18.184722,-40.677222,"gass84","9129ec89-afa7-45af-8b73-509f1f8942ab","667644b9-7b93-4892-80c7-c4271735c515","none","b38ff2b7-c8af-454e-b5af-ee760f0d5bca","BR","DWC_ARCHIVE","2018-10-11T11:54:53.420+0000","2017-12-15T16:34:47.729+0000",129,"none","PRESERVED_SPECIMEN",7316886,6,7707728,220,412,6701,7316607,7316886,7316886,"Aspidosperma pyricollum Müll.Arg.","Aspidosperma pyricollum Müll.Arg.","Plantae","Tracheophyta","Gentianales","Apocynaceae","Aspidosperma","Aspidosperma pyricollum","Aspidosperma","pyricollum","SPECIES","ACCEPTED","none","Espírito Santo",2010,3,11,"2010-03-11T00:00:00","2018-12-08T12:05:00.799+0000","http://creativecommons.org/licenses/by-nc/4.0/legalcode","none","none","none","WGS84","Magnoliopsida","BR","Brazil","MBML-Herbario - Herbário Mello Leitão","BRA:MBML:MBML-HERBARIO:0000040706","5791","MBML-Herbario - Herbário Mello Leitão","Ecoporanga","Estrada Ecoporanga - Ponto Belo a 4 km de Cotaxé. Inselberg à beira da estrada. Inselbergue","MBML-HERBARIO",1123823406,"BRA:MBML:MBML-HERBARIO:0000040706","Collection","R. C. Forzza; J. Silva, K.V. Hmeljeviski & D.P. Saraiva","40706","","MBML","Árvore ca 3m alt., frutos castanhos","A.C.D. Castello/Out.2016","2017-09-14T14:41:48.000+0000",192,"pt","Museu de Biologia Professor Mello Leitão, MBML",0,"","","","","","",NA,"","",NA,"","",NA,"","","","",NA,"",NA,"",NA,NA,"","","","","","","","Ecoporanga","Espírito Santo","brazil",2757,"Ecoporanga",3202108,-40.80736,-18.265129,"ESPIRITO SANTO","ES","Espírito Santo",-40.6681057,-19.57475617,"Espírito Santo","es",-18.184722,-40.677222,"original coordinates","original coordinates OK"
"18","Aspidosperma pyricollum",1424421775,-22.961944,-42.859167,"cdround,gass84","4300f8d5-1ae5-49e5-a101-63894b005868","838537fc-4aeb-4980-8b58-97fbdcd1d91a","none","da7fe11a-b42c-46cb-9e9d-02243edb738a","BR","DWC_ARCHIVE","2018-10-02T15:42:13.643+0000","2018-09-24T20:03:30.048+0000",207,"none","PRESERVED_SPECIMEN",7316886,6,7707728,220,412,6701,7316607,7316886,7316886,"Aspidosperma pyricollum Müll.Arg.","Aspidosperma pyricollum Müll.Arg.","Plantae","Tracheophyta","Gentianales","Apocynaceae","Aspidosperma","Aspidosperma pyricollum","Aspidosperma","pyricollum","SPECIES","ACCEPTED","2012-02-15T00:00:00","Rio de Janeiro",2010,5,17,"2010-05-17T00:00:00","2018-12-06T17:00:13.762+0000","http://creativecommons.org/licenses/by/4.0/legalcode","none","none","none","WGS84","Magnoliopsida","BR","Brazil","Rio de Janeiro Botanical Garden","urn:catalog:JBRJ:RB:722691","05","RB - Rio de Janeiro Botanical Garden Herbarium Collection","Maricá","Área de Proteção Ambiental da Restinga de Maricá.","RB",1424421775,"urn:catalog:JBRJ:RB:722691","PhysicalObject","B.H.G. Oliveira e  L.J.S Pinto","RB00722691","RB 554635","JBRJ","Arbusto cerca de 3,0m de altura, latescente, heliófilo, folhas membranáceas discolores verdes, frutos marrons com máculas alvas.","A. A. M. Barros","",NA,"","",NA,"","Restinga Aberta, cordão arenoso interno, vegetação arbustivo arbórea.","","","","",NA,"","",NA,"","",NA,"","","","",NA,"",NA,"",NA,NA,"","","","","","","","Maricá","Rio de Janeiro","brazil",1364,"Maricá",3302700,-42.817006,-22.91525,"RIO DE JANEIRO","RJ","Rio de Janeiro",-42.66307908,-22.19581555,"Rio de Janeiro","rj",-22.961944,-42.859167,"original coordinates","original coordinates OK"
"19","Aspidosperma pyricollum",1089108294,-22.5765,-47.5191,"gass84","7741a517-ab3d-4b85-ae58-56322e44c8ce","d073b448-6b80-4364-8c38-18d08b88797f","none","b38ff2b7-c8af-454e-b5af-ee760f0d5bca","BR","DWC_ARCHIVE","2018-12-03T13:51:46.962+0000","2018-12-03T16:41:24.219+0000",122,"none","PRESERVED_SPECIMEN",7316886,6,7707728,220,412,6701,7316607,7316886,7316886,"Aspidosperma pyricollum Müll.Arg.","Aspidosperma pyricollum Müll.Arg.","Plantae","Tracheophyta","Gentianales","Apocynaceae","Aspidosperma","Aspidosperma pyricollum","Aspidosperma","pyricollum","SPECIES","ACCEPTED","2015-05-01T00:00:00","São Paulo",2009,10,13,"2009-10-13T00:00:00","2018-12-08T04:38:23.803+0000","http://creativecommons.org/licenses/by-nc/4.0/legalcode","none","none","none","WGS84","Magnoliopsida","BR","Brazil","UEC - Herbário da Universidade Estadual de Campinas","BRA:UNICAMP:UEC:0000172158","173","UEC - Herbário da Universidade Estadual de Campinas","Iracemápolis","Reserva de abastecimento público.","UEC",1089108294,"BRA:UNICAMP:UEC:0000172158","Collection","Garcia, L.C.","172158","","UNICAMP","Árvore de 4m, botões amarelos, presença de látex.; Mata em processo de restauração desde 1987, Mata atlântica, floresta estacional semidecidual.","Marcondes-Ferreira, W.","2018-11-21T16:17:27.000+0000",608,"pt","Universidade Estadual de Campinas, UNICAMP",0,"","","","","","",NA,"","",NA,"","",NA,"","","","",NA,"",NA,"",NA,NA,"","","","","","","","Iracemápolis","São Paulo","brazil",1496,"Iracemápolis",3521408,-47.524087,-22.593467,"SAO PAULO","SP","São Paulo",-48.72944932,-22.26440593,"São Paulo","sp",-22.5765,-47.5191,"original coordinates","original coordinates OK"
"20","Aspidosperma pyricollum",1424293667,-23.146389,-42.443056,"cdround,gass84","4300f8d5-1ae5-49e5-a101-63894b005868","838537fc-4aeb-4980-8b58-97fbdcd1d91a","none","da7fe11a-b42c-46cb-9e9d-02243edb738a","BR","DWC_ARCHIVE","2018-10-02T15:40:56.221+0000","2018-09-24T20:02:11.282+0000",207,"none","PRESERVED_SPECIMEN",7316886,6,7707728,220,412,6701,7316607,7316886,7316886,"Aspidosperma pyricollum Müll.Arg.","Aspidosperma pyricollum Müll.Arg.","Plantae","Tracheophyta","Gentianales","Apocynaceae","Aspidosperma","Aspidosperma pyricollum","Aspidosperma","pyricollum","SPECIES","ACCEPTED","2016-05-31T00:00:00","Rio de Janeiro",2009,11,1,"2009-11-01T00:00:00","2018-12-06T16:58:57.564+0000","http://creativecommons.org/licenses/by/4.0/legalcode","none","none","none","WGS84","Magnoliopsida","BR","Brazil","Rio de Janeiro Botanical Garden","urn:catalog:JBRJ:RB:583032","111","RB - Rio de Janeiro Botanical Garden Herbarium Collection","Arraial do Cabo","Área de Proteção Ambiental de Massambaba. restinga arbustiva aberta.","RB",1424293667,"urn:catalog:JBRJ:RB:583032","PhysicalObject","D.A.Carvalho; R.D.Ribeiro, A.S.C.Sá, J.Caruso","RB00583032","RB 487536","JBRJ","Arbusto heliófilo com látex branco e botões florais não maduros verdes.","A.C.D.CASTELLO","2017-10-11T14:07:18.875+0000",NA,"","",NA,"","","","","","",NA,"","",NA,"","",NA,"","","","",NA,"",NA,"",NA,NA,"","","","","","","","Arraial do Cabo","Rio de Janeiro","brazil",1363,"Arraial do Cabo",3300258,-42.176807,-22.921723,"RIO DE JANEIRO","RJ","Rio de Janeiro",-42.66307908,-22.19581555,"Rio de Janeiro","rj",-23.146389,-42.443056,"original coordinates","original coordinates outside Brazil"
"21","Aspidosperma pyricollum",1424239432,-22.937222,-42.291389,"cdround,gass84","4300f8d5-1ae5-49e5-a101-63894b005868","838537fc-4aeb-4980-8b58-97fbdcd1d91a","none","da7fe11a-b42c-46cb-9e9d-02243edb738a","BR","DWC_ARCHIVE","2018-10-02T15:40:24.078+0000","2018-09-24T20:01:42.239+0000",207,"none","PRESERVED_SPECIMEN",7316886,6,7707728,220,412,6701,7316607,7316886,7316886,"Aspidosperma pyricollum Müll.Arg.","Aspidosperma pyricollum Müll.Arg.","Plantae","Tracheophyta","Gentianales","Apocynaceae","Aspidosperma","Aspidosperma pyricollum","Aspidosperma","pyricollum","SPECIES","ACCEPTED","2016-05-31T00:00:00","Rio de Janeiro",2008,3,8,"2008-03-08T00:00:00","2018-12-06T16:58:27.723+0000","http://creativecommons.org/licenses/by/4.0/legalcode","none","none","none","WGS84","Magnoliopsida","BR","Brazil","Rio de Janeiro Botanical Garden","urn:catalog:JBRJ:RB:522690","74","RB - Rio de Janeiro Botanical Garden Herbarium Collection","Araruama","Praia Seca, trilha interna na vegetação de restinga entre a praia e a Lagoa de Araruama.","RB",1424239432,"urn:catalog:JBRJ:RB:522690","PhysicalObject","A.C.S. Cavalcanti; T.Laurindo, F. Chaves","RB00522690","RB 464197","JBRJ","Árvore de até 2,5m com ramos amarronzados; folhas membranáceas verdes de faces discolores sendo a adaxial mais escura e brilhosa que a abaxial; frutos vagens verde escuro com estruturas semelhantes a lenticelas amarronzadas.","A.C.D.CASTELLO","2017-10-18T12:49:27.494+0000",NA,"","",NA,"","","","","","",NA,"","",NA,"","",NA,"","","","",NA,"",NA,"",NA,NA,"","","","","","","","Araruama","Rio de Janeiro","brazil",1427,"Araruama",3300209,-42.296121,-22.756538,"RIO DE JANEIRO","RJ","Rio de Janeiro",-42.66307908,-22.19581555,"Rio de Janeiro","rj",-22.937222,-42.291389,"original coordinates","original coordinates OK"
"22","Aspidosperma pyricollum",1424240714,-22.937222,-42.293333,"cdround,gass84","4300f8d5-1ae5-49e5-a101-63894b005868","838537fc-4aeb-4980-8b58-97fbdcd1d91a","none","da7fe11a-b42c-46cb-9e9d-02243edb738a","BR","DWC_ARCHIVE","2018-10-02T15:40:24.979+0000","2018-09-24T20:01:42.779+0000",207,"none","PRESERVED_SPECIMEN",7316886,6,7707728,220,412,6701,7316607,7316886,7316886,"Aspidosperma pyricollum Müll.Arg.","Aspidosperma pyricollum Müll.Arg.","Plantae","Tracheophyta","Gentianales","Apocynaceae","Aspidosperma","Aspidosperma pyricollum","Aspidosperma","pyricollum","SPECIES","ACCEPTED","2016-05-31T00:00:00","Rio de Janeiro",2008,4,19,"2008-04-19T00:00:00","2018-12-06T16:58:28.197+0000","http://creativecommons.org/licenses/by/4.0/legalcode","none","none","none","WGS84","Magnoliopsida","BR","Brazil","Rio de Janeiro Botanical Garden","urn:catalog:JBRJ:RB:524366","103","RB - Rio de Janeiro Botanical Garden Herbarium Collection","Araruama","Praia Seca, vegetação de restinga entre a praia e a Lagoa de Araruama.","RB",1424240714,"urn:catalog:JBRJ:RB:524366","PhysicalObject","A.C.S. Cavalcanti; T.Laurindo, F. Chaves","RB00524366","RB 464855","JBRJ","Árvore ca de 2,5m; ramos marrons; folhas verdes membranáceas discolores de face abaxial fosca e mais clara que a adaxial que é levemente brilhosa; fruto marrom.","A.C.D.CASTELLO","2017-10-18T14:18:05.192+0000",NA,"","",NA,"","","","","","",NA,"","",NA,"","",NA,"","","","",NA,"",NA,"",NA,NA,"","","","","","","","Araruama","Rio de Janeiro","brazil",1427,"Araruama",3300209,-42.296121,-22.756538,"RIO DE JANEIRO","RJ","Rio de Janeiro",-42.66307908,-22.19581555,"Rio de Janeiro","rj",-22.937222,-42.293333,"original coordinates","original coordinates OK"
"23","Aspidosperma pyricollum",1123816190,-20.09,-40.606389,"gass84","9129ec89-afa7-45af-8b73-509f1f8942ab","667644b9-7b93-4892-80c7-c4271735c515","none","b38ff2b7-c8af-454e-b5af-ee760f0d5bca","BR","DWC_ARCHIVE","2018-10-11T11:54:47.064+0000","2017-12-15T16:34:44.106+0000",129,"none","PRESERVED_SPECIMEN",7316886,6,7707728,220,412,6701,7316607,7316886,7316886,"Aspidosperma pyricollum Müll.Arg.","Aspidosperma pyricollum Müll.Arg.","Plantae","Tracheophyta","Gentianales","Apocynaceae","Aspidosperma","Aspidosperma pyricollum","Aspidosperma","pyricollum","SPECIES","ACCEPTED","none","Espírito Santo",2008,4,13,"2008-04-13T00:00:00","2018-12-08T12:04:57.580+0000","http://creativecommons.org/licenses/by-nc/4.0/legalcode","none","none","none","WGS84","Magnoliopsida","BR","Brazil","MBML-Herbario - Herbário Mello Leitão","BRA:MBML:MBML-HERBARIO:0000033508","1544","MBML-Herbario - Herbário Mello Leitão","Santa Leopoldina","Suiça","MBML-HERBARIO",1123816190,"BRA:MBML:MBML-HERBARIO:0000033508","Collection","M. Simonelli; F. A. R. Matos, L. F. Magnago","33508","","MBML","rupestre, frutos marrons, látex branco","A.C.D. Castello & A.L. Scudeler/Out.2016","2017-09-14T14:41:48.000+0000",460,"pt","Museu de Biologia Professor Mello Leitão, MBML",0,"","","","","","",NA,"","",NA,"","",NA,"","","","",NA,"",NA,"",NA,NA,"","","","","","","","Santa Leopoldina","Espírito Santo","brazil",2380,"Santa Leopoldina",3204500,-40.540501,-20.123027,"ESPIRITO SANTO","ES","Espírito Santo",-40.6681057,-19.57475617,"Espírito Santo","es",-20.09,-40.606389,"original coordinates","original coordinates outside municipality original in santa leopoldina falls in santa maria de jetiba"
"24","Aspidosperma pyricollum",1424247524,-22.936944,-42.291389,"cdround,gass84","4300f8d5-1ae5-49e5-a101-63894b005868","838537fc-4aeb-4980-8b58-97fbdcd1d91a","none","da7fe11a-b42c-46cb-9e9d-02243edb738a","BR","DWC_ARCHIVE","2018-10-02T15:40:28.732+0000","2018-09-24T20:01:46.185+0000",207,"none","PRESERVED_SPECIMEN",7316886,6,7707728,220,412,6701,7316607,7316886,7316886,"Aspidosperma pyricollum Müll.Arg.","Aspidosperma pyricollum Müll.Arg.","Plantae","Tracheophyta","Gentianales","Apocynaceae","Aspidosperma","Aspidosperma pyricollum","Aspidosperma","pyricollum","SPECIES","ACCEPTED","none","Rio de Janeiro",2008,7,10,"2008-07-10T00:00:00","2018-12-06T16:58:31.536+0000","http://creativecommons.org/licenses/by/4.0/legalcode","none","none","none","WGS84","Magnoliopsida","BR","Brazil","Rio de Janeiro Botanical Garden","urn:catalog:JBRJ:RB:530870","203","RB - Rio de Janeiro Botanical Garden Herbarium Collection","Araruama","Praia Seca, vegetação arbórea de restinga entre a praia e a Lagoa de Araruama.","RB",1424247524,"urn:catalog:JBRJ:RB:530870","PhysicalObject","A.C.S.Cavalcanti; J.Caruzo","RB00530870","RB 469496","JBRJ","Árvore com ca de 8m. lactescente de ramos marrom claro, com folhas verdes discolores de face abaxial mais clara e fosca que a adaxial; botões florais levemente esverdeados.","A.C.D.CASTELLO","2017-10-18T17:29:20.742+0000",NA,"","",NA,"","","","","","",NA,"","",NA,"","",NA,"","","","",NA,"",NA,"",NA,NA,"","","","","","","","Araruama","Rio de Janeiro","brazil",1427,"Araruama",3300209,-42.296121,-22.756538,"RIO DE JANEIRO","RJ","Rio de Janeiro",-42.66307908,-22.19581555,"Rio de Janeiro","rj",-22.936944,-42.291389,"original coordinates","original coordinates OK"
"25","Aspidosperma pyricollum",1424248829,-18.776944,-40.443889,"cdround,gass84","4300f8d5-1ae5-49e5-a101-63894b005868","838537fc-4aeb-4980-8b58-97fbdcd1d91a","none","da7fe11a-b42c-46cb-9e9d-02243edb738a","BR","DWC_ARCHIVE","2018-10-02T15:40:29.582+0000","2018-09-24T20:01:46.850+0000",207,"none","PRESERVED_SPECIMEN",7316886,6,7707728,220,412,6701,7316607,7316886,7316886,"Aspidosperma pyricollum Müll.Arg.","Aspidosperma pyricollum Müll.Arg.","Plantae","Tracheophyta","Gentianales","Apocynaceae","Aspidosperma","Aspidosperma pyricollum","Aspidosperma","pyricollum","SPECIES","ACCEPTED","none","Espírito Santo",2008,7,18,"2008-07-18T00:00:00","2018-12-06T16:58:32.159+0000","http://creativecommons.org/licenses/by/4.0/legalcode","none","none","none","WGS84","Magnoliopsida","BR","Brazil","Rio de Janeiro Botanical Garden","urn:catalog:JBRJ:RB:532064","7554","RB - Rio de Janeiro Botanical Garden Herbarium Collection","Nova Venécia","Floresta Estacional Semidecidual. Área de Proteção Ambiental da Pedra do Elefante. Trilha principal na Mata do Fuxico.","RB",1424248829,"urn:catalog:JBRJ:RB:532064","PhysicalObject","A. M. Amorim; R.C. Forzza, J.L. Paixão & L.C.J. Gomes","RB00532064","RB 470426","JBRJ","Árvore ca. 10m alt. Folhas algo discolores, face inferior cinérea. Frutos imaturos marrons. UNICATA.","A.C.D.CASTELLO","2017-10-18T17:08:39.256+0000",168,"","",NA,"","","","","","",NA,"","",NA,"","",NA,"","","","",NA,"",NA,"",NA,NA,"","","","","","","","Nova Venécia","Espírito Santo","brazil",2688,"Nova Venécia",3203908,-40.523444,-18.698823,"ESPIRITO SANTO","ES","Espírito Santo",-40.6681057,-19.57475617,"Espírito Santo","es",-18.776944,-40.443889,"original coordinates","original coordinates OK"
"26","Aspidosperma pyricollum",1424247564,-22.936111,-42.293889,"cdround,gass84","4300f8d5-1ae5-49e5-a101-63894b005868","838537fc-4aeb-4980-8b58-97fbdcd1d91a","none","da7fe11a-b42c-46cb-9e9d-02243edb738a","BR","DWC_ARCHIVE","2018-10-02T15:40:28.702+0000","2018-09-24T20:01:46.199+0000",207,"none","PRESERVED_SPECIMEN",7316886,6,7707728,220,412,6701,7316607,7316886,7316886,"Aspidosperma pyricollum Müll.Arg.","Aspidosperma pyricollum Müll.Arg.","Plantae","Tracheophyta","Gentianales","Apocynaceae","Aspidosperma","Aspidosperma pyricollum","Aspidosperma","pyricollum","SPECIES","ACCEPTED","2016-05-31T00:00:00","Rio de Janeiro",2008,7,10,"2008-07-10T00:00:00","2018-12-06T16:58:31.533+0000","http://creativecommons.org/licenses/by/4.0/legalcode","none","none","none","WGS84","Magnoliopsida","BR","Brazil","Rio de Janeiro Botanical Garden","urn:catalog:JBRJ:RB:530863","196","RB - Rio de Janeiro Botanical Garden Herbarium Collection","Araruama","Praia Seca, vegetação de restinga arbórea, entre a praia e a Lagoa de Araruama.","RB",1424247564,"urn:catalog:JBRJ:RB:530863","PhysicalObject","A.C.S.Cavalcanti; J.Caruzo","RB00530863","RB 469489","JBRJ","Árvore ca de 4m lactescente, de ramos marrom claro, com folhas verdes discolores de face abaxial mais clara e fosca que a adaxial; botões florais levemente esverdeados.","A.C.D.CASTELLO","2017-10-18T17:55:16.110+0000",NA,"","",NA,"","","","","","",NA,"","",NA,"","",NA,"","","","",NA,"",NA,"",NA,NA,"","","","","","","","Araruama","Rio de Janeiro","brazil",1427,"Araruama",3300209,-42.296121,-22.756538,"RIO DE JANEIRO","RJ","Rio de Janeiro",-42.66307908,-22.19581555,"Rio de Janeiro","rj",-22.936111,-42.293889,"original coordinates","original coordinates OK"
"27","Aspidosperma pyricollum",1089177287,-6.495833,-34.980833,"gass84","c9bc6b8d-a4ff-4a47-9cff-d0d1b9e548c7","f4cf14c8-58db-4947-a93c-e43f2b7fe171","none","b38ff2b7-c8af-454e-b5af-ee760f0d5bca","BR","DWC_ARCHIVE","2018-11-24T12:33:12.459+0000","2018-11-24T12:33:12.515+0000",128,"none","PRESERVED_SPECIMEN",7316886,6,7707728,220,412,6701,7316607,7316886,7316886,"Aspidosperma pyricollum Müll.Arg.","Aspidosperma pyricollum Müll.Arg.","Plantae","Tracheophyta","Gentianales","Apocynaceae","Aspidosperma","Aspidosperma pyricollum","Aspidosperma","pyricollum","SPECIES","ACCEPTED","none","Paraíba",2008,9,23,"2008-09-23T00:00:00","2018-12-08T04:38:47.498+0000","http://creativecommons.org/licenses/by-nc/4.0/legalcode","none","none","none","WGS84","Magnoliopsida","BR","Brazil","JPB - Herbário Lauro Pires Xavier","BRA:UFPB:JPB:0000041070","2468","JPB - Herbário Lauro Pires Xavier","Mataraca","Millennium Inorganic Chemicals Mineração Ltda","JPB",1089177287,"BRA:UFPB:JPB:0000041070","Collection","Gadelha Neto, PC; Lourenço, AR","41070","","UFPB","Substrato areno-argiloso. Árvore de folhas simples. Ramos lenticelados. Fruto lenhoso, castanho, deiscente. Verrucoso. Sementes aladas, planas, papiráceas.; Mata de Restinga; HABITAT: Mata de Restinga; DESC: Substrato areno-argiloso. Árvore de folhas sim","","2018-11-05T21:11:50.000+0000",9999,"pt","Universidade Federal da Paraíba, UFPB",0,"SOUTH_AMERICA","","","","","",NA,"","",NA,"","",NA,"","","","",NA,"",NA,"",NA,NA,"","","","","","","","Mataraca","Paraíba","brazil",4714,"Mataraca",2509305,-35.044184,-6.555563,"PARAIBA","PB","Paraíba",-36.83226341,-7.12079672,"Paraíba","pb",-6.495833,-34.980833,"original coordinates","original coordinates OK"
"28","Aspidosperma pyricollum",1213673340,-22.937222,-42.290556,"gass84,iddatunl","3b8e9d83-b2d4-4a97-973c-31d98b67b1e9","ab5c0b99-5af3-4958-b03c-0b7e85481cc1","none","b38ff2b7-c8af-454e-b5af-ee760f0d5bca","BR","DWC_ARCHIVE","2018-12-03T15:24:28.043+0000","2018-06-04T19:36:05.857+0000",118,"none","PRESERVED_SPECIMEN",7316886,6,7707728,220,412,6701,7316607,7316886,7316886,"Aspidosperma pyricollum Müll.Arg.","Aspidosperma pyricollum Müll.Arg.","Plantae","Tracheophyta","Gentianales","Apocynaceae","Aspidosperma","Aspidosperma pyricollum","Aspidosperma","pyricollum","SPECIES","ACCEPTED","2017-06-01T00:00:00","Rio de Janeiro",2008,11,9,"2008-11-09T00:00:00","2018-07-08T01:31:49.923+0000","http://creativecommons.org/licenses/by-nc/4.0/legalcode","none","none","none","WGS84","Magnoliopsida","BR","Brazil","MBM - Herbário do Museu Botânico Municipal","BRA:MBM:MBM:0000364446","315","MBM - Herbário do Museu Botânico Municipal","Araruama","Praia Seca, Entre a praia e a lagoa da Pernambuca.","MBM",1213673340,"BRA:MBM:MBM:0000364446","Collection","Cavalcanti, ACS; Amorim, V","364446","","MBM","Árvore com ca de 5m com ramos pálidos, folhas membranáceas, glabras e verdes, de faces discolores, sendo a abaxial mais clara e fosca que a adaxial, flores amareladas de cálice esverdeado.; Vegetação de restinga.","Castello, ACD","",NA,"pt","Museu Botânico Municipal de Curitiba, MBM",NA,"SOUTH_AMERICA","","","","","",NA,"","",NA,"","",NA,"","","","",NA,"",NA,"",NA,NA,"","","","","","","","Araruama","Rio de Janeiro","brazil",1427,"Araruama",3300209,-42.296121,-22.756538,"RIO DE JANEIRO","RJ","Rio de Janeiro",-42.66307908,-22.19581555,"Rio de Janeiro","rj",-22.937222,-42.290556,"original coordinates","original coordinates OK"
"29","Aspidosperma pyricollum",1213673348,-22.9275,-42.357778,"gass84,iddatunl","3b8e9d83-b2d4-4a97-973c-31d98b67b1e9","ab5c0b99-5af3-4958-b03c-0b7e85481cc1","none","b38ff2b7-c8af-454e-b5af-ee760f0d5bca","BR","DWC_ARCHIVE","2018-12-03T15:24:28.050+0000","2018-06-04T19:36:05.929+0000",118,"none","PRESERVED_SPECIMEN",7316886,6,7707728,220,412,6701,7316607,7316886,7316886,"Aspidosperma pyricollum Müll.Arg.","Aspidosperma pyricollum Müll.Arg.","Plantae","Tracheophyta","Gentianales","Apocynaceae","Aspidosperma","Aspidosperma pyricollum","Aspidosperma","pyricollum","SPECIES","ACCEPTED","2017-06-01T00:00:00","Rio de Janeiro",2007,3,2,"2007-03-02T00:00:00","2018-07-08T01:31:49.884+0000","http://creativecommons.org/licenses/by-nc/4.0/legalcode","none","none","none","WGS84","Magnoliopsida","BR","Brazil","MBM - Herbário do Museu Botânico Municipal","BRA:MBM:MBM:0000364499","4553","MBM - Herbário do Museu Botânico Municipal","Araruama","Praia Seca, Próxima a Lagoa Vermelha.","MBM",1213673348,"BRA:MBM:MBM:0000364499","Collection","Farney, C; Gomes, M","364499","","MBM","Arvoreta, 3m; folhas verdes discolores, látex branco, frutos em maturação castanhos.; Mata de Restinga.","Castello, ACD","",NA,"pt","Museu Botânico Municipal de Curitiba, MBM",NA,"SOUTH_AMERICA","","","","","",NA,"","",NA,"","",NA,"","","","",NA,"",NA,"",NA,NA,"","","","","","","","Araruama","Rio de Janeiro","brazil",1427,"Araruama",3300209,-42.296121,-22.756538,"RIO DE JANEIRO","RJ","Rio de Janeiro",-42.66307908,-22.19581555,"Rio de Janeiro","rj",-22.9275,-42.357778,"original coordinates","original coordinates OK"
"30","Aspidosperma pyricollum",1424498603,-17.716389,-39.198333,"cdround,gass84","4300f8d5-1ae5-49e5-a101-63894b005868","838537fc-4aeb-4980-8b58-97fbdcd1d91a","none","da7fe11a-b42c-46cb-9e9d-02243edb738a","BR","DWC_ARCHIVE","2018-10-02T15:42:58.845+0000","2018-09-24T20:04:11.829+0000",207,"none","PRESERVED_SPECIMEN",7316886,6,7707728,220,412,6701,7316607,7316886,7316886,"Aspidosperma pyricollum Müll.Arg.","Aspidosperma pyricollum Müll.Arg.","Plantae","Tracheophyta","Gentianales","Apocynaceae","Aspidosperma","Aspidosperma pyricollum","Aspidosperma","pyricollum","SPECIES","ACCEPTED","none","Bahia",2007,8,14,"2007-08-14T00:00:00","2018-12-06T17:01:01.109+0000","http://creativecommons.org/licenses/by/4.0/legalcode","none","none","none","WGS84","Magnoliopsida","BR","Brazil","Rio de Janeiro Botanical Garden","urn:catalog:JBRJ:RB:911085","242","RB - Rio de Janeiro Botanical Garden Herbarium Collection","Caravelas","Extremo Sul da Bahia. Povoado de Barra de Caravelas.","RB",1424498603,"urn:catalog:JBRJ:RB:911085","PhysicalObject","H.M. Dias; J.A. Santos, U.N. Machado, J.A.S. Serafim","RB00911085","RB 612441","JBRJ","Árvore 15m de alt., com frutos deiscentes verdes e pontuações abundantes amarelas. Dois frutos interligados por pedúnculo. Folhas simples, alternas, com pecíolos amarelos. Folhas discolores verdes e látex abundante.","A.C.D.CASTELLO","2016-06-03T16:01:48.837+0000",NA,"","",NA,"","Fragmento de Mata Seca de Restinga na propriedade do Sr. Wallace. Fragmento de mata circundado por área de pecuária e indícios marcantes de corte de árvores pela população local para lenha e para ""madeira naval"".","","","","",NA,"","",NA,"","",NA,"","","","",NA,"",NA,"",NA,NA,"","","","","","","","Caravelas","Bahia","brazil",2833,"Caravelas",2906907,-39.695063,-17.656909,"BAHIA","BA","Bahia",-41.72018023,-12.47295682,"Bahia","ba",-17.716389,-39.198333,"original coordinates","original coordinates OK"
"31","Aspidosperma pyricollum",1424239548,-23.044722,-43.532778,"cdround,gass84","4300f8d5-1ae5-49e5-a101-63894b005868","838537fc-4aeb-4980-8b58-97fbdcd1d91a","none","da7fe11a-b42c-46cb-9e9d-02243edb738a","BR","DWC_ARCHIVE","2018-10-02T15:40:24.103+0000","2018-09-24T20:01:42.239+0000",207,"none","PRESERVED_SPECIMEN",7316886,6,7707728,220,412,6701,7316607,7316886,7316886,"Aspidosperma pyricollum Müll.Arg.","Aspidosperma pyricollum Müll.Arg.","Plantae","Tracheophyta","Gentianales","Apocynaceae","Aspidosperma","Aspidosperma pyricollum","Aspidosperma","pyricollum","SPECIES","ACCEPTED","none","Rio de Janeiro",2007,10,24,"2007-10-24T00:00:00","2018-12-06T16:58:27.600+0000","http://creativecommons.org/licenses/by/4.0/legalcode","none","none","none","WGS84","Magnoliopsida","BR","Brazil","Rio de Janeiro Botanical Garden","urn:catalog:JBRJ:RB:522756","639","RB - Rio de Janeiro Botanical Garden Herbarium Collection","Rio de Janeiro","Restinga de Grumari. Mata de restinga a cerca de 100 metros da estrada interna do Grumari.","RB",1424239548,"urn:catalog:JBRJ:RB:522756","PhysicalObject","M.C.Souza","RB00522756","RB 464249","JBRJ","Arbusto de 1,5 metros de altura com flores.","A.C.D.CASTELLO","2016-06-03T16:01:56.432+0000",NA,"","",NA,"","","","","","",NA,"","",NA,"","",NA,"","","","",NA,"",NA,"",NA,NA,"","","","","","","","Rio de Janeiro","Rio de Janeiro","brazil",1360,"Rio de Janeiro",3304557,-43.45231,-22.924471,"RIO DE JANEIRO","RJ","Rio de Janeiro",-42.66307908,-22.19581555,"Rio de Janeiro","rj",-23.044722,-43.532778,"original coordinates","original coordinates OK"
"32","Aspidosperma pyricollum",1423839388,-19.16284,-57.31427,"gass84","7741a517-ab3d-4b85-ae58-56322e44c8ce","d073b448-6b80-4364-8c38-18d08b88797f","none","b38ff2b7-c8af-454e-b5af-ee760f0d5bca","BR","DWC_ARCHIVE","2018-12-03T13:51:58.540+0000","2018-12-03T16:41:25.340+0000",122,"none","PRESERVED_SPECIMEN",7316886,6,7707728,220,412,6701,7316607,7316886,7316886,"Aspidosperma pyricollum Müll.Arg.","Aspidosperma pyricollum Müll.Arg.","Plantae","Tracheophyta","Gentianales","Apocynaceae","Aspidosperma","Aspidosperma pyricollum","Aspidosperma","pyricollum","SPECIES","ACCEPTED","2009-06-29T00:00:00","Mato Grosso do Sul",2006,9,22,"2006-09-22T00:00:00","2018-12-06T16:55:00.984+0000","http://creativecommons.org/licenses/by-nc/4.0/legalcode","none","none","none","WGS84","Magnoliopsida","BR","Brazil","UEC - Herbário da Universidade Estadual de Campinas","BRA:UNICAMP:UEC:0000192889","1120","UEC - Herbário da Universidade Estadual de Campinas","Corumbá","Fazenda Mojolinho","UEC",1423839388,"BRA:UNICAMP:UEC:0000192889","Collection","Takahasi, A.; et al.","192889","","UNICAMP","Árvore de 4m; Flores brancas. Sépalas esverdeadas; folha discolor epilosa; Ilha de vegetação; Solo - raso; Relevo - plano","Marcondes-Ferreira, W.","2018-11-21T16:17:28.000+0000",188,"pt","Universidade Estadual de Campinas, UNICAMP",0,"","","","","","",NA,"","",NA,"","",NA,"","","","",NA,"",NA,"",NA,NA,"","","","","","","","Corumbá","Mato Grosso do Sul","brazil",2680,"Corumbá",5003207,-56.723902,-18.731731,"MATO GROSSO DO SUL","MS","Mato Grosso do Sul",-54.84600034,-20.32777902,"Mato Grosso do Sul","ms",-19.16284,-57.31427,"original coordinates","original coordinates OK"
"33","Aspidosperma pyricollum",1090657638,-23.236639,-46.933028,"gass84","03929cfc-82e3-4f21-97e3-7be4de285584","76dbcb10-efc5-4d5f-87a5-bcd409fc92c8","none","b38ff2b7-c8af-454e-b5af-ee760f0d5bca","BR","DWC_ARCHIVE","2018-11-24T12:32:49.223+0000","2017-12-29T14:06:08.714+0000",137,"none","PRESERVED_SPECIMEN",7316886,6,7707728,220,412,6701,7316607,7316886,7316886,"Aspidosperma pyricollum Müll.Arg.","Aspidosperma pyricollum Müll.Arg.","Plantae","Tracheophyta","Gentianales","Apocynaceae","Aspidosperma","Aspidosperma pyricollum","Aspidosperma","pyricollum","SPECIES","ACCEPTED","none","São Paulo",2005,1,1,"2005-01-01T00:00:00","2018-12-08T04:43:57.817+0000","http://creativecommons.org/licenses/by-nc/4.0/legalcode","none","none","none","WGS84","Magnoliopsida","BR","Brazil","SPFw - Xiloteca do Instituto de Biociências da Universidade de São Paulo","BRA:USP:SPFW:0000002041","2547","SPFw - Xiloteca do Instituto de Biociências da Universidade de São Paulo","Jundiaí","Reserva Biológica da Serra do Japi","SPFW",1090657638,"BRA:USP:SPFW:0000002041","Collection","Ceccantini, G.C.T.","2041","","USP","","","2015-01-08T13:03:58.000+0000",1045,"pt","Universidade de São Paulo, USP",0,"","","","","","",NA,"","",NA,"","",NA,"","","","",NA,"",NA,"",NA,NA,"","","","","","","","Jundiaí","São Paulo","brazil",1271,"Jundiaí",3525904,-46.912706,-23.194593,"SAO PAULO","SP","São Paulo",-48.72944932,-22.26440593,"São Paulo","sp",-23.236639,-46.933028,"original coordinates","original coordinates OK"
"34","Aspidosperma pyricollum",1424485514,-22.735833,-41.88,"cdround,gass84","4300f8d5-1ae5-49e5-a101-63894b005868","838537fc-4aeb-4980-8b58-97fbdcd1d91a","none","da7fe11a-b42c-46cb-9e9d-02243edb738a","BR","DWC_ARCHIVE","2018-10-02T15:42:50.230+0000","2018-09-24T20:04:03.437+0000",207,"none","PRESERVED_SPECIMEN",7316886,6,7707728,220,412,6701,7316607,7316886,7316886,"Aspidosperma pyricollum Müll.Arg.","Aspidosperma pyricollum Müll.Arg.","Plantae","Tracheophyta","Gentianales","Apocynaceae","Aspidosperma","Aspidosperma pyricollum","Aspidosperma","pyricollum","SPECIES","ACCEPTED","none","Rio de Janeiro",2004,5,20,"2004-05-20T00:00:00","2018-12-06T17:00:53.458+0000","http://creativecommons.org/licenses/by/4.0/legalcode","none","none","none","WGS84","Magnoliopsida","BR","Brazil","Rio de Janeiro Botanical Garden","urn:catalog:JBRJ:RB:86469","445","RB - Rio de Janeiro Botanical Garden Herbarium Collection","Armação dos Búzios","Costão da Praia Brava.","RB",1424485514,"urn:catalog:JBRJ:RB:86469","PhysicalObject","H.G.Dantas; R.D.Ribeiro","RB00086469","RB 413989","JBRJ","arv. com 7 m de alt. 15 cm DAP","","2015-10-27T12:01:07.094+0000",NA,"","",NA,"","Floresta semidecidual sobre maciços costeiros","","","","",NA,"","",NA,"","",NA,"","","","",NA,"",NA,"",NA,NA,"","","","","","","","Armação dos Búzios","Rio de Janeiro","brazil",1422,"Armação dos Búzios",3300233,-41.951971,-22.776712,"RIO DE JANEIRO","RJ","Rio de Janeiro",-42.66307908,-22.19581555,"Rio de Janeiro","rj",-22.735833,-41.88,"original coordinates","original coordinates outside Brazil"
"35","Aspidosperma pyricollum",1087533114,-13.944722,-41.058333,"gass84","d031156d-6ff8-4eb5-b91a-a50861e98be9","3a2b60a6-5c60-413a-8bff-a9740e774c09","none","b38ff2b7-c8af-454e-b5af-ee760f0d5bca","BR","DWC_ARCHIVE","2018-11-24T12:31:31.578+0000","2018-11-24T12:31:31.672+0000",126,"none","PRESERVED_SPECIMEN",7316886,6,7707728,220,412,6701,7316607,7316886,7316886,"Aspidosperma pyricollum Müll.Arg.","Aspidosperma pyricollum Müll.Arg.","Plantae","Tracheophyta","Gentianales","Apocynaceae","Aspidosperma","Aspidosperma pyricollum","Aspidosperma","pyricollum","SPECIES","ACCEPTED","none","Bahia",2004,12,6,"2004-12-06T00:00:00","2018-12-08T13:05:00.377+0000","http://creativecommons.org/licenses/by-nc/4.0/legalcode","none","none","none","WGS84","Magnoliopsida","BR","Brazil","HUESB - Herbário da Universidade Estadual do Sudoeste da Bahia","BRA:UESB:HUESB:0000002413","1337","HUESB - Herbário da Universidade Estadual do Sudoeste da Bahia","Jequié","Fazenda Brejo Novo., Fazenda Brejo Novo, a 10,5 Km da Av. Otávio Mangabeira entrando pela Av. Exupério Miranda no Bairro do Mandacarú.","HUESB",1087533114,"BRA:UESB:HUESB:0000002413","Collection","Macedo, G.E.L.; Paixão, J.L.; Paixão, J.L.","2413","","UESB","Localizado em solo areno argiloso-pedregoso. Habitat:Terrestre no interior da mata.Ind. 256, Parcela 6.; Arvore de 8m. Folhas simples, opostas cruzadas, levemente discolores com látex branco leitoso; Floresta Estacional (Mata de C","Macedo, G.E.L.","2018-11-22T19:51:06.000+0000",683.5,"pt","Universidade Estadual do Sudoeste da Bahia (UESB)",66.5,"","","","","","",NA,"","",NA,"","",NA,"","","","",NA,"",NA,"",NA,NA,"","","","","","","","Jequié","Bahia","brazil",3357,"Jequié",2918001,-40.159646,-13.871669,"BAHIA","BA","Bahia",-41.72018023,-12.47295682,"Bahia","ba",-13.944722,-41.058333,"original coordinates","original coordinates outside municipality original in jequie falls in contendas do sincora"
"36","Aspidosperma pyricollum",1424485452,-22.731111,-41.969444,"cdround,gass84","4300f8d5-1ae5-49e5-a101-63894b005868","838537fc-4aeb-4980-8b58-97fbdcd1d91a","none","da7fe11a-b42c-46cb-9e9d-02243edb738a","BR","DWC_ARCHIVE","2018-10-02T15:42:50.217+0000","2018-09-24T20:04:03.402+0000",207,"none","PRESERVED_SPECIMEN",7316886,6,7707728,220,412,6701,7316607,7316886,7316886,"Aspidosperma pyricollum Müll.Arg.","Aspidosperma pyricollum Müll.Arg.","Plantae","Tracheophyta","Gentianales","Apocynaceae","Aspidosperma","Aspidosperma pyricollum","Aspidosperma","pyricollum","SPECIES","ACCEPTED","none","Rio de Janeiro",2003,8,29,"2003-08-29T00:00:00","2018-12-06T17:00:53.562+0000","http://creativecommons.org/licenses/by/4.0/legalcode","none","none","none","WGS84","Magnoliopsida","BR","Brazil","Rio de Janeiro Botanical Garden","urn:catalog:JBRJ:RB:86454","313","RB - Rio de Janeiro Botanical Garden Herbarium Collection","Armação dos Búzios","Praia da Gorda.","RB",1424485452,"urn:catalog:JBRJ:RB:86454","PhysicalObject","H.G.Dantas; D.Fernandes, R.D.Ribeiro","RB00086454","RB 413987","JBRJ","","C.Quinet","2014-07-08T06:51:32.302+0000",NA,"","",NA,"","Floresta semidecidual sobre tabuleiros costeiros, espécie coletada em área de mata mais preservada","","","","",NA,"","",NA,"","",NA,"","","","",NA,"",NA,"",NA,NA,"","","","","","","","Armação dos Búzios","Rio de Janeiro","brazil",1422,"Armação dos Búzios",3300233,-41.951971,-22.776712,"RIO DE JANEIRO","RJ","Rio de Janeiro",-42.66307908,-22.19581555,"Rio de Janeiro","rj",-22.731111,-41.969444,"original coordinates","original coordinates outside Brazil"
"37","Aspidosperma pyricollum",1424485557,-22.716667,-41.95,"cdround,gass84","4300f8d5-1ae5-49e5-a101-63894b005868","838537fc-4aeb-4980-8b58-97fbdcd1d91a","none","da7fe11a-b42c-46cb-9e9d-02243edb738a","BR","DWC_ARCHIVE","2018-10-02T15:42:50.254+0000","2018-09-24T20:04:03.420+0000",207,"none","PRESERVED_SPECIMEN",7316886,6,7707728,220,412,6701,7316607,7316886,7316886,"Aspidosperma pyricollum Müll.Arg.","Aspidosperma pyricollum Müll.Arg.","Plantae","Tracheophyta","Gentianales","Apocynaceae","Aspidosperma","Aspidosperma pyricollum","Aspidosperma","pyricollum","SPECIES","ACCEPTED","none","Rio de Janeiro",2003,12,12,"2003-12-12T00:00:00","2018-12-06T17:00:53.617+0000","http://creativecommons.org/licenses/by/4.0/legalcode","none","none","none","WGS84","Magnoliopsida","BR","Brazil","Rio de Janeiro Botanical Garden","urn:catalog:JBRJ:RB:86479","66","RB - Rio de Janeiro Botanical Garden Herbarium Collection","Armação dos Búzios","Ponta do Pai Vitorio.","RB",1424485557,"urn:catalog:JBRJ:RB:86479","PhysicalObject","H.G.Dantas; R.D.Ribeiro","RB00086479","RB 413988","JBRJ","","","2015-10-27T12:01:08.940+0000",NA,"","",NA,"","Floresta semidecidual sobre maciços costeiros","","","","",NA,"","",NA,"","",NA,"","","","",NA,"",NA,"",NA,NA,"","","","","","","","Armação dos Búzios","Rio de Janeiro","brazil",1422,"Armação dos Búzios",3300233,-41.951971,-22.776712,"RIO DE JANEIRO","RJ","Rio de Janeiro",-42.66307908,-22.19581555,"Rio de Janeiro","rj",-22.716667,-41.95,"original coordinates","original coordinates outside Brazil"
"38","Aspidosperma pyricollum",1929761688,-8.0128,-34.9503,"elmms,gass84","d415c253-4d61-4459-9d25-4015b9084fb0","ae447c50-b8a8-11d8-92a4-b8a03c50a862","none","17017c2c-036b-45d9-b045-606d21b00771","US","DWC_ARCHIVE","2018-11-18T15:25:48.711+0000","2018-11-18T15:25:48.721+0000",96,"none","PRESERVED_SPECIMEN",7316886,6,7707728,220,412,6701,7316607,7316886,7316886,"Aspidosperma pyricollum Müll.Arg.","Aspidosperma pyricollum Müll.Arg.","Plantae","Tracheophyta","Gentianales","Apocynaceae","Aspidosperma","Aspidosperma pyricollum","Aspidosperma","pyricollum","SPECIES","ACCEPTED","none","Pernambuco",2002,11,30,"2002-11-30T00:00:00","2018-12-07T20:51:09.535+0000","http://creativecommons.org/publicdomain/zero/1.0/legalcode","none","none","none","WGS84","Magnoliopsida","BR","Brazil","The New York Botanical Garden","8d2f0892-7112-4e72-96cf-f461ce7723b6","3","Vascular plants","","RPPN Maurício Dantas. Floresta. Rabeca.","NY",1929761688,"8d2f0892-7112-4e72-96cf-f461ce7723b6","PhysicalObject","L. M. Pessoa","02486290","","NY","","","",260,"en","",260,"SOUTH_AMERICA","","http://sweetgum.nybg.org/science/vh/specimen_details.php?irn=2714551","http://biocol.org/urn:lsid:biocol.org:col:15556","ICN","30 Nov 2002",334,"Betânia","sheet",334,"1706 ft","http://biocol.org/urn:lsid:biocol.org:col:15556",NA,"","","","",NA,"",NA,"",NA,NA,"","","","","","","","","Pernambuco","brazil",NA,"",NA,NA,NA,"","","Pernambuco",-37.99303622,-8.3240949,"Pernambuco","pe",-8.0128,-34.9503,"original coordinates","original coordinates outside municipality original in  falls in recife"
"39","Aspidosperma pyricollum",1424400554,-14.4525,-43.753333,"cdround,gass84","4300f8d5-1ae5-49e5-a101-63894b005868","838537fc-4aeb-4980-8b58-97fbdcd1d91a","none","da7fe11a-b42c-46cb-9e9d-02243edb738a","BR","DWC_ARCHIVE","2018-10-02T15:42:01.387+0000","2018-09-24T20:03:14.439+0000",207,"none","PRESERVED_SPECIMEN",7316886,6,7707728,220,412,6701,7316607,7316886,7316886,"Aspidosperma pyricollum Müll.Arg.","Aspidosperma pyricollum Müll.Arg.","Plantae","Tracheophyta","Gentianales","Apocynaceae","Aspidosperma","Aspidosperma pyricollum","Aspidosperma","pyricollum","SPECIES","ACCEPTED","2016-05-25T00:00:00","Bahia",2001,4,2,"2001-04-02T00:00:00","2018-12-06T17:00:02.426+0000","http://creativecommons.org/licenses/by/4.0/legalcode","none","none","none","WGS84","Magnoliopsida","BR","Brazil","Rio de Janeiro Botanical Garden","urn:catalog:JBRJ:RB:696502","3426","RB - Rio de Janeiro Botanical Garden Herbarium Collection","Malhada","Rod. para o Distrito de Cana Brava, 18 km S da sede municipal, 1,6 km do povoado de Serra de João Alves.","RB",1424400554,"urn:catalog:JBRJ:RB:696502","PhysicalObject","J. G. Jardim; Et al","RB00696502","RB 539068","JBRJ","Árvore ca. 4 m de altura. Folhas discolores, verde-brilhante na face superior e a face interior alvacenta. Frutos imaturos verdes. Látex branco.","A.L.SCUDELER & A.C.D.CASTELLO","2017-10-18T14:31:22.707+0000",500,"","",NA,"","Caatinga Arbórea","","","","",NA,"","",NA,"","",NA,"","","","",NA,"",NA,"",NA,NA,"","","","","","","","Malhada","Bahia","brazil",3320,"Malhada",2920205,-43.651428,-14.212228,"BAHIA","BA","Bahia",-41.72018023,-12.47295682,"Bahia","ba",-14.4525,-43.753333,"original coordinates","original coordinates OK"
"40","Aspidosperma pyricollum",1928863758,-14.2814954259902,-38.9965836192823,"cdrep","d415c253-4d61-4459-9d25-4015b9084fb0","ae447c50-b8a8-11d8-92a4-b8a03c50a862","none","17017c2c-036b-45d9-b045-606d21b00771","US","DWC_ARCHIVE","2018-11-18T14:52:38.995+0000","2018-11-18T14:52:39.050+0000",96,"none","PRESERVED_SPECIMEN",7316886,6,7707728,220,412,6701,7316607,7316886,7316886,"Aspidosperma pyricollum Müll.Arg.","Aspidosperma pyricollum Müll.Arg.","Plantae","Tracheophyta","Gentianales","Apocynaceae","Aspidosperma","Aspidosperma pyricollum","Aspidosperma","pyricollum","SPECIES","ACCEPTED","2001-01-01T00:00:00","Bahia",2000,5,19,"2000-05-19T00:00:00","2018-12-08T19:29:44.865+0000","http://creativecommons.org/publicdomain/zero/1.0/legalcode","none","none","none","WGS84","Magnoliopsida","BR","Brazil","The New York Botanical Garden","4d84d901-6d6c-4619-b0d0-aff4e74f2826","877","Vascular plants","","APA de Itacaré/Serra Grande. Km 12 da Rod. Itacaré/Serra Grande.","NY",1928863758,"4d84d901-6d6c-4619-b0d0-aff4e74f2826","PhysicalObject","S. C. de Sant'Ana","823354","","NY","","A. J. M. Leeuwenberg","",0,"en","",0,"SOUTH_AMERICA","","http://sweetgum.nybg.org/science/vh/specimen_details.php?irn=941066","http://biocol.org/urn:lsid:biocol.org:col:15556","ICN","19 May 2000",140,"Itacaré","separate fruit",140,"","http://biocol.org/urn:lsid:biocol.org:col:15556",41230,"Região de Mata Higrófila sul baiana.","Other source","CRIA (Centro de Referência em Informação Ambiental)","",NA,"",NA,"",NA,NA,"","","","","","","","","Bahia","brazil",NA,"",NA,NA,NA,"","","Bahia",-41.72018023,-12.47295682,"Bahia","ba",-14.2814954259902,-38.9965836192823,"original coordinates","original coordinates outside municipality original in  falls in itacare"
"41","Aspidosperma pyricollum",1424251606,-9.760278,-37.030833,"cdround,gass84","4300f8d5-1ae5-49e5-a101-63894b005868","838537fc-4aeb-4980-8b58-97fbdcd1d91a","none","da7fe11a-b42c-46cb-9e9d-02243edb738a","BR","DWC_ARCHIVE","2018-10-02T15:40:31.203+0000","2018-09-24T20:01:48.422+0000",207,"none","PRESERVED_SPECIMEN",7316886,6,7707728,220,412,6701,7316607,7316886,7316886,"Aspidosperma pyricollum Müll.Arg.","Aspidosperma pyricollum Müll.Arg.","Plantae","Tracheophyta","Gentianales","Apocynaceae","Aspidosperma","Aspidosperma pyricollum","Aspidosperma","pyricollum","SPECIES","ACCEPTED","2016-05-25T00:00:00","Alagoas",2000,10,28,"2000-10-28T00:00:00","2018-12-06T16:58:33.888+0000","http://creativecommons.org/licenses/by/4.0/legalcode","none","none","none","WGS84","Magnoliopsida","BR","Brazil","Rio de Janeiro Botanical Garden","urn:catalog:JBRJ:RB:534658","5119","RB - Rio de Janeiro Botanical Garden Herbarium Collection","Batalha","Pequena remanescente próxima à estrada. .","RB",1424251606,"urn:catalog:JBRJ:RB:534658","PhysicalObject","R. P. Lyra-Lemos","RB00534658","RB 471990","JBRJ","Trepadeira flores brancas, freqüente.","A.C.D.CASTELLO & A.L.SAUDELER","",NA,"","",NA,"","Caatinga.","","","","",NA,"","",NA,"","",NA,"","","","",NA,"",NA,"",NA,NA,"","","","","","","","Batalha","Alagoas","brazil",3957,"Batalha",2700706,-37.101144,-9.706301,"ALAGOAS","AL","Alagoas",-36.62362821,-9.51494324,"Alagoas","al",-9.760278,-37.030833,"original coordinates","original coordinates OK"
"42","Aspidosperma pyricollum",1260144638,-7.18611,-37.43138,"gass84","7bd65a7a-f762-11e1-a439-00145eb45e9a","90fd6680-349f-11d8-aa2d-b8a03c50a862","none","c4e134d3-c68f-406d-a116-6a37895602e0","US","DWC_ARCHIVE","2018-06-20T08:01:25.031+0000","2018-06-20T08:01:25.040+0000",28,"none","PRESERVED_SPECIMEN",7316886,6,7707728,220,412,6701,7316607,7316886,7316886,"Aspidosperma pyricollum Müll.Arg.","Aspidosperma pyricollum Müll.Arg.","Plantae","Tracheophyta","Gentianales","Apocynaceae","Aspidosperma","Aspidosperma pyricollum","Aspidosperma","pyricollum","SPECIES","ACCEPTED","1998-01-01T00:00:00","Paraíba",1998,5,10,"1998-05-10T00:00:00","2018-12-09T16:36:01.564+0000","http://creativecommons.org/licenses/by/4.0/legalcode","none","none","none","WGS84","Magnoliopsida","BR","Brazil","Missouri Botanical Garden","urn:catalog:MO:Tropicos:2794309","Agra 5153","Tropicos","","Municipio de de Maturéia. Pico do Jabre,","MO",1260144638,"urn:catalog:MO:Tropicos:2794309","PhysicalObject","M. de F. Agra|P.C. da Silva","2794309","","MO","","M.F. Agra","2012-03-28T15:07:00.000+0000",905,"","MOBOT",105,"SOUTH_AMERICA","","","","ICNafp","",NA,"","",NA,"","http://biocol.org/urn:lsid:biocol.org:col:15859",NA,"","","","No opinion",1800147,"http://www.tropicos.org/Specimen/2794309",NA,"",NA,NA,"","","","","","","","","Paraíba","brazil",NA,"",NA,NA,NA,"","","Paraíba",-36.83226341,-7.12079672,"Paraíba","pb",-7.18611,-37.43138,"original coordinates","original coordinates outside municipality original in  falls in mae d'agua"
"43","Aspidosperma pyricollum",1260144811,-7.186111,-37.431389,"cdround,gass84","7bd65a7a-f762-11e1-a439-00145eb45e9a","90fd6680-349f-11d8-aa2d-b8a03c50a862","none","c4e134d3-c68f-406d-a116-6a37895602e0","US","DWC_ARCHIVE","2018-06-20T08:01:25.065+0000","2018-06-20T08:01:25.072+0000",28,"none","PRESERVED_SPECIMEN",7316886,6,7707728,220,412,6701,7316607,7316886,7316886,"Aspidosperma pyricollum Müll.Arg.","Aspidosperma pyricollum Müll.Arg.","Plantae","Tracheophyta","Gentianales","Apocynaceae","Aspidosperma","Aspidosperma pyricollum","Aspidosperma","pyricollum","SPECIES","ACCEPTED","2000-01-01T00:00:00","Paraíba",1997,11,17,"1997-11-17T00:00:00","2018-12-09T16:36:01.579+0000","http://creativecommons.org/licenses/by/4.0/legalcode","none","none","none","WGS84","Magnoliopsida","BR","Brazil","Missouri Botanical Garden","urn:catalog:MO:Tropicos:2794473","Agra 4838","Tropicos","","Municipio de Maturéia, Pico do Jabre,","MO",1260144811,"urn:catalog:MO:Tropicos:2794473","PhysicalObject","M. de F. Agra|P.C. da Silva","2794473","","MO","","M.F. Agra","2013-12-27T12:56:00.000+0000",905,"","MOBOT",105,"SOUTH_AMERICA","","","","ICNafp","",NA,"","",NA,"","http://biocol.org/urn:lsid:biocol.org:col:15859",NA,"","","","No opinion",1800147,"http://www.tropicos.org/Specimen/2794473",1,"",NA,NA,"","","","","","","","","Paraíba","brazil",NA,"",NA,NA,NA,"","","Paraíba",-36.83226341,-7.12079672,"Paraíba","pb",-7.186111,-37.431389,"original coordinates","original coordinates outside municipality original in  falls in mae d'agua"
"44","Aspidosperma pyricollum",1090656918,-18.944722,-46.993611,"gass84","03929cfc-82e3-4f21-97e3-7be4de285584","76dbcb10-efc5-4d5f-87a5-bcd409fc92c8","none","b38ff2b7-c8af-454e-b5af-ee760f0d5bca","BR","DWC_ARCHIVE","2018-11-24T12:32:48.580+0000","2017-12-29T14:06:08.347+0000",137,"none","PRESERVED_SPECIMEN",7316886,6,7707728,220,412,6701,7316607,7316886,7316886,"Aspidosperma pyricollum Müll.Arg.","Aspidosperma pyricollum Müll.Arg.","Plantae","Tracheophyta","Gentianales","Apocynaceae","Aspidosperma","Aspidosperma pyricollum","Aspidosperma","pyricollum","SPECIES","ACCEPTED","none","Minas Gerais",1994,1,1,"1994-01-01T00:00:00","2018-12-08T04:43:57.517+0000","http://creativecommons.org/licenses/by-nc/4.0/legalcode","none","none","none","WGS84","Magnoliopsida","BR","Brazil","SPFw - Xiloteca do Instituto de Biociências da Universidade de São Paulo","BRA:USP:SPFW:0000001245","431","SPFw - Xiloteca do Instituto de Biociências da Universidade de São Paulo","Patrocínio","Serra do Salitre","SPFW",1090656918,"BRA:USP:SPFW:0000001245","Collection","Ceccantini, G.C.T. Magat, P.; Ozorio, H.","1245","","USP","","A. A. Oliveira","2015-01-08T13:03:58.000+0000",1050,"pt","Universidade de São Paulo, USP",0,"","","","","","",NA,"","",NA,"","",NA,"","","","",NA,"",NA,"",NA,NA,"","","","","","","","Patrocínio","Minas Gerais","brazil",2640,"Patrocínio",3148103,-47.051359,-18.971217,"MINAS GERAIS","MG","Minas Gerais",-44.67333254,-18.45539008,"Minas Gerais","mg",-18.944722,-46.993611,"original coordinates","original coordinates OK"
"45","Aspidosperma pyricollum",1090656890,-18.944722,-46.993611,"gass84","03929cfc-82e3-4f21-97e3-7be4de285584","76dbcb10-efc5-4d5f-87a5-bcd409fc92c8","none","b38ff2b7-c8af-454e-b5af-ee760f0d5bca","BR","DWC_ARCHIVE","2018-11-24T12:32:48.494+0000","2017-12-29T14:06:08.301+0000",137,"none","PRESERVED_SPECIMEN",7316886,6,7707728,220,412,6701,7316607,7316886,7316886,"Aspidosperma pyricollum Müll.Arg.","Aspidosperma pyricollum Müll.Arg.","Plantae","Tracheophyta","Gentianales","Apocynaceae","Aspidosperma","Aspidosperma pyricollum","Aspidosperma","pyricollum","SPECIES","ACCEPTED","none","Minas Gerais",1994,1,1,"1994-01-01T00:00:00","2018-12-08T04:43:57.458+0000","http://creativecommons.org/licenses/by-nc/4.0/legalcode","none","none","none","WGS84","Magnoliopsida","BR","Brazil","SPFw - Xiloteca do Instituto de Biociências da Universidade de São Paulo","BRA:USP:SPFW:0000001241","426","SPFw - Xiloteca do Instituto de Biociências da Universidade de São Paulo","Patrocínio","Serra do Salitre","SPFW",1090656890,"BRA:USP:SPFW:0000001241","Collection","Ceccantini, G.C.T. Magat, P.; Ozorio, H.","1241","","USP","","J.R. Pirani","2015-01-08T13:03:58.000+0000",1050,"pt","Universidade de São Paulo, USP",0,"","","","","","",NA,"","",NA,"","",NA,"","","","",NA,"",NA,"",NA,NA,"","","","","","","","Patrocínio","Minas Gerais","brazil",2640,"Patrocínio",3148103,-47.051359,-18.971217,"MINAS GERAIS","MG","Minas Gerais",-44.67333254,-18.45539008,"Minas Gerais","mg",-18.944722,-46.993611,"original coordinates","original coordinates OK"
"46","Aspidosperma pyricollum",1424305705,-16.866667,-39.15,"cdround,gass84","4300f8d5-1ae5-49e5-a101-63894b005868","838537fc-4aeb-4980-8b58-97fbdcd1d91a","none","da7fe11a-b42c-46cb-9e9d-02243edb738a","BR","DWC_ARCHIVE","2018-10-02T15:41:03.472+0000","2018-09-24T20:02:17.855+0000",207,"none","PRESERVED_SPECIMEN",7316886,6,7707728,220,412,6701,7316607,7316886,7316886,"Aspidosperma pyricollum Müll.Arg.","Aspidosperma pyricollum Müll.Arg.","Plantae","Tracheophyta","Gentianales","Apocynaceae","Aspidosperma","Aspidosperma pyricollum","Aspidosperma","pyricollum","SPECIES","ACCEPTED","none","Bahia",1991,12,13,"1991-12-13T00:00:00","2018-12-06T16:59:03.922+0000","http://creativecommons.org/licenses/by/4.0/legalcode","none","none","none","WGS84","Magnoliopsida","BR","Brazil","Rio de Janeiro Botanical Garden","urn:catalog:JBRJ:RB:594737","443","RB - Rio de Janeiro Botanical Garden Herbarium Collection","Porto Seguro","Barra Velha.","RB",1424305705,"urn:catalog:JBRJ:RB:594737","PhysicalObject","Mª Clara Ferreira","RB00594737","RB 311144","JBRJ","árvore com ca. de 6m,flores amareladas,usada para esteios,canulas .","W.Marcondes-Ferreira","2014-07-07T20:10:12.414+0000",NA,"","",NA,"","Campos litorâneos.Solo arenoso.","","","","",NA,"","",NA,"","",NA,"","","","",NA,"",NA,"",NA,NA,"","","","","","","","Porto Seguro","Bahia","brazil",2962,"Porto Seguro",2925303,-39.278757,-16.625586,"BAHIA","BA","Bahia",-41.72018023,-12.47295682,"Bahia","ba",-16.866667,-39.15,"original coordinates","original coordinates OK"
"47","Aspidosperma pyricollum",1087345047,-13.533333,-41.483333,"gass84","17efa320-7312-4b55-bf0a-a4cfc4613169","2437c128-bf8c-4f53-b668-da95fb2e40b7","none","b38ff2b7-c8af-454e-b5af-ee760f0d5bca","BR","DWC_ARCHIVE","2018-11-24T12:35:12.047+0000","2018-09-25T13:51:09.315+0000",120,"none","PRESERVED_SPECIMEN",7316886,6,7707728,220,412,6701,7316607,7316886,7316886,"Aspidosperma pyricollum Müll.Arg.","Aspidosperma pyricollum Müll.Arg.","Plantae","Tracheophyta","Gentianales","Apocynaceae","Aspidosperma","Aspidosperma pyricollum","Aspidosperma","pyricollum","SPECIES","ACCEPTED","2000-07-01T00:00:00","Bahia",1988,11,15,"1988-11-15T00:00:00","2018-12-08T13:04:10.525+0000","http://creativecommons.org/licenses/by-nc/4.0/legalcode","none","none","none","WGS84","Magnoliopsida","BR","Brazil","SP - Herbário do Estado ""Maria Eneyda P. Kaufmann Fidalgo"" - Coleção de Fanerógamas","BRA:IBt:SP:0000269633","26447","SP - Herbário do Estado ""Maria Eneyda P. Kaufmann Fidalgo"" - Coleção de Fanerógamas","Ibiquara","13km de Juciape na estrada para Morro Branco e Capão da Volta","SP",1087345047,"BRA:IBt:SP:0000269633","Collection","Harley, RM","269633","","Instituto de Botânica, IBT","","Marcondes Ferreira, W","2018-09-10T10:56:02.000+0000",1000,"pt","Instituto de Botânica, IBT",0,"","","","","","",NA,"","",NA,"","",NA,"","","","",NA,"",NA,"",NA,NA,"","","","","","","","Ibiquara","Bahia","brazil",NA,"",NA,NA,NA,"","","Bahia",-41.72018023,-12.47295682,"Bahia","ba",-13.533333,-41.483333,"original coordinates","original coordinates outside municipality original in ibiquara falls in jussiape"
"48","Aspidosperma pyricollum",1089011197,-22.12,-41.4,"gass84","7741a517-ab3d-4b85-ae58-56322e44c8ce","d073b448-6b80-4364-8c38-18d08b88797f","none","b38ff2b7-c8af-454e-b5af-ee760f0d5bca","BR","DWC_ARCHIVE","2018-12-03T13:50:49.595+0000","2018-12-03T16:40:43.695+0000",122,"none","PRESERVED_SPECIMEN",7316886,6,7707728,220,412,6701,7316607,7316886,7316886,"Aspidosperma pyricollum Müll.Arg.","Aspidosperma pyricollum Müll.Arg.","Plantae","Tracheophyta","Gentianales","Apocynaceae","Aspidosperma","Aspidosperma pyricollum","Aspidosperma","pyricollum","SPECIES","ACCEPTED","2015-05-01T00:00:00","Rio de Janeiro",1985,1,11,"1985-01-11T00:00:00","2018-12-08T04:37:32.338+0000","http://creativecommons.org/licenses/by-nc/4.0/legalcode","none","none","none","WGS84","Magnoliopsida","BR","Brazil","UEC - Herbário da Universidade Estadual de Campinas","BRA:UNICAMP:UEC:0000043909","49450","UEC - Herbário da Universidade Estadual de Campinas","Macaé","N da restinga de Macaé.","UEC",1089011197,"BRA:UNICAMP:UEC:0000043909","Collection","Gentry, A.H.; Peixoto, O.; Zardini, E.; Araújo, D.","43909","","UNICAMP","flor, Tree 15 m, flowers white. Mata de restinga. Alt: 10m","Marcondes-Ferreira, W.","2018-11-21T16:17:28.000+0000",NA,"pt","Universidade Estadual de Campinas, UNICAMP",NA,"","","","","","",NA,"","",NA,"","",NA,"","","","",NA,"",NA,"",NA,NA,"","","","","","","","Macaé","Rio de Janeiro","brazil",1602,"Macaé",3302403,-41.977936,-22.295939,"RIO DE JANEIRO","RJ","Rio de Janeiro",-42.66307908,-22.19581555,"Rio de Janeiro","rj",-22.12,-41.4,"original coordinates","original coordinates outside municipality original in macae falls in quissama"
"49","Aspidosperma pyricollum",1228223514,-24,-51,"gass84","90c853e6-56bd-480b-8e8f-6285c3f8d42b","7b8aff00-a9f8-11d8-944b-b8a03c50a862","none","3b84ff5b-79ce-427c-acb7-b4004e160f66","US","DWC_ARCHIVE","2018-11-22T21:37:02.278+0000","2018-11-22T21:37:02.317+0000",97,"none","PRESERVED_SPECIMEN",7316886,6,7707728,220,412,6701,7316607,7316886,7316886,"Aspidosperma pyricollum Müll.Arg.","Aspidosperma pyricollum Müll.Arg.","Plantae","Tracheophyta","Gentianales","Apocynaceae","Aspidosperma","Aspidosperma pyricollum","Aspidosperma","pyricollum","SPECIES","ACCEPTED","1986-01-01T00:00:00","Paraná",1985,7,30,"1985-07-30T00:00:00","2018-12-07T20:09:28.849+0000","http://creativecommons.org/publicdomain/zero/1.0/legalcode","none","none","none","WGS84","Magnoliopsida","BR","Brazil","The Field Museum of Natural History","9a29689b-76e3-417b-a90f-092da0a2c67a","49530","Flowers TCN","","","Botany",1228223514,"9a29689b-76e3-417b-a90f-092da0a2c67a","PhysicalObject","G. G. Hatschbach","V0421308F","","F","","RRC ID Flag","",NA,"en","F",NA,"SOUTH_AMERICA","","","F","ICBN","",NA,"","",NA,"","Botany",NA,"","","","",NA,"",NA,"South America, Brazil, Paraná, Sul",49530,291772,"seeds-20-nov-2018","http://fieldmuseum.org/about/copyright-information","Plantae Spermatophyta Dicotyledoneae Apocynaceae","","","","","","Paraná","brazil",NA,"",NA,NA,NA,"","","Paraná",-51.61693027,-24.63581955,"Paraná","pr",-24,-51,"original coordinates","original coordinates outside municipality original in  falls in ortigueira"
"50","Aspidosperma pyricollum",1123787461,-20.426944,-40.327778,"gass84","9129ec89-afa7-45af-8b73-509f1f8942ab","667644b9-7b93-4892-80c7-c4271735c515","none","b38ff2b7-c8af-454e-b5af-ee760f0d5bca","BR","DWC_ARCHIVE","2018-10-11T11:54:17.213+0000","2017-12-15T16:34:26.494+0000",129,"none","PRESERVED_SPECIMEN",7316886,6,7707728,220,412,6701,7316607,7316886,7316886,"Aspidosperma pyricollum Müll.Arg.","Aspidosperma pyricollum Müll.Arg.","Plantae","Tracheophyta","Gentianales","Apocynaceae","Aspidosperma","Aspidosperma pyricollum","Aspidosperma","pyricollum","SPECIES","ACCEPTED","none","Espírito Santo",1982,3,21,"1982-03-21T00:00:00","2018-12-08T12:04:44.816+0000","http://creativecommons.org/licenses/by-nc/4.0/legalcode","none","none","none","WGS84","Magnoliopsida","BR","Brazil","MBML-Herbario - Herbário Mello Leitão","BRA:MBML:MBML-HERBARIO:0000004767","427","MBML-Herbario - Herbário Mello Leitão","Vila Velha","Barra do Jucu","MBML-HERBARIO",1123787461,"BRA:MBML:MBML-HERBARIO:0000004767","Collection","B. Weinberg","4767","","MBML","Látex branco. Espécime adulta e bem desenvolvida, único em todas Vila Velha e Vitória.","Carine G.P. Quinet/01-08-2006","2017-09-14T14:17:09.000+0000",NA,"pt","Museu de Biologia Professor Mello Leitão, MBML",NA,"","","","","","",NA,"","",NA,"","",NA,"","","","",NA,"",NA,"",NA,NA,"","","","","","","","Vila Velha","Espírito Santo","brazil",2279,"Vila Velha",3205200,-40.378539,-20.434342,"ESPIRITO SANTO","ES","Espírito Santo",-40.6681057,-19.57475617,"Espírito Santo","es",-20.426944,-40.327778,"original coordinates","original coordinates OK"
"51","Aspidosperma pyricollum",1701737708,-10.8339,-52.8731,"gass84","90c853e6-56bd-480b-8e8f-6285c3f8d42b","7b8aff00-a9f8-11d8-944b-b8a03c50a862","none","3b84ff5b-79ce-427c-acb7-b4004e160f66","US","DWC_ARCHIVE","2018-11-22T21:34:16.150+0000","2018-11-22T21:34:16.167+0000",97,"none","PRESERVED_SPECIMEN",7316886,6,7707728,220,412,6701,7316607,7316886,7316886,"Aspidosperma pyricollum Müll.Arg.","Aspidosperma pyricollum Müll.Arg.","Plantae","Tracheophyta","Gentianales","Apocynaceae","Aspidosperma","Aspidosperma pyricollum","Aspidosperma","pyricollum","SPECIES","ACCEPTED","none","",1876,7,20,"1876-07-20T00:00:00","2018-12-08T11:25:54.776+0000","http://creativecommons.org/publicdomain/zero/1.0/legalcode","none","none","none","WGS84","Magnoliopsida","BR","Brazil","The Field Museum of Natural History","13dd3698-16d7-4740-b3ae-0cdc32f26527","869","Flowers TCN","","","Botany",1701737708,"13dd3698-16d7-4740-b3ae-0cdc32f26527","PhysicalObject","A. F. Regnell","V0421313F","","F","","","",NA,"en","F",NA,"SOUTH_AMERICA","","","F","ICBN","",NA,"","",NA,"","Botany",NA,"","","","",NA,"",NA,"South America, BRAZIL",NA,3643774,"seeds-20-nov-2018","http://fieldmuseum.org/about/copyright-information","Plantae Spermatophyta Dicotyledoneae Apocynaceae","","","","","","","brazil",NA,"",NA,NA,NA,"","","",NA,NA,NA,"",-10.8339,-52.8731,"original coordinates","original coordinates outside municipality original in  falls in sao jose do xingu"
"52","Aspidosperma pyricollum",1099843678,-10,-55,"","7b9a08ea-f762-11e1-a439-00145eb45e9a","0674aea0-a7e1-11d8-9534-b8a03c50a862","none","6038e54e-f762-11e1-a439-00145eb45e9a","DE","BIOCASE_XML_ARCHIVE","2018-12-12T07:22:17.490+0000","2018-12-12T07:22:17.498+0000",99,"none","PRESERVED_SPECIMEN",3617351,6,7707728,220,412,6701,7316607,7316886,7316886,"Aspidosperma pyricollum var. obovatum Müll.Arg.","Aspidosperma pyricollum Müll.Arg.","Plantae","Tracheophyta","Gentianales","Apocynaceae","Aspidosperma","Aspidosperma pyricollum","Aspidosperma","pyricollum","VARIETY","SYNONYM","none","",1832,NA,NA,"1832-01-01T00:00:00","2018-12-12T07:22:39.491+0000","http://creativecommons.org/licenses/by/4.0/legalcode","none","none","none","WGS84","Magnoliopsida","BR","Brazil","","","","","","Rio Janeiro.","BSMvplantscoll",1099843678,"http://id.snsb.info/snsb/collection/477124/587530/258236","","Riedel, L. (no. 587)","M-0183490 / 587530 / 258236","","SNSB-M","","","",NA,"","",NA,"","","","","","",NA,"","",NA,"","",NA,"","","","",NA,"",NA,"",NA,NA,"","","","obovatum","SYNTYPE","Aspidosperma pyricollum var. obovatum Müll.Arg.","","","","brazil",NA,"",NA,NA,NA,"","","",NA,NA,NA,"",-10,-55,"original coordinates","original coordinates outside municipality original in  falls in guaranta do norte"
"53","Aspidosperma pyricollum",1228176525,-10.8339,-52.8731,"gass84","90c853e6-56bd-480b-8e8f-6285c3f8d42b","7b8aff00-a9f8-11d8-944b-b8a03c50a862","none","3b84ff5b-79ce-427c-acb7-b4004e160f66","US","DWC_ARCHIVE","2018-11-22T21:37:51.518+0000","2018-11-22T21:37:51.535+0000",97,"none","PRESERVED_SPECIMEN",3617351,6,7707728,220,412,6701,7316607,7316886,7316886,"Aspidosperma pyricollum var. obovatum Müll.Arg.","Aspidosperma pyricollum Müll.Arg.","Plantae","Tracheophyta","Gentianales","Apocynaceae","Aspidosperma","Aspidosperma pyricollum","Aspidosperma","pyricollum","VARIETY","SYNONYM","none","",NA,NA,NA,"none","2018-12-07T20:08:58.500+0000","http://creativecommons.org/publicdomain/zero/1.0/legalcode","none","none","none","WGS84","Magnoliopsida","BR","Brazil","The Field Museum of Natural History","c182b45d-60e0-4369-9ce0-6c5170be9655","587","Negatives/Types","","","Botany",1228176525,"c182b45d-60e0-4369-9ce0-6c5170be9655","PhysicalObject","L. Riedel",NA,"","F","","","",NA,"en","F",NA,"SOUTH_AMERICA","","","F","ICBN","",NA,"","",NA,"","Botany",NA,"","","","",NA,"",NA,"South America, BRAZIL",NA,226242,"seeds-20-nov-2018","http://fieldmuseum.org/about/copyright-information","Plantae Spermatophyta Dicotyledoneae Apocynaceae","obovatum","SYNTYPE","","","","","brazil",NA,"",NA,NA,NA,"","","",NA,NA,NA,"",-10.8339,-52.8731,"original coordinates","original coordinates outside municipality original in  falls in sao jose do xingu"
"54","Aspidosperma pyricollum",1424483892,-22.706111,-47.6475,"cdround,gass84","4300f8d5-1ae5-49e5-a101-63894b005868","838537fc-4aeb-4980-8b58-97fbdcd1d91a","none","da7fe11a-b42c-46cb-9e9d-02243edb738a","BR","DWC_ARCHIVE","2018-10-02T15:42:49.203+0000","2018-09-24T20:04:02.628+0000",207,"none","PRESERVED_SPECIMEN",7316886,6,7707728,220,412,6701,7316607,7316886,7316886,"Aspidosperma pyricollum Müll.Arg.","Aspidosperma pyricollum Müll.Arg.","Plantae","Tracheophyta","Gentianales","Apocynaceae","Aspidosperma","Aspidosperma pyricollum","Aspidosperma","pyricollum","SPECIES","ACCEPTED","2016-05-31T00:00:00","São Paulo",NA,NA,NA,"none","2018-12-06T17:00:52.709+0000","http://creativecommons.org/licenses/by/4.0/legalcode","none","none","none","WGS84","Magnoliopsida","BR","Brazil","Rio de Janeiro Botanical Garden","urn:catalog:JBRJ:RB:859990","","RB - Rio de Janeiro Botanical Garden Herbarium Collection","Piracicaba","Reflorestamento na margem esquerda do rio Piracicaba.","RB",1424483892,"urn:catalog:JBRJ:RB:859990","PhysicalObject","G.L. Brejão; et al","RB00859990","RB 600159","JBRJ","Árvore lactescente. Presença de frutos","A.C.D.CASTELLO","2017-10-17T23:59:39.812+0000",NA,"","",NA,"","Mata ciliar","","","","",NA,"","",NA,"","",NA,"","","","",NA,"",NA,"",NA,NA,"","","","","","","","Piracicaba","São Paulo","brazil",1444,"Piracicaba",3538709,-47.783435,-22.726248,"SAO PAULO","SP","São Paulo",-48.72944932,-22.26440593,"São Paulo","sp",-22.706111,-47.6475,"original coordinates","original coordinates OK"
"55","Aspidosperma pyricollum",1144568215,-22.48222,-42.9125,"gass84,rdativ","f577c9f3-ae71-4278-b6bf-512ba1dfaa21","43a26bbf-466a-4335-96cc-01d0656c614a","none","6040a0d6-f762-11e1-a439-00145eb45e9a","CH","BIOCASE","2018-12-11T21:52:20.654+0000","2016-02-23T13:21:47.296+0000",43,"none","PRESERVED_SPECIMEN",7316886,6,7707728,220,412,6701,7316607,7316886,7316886,"Aspidosperma pyricollum Müll.Arg.","Aspidosperma pyricollum Müll.Arg.","Plantae","Tracheophyta","Gentianales","Apocynaceae","Aspidosperma","Aspidosperma pyricollum","Aspidosperma","pyricollum","SPECIES","ACCEPTED","none","",NA,NA,NA,"none","2018-12-06T21:53:05.710+0000","http://creativecommons.org/licenses/by-nc/4.0/legalcode","none","none","none","WGS84","Magnoliopsida","BR","Brazil","","","","","","Rio de Janeiro - Rio de Janeiro/Estado do Rio de Janeiro","Geneva Herbarium – General Collection (G)",1144568215,"","","Weddell, H. A. (Coll. DeCandolle 1924)","G-G-154836/1","","G","","","",NA,"","",NA,"","","","","","",NA,"","",NA,"","",NA,"","","","",NA,"",NA,"",NA,NA,"","","","","ISOSYNTYPE","Aspidosperma pyricollum Müll. Arg.","","","","brazil",NA,"",NA,NA,NA,"","","",NA,NA,NA,"",-22.48222,-42.9125,"original coordinates","original coordinates outside municipality original in  falls in cachoeiras de macacu"
"56","Aspidosperma pyricollum",1228575468,-10.8339,-52.8731,"gass84","90c853e6-56bd-480b-8e8f-6285c3f8d42b","7b8aff00-a9f8-11d8-944b-b8a03c50a862","none","3b84ff5b-79ce-427c-acb7-b4004e160f66","US","DWC_ARCHIVE","2018-11-22T21:36:27.010+0000","2018-11-22T21:36:27.092+0000",97,"none","PRESERVED_SPECIMEN",7316886,6,7707728,220,412,6701,7316607,7316886,7316886,"Aspidosperma pyricollum Müll.Arg.","Aspidosperma pyricollum Müll.Arg.","Plantae","Tracheophyta","Gentianales","Apocynaceae","Aspidosperma","Aspidosperma pyricollum","Aspidosperma","pyricollum","SPECIES","ACCEPTED","none","",NA,NA,NA,"none","2018-12-07T20:12:51.198+0000","http://creativecommons.org/publicdomain/zero/1.0/legalcode","none","none","none","WGS84","Magnoliopsida","BR","Brazil","The Field Museum of Natural History","7ce90489-684d-4949-81a3-5fbaed2a9293","4315","Flowers TCN","","","Botany",1228575468,"7ce90489-684d-4949-81a3-5fbaed2a9293","PhysicalObject","J. B. E. Pohl","V0092478F","","F","","","",NA,"en","F",NA,"SOUTH_AMERICA","","","F","ICBN","",NA,"","",NA,"","Botany",NA,"","","","",NA,"",NA,"South America, BRAZIL",NA,893258,"seeds-20-nov-2018","http://fieldmuseum.org/about/copyright-information","Plantae Spermatophyta Dicotyledoneae Apocynaceae","","ISOSYNTYPE","","","","","brazil",NA,"",NA,NA,NA,"","","",NA,NA,NA,"",-10.8339,-52.8731,"original coordinates","original coordinates outside municipality original in  falls in sao jose do xingu"
"57","Aspidosperma pyricollum",1930661822,-22.913514,-43.448386,"rdativ","d415c253-4d61-4459-9d25-4015b9084fb0","ae447c50-b8a8-11d8-92a4-b8a03c50a862","none","17017c2c-036b-45d9-b045-606d21b00771","US","DWC_ARCHIVE","2018-11-18T16:00:45.516+0000","2018-11-18T16:00:45.569+0000",96,"none","PRESERVED_SPECIMEN",7316886,6,7707728,220,412,6701,7316607,7316886,7316886,"Aspidosperma pyricollum Müll.Arg.","Aspidosperma pyricollum Müll.Arg.","Plantae","Tracheophyta","Gentianales","Apocynaceae","Aspidosperma","Aspidosperma pyricollum","Aspidosperma","pyricollum","SPECIES","ACCEPTED","none","Rio de Janeiro",NA,NA,NA,"none","2018-12-10T17:04:11.146+0000","http://creativecommons.org/publicdomain/zero/1.0/legalcode","none","none","none","WGS84","Magnoliopsida","BR","Brazil","The New York Botanical Garden","ccb9c7de-cb2e-49aa-b7dc-f806baeeb603","","Vascular plants","","Near Rio de Janeiro","NY",1930661822,"ccb9c7de-cb2e-49aa-b7dc-f806baeeb603","PhysicalObject","Wilkes Expedition","440317","","NY","","W. Marcondes-Ferreira","",0,"en","",0,"SOUTH_AMERICA","","http://sweetgum.nybg.org/science/vh/specimen_details.php?irn=712177","http://biocol.org/urn:lsid:biocol.org:col:15556","ICN","",0,"Rio de Janeiro","sheet",0,"","http://biocol.org/urn:lsid:biocol.org:col:15556",39846.57,"","Georeferencing Quick Reference Guide, Version 2012","Google Maps (map data 2015), Manis Georef. Calculator","",NA,"",NA,"",NA,NA,"","","","","","","2016-01-20","","Rio de Janeiro","brazil",NA,"",NA,NA,NA,"","","Rio de Janeiro",-42.66307908,-22.19581555,"Rio de Janeiro","rj",-22.913514,-43.448386,"original coordinates","original coordinates outside municipality original in  falls in rio de janeiro"
