"","name","key","decimalLatitude","decimalLongitude","issues","datasetKey","publishingOrgKey","networkKeys","installationKey","publishingCountry","protocol","lastCrawled","lastParsed","crawlId","extensions","basisOfRecord","taxonKey","kingdomKey","phylumKey","classKey","orderKey","familyKey","genusKey","speciesKey","acceptedTaxonKey","scientificName","acceptedScientificName","kingdom","phylum","order","family","genus","species","genericName","specificEpithet","taxonRank","taxonomicStatus","dateIdentified","stateProvince.original","year","month","day","eventDate","modified","lastInterpreted","license","identifiers","facts","relations","geodeticDatum","class","countryCode","country.original","rightsHolder","identifier","recordNumber","datasetName","municipality.original","locality","collectionCode","gbifID","occurrenceID","type","recordedBy","catalogNumber","otherCatalogNumbers","institutionCode","identifiedBy","elevation","occurrenceRemarks","elevationAccuracy","continent","language","ownerInstitutionCode","fieldNotes","references","higherGeography","fieldNumber","verbatimLocality","verbatimElevation","establishmentMeans","habitat","institutionID","county","preparations","nomenclaturalCode","verbatimEventDate","endDayOfYear","startDayOfYear","collectionID","waterBody","islandGroup","island","verbatimCoordinateSystem","disposition","accessRights","verbatimTaxonRank","rights","coordinateUncertaintyInMeters","georeferencedDate","georeferenceProtocol","georeferenceSources","locationAccordingTo","previousIdentifications","datasetID","higherClassification","reproductiveCondition","infraspecificEpithet","typeStatus","identificationRemarks","typifiedName","organismID","municipality","stateProvince","country","FID","NOME","GEOCODIGO","POINT_X","POINT_Y","NOMEUF","SIGLAUF","estados_shp","x_estado","y_estado","nome","sigla","new_Lat","new_Lon","notes","comments"
"1","Stifftia chrysantha",1838432221,-22.977222,-43.246389,"cdround,gass84,rdatm","4300f8d5-1ae5-49e5-a101-63894b005868","838537fc-4aeb-4980-8b58-97fbdcd1d91a","none","da7fe11a-b42c-46cb-9e9d-02243edb738a","BR","DWC_ARCHIVE","2018-10-02T15:37:22.228+0000","2018-09-24T19:59:03.523+0000",207,"none","PRESERVED_SPECIMEN",5405436,6,7707728,220,414,3065,3149154,5405436,5405436,"Stifftia chrysantha Mikan","Stifftia chrysantha Mikan","Plantae","Tracheophyta","Asterales","Asteraceae","Stifftia","Stifftia chrysantha","Stifftia","chrysantha","SPECIES","ACCEPTED","none","Rio de Janeiro",2018,4,10,"2018-04-10T00:00:00","2018-04-19T18:14:40.000+0000","2018-09-24T19:59:23.599+0000","http://creativecommons.org/licenses/by/4.0/legalcode","none","none","none","WGS84","Magnoliopsida","BR","Brazil","Rio de Janeiro Botanical Garden","urn:catalog:JBRJ:RB:1384996","26","RB - Rio de Janeiro Botanical Garden Herbarium Collection","Rio de Janeiro","Gávea. Beira da estrada para o Museu Histórico da Cidade. Parque Natural Municipal da Cidade","RB",1838432221,"urn:catalog:JBRJ:RB:1384996","PhysicalObject","L. O. L. Pedreira","RB01384996","RB 762586","JBRJ","Luiz O L Pedreira",NA,"",NA,"","","","","","",NA,NA,NA,NA,"","","","","","",NA,NA,"",NA,NA,NA,NA,NA,"",NA,NA,NA,"","","",NA,NA,"","",NA,"","","",NA,NA,"Rio de Janeiro","Rio de Janeiro","brazil",1360,"Rio de Janeiro",3304557,-43.45231,-22.924471,"RIO DE JANEIRO","RJ","Rio de Janeiro",-42.66307908,-22.19581555,"Rio de Janeiro","rj",-22.977222,-43.246389,"original coordinates","original coordinates OK"
"2","Stifftia chrysantha",1656070613,-22.595555,-43.703611,"cdround,gass84","4300f8d5-1ae5-49e5-a101-63894b005868","838537fc-4aeb-4980-8b58-97fbdcd1d91a","none","da7fe11a-b42c-46cb-9e9d-02243edb738a","BR","DWC_ARCHIVE","2018-10-02T15:37:12.037+0000","2018-09-24T19:58:52.006+0000",207,"none","PRESERVED_SPECIMEN",5405436,6,7707728,220,414,3065,3149154,5405436,5405436,"Stifftia chrysantha Mikan","Stifftia chrysantha Mikan","Plantae","Tracheophyta","Asterales","Asteraceae","Stifftia","Stifftia chrysantha","Stifftia","chrysantha","SPECIES","ACCEPTED","none","Rio de Janeiro",2017,7,12,"2017-07-12T00:00:00","2017-10-09T05:10:07.245+0000","2018-12-08T02:00:03.896+0000","http://creativecommons.org/licenses/by/4.0/legalcode","none","none","none","WGS84","Magnoliopsida","BR","Brazil","Rio de Janeiro Botanical Garden","urn:catalog:JBRJ:RB:1365814","17-032","RB - Rio de Janeiro Botanical Garden Herbarium Collection","Paracambi","Parque Natural Municipal Curió, Lazareto, cercanias da antiga Fabrica da Companhia Brasil Industrial.","RB",1656070613,"urn:catalog:JBRJ:RB:1365814","PhysicalObject","J.M.A.Braga; P. Feliz, L.C.O. Pellissari & M.A. Rezende","RB01365814","RB 746414","JBRJ","João Marcelo Alvarenga Braga",200,"Arvoreta,  ca. 4 m de altura. Ramosa, folhas membranáceas, capítulos vistosos com brácteas verdes, papos amarelos e corola alaranjada. Beira de trilha em floresta densa e bem conservada.",NA,"","","","","","",NA,NA,NA,NA,"","","","","","",NA,NA,"",NA,NA,NA,NA,NA,"",NA,NA,NA,"","","",NA,NA,"","",NA,"","","",NA,NA,"Paracambi","Rio de Janeiro","brazil",1486,"Paracambi",3303609,-43.724971,-22.618498,"RIO DE JANEIRO","RJ","Rio de Janeiro",-42.66307908,-22.19581555,"Rio de Janeiro","rj",-22.595555,-43.703611,"original coordinates","original coordinates OK"
"3","Stifftia chrysantha",1848369196,-22.285556,-41.763333,"gass84","5b5cf455-a448-4c0a-aecd-3e0956f27f10","afdd8e93-b4e3-491c-88f0-8a22834ac1a9","none","b38ff2b7-c8af-454e-b5af-ee760f0d5bca","BR","DWC_ARCHIVE","2018-12-03T14:13:56.626+0000","2018-12-03T16:16:32.087+0000",122,"none","PRESERVED_SPECIMEN",5405436,6,7707728,220,414,3065,3149154,5405436,5405436,"Stifftia chrysantha Mikan","Stifftia chrysantha Mikan","Plantae","Tracheophyta","Asterales","Asteraceae","Stifftia","Stifftia chrysantha","Stifftia","chrysantha","SPECIES","ACCEPTED","none","Rio de Janeiro",2017,8,15,"2017-08-15T00:00:00","2018-08-28T18:59:26.000+0000","2018-12-08T15:09:26.270+0000","http://creativecommons.org/licenses/by-nc/4.0/legalcode","none","none","none","WGS84","Magnoliopsida","BR","Brazil","ALCB - Herbário Alexandre Leal Costa","BRA:UFBA:ALCB:0000131974","1771","ALCB - Herbário Alexandre Leal Costa","Macaé","Região rural entre RJ-106, a estrada do Imburo, Av. Industrial e as localidades balacó e Lot Paraíso. Projeto - Terminal Portuário de macaé.","ALCB",1848369196,"BRA:UFBA:ALCB:0000131974","Collection","Cardoso, LJT; Samor, O; Farag, PRC","131974","","Universidade Federal da Bahia (UFBA)","",34,"Folhas membranáceas e discolores, verde-escuro na face adaxial, flores com cálice e corola laranja, papus laranja-dourado",0,"SOUTH_AMERICA","pt","Universidade Federal da Bahia (UFBA)","","","",NA,NA,NA,NA,"","","","","","",NA,NA,"",NA,NA,NA,NA,NA,"",NA,NA,NA,"","","",NA,NA,"","",NA,"","","",NA,NA,"Macaé","Rio de Janeiro","brazil",1602,"Macaé",3302403,-41.977936,-22.295939,"RIO DE JANEIRO","RJ","Rio de Janeiro",-42.66307908,-22.19581555,"Rio de Janeiro","rj",-22.285556,-41.763333,"original coordinates","original coordinates OK"
"4","Stifftia chrysantha",1701216084,-23.325833,-51.2025,"gass84","78dcee36-b0a2-4679-802d-bc0b5016518b","eec37c7c-2dce-440e-8de1-966214931e74","none","b38ff2b7-c8af-454e-b5af-ee760f0d5bca","BR","DWC_ARCHIVE","2018-11-14T17:16:56.373+0000","2018-09-14T17:57:12.322+0000",126,"none","PRESERVED_SPECIMEN",5405436,6,7707728,220,414,3065,3149154,5405436,5405436,"Stifftia chrysantha Mikan","Stifftia chrysantha Mikan","Plantae","Tracheophyta","Asterales","Asteraceae","Stifftia","Stifftia chrysantha","Stifftia","chrysantha","SPECIES","ACCEPTED","2017-10-01T00:00:00","Paraná",2017,10,4,"2017-10-04T00:00:00","2018-09-12T15:49:47.000+0000","2018-12-06T00:05:01.333+0000","http://creativecommons.org/licenses/by-nc/4.0/legalcode","none","none","none","WGS84","Magnoliopsida","BR","Brazil","FUEL - Herbário da Universidade Estadual de Londrina","BRA:UEL:FUEL:0000055381","5","FUEL - Herbário da Universidade Estadual de Londrina","Londrina","Campus Universitário Perobal","FUEL",1701216084,"BRA:UEL:FUEL:0000055381","Collection","Oliveira, GMC; et al.","55381","","Universidade Estadual de Londrina, UEL","Oliveira, GMC",9999,"Flor alaranjada, frutos. Cultivada",0,"","pt","Universidade Estadual de Londrina, UEL","","","",NA,NA,NA,NA,"","","","","","",NA,NA,"",NA,NA,NA,NA,NA,"",NA,NA,NA,"","","",NA,NA,"","",NA,"","","",NA,NA,"Londrina","Paraná","brazil",1175,"Londrina",4113700,-51.110175,-23.515282,"PARANA","PR","Paraná",-51.61693027,-24.63581955,"Paraná","pr",-23.325833,-51.2025,"original coordinates","original coordinates OK"
"5","Stifftia chrysantha",1819183094,-22.753889,-41.996944,"cdround,gass84","4300f8d5-1ae5-49e5-a101-63894b005868","838537fc-4aeb-4980-8b58-97fbdcd1d91a","none","da7fe11a-b42c-46cb-9e9d-02243edb738a","BR","DWC_ARCHIVE","2018-10-02T15:37:18.475+0000","2018-09-24T19:58:58.817+0000",207,"none","PRESERVED_SPECIMEN",5405436,6,7707728,220,414,3065,3149154,5405436,5405436,"Stifftia chrysantha Mikan","Stifftia chrysantha Mikan","Plantae","Tracheophyta","Asterales","Asteraceae","Stifftia","Stifftia chrysantha","Stifftia","chrysantha","SPECIES","ACCEPTED","none","Rio de Janeiro",2017,10,4,"2017-10-04T00:00:00","2018-01-12T11:17:11.980+0000","2018-12-10T05:45:50.630+0000","http://creativecommons.org/licenses/by/4.0/legalcode","none","none","none","WGS84","Magnoliopsida","BR","Brazil","Rio de Janeiro Botanical Garden","urn:catalog:JBRJ:RB:1378480","1919","RB - Rio de Janeiro Botanical Garden Herbarium Collection","Cabo Frio","Reserva Tauá. Limite entre os municípios de Armação dos Búzios e Cabo Frio.","RB",1819183094,"urn:catalog:JBRJ:RB:1378480","PhysicalObject","L.J.S. Pinto; G.A. de Queiroz","RB01378480","RB 756032","JBRJ","L.J.S.Pinto",NA,"Arbusto heliófilo, folhas cartáceas discolores verdes. Infrutescência ereta madura. Aquênios negros, papus amarelos.",NA,"","","","","","",NA,NA,NA,NA,"","","","","","",NA,NA,"",NA,NA,NA,NA,NA,"",NA,NA,NA,"","","",NA,NA,"","",NA,"","","",NA,NA,"Cabo Frio","Rio de Janeiro","brazil",1449,"Cabo Frio",3300704,-42.058216,-22.716047,"RIO DE JANEIRO","RJ","Rio de Janeiro",-42.66307908,-22.19581555,"Rio de Janeiro","rj",-22.753889,-41.996944,"original coordinates","original coordinates OK"
"6","Stifftia chrysantha",1090163722,-25.481556,-49.306472,"gass84","df761c30-988d-4ff8-b7d4-b24ff51c0c8d","a22bfc81-4a56-411f-9a83-860e28e22374","none","b38ff2b7-c8af-454e-b5af-ee760f0d5bca","BR","DWC_ARCHIVE","2018-11-23T15:39:58.625+0000","2017-12-29T14:17:35.618+0000",134,"none","PRESERVED_SPECIMEN",5405436,6,7707728,220,414,3065,3149154,5405436,5405436,"Stifftia chrysantha Mikan","Stifftia chrysantha Mikan","Plantae","Tracheophyta","Asterales","Asteraceae","Stifftia","Stifftia chrysantha","Stifftia","chrysantha","SPECIES","ACCEPTED","2013-06-10T00:00:00","Paraná",2013,6,10,"2013-06-10T00:00:00","2014-04-04T21:26:43.000+0000","2018-12-08T04:40:03.732+0000","http://creativecommons.org/licenses/by-nc/4.0/legalcode","none","none","none","WGS84","Magnoliopsida","BR","Brazil","IRAI - Herbário do Parque da Ciência Newton Freire Maia","BRA:PNFM:IRAI:0000008058","s.n.","IRAI - Herbário do Parque da Ciência Newton Freire Maia","Curitiba","Rua Domingos Batista Vizoli, Portão","IRAI",1090163722,"BRA:PNFM:IRAI:0000008058","Collection","Vilanova Jr, A. .A.","8058","","PNFM","Ristow, R.",930,"Árvore. Cultivada. Atrai grande quantidade de abelhas",0,"","pt","Parque da Ciência Newton Freire Maia (PNFM)","","","",NA,NA,NA,NA,"","","","","","",NA,NA,"",NA,NA,NA,NA,NA,"",NA,NA,NA,"","","",NA,NA,"","",NA,"","","",NA,NA,"Curitiba","Paraná","brazil",875,"Curitiba",4106902,-49.288236,-25.478163,"PARANA","PR","Paraná",-51.61693027,-24.63581955,"Paraná","pr",-25.481556,-49.306472,"original coordinates","original coordinates OK"
"7","Stifftia chrysantha",1090831912,-22.888333,-48.510556,"gass84","09010edb-5e55-4dc0-8a97-a26a3bb89e85","9610290b-e0ea-439b-b726-ba11bcecfb86","none","b38ff2b7-c8af-454e-b5af-ee760f0d5bca","BR","DWC_ARCHIVE","2018-11-24T12:30:25.949+0000","2018-10-25T12:33:47.926+0000",122,"none","PRESERVED_SPECIMEN",5405436,6,7707728,220,414,3065,3149154,5405436,5405436,"Stifftia chrysantha Mikan","Stifftia chrysantha Mikan","Plantae","Tracheophyta","Asterales","Asteraceae","Stifftia","Stifftia chrysantha","Stifftia","chrysantha","SPECIES","ACCEPTED","none","São Paulo",2013,11,21,"2013-11-21T00:00:00","2018-10-24T14:59:16.000+0000","2018-12-09T06:14:39.007+0000","http://creativecommons.org/licenses/by-nc/4.0/legalcode","none","none","none","WGS84","Magnoliopsida","BR","Brazil","HUFU - Herbarium Uberlandense","BRA:UFU:HUFU:0000068004","s.n.","HUFU - Herbarium Uberlandense","Botucatu","Jardim Botânico Unesp Botucatu Rubião Júnior","HUFU",1090831912,"BRA:UFU:HUFU:0000068004","Collection","Marzinek, J.","68004","","UFU","",0,"Cipselas com pápus amarelo-alaranjado.",0,"","pt","Universidade Federal de Uberlândia (UFU)","","","",NA,NA,NA,NA,"","","","","","",NA,NA,"",NA,NA,NA,NA,NA,"",NA,NA,NA,"","","",NA,NA,"","",NA,"","","",NA,NA,"Botucatu","São Paulo","brazil",1381,"Botucatu",3507506,-48.467603,-22.862462,"SAO PAULO","SP","São Paulo",-48.72944932,-22.26440593,"São Paulo","sp",-22.888333,-48.510556,"original coordinates","original coordinates OK"
"8","Stifftia chrysantha",1123827883,-22.289722,-41.729167,"gass84","9129ec89-afa7-45af-8b73-509f1f8942ab","667644b9-7b93-4892-80c7-c4271735c515","none","b38ff2b7-c8af-454e-b5af-ee760f0d5bca","BR","DWC_ARCHIVE","2018-10-11T11:54:57.760+0000","2017-12-15T16:34:49.981+0000",129,"none","PRESERVED_SPECIMEN",5405436,6,7707728,220,414,3065,3149154,5405436,5405436,"Stifftia chrysantha Mikan","Stifftia chrysantha Mikan","Plantae","Tracheophyta","Asterales","Asteraceae","Stifftia","Stifftia chrysantha","Stifftia","chrysantha","SPECIES","ACCEPTED","none","Rio de Janeiro",2011,10,8,"2011-10-08T00:00:00","2017-09-14T14:44:29.000+0000","2018-12-08T12:05:02.911+0000","http://creativecommons.org/licenses/by-nc/4.0/legalcode","none","none","none","WGS84","Magnoliopsida","BR","Brazil","MBML-Herbario - Herbário Mello Leitão","BRA:MBML:MBML-HERBARIO:0000045200","7357","MBML-Herbario - Herbário Mello Leitão","Macaé","Cabiúnas, Terminal Cabiúnas,área de monitoramento vegetal.","MBML-HERBARIO",1123827883,"BRA:MBML:MBML-HERBARIO:0000045200","Collection","A. P. Fontana; L. Kollmann","45200","","MBML","A.P. Fontana/08-10-2011",46,"Arbusto, frutos verdes com pappus amarelos. Foto.",0,"","pt","Museu de Biologia Professor Mello Leitão, MBML","","","",NA,NA,NA,NA,"","","","","","",NA,NA,"",NA,NA,NA,NA,NA,"",NA,NA,NA,"","","",NA,NA,"","",NA,"","","",NA,NA,"Macaé","Rio de Janeiro","brazil",1602,"Macaé",3302403,-41.977936,-22.295939,"RIO DE JANEIRO","RJ","Rio de Janeiro",-42.66307908,-22.19581555,"Rio de Janeiro","rj",-22.289722,-41.729167,"original coordinates","original coordinates OK"
"9","Stifftia chrysantha",1424371148,-22.423611,-42.745555,"cdround,gass84","4300f8d5-1ae5-49e5-a101-63894b005868","838537fc-4aeb-4980-8b58-97fbdcd1d91a","none","da7fe11a-b42c-46cb-9e9d-02243edb738a","BR","DWC_ARCHIVE","2018-10-02T15:41:44.046+0000","2018-09-24T20:02:52.140+0000",207,"none","PRESERVED_SPECIMEN",5405436,6,7707728,220,414,3065,3149154,5405436,5405436,"Stifftia chrysantha Mikan","Stifftia chrysantha Mikan","Plantae","Tracheophyta","Asterales","Asteraceae","Stifftia","Stifftia chrysantha","Stifftia","chrysantha","SPECIES","ACCEPTED","none","Rio de Janeiro",2010,9,4,"2010-09-04T00:00:00","2017-10-19T14:09:45.616+0000","2018-12-06T16:59:44.739+0000","http://creativecommons.org/licenses/by/4.0/legalcode","none","none","none","WGS84","Magnoliopsida","BR","Brazil","Rio de Janeiro Botanical Garden","urn:catalog:JBRJ:RB:660913","JW1077","RB - Rio de Janeiro Botanical Garden Herbarium Collection","Cachoeiras de Macacu","Reserva Ecológica de Guapiaçu. próximo ao Rio Manoel Alexandre.","RB",1424371148,"urn:catalog:JBRJ:RB:660913","PhysicalObject","Jens Wesenberg; K. Baber","RB00660913","RB 518225","JBRJ","J. Wesenberg",138,"Flores laranjas, pappus amarello",NA,"","","","","","",NA,NA,NA,NA,"","","","","","",NA,NA,"",NA,NA,NA,NA,NA,"",NA,NA,NA,"","","",NA,NA,"","",NA,"","","",NA,NA,"Cachoeiras de Macacu","Rio de Janeiro","brazil",1523,"Cachoeiras de Macacu",3300803,-42.729308,-22.515423,"RIO DE JANEIRO","RJ","Rio de Janeiro",-42.66307908,-22.19581555,"Rio de Janeiro","rj",-22.423611,-42.745555,"original coordinates","original coordinates OK"
"10","Stifftia chrysantha",1090582155,-22.9056,-47.0608,"gass84","1064b787-c882-493e-b17d-4ffba363b776","c47cd3b0-2178-4a4b-87a6-740b482970a9","none","b38ff2b7-c8af-454e-b5af-ee760f0d5bca","BR","DWC_ARCHIVE","2018-11-23T18:20:31.457+0000","2017-12-29T14:14:17.686+0000",129,"none","PRESERVED_SPECIMEN",5405436,6,7707728,220,414,3065,3149154,5405436,5405436,"Stifftia chrysantha Mikan","Stifftia chrysantha Mikan","Plantae","Tracheophyta","Asterales","Asteraceae","Stifftia","Stifftia chrysantha","Stifftia","chrysantha","SPECIES","ACCEPTED","2009-03-18T00:00:00","São Paulo",2009,3,18,"2009-03-18T00:00:00","2017-06-09T13:53:58.000+0000","2018-12-08T04:43:32.038+0000","http://creativecommons.org/licenses/by-nc/4.0/legalcode","none","none","none","WGS84","Magnoliopsida","BR","Brazil","IAC - Herbário do Instituto Agronômico de Campinas","BRA:IAC:IAC:0000055394","702","IAC - Herbário do Instituto Agronômico de Campinas","Campinas","IAC (Centro), Guanabara","IAC",1090582155,"BRA:IAC:IAC:0000055394","Collection","M. Monge","55394","","IAC","M. Monge",NA,"",NA,"","pt","Instituto Agronômico de Campinas, IAC","","","",NA,NA,NA,NA,"","","","","","",NA,NA,"",NA,NA,NA,NA,NA,"",NA,NA,NA,"","","",NA,NA,"","",NA,"","","",NA,NA,"Campinas","São Paulo","brazil",1373,"Campinas",3509502,-47.043665,-22.883678,"SAO PAULO","SP","São Paulo",-48.72944932,-22.26440593,"São Paulo","sp",-22.9056,-47.0608,"original coordinates","original coordinates OK"
"11","Stifftia chrysantha",1077417963,-22.661389,-42.807778,"cdround,gass84","b9a43c60-d2b6-445c-9362-2db65465c963","34e6e625-47cf-4d42-8054-af0c2f1b6e64","none","b38ff2b7-c8af-454e-b5af-ee760f0d5bca","BR","DWC_ARCHIVE","2018-11-23T15:39:16.795+0000","2018-10-24T15:38:12.818+0000",121,"none","PRESERVED_SPECIMEN",5405436,6,7707728,220,414,3065,3149154,5405436,5405436,"Stifftia chrysantha Mikan","Stifftia chrysantha Mikan","Plantae","Tracheophyta","Asterales","Asteraceae","Stifftia","Stifftia chrysantha","Stifftia","chrysantha","SPECIES","ACCEPTED","2010-10-01T00:00:00","Rio de Janeiro",2009,8,22,"2009-08-22T00:00:00","2018-10-11T17:16:59.000+0000","2018-12-06T14:18:03.941+0000","http://creativecommons.org/licenses/by-nc/4.0/legalcode","none","none","none","WGS84","Magnoliopsida","BR","Brazil","FURB - Herbário Dr. Roberto Miguel Klein","BRA:FURB:FURB:0000038897","314","FURB - Herbário Dr. Roberto Miguel Klein","Itaboraí","Área do COMPERJ.","FURB",1077417963,"BRA:FURB:FURB:0000038897","Collection","Uhlmann, A.; et al.","38897","","Universidade Regional de Blumenau, FURB","Ribas, OS",30,"",0,"","pt","Universidade Regional de Blumenau, FURB","","","",NA,NA,NA,NA,"","","","","","",NA,NA,"",NA,NA,NA,NA,NA,"",NA,NA,NA,"","","",NA,NA,"","",NA,"","","",NA,NA,"Itaboraí","Rio de Janeiro","brazil",1430,"Itaboraí",3301900,-42.855458,-22.74967,"RIO DE JANEIRO","RJ","Rio de Janeiro",-42.66307908,-22.19581555,"Rio de Janeiro","rj",-22.661389,-42.807778,"original coordinates","original coordinates OK"
"12","Stifftia chrysantha",1424418910,-22.661389,-42.8075,"cdround,gass84","4300f8d5-1ae5-49e5-a101-63894b005868","838537fc-4aeb-4980-8b58-97fbdcd1d91a","none","da7fe11a-b42c-46cb-9e9d-02243edb738a","BR","DWC_ARCHIVE","2018-10-02T15:42:11.947+0000","2018-09-24T20:03:28.794+0000",207,"none","PRESERVED_SPECIMEN",5405436,6,7707728,220,414,3065,3149154,5405436,5405436,"Stifftia chrysantha Mikan","Stifftia chrysantha Mikan","Plantae","Tracheophyta","Asterales","Asteraceae","Stifftia","Stifftia chrysantha","Stifftia","chrysantha","SPECIES","ACCEPTED","none","Rio de Janeiro",2009,8,22,"2009-08-22T00:00:00","2017-10-18T23:01:02.570+0000","2018-12-06T17:00:11.444+0000","http://creativecommons.org/licenses/by/4.0/legalcode","none","none","none","WGS84","Magnoliopsida","BR","Brazil","Rio de Janeiro Botanical Garden","urn:catalog:JBRJ:RB:719904","","RB - Rio de Janeiro Botanical Garden Herbarium Collection","Itaboraí","Área do COMPERJ.","RB",1424418910,"urn:catalog:JBRJ:RB:719904","PhysicalObject","A. Uhlmann, et al.","RB00719904","RB 552330","JBRJ","RIBAS, O. S.",30,"Arbusto com 3m de altura de flores com cor alaranjada",NA,"","","","Floresta Ombrófila Densa Submontana","","",NA,NA,NA,NA,"","","","","","",NA,NA,"",NA,NA,NA,NA,NA,"",NA,NA,NA,"","","",NA,NA,"","",NA,"","","",NA,NA,"Itaboraí","Rio de Janeiro","brazil",1430,"Itaboraí",3301900,-42.855458,-22.74967,"RIO DE JANEIRO","RJ","Rio de Janeiro",-42.66307908,-22.19581555,"Rio de Janeiro","rj",-22.661389,-42.8075,"original coordinates","original coordinates OK"
"13","Stifftia chrysantha",1090582141,-22.9056,-47.0608,"gass84","1064b787-c882-493e-b17d-4ffba363b776","c47cd3b0-2178-4a4b-87a6-740b482970a9","none","b38ff2b7-c8af-454e-b5af-ee760f0d5bca","BR","DWC_ARCHIVE","2018-11-23T18:20:31.437+0000","2017-12-29T14:14:17.713+0000",129,"none","PRESERVED_SPECIMEN",5405436,6,7707728,220,414,3065,3149154,5405436,5405436,"Stifftia chrysantha Mikan","Stifftia chrysantha Mikan","Plantae","Tracheophyta","Asterales","Asteraceae","Stifftia","Stifftia chrysantha","Stifftia","chrysantha","SPECIES","ACCEPTED","2011-04-22T00:00:00","São Paulo",2008,9,22,"2008-09-22T00:00:00","2017-06-09T13:53:58.000+0000","2018-12-08T04:43:32.122+0000","http://creativecommons.org/licenses/by-nc/4.0/legalcode","none","none","none","WGS84","Magnoliopsida","BR","Brazil","IAC - Herbário do Instituto Agronômico de Campinas","BRA:IAC:IAC:0000055392","515","IAC - Herbário do Instituto Agronômico de Campinas","Campinas","IAC, Guanbara, Avenida Barão de Itapura, entre a casa do diretor e o herbário","IAC",1090582141,"BRA:IAC:IAC:0000055392","Collection","M. Monge","55392","","IAC","M. Monge",NA,"",NA,"","pt","Instituto Agronômico de Campinas, IAC","","","",NA,NA,NA,NA,"","","","","","",NA,NA,"",NA,NA,NA,NA,NA,"",NA,NA,NA,"","","",NA,NA,"","",NA,"","","",NA,NA,"Campinas","São Paulo","brazil",1373,"Campinas",3509502,-47.043665,-22.883678,"SAO PAULO","SP","São Paulo",-48.72944932,-22.26440593,"São Paulo","sp",-22.9056,-47.0608,"original coordinates","original coordinates OK"
"14","Stifftia chrysantha",1089271316,-23.400278,-51.930556,"gass84","08a179fe-9cd1-4d33-afef-266dd55c59cf","6cfcf69e-9ec1-48e1-be34-5201bdb63bd7","none","b38ff2b7-c8af-454e-b5af-ee760f0d5bca","BR","DWC_ARCHIVE","2018-11-23T15:39:38.455+0000","2017-12-29T14:22:45.322+0000",131,"none","PRESERVED_SPECIMEN",5405436,6,7707728,220,414,3065,3149154,5405436,5405436,"Stifftia chrysantha Mikan","Stifftia chrysantha Mikan","Plantae","Tracheophyta","Asterales","Asteraceae","Stifftia","Stifftia chrysantha","Stifftia","chrysantha","SPECIES","ACCEPTED","none","Paraná",2007,4,26,"2007-04-26T00:00:00","2015-09-17T12:51:38.000+0000","2018-12-08T04:39:34.574+0000","http://creativecommons.org/licenses/by-nc/4.0/legalcode","none","none","none","WGS84","Magnoliopsida","BR","Brazil","HUEM - Herbário UEM","BRA:UEM:HUEM:0000013497","95","HUEM - Herbário UEM","Maringá","Câmpus sede da Universidade Estadual de Maringá","HUEM",1089271316,"BRA:UEM:HUEM:0000013497","Collection","Orfrini, A.C.","13497","","UEM","Orfrini, A.C.",529.5,"Arbórea; altura entre 2 e 2,5m; flores alaranjadas e ""pappus"" amarelos; ornamental",28.5,"","pt","Universidade Estadual de Maringá, UEM","","","",NA,NA,NA,NA,"","","","","","",NA,NA,"",NA,NA,NA,NA,NA,"",NA,NA,NA,"","","",NA,NA,"","",NA,"","","",NA,NA,"Maringá","Paraná","brazil",1212,"Maringá",4115200,-51.967566,-23.400537,"PARANA","PR","Paraná",-51.61693027,-24.63581955,"Paraná","pr",-23.400278,-51.930556,"original coordinates","original coordinates OK"
"15","Stifftia chrysantha",1424237150,-22.566667,-43.466667,"cdround,gass84","4300f8d5-1ae5-49e5-a101-63894b005868","838537fc-4aeb-4980-8b58-97fbdcd1d91a","none","da7fe11a-b42c-46cb-9e9d-02243edb738a","BR","DWC_ARCHIVE","2018-10-02T15:40:22.833+0000","2018-09-24T20:01:40.774+0000",207,"none","PRESERVED_SPECIMEN",5405436,6,7707728,220,414,3065,3149154,5405436,5405436,"Stifftia chrysantha Mikan","Stifftia chrysantha Mikan","Plantae","Tracheophyta","Asterales","Asteraceae","Stifftia","Stifftia chrysantha","Stifftia","chrysantha","SPECIES","ACCEPTED","none","Rio de Janeiro",2007,4,19,"2007-04-19T00:00:00","","2018-12-06T16:58:26.377+0000","http://creativecommons.org/licenses/by/4.0/legalcode","none","none","none","WGS84","Magnoliopsida","BR","Brazil","Rio de Janeiro Botanical Garden","urn:catalog:JBRJ:RB:520250","732","RB - Rio de Janeiro Botanical Garden Herbarium Collection","Nova Iguaçu","Reserva Biológica do Tinguá. trilha da represa.","RB",1424237150,"urn:catalog:JBRJ:RB:520250","PhysicalObject","G. Heiden; J.F.A. Baumgratz, L.S.Sylvestre, G. Somner, F.A.F. Santos Filho, W. da Silva e S. Neto.","RB00520250","RB 462283","JBRJ","M. Monge",805,"Arbusto ramos escandentes, ca. 3 m, em subosque de mata submontana, solo arenoso, folhas concolores verde-escuras, capítulos com flores vistosas, brácteas involucrais verde claras, pappus e corola laranja vivo.",NA,"","","","","","",NA,NA,NA,NA,"","","","","","",NA,NA,"",NA,NA,NA,NA,NA,"",NA,NA,NA,"","","",NA,NA,"","",NA,"","","",NA,NA,"Nova Iguaçu","Rio de Janeiro","brazil",1460,"Nova Iguaçu",3303500,-43.503733,-22.689201,"RIO DE JANEIRO","RJ","Rio de Janeiro",-42.66307908,-22.19581555,"Rio de Janeiro","rj",-22.566667,-43.466667,"original coordinates","original coordinates OK"
"16","Stifftia chrysantha",1424158242,-22.407778,-42.738055,"cdround,gass84","4300f8d5-1ae5-49e5-a101-63894b005868","838537fc-4aeb-4980-8b58-97fbdcd1d91a","none","da7fe11a-b42c-46cb-9e9d-02243edb738a","BR","DWC_ARCHIVE","2018-10-02T15:39:33.017+0000","2018-09-24T20:00:59.546+0000",207,"none","PRESERVED_SPECIMEN",5405436,6,7707728,220,414,3065,3149154,5405436,5405436,"Stifftia chrysantha Mikan","Stifftia chrysantha Mikan","Plantae","Tracheophyta","Asterales","Asteraceae","Stifftia","Stifftia chrysantha","Stifftia","chrysantha","SPECIES","ACCEPTED","none","Rio de Janeiro",2006,8,24,"2006-08-24T00:00:00","2017-10-19T06:26:41.072+0000","2018-12-06T16:57:46.526+0000","http://creativecommons.org/licenses/by/4.0/legalcode","none","none","none","WGS84","Magnoliopsida","BR","Brazil","Rio de Janeiro Botanical Garden","urn:catalog:JBRJ:RB:425788","1028","RB - Rio de Janeiro Botanical Garden Herbarium Collection","Cachoeiras de Macacu","Trilha após o alojamento da Sede.","RB",1424158242,"urn:catalog:JBRJ:RB:425788","PhysicalObject","A. Quinet; et al","RB00425788","RB 432625","JBRJ","M. Monge",200,"Árvore de 4 m de altura. Folhas discolores verdes cartáceas. Capítulos com brácteas verde-amarelada. Flores com papus amarelo. Semi-heliófila.",NA,"","","","Na borda de trilha em Floresta Ombrófila Densa.","","",NA,NA,NA,NA,"","","","","","",NA,NA,"",NA,NA,NA,NA,NA,"",NA,NA,NA,"","","",NA,NA,"","",NA,"","","",NA,NA,"Cachoeiras de Macacu","Rio de Janeiro","brazil",1523,"Cachoeiras de Macacu",3300803,-42.729308,-22.515423,"RIO DE JANEIRO","RJ","Rio de Janeiro",-42.66307908,-22.19581555,"Rio de Janeiro","rj",-22.407778,-42.738055,"original coordinates","original coordinates OK"
"17","Stifftia chrysantha",1424230051,-22.505,-43.178611,"cdround,gass84","4300f8d5-1ae5-49e5-a101-63894b005868","838537fc-4aeb-4980-8b58-97fbdcd1d91a","none","da7fe11a-b42c-46cb-9e9d-02243edb738a","BR","DWC_ARCHIVE","2018-10-02T15:40:18.325+0000","2018-09-24T20:01:36.567+0000",207,"none","PRESERVED_SPECIMEN",5405436,6,7707728,220,414,3065,3149154,5405436,5405436,"Stifftia chrysantha Mikan","Stifftia chrysantha Mikan","Plantae","Tracheophyta","Asterales","Asteraceae","Stifftia","Stifftia chrysantha","Stifftia","chrysantha","SPECIES","ACCEPTED","none","Rio de Janeiro",2006,8,20,"2006-08-20T00:00:00","2017-10-19T10:46:53.581+0000","2018-12-06T16:58:22.805+0000","http://creativecommons.org/licenses/by/4.0/legalcode","none","none","none","WGS84","Magnoliopsida","BR","Brazil","Rio de Janeiro Botanical Garden","urn:catalog:JBRJ:RB:511685","270","RB - Rio de Janeiro Botanical Garden Herbarium Collection","Petrópolis","Feira livre do Alto da Serra.","RB",1424230051,"urn:catalog:JBRJ:RB:511685","PhysicalObject","Leitão, F.","RB00511685","RB 454881","JBRJ","M. Monge",NA,"Planta adquirida na feira livre do Alto da Serra. Flores amarelas. Ornamental.",NA,"","","","","","",NA,NA,NA,NA,"","","","","","",NA,NA,"",NA,NA,NA,NA,NA,"",NA,NA,NA,"","","",NA,NA,"","",NA,"","","",NA,NA,"Petrópolis","Rio de Janeiro","brazil",1574,"Petrópolis",3303906,-43.155902,-22.393567,"RIO DE JANEIRO","RJ","Rio de Janeiro",-42.66307908,-22.19581555,"Rio de Janeiro","rj",-22.505,-43.178611,"original coordinates","original coordinates OK"
"18","Stifftia chrysantha",1424215512,-22.495555,-42.911667,"cdround,gass84","4300f8d5-1ae5-49e5-a101-63894b005868","838537fc-4aeb-4980-8b58-97fbdcd1d91a","none","da7fe11a-b42c-46cb-9e9d-02243edb738a","BR","DWC_ARCHIVE","2018-10-02T15:40:09.578+0000","2018-09-24T20:01:29.072+0000",207,"none","PRESERVED_SPECIMEN",5405436,6,7707728,220,414,3065,3149154,5405436,5405436,"Stifftia chrysantha Mikan","Stifftia chrysantha Mikan","Plantae","Tracheophyta","Asterales","Asteraceae","Stifftia","Stifftia chrysantha","Stifftia","chrysantha","SPECIES","ACCEPTED","none","Rio de Janeiro",2006,9,2,"2006-09-02T00:00:00","2017-10-19T06:25:46.176+0000","2018-12-06T16:58:14.956+0000","http://creativecommons.org/licenses/by/4.0/legalcode","none","none","none","WGS84","Magnoliopsida","BR","Brazil","Rio de Janeiro Botanical Garden","urn:catalog:JBRJ:RB:485614","3151","RB - Rio de Janeiro Botanical Garden Herbarium Collection","Magé","Estrada de Parada Modelo para Cachoeiras de Macacu, ramal de acesso ao Centro de Primatologia da FEEMA.","RB",1424215512,"urn:catalog:JBRJ:RB:485614","PhysicalObject","P.Fiaschi; A.Q.Lobão","RB00485614","RB 448038","JBRJ","M. Monge",50,"Panta escandente, comum em orla no início da trilha. Inflorescência com filárias verde-claras. frutos com pápus laranja-vivo.",NA,"","","","Floresta ombrófila densa, em trilha à esquerda da reserva, em direção a Guapimirim.","","",NA,NA,NA,NA,"","","","","","",NA,NA,"",NA,NA,NA,NA,NA,"",NA,NA,NA,"","","",NA,NA,"","",NA,"","","",NA,NA,"Magé","Rio de Janeiro","brazil",1489,"Magé",3302502,-43.112115,-22.608989,"RIO DE JANEIRO","RJ","Rio de Janeiro",-42.66307908,-22.19581555,"Rio de Janeiro","rj",-22.495555,-42.911667,"original coordinates","original coordinates outside municipality original in mage falls in guapimirim"
"19","Stifftia chrysantha",1090571871,-22.9056,-47.065751,"gass84","1064b787-c882-493e-b17d-4ffba363b776","c47cd3b0-2178-4a4b-87a6-740b482970a9","none","b38ff2b7-c8af-454e-b5af-ee760f0d5bca","BR","DWC_ARCHIVE","2018-11-23T18:20:24.985+0000","2018-06-04T12:02:24.043+0000",129,"none","PRESERVED_SPECIMEN",5405436,6,7707728,220,414,3065,3149154,5405436,5405436,"Stifftia chrysantha Mikan","Stifftia chrysantha Mikan","Plantae","Tracheophyta","Asterales","Asteraceae","Stifftia","Stifftia chrysantha","Stifftia","chrysantha","SPECIES","ACCEPTED","2010-05-01T00:00:00","São Paulo",2005,3,1,"2005-03-01T00:00:00","2018-05-22T12:52:37.000+0000","2018-12-08T04:43:25.838+0000","http://creativecommons.org/licenses/by-nc/4.0/legalcode","none","none","none","WGS84","Magnoliopsida","BR","Brazil","IAC - Herbário do Instituto Agronômico de Campinas","BRA:IAC:IAC:0000044988","49","IAC - Herbário do Instituto Agronômico de Campinas","Campinas","IAC, Av. Barão de Itapura, Parque","IAC",1090571871,"BRA:IAC:IAC:0000044988","Collection","F.R.G. Amaral","44988","","IAC","F.O. Souza-Buturi",NA,"",NA,"","pt","Instituto Agronômico de Campinas, IAC","","","",NA,NA,NA,NA,"","","","","","",NA,NA,"",NA,NA,NA,NA,NA,"",NA,NA,NA,"","","",NA,NA,"","",NA,"","","",NA,NA,"Campinas","São Paulo","brazil",1373,"Campinas",3509502,-47.043665,-22.883678,"SAO PAULO","SP","São Paulo",-48.72944932,-22.26440593,"São Paulo","sp",-22.9056,-47.065751,"original coordinates","original coordinates OK"
"20","Stifftia chrysantha",1090572964,-22.9056,-47.065751,"gass84","1064b787-c882-493e-b17d-4ffba363b776","c47cd3b0-2178-4a4b-87a6-740b482970a9","none","b38ff2b7-c8af-454e-b5af-ee760f0d5bca","BR","DWC_ARCHIVE","2018-11-23T18:20:25.699+0000","2018-06-04T12:02:24.291+0000",129,"none","PRESERVED_SPECIMEN",5405436,6,7707728,220,414,3065,3149154,5405436,5405436,"Stifftia chrysantha Mikan","Stifftia chrysantha Mikan","Plantae","Tracheophyta","Asterales","Asteraceae","Stifftia","Stifftia chrysantha","Stifftia","chrysantha","SPECIES","ACCEPTED","2005-06-07T00:00:00","São Paulo",2005,6,7,"2005-06-07T00:00:00","2018-05-22T12:52:37.000+0000","2018-12-08T04:43:26.408+0000","http://creativecommons.org/licenses/by-nc/4.0/legalcode","none","none","none","WGS84","Magnoliopsida","BR","Brazil","IAC - Herbário do Instituto Agronômico de Campinas","BRA:IAC:IAC:0000046055","80","IAC - Herbário do Instituto Agronômico de Campinas","Campinas","IAC, Av. Barão de Itapura, Parque","IAC",1090572964,"BRA:IAC:IAC:0000046055","Collection","F.R.G. Amaral","46055","","IAC","F.R.G. Amaral",NA,"",NA,"","pt","Instituto Agronômico de Campinas, IAC","","","",NA,NA,NA,NA,"","","","","","",NA,NA,"",NA,NA,NA,NA,NA,"",NA,NA,NA,"","","",NA,NA,"","",NA,"","","",NA,NA,"Campinas","São Paulo","brazil",1373,"Campinas",3509502,-47.043665,-22.883678,"SAO PAULO","SP","São Paulo",-48.72944932,-22.26440593,"São Paulo","sp",-22.9056,-47.065751,"original coordinates","original coordinates OK"
"21","Stifftia chrysantha",1424380663,-22.230278,-41.789722,"cdround,gass84","4300f8d5-1ae5-49e5-a101-63894b005868","838537fc-4aeb-4980-8b58-97fbdcd1d91a","none","da7fe11a-b42c-46cb-9e9d-02243edb738a","BR","DWC_ARCHIVE","2018-10-02T15:41:49.454+0000","2018-09-24T20:02:56.961+0000",207,"none","PRESERVED_SPECIMEN",5405436,6,7707728,220,414,3065,3149154,5405436,5405436,"Stifftia chrysantha Mikan","Stifftia chrysantha Mikan","Plantae","Tracheophyta","Asterales","Asteraceae","Stifftia","Stifftia chrysantha","Stifftia","chrysantha","SPECIES","ACCEPTED","none","Rio de Janeiro",2005,6,26,"2005-06-26T00:00:00","2014-07-07T22:24:14.703+0000","2018-12-06T16:59:49.523+0000","http://creativecommons.org/licenses/by/4.0/legalcode","none","none","none","WGS84","Magnoliopsida","BR","Brazil","Rio de Janeiro Botanical Garden","urn:catalog:JBRJ:RB:676337","815","RB - Rio de Janeiro Botanical Garden Herbarium Collection","Macaé","Fragmento florestal em propriedade particular.","RB",1424380663,"urn:catalog:JBRJ:RB:676337","PhysicalObject","C.H.R.de Paula","RB00676337","RB 528710","JBRJ","",NA,"Arvoreta com as flores amarelo-alaranjadas.",NA,"","","","","","",NA,NA,NA,NA,"","","","","","",NA,NA,"",NA,NA,NA,NA,NA,"",NA,NA,NA,"","","",NA,NA,"","",NA,"","","",NA,NA,"Macaé","Rio de Janeiro","brazil",1602,"Macaé",3302403,-41.977936,-22.295939,"RIO DE JANEIRO","RJ","Rio de Janeiro",-42.66307908,-22.19581555,"Rio de Janeiro","rj",-22.230278,-41.789722,"original coordinates","original coordinates OK"
"22","Stifftia chrysantha",1090568472,-22.863721,-47.086761,"gass84","1064b787-c882-493e-b17d-4ffba363b776","c47cd3b0-2178-4a4b-87a6-740b482970a9","none","b38ff2b7-c8af-454e-b5af-ee760f0d5bca","BR","DWC_ARCHIVE","2018-11-23T18:20:22.616+0000","2018-06-04T12:02:22.225+0000",129,"none","PRESERVED_SPECIMEN",5405436,6,7707728,220,414,3065,3149154,5405436,5405436,"Stifftia chrysantha Mikan","Stifftia chrysantha Mikan","Plantae","Tracheophyta","Asterales","Asteraceae","Stifftia","Stifftia chrysantha","Stifftia","chrysantha","SPECIES","ACCEPTED","2007-12-02T00:00:00","São Paulo",2001,5,2,"2001-05-02T00:00:00","2018-05-22T12:52:37.000+0000","2018-12-08T04:43:24.397+0000","http://creativecommons.org/licenses/by-nc/4.0/legalcode","none","none","none","WGS84","Magnoliopsida","BR","Brazil","IAC - Herbário do Instituto Agronômico de Campinas","BRA:IAC:IAC:0000041559","460","IAC - Herbário do Instituto Agronômico de Campinas","Campinas","IAC, Fazenda Santa Elisa, Monjolinho, Quadra 34, L11, P11a","IAC",1090568472,"BRA:IAC:IAC:0000041559","Collection","J.E.A. Bertoni & A. Geremias","41559","","IAC","J. Semir",NA,"",NA,"","pt","Instituto Agronômico de Campinas, IAC","","","",NA,NA,NA,NA,"","","","","","",NA,NA,"",NA,NA,NA,NA,NA,"",NA,NA,NA,"","","",NA,NA,"","",NA,"","","",NA,NA,"Campinas","São Paulo","brazil",1373,"Campinas",3509502,-47.043665,-22.883678,"SAO PAULO","SP","São Paulo",-48.72944932,-22.26440593,"São Paulo","sp",-22.863721,-47.086761,"original coordinates","original coordinates OK"
"23","Stifftia chrysantha",1090566949,-22.9056,-47.065751,"gass84","1064b787-c882-493e-b17d-4ffba363b776","c47cd3b0-2178-4a4b-87a6-740b482970a9","none","b38ff2b7-c8af-454e-b5af-ee760f0d5bca","BR","DWC_ARCHIVE","2018-11-23T18:20:21.629+0000","2018-06-04T12:02:22.031+0000",129,"none","PRESERVED_SPECIMEN",5405436,6,7707728,220,414,3065,3149154,5405436,5405436,"Stifftia chrysantha Mikan","Stifftia chrysantha Mikan","Plantae","Tracheophyta","Asterales","Asteraceae","Stifftia","Stifftia chrysantha","Stifftia","chrysantha","SPECIES","ACCEPTED","2000-09-12T00:00:00","São Paulo",2000,9,12,"2000-09-12T00:00:00","2018-05-22T12:52:37.000+0000","2018-12-08T04:43:23.686+0000","http://creativecommons.org/licenses/by-nc/4.0/legalcode","none","none","none","WGS84","Magnoliopsida","BR","Brazil","IAC - Herbário do Instituto Agronômico de Campinas","BRA:IAC:IAC:0000040039","2","IAC - Herbário do Instituto Agronômico de Campinas","Campinas","IAC, Av. Barão de Itapura, Parque","IAC",1090566949,"BRA:IAC:IAC:0000040039","Collection","J.P. Cabral","40039","","IAC","J.P. Cabral",NA,"Cultivada",NA,"","pt","Instituto Agronômico de Campinas, IAC","","","",NA,NA,NA,NA,"","","","","","",NA,NA,"",NA,NA,NA,NA,NA,"",NA,NA,NA,"","","",NA,NA,"","",NA,"","","",NA,NA,"Campinas","São Paulo","brazil",1373,"Campinas",3509502,-47.043665,-22.883678,"SAO PAULO","SP","São Paulo",-48.72944932,-22.26440593,"São Paulo","sp",-22.9056,-47.065751,"original coordinates","original coordinates OK"
"24","Stifftia chrysantha",1424408767,-22.55,-43.266667,"cdround,gass84","4300f8d5-1ae5-49e5-a101-63894b005868","838537fc-4aeb-4980-8b58-97fbdcd1d91a","none","da7fe11a-b42c-46cb-9e9d-02243edb738a","BR","DWC_ARCHIVE","2018-10-02T15:42:06.165+0000","2018-09-24T20:03:23.058+0000",207,"none","PRESERVED_SPECIMEN",5405436,6,7707728,220,414,3065,3149154,5405436,5405436,"Stifftia chrysantha Mikan","Stifftia chrysantha Mikan","Plantae","Tracheophyta","Asterales","Asteraceae","Stifftia","Stifftia chrysantha","Stifftia","chrysantha","SPECIES","ACCEPTED","none","Rio de Janeiro",1999,8,30,"1999-08-30T00:00:00","2017-10-19T11:23:25.647+0000","2018-12-06T17:00:06.403+0000","http://creativecommons.org/licenses/by/4.0/legalcode","none","none","none","WGS84","Magnoliopsida","BR","Brazil","Rio de Janeiro Botanical Garden","urn:catalog:JBRJ:RB:707138","5406","RB - Rio de Janeiro Botanical Garden Herbarium Collection","Duque de Caxias","Garrão, Sítio Riacho dos Beija-flores, prox. Barragem de Saracuruna. Reserva da Petrobras","RB",1424408767,"urn:catalog:JBRJ:RB:707138","PhysicalObject","J.M.A.Braga; et al.","RB00707138","RB 347545","JBRJ","J.N.Nakajima",130,"Arvoreta, ca. 4 m de altura, ciófila. Folhas membranáceas. Capítulos amarelos com brácteas verde-claras. Flores com corola alaranjada.",NA,"","","","Mata alterada e densa. Morrote mamelonar.","","",NA,NA,NA,NA,"","","","","","",NA,NA,"",NA,NA,NA,NA,NA,"",NA,NA,NA,"","","",NA,NA,"","",NA,"","","",NA,NA,"Duque de Caxias","Rio de Janeiro","brazil",1484,"Duque de Caxias",3301702,-43.296925,-22.626515,"RIO DE JANEIRO","RJ","Rio de Janeiro",-42.66307908,-22.19581555,"Rio de Janeiro","rj",-22.55,-43.266667,"original coordinates","original coordinates OK"
"25","Stifftia chrysantha",1424408731,-22.55,-43.266667,"cdround,gass84","4300f8d5-1ae5-49e5-a101-63894b005868","838537fc-4aeb-4980-8b58-97fbdcd1d91a","none","da7fe11a-b42c-46cb-9e9d-02243edb738a","BR","DWC_ARCHIVE","2018-10-02T15:42:06.129+0000","2018-09-24T20:03:22.977+0000",207,"none","PRESERVED_SPECIMEN",5405436,6,7707728,220,414,3065,3149154,5405436,5405436,"Stifftia chrysantha Mikan","Stifftia chrysantha Mikan","Plantae","Tracheophyta","Asterales","Asteraceae","Stifftia","Stifftia chrysantha","Stifftia","chrysantha","SPECIES","ACCEPTED","none","Rio de Janeiro",1998,10,21,"1998-10-21T00:00:00","","2018-12-06T17:00:06.319+0000","http://creativecommons.org/licenses/by/4.0/legalcode","none","none","none","WGS84","Magnoliopsida","BR","Brazil","Rio de Janeiro Botanical Garden","urn:catalog:JBRJ:RB:707129","88","RB - Rio de Janeiro Botanical Garden Herbarium Collection","Duque de Caxias","Trilha em direção ao alto do morro que é circundado pelo lago. Reserva da Petrobras","RB",1424408731,"urn:catalog:JBRJ:RB:707129","PhysicalObject","A.Quinet; et al.","RB00707129","RB 347532","JBRJ","",NA,"Arvoreta decumbente, com 2,5 m alt., tronco de casca lisa, folhas membranaceas a cartaceas, flores com papus alaranjados. Semi-ciofila no interior da mata.",NA,"","","","Floresta ombrofila densa degradada.","","",NA,NA,NA,NA,"","","","","","",NA,NA,"",NA,NA,NA,NA,NA,"",NA,NA,NA,"","","",NA,NA,"","",NA,"","","",NA,NA,"Duque de Caxias","Rio de Janeiro","brazil",1484,"Duque de Caxias",3301702,-43.296925,-22.626515,"RIO DE JANEIRO","RJ","Rio de Janeiro",-42.66307908,-22.19581555,"Rio de Janeiro","rj",-22.55,-43.266667,"original coordinates","original coordinates OK"
"26","Stifftia chrysantha",1424408736,-22.55,-43.266667,"cdround,gass84","4300f8d5-1ae5-49e5-a101-63894b005868","838537fc-4aeb-4980-8b58-97fbdcd1d91a","none","da7fe11a-b42c-46cb-9e9d-02243edb738a","BR","DWC_ARCHIVE","2018-10-02T15:42:06.114+0000","2018-09-24T20:03:23.061+0000",207,"none","PRESERVED_SPECIMEN",5405436,6,7707728,220,414,3065,3149154,5405436,5405436,"Stifftia chrysantha Mikan","Stifftia chrysantha Mikan","Plantae","Tracheophyta","Asterales","Asteraceae","Stifftia","Stifftia chrysantha","Stifftia","chrysantha","SPECIES","ACCEPTED","none","Rio de Janeiro",1997,5,7,"1997-05-07T00:00:00","","2018-12-06T17:00:06.399+0000","http://creativecommons.org/licenses/by/4.0/legalcode","none","none","none","WGS84","Magnoliopsida","BR","Brazil","Rio de Janeiro Botanical Garden","urn:catalog:JBRJ:RB:707120","916","RB - Rio de Janeiro Botanical Garden Herbarium Collection","Duque de Caxias","Trilha ao redor da barragem, lado direito, interior de mata. Reserva da Petrobras","RB",1424408736,"urn:catalog:JBRJ:RB:707120","PhysicalObject","S.J.Silva Neto; et al.","RB00707120","RB 347523","JBRJ","A.Quinet",NA,"Árvore ciófila, ca. 8,0 m de altura; folhas breve discolores cartáceas; inflorescência com brácteas verdes, passadas cor de palha seca; flores com pappus de cor laranja.",NA,"","","","","","",NA,NA,NA,NA,"","","","","","",NA,NA,"",NA,NA,NA,NA,NA,"",NA,NA,NA,"","","",NA,NA,"","",NA,"","","",NA,NA,"Duque de Caxias","Rio de Janeiro","brazil",1484,"Duque de Caxias",3301702,-43.296925,-22.626515,"RIO DE JANEIRO","RJ","Rio de Janeiro",-42.66307908,-22.19581555,"Rio de Janeiro","rj",-22.55,-43.266667,"original coordinates","original coordinates OK"
"27","Stifftia chrysantha",1424408828,-22.55,-43.266667,"cdround,gass84","4300f8d5-1ae5-49e5-a101-63894b005868","838537fc-4aeb-4980-8b58-97fbdcd1d91a","none","da7fe11a-b42c-46cb-9e9d-02243edb738a","BR","DWC_ARCHIVE","2018-10-02T15:42:06.121+0000","2018-09-24T20:03:23.048+0000",207,"none","PRESERVED_SPECIMEN",5405436,6,7707728,220,414,3065,3149154,5405436,5405436,"Stifftia chrysantha Mikan","Stifftia chrysantha Mikan","Plantae","Tracheophyta","Asterales","Asteraceae","Stifftia","Stifftia chrysantha","Stifftia","chrysantha","SPECIES","ACCEPTED","none","Rio de Janeiro",1997,8,25,"1997-08-25T00:00:00","2017-10-19T11:34:58.958+0000","2018-12-06T17:00:06.509+0000","http://creativecommons.org/licenses/by/4.0/legalcode","none","none","none","WGS84","Magnoliopsida","BR","Brazil","Rio de Janeiro Botanical Garden","urn:catalog:JBRJ:RB:707126","931","RB - Rio de Janeiro Botanical Garden Herbarium Collection","Duque de Caxias","Trilha do Sangradouro. Reserva da Petrobras","RB",1424408828,"urn:catalog:JBRJ:RB:707126","PhysicalObject","S.J.Silva Neto; et al.","RB00707126","RB 347522","JBRJ","",60,"Arvoreta semi-heliófita; ca. 3,5 m de altura; folhas concolores cartáceas; flores com cálice verde e corola laranja; frutos com cerdas cor de laranja.",NA,"","","","","","",NA,NA,NA,NA,"","","","","","",NA,NA,"",NA,NA,NA,NA,NA,"",NA,NA,NA,"","","",NA,NA,"","",NA,"","","",NA,NA,"Duque de Caxias","Rio de Janeiro","brazil",1484,"Duque de Caxias",3301702,-43.296925,-22.626515,"RIO DE JANEIRO","RJ","Rio de Janeiro",-42.66307908,-22.19581555,"Rio de Janeiro","rj",-22.55,-43.266667,"original coordinates","original coordinates OK"
"28","Stifftia chrysantha",1424408702,-22.55,-43.266667,"cdround,gass84,muluriiv","4300f8d5-1ae5-49e5-a101-63894b005868","838537fc-4aeb-4980-8b58-97fbdcd1d91a","none","da7fe11a-b42c-46cb-9e9d-02243edb738a","BR","DWC_ARCHIVE","2018-10-02T15:42:06.131+0000","2018-09-24T20:03:23.050+0000",207,"none","PRESERVED_SPECIMEN",5405436,6,7707728,220,414,3065,3149154,5405436,5405436,"Stifftia chrysantha Mikan","Stifftia chrysantha Mikan","Plantae","Tracheophyta","Asterales","Asteraceae","Stifftia","Stifftia chrysantha","Stifftia","chrysantha","SPECIES","ACCEPTED","none","Rio de Janeiro",1997,8,28,"1997-08-28T00:00:00","2017-10-19T11:23:28.577+0000","2018-12-06T17:00:06.385+0000","http://creativecommons.org/licenses/by/4.0/legalcode","none","none","none","WGS84","Magnoliopsida","BR","Brazil","Rio de Janeiro Botanical Garden","urn:catalog:JBRJ:RB:707116","697","RB - Rio de Janeiro Botanical Garden Herbarium Collection","Duque de Caxias","Rio Pedra Branca. Reserva da Petrobras","RB",1424408702,"urn:catalog:JBRJ:RB:707116","PhysicalObject","J.A.Lira Neto; et al.","RB00707116","RB 347521","JBRJ","J.M.A.Braga",NA,"Árvore com cerca de 6m de altura, com folhas cartáceas breve discolores. Inflorescências com brácteas involucrais verdes; papus de coloração castanho-amarelado, semi-umbrófila.",NA,"","","","","","",NA,NA,NA,NA,"","","","","","",NA,NA,"",NA,NA,NA,NA,NA,"",NA,NA,NA,"","","",NA,NA,"","",NA,"","","",NA,NA,"Duque de Caxias","Rio de Janeiro","brazil",1484,"Duque de Caxias",3301702,-43.296925,-22.626515,"RIO DE JANEIRO","RJ","Rio de Janeiro",-42.66307908,-22.19581555,"Rio de Janeiro","rj",-22.55,-43.266667,"original coordinates","original coordinates OK"
"29","Stifftia chrysantha",1090559428,-22.9056,-47.0608,"gass84","1064b787-c882-493e-b17d-4ffba363b776","c47cd3b0-2178-4a4b-87a6-740b482970a9","none","b38ff2b7-c8af-454e-b5af-ee760f0d5bca","BR","DWC_ARCHIVE","2018-11-23T18:20:16.436+0000","2017-12-29T14:14:08.168+0000",129,"none","PRESERVED_SPECIMEN",5405436,6,7707728,220,414,3065,3149154,5405436,5405436,"Stifftia chrysantha Mikan","Stifftia chrysantha Mikan","Plantae","Tracheophyta","Asterales","Asteraceae","Stifftia","Stifftia chrysantha","Stifftia","chrysantha","SPECIES","ACCEPTED","1997-11-03T00:00:00","São Paulo",1995,7,12,"1995-07-12T00:00:00","2017-06-09T13:53:58.000+0000","2018-12-08T04:43:20.605+0000","http://creativecommons.org/licenses/by-nc/4.0/legalcode","none","none","none","WGS84","Magnoliopsida","BR","Brazil","IAC - Herbário do Instituto Agronômico de Campinas","BRA:IAC:IAC:0000031992","1","IAC - Herbário do Instituto Agronômico de Campinas","Campinas","Instituto Agronômico de Campinas","IAC",1090559428,"BRA:IAC:IAC:0000031992","Collection","R.A. Mendes & M. Borges","31992","","IAC","D.J.N. Hind",NA,"",NA,"","pt","Instituto Agronômico de Campinas, IAC","","","",NA,NA,NA,NA,"","","","","","",NA,NA,"",NA,NA,NA,NA,NA,"",NA,NA,NA,"","","",NA,NA,"","",NA,"","","",NA,NA,"Campinas","São Paulo","brazil",1373,"Campinas",3509502,-47.043665,-22.883678,"SAO PAULO","SP","São Paulo",-48.72944932,-22.26440593,"São Paulo","sp",-22.9056,-47.0608,"original coordinates","original coordinates OK"
"30","Stifftia chrysantha",1424175273,-22.5,-42.25,"gass84","4300f8d5-1ae5-49e5-a101-63894b005868","838537fc-4aeb-4980-8b58-97fbdcd1d91a","none","da7fe11a-b42c-46cb-9e9d-02243edb738a","BR","DWC_ARCHIVE","2018-10-02T15:39:43.898+0000","2018-09-24T20:01:08.558+0000",207,"none","PRESERVED_SPECIMEN",5405436,6,7707728,220,414,3065,3149154,5405436,5405436,"Stifftia chrysantha Mikan","Stifftia chrysantha Mikan","Plantae","Tracheophyta","Asterales","Asteraceae","Stifftia","Stifftia chrysantha","Stifftia","chrysantha","SPECIES","ACCEPTED","none","Rio de Janeiro",1994,6,16,"1994-06-16T00:00:00","2017-10-18T17:04:59.773+0000","2018-12-06T16:57:55.262+0000","http://creativecommons.org/licenses/by/4.0/legalcode","none","none","none","WGS84","Magnoliopsida","BR","Brazil","Rio de Janeiro Botanical Garden","urn:catalog:JBRJ:RB:442190","254","RB - Rio de Janeiro Botanical Garden Herbarium Collection","Silva Jardim","Trilha  direita após a Casa do Morcego. Reserva Biológica de Poço das Antas","RB",1424175273,"urn:catalog:JBRJ:RB:442190","PhysicalObject","D.S.Farias; et al.","RB00442190","RB 310952","JBRJ","M. Monge",NA,"Arbusto c/ 3,5m de alt. Flores em capítulo, vistosas, c/ estames amarelos. Fruto aquênio, enegrescido. Os estames mantém sua coloração por muito tempo.",NA,"","","","","","",NA,NA,NA,NA,"","","","","","",NA,NA,"",NA,NA,NA,NA,NA,"",NA,NA,NA,"","","",NA,NA,"","",NA,"","","",NA,NA,"Silva Jardim","Rio de Janeiro","brazil",1506,"Silva Jardim",3305604,-42.414048,-22.567613,"RIO DE JANEIRO","RJ","Rio de Janeiro",-42.66307908,-22.19581555,"Rio de Janeiro","rj",-22.5,-42.25,"original coordinates","original coordinates outside municipality original in silva jardim falls in casimiro de abreu"
"31","Stifftia chrysantha",1424176902,-22.5,-42.25,"gass84","4300f8d5-1ae5-49e5-a101-63894b005868","838537fc-4aeb-4980-8b58-97fbdcd1d91a","none","da7fe11a-b42c-46cb-9e9d-02243edb738a","BR","DWC_ARCHIVE","2018-10-02T15:39:44.846+0000","2018-09-24T20:01:09.367+0000",207,"none","PRESERVED_SPECIMEN",5405436,6,7707728,220,414,3065,3149154,5405436,5405436,"Stifftia chrysantha Mikan","Stifftia chrysantha Mikan","Plantae","Tracheophyta","Asterales","Asteraceae","Stifftia","Stifftia chrysantha","Stifftia","chrysantha","SPECIES","ACCEPTED","none","Rio de Janeiro",1994,6,21,"1994-06-21T00:00:00","2017-10-18T17:59:26.663+0000","2018-12-06T16:57:55.896+0000","http://creativecommons.org/licenses/by/4.0/legalcode","none","none","none","WGS84","Magnoliopsida","BR","Brazil","Rio de Janeiro Botanical Garden","urn:catalog:JBRJ:RB:443689","74","RB - Rio de Janeiro Botanical Garden Herbarium Collection","Silva Jardim","Encosta-area da parcela 5A. Reserva Biológica de Poço das Antas","RB",1424176902,"urn:catalog:JBRJ:RB:443689","PhysicalObject","A.Piratininga; et al.","RB00443689","RB 321823","JBRJ","M. Monge",NA,"árvore com 6 m de altura; folhas discolores verdes; brácteas verde-claras; inflorescência amarelo-vivo; flores amarelo-vivo. Frequente.",NA,"","","","","","",NA,NA,NA,NA,"","","","","","",NA,NA,"",NA,NA,NA,NA,NA,"",NA,NA,NA,"","","",NA,NA,"","",NA,"","","",NA,NA,"Silva Jardim","Rio de Janeiro","brazil",1506,"Silva Jardim",3305604,-42.414048,-22.567613,"RIO DE JANEIRO","RJ","Rio de Janeiro",-42.66307908,-22.19581555,"Rio de Janeiro","rj",-22.5,-42.25,"original coordinates","original coordinates outside municipality original in silva jardim falls in casimiro de abreu"
"32","Stifftia chrysantha",1424175525,-22.5,-42.25,"gass84","4300f8d5-1ae5-49e5-a101-63894b005868","838537fc-4aeb-4980-8b58-97fbdcd1d91a","none","da7fe11a-b42c-46cb-9e9d-02243edb738a","BR","DWC_ARCHIVE","2018-10-02T15:39:44.115+0000","2018-09-24T20:01:08.736+0000",207,"none","PRESERVED_SPECIMEN",5405436,6,7707728,220,414,3065,3149154,5405436,5405436,"Stifftia chrysantha Mikan","Stifftia chrysantha Mikan","Plantae","Tracheophyta","Asterales","Asteraceae","Stifftia","Stifftia chrysantha","Stifftia","chrysantha","SPECIES","ACCEPTED","none","Rio de Janeiro",1993,7,7,"1993-07-07T00:00:00","2017-10-18T17:51:58.469+0000","2018-12-06T16:57:55.256+0000","http://creativecommons.org/licenses/by/4.0/legalcode","none","none","none","WGS84","Magnoliopsida","BR","Brazil","Rio de Janeiro Botanical Garden","urn:catalog:JBRJ:RB:442393","4770","RB - Rio de Janeiro Botanical Garden Herbarium Collection","Silva Jardim","Aceiro da casa do Proj. Mico-leao-dourado, atras da mata dos barbados. Reserva Biológica de Poço das Antas","RB",1424175525,"urn:catalog:JBRJ:RB:442393","PhysicalObject","H.C.de Lima; et al.","RB00442393","RB 310048","JBRJ","M. Monge",NA,"Arvoreta com 3,5m de alt. Infl.amarelo-alaranjada. Ocasional.",NA,"","","","","","",NA,NA,NA,NA,"","","","","","",NA,NA,"",NA,NA,NA,NA,NA,"",NA,NA,NA,"","","",NA,NA,"","",NA,"","","",NA,NA,"Silva Jardim","Rio de Janeiro","brazil",1506,"Silva Jardim",3305604,-42.414048,-22.567613,"RIO DE JANEIRO","RJ","Rio de Janeiro",-42.66307908,-22.19581555,"Rio de Janeiro","rj",-22.5,-42.25,"original coordinates","original coordinates outside municipality original in silva jardim falls in casimiro de abreu"
"33","Stifftia chrysantha",1849006663,-22.71278,-47.62639,"","7f5260c2-f762-11e1-a439-00145eb45e9a","4e11d750-bafb-11d9-8e53-b8a03c50a862","none","602f1096-f762-11e1-a439-00145eb45e9a","AT","BIOCASE","2018-12-06T05:11:00.612+0000","2018-11-05T11:53:23.694+0000",41,"none","PRESERVED_SPECIMEN",5405436,6,7707728,220,414,3065,3149154,5405436,5405436,"Stifftia chrysantha Mikan","Stifftia chrysantha Mikan","Plantae","Tracheophyta","Asterales","Asteraceae","Stifftia","Stifftia chrysantha","Stifftia","chrysantha","SPECIES","ACCEPTED","none","",1993,7,2,"1993-07-02T00:00:00","","2018-12-08T22:47:31.391+0000","http://creativecommons.org/licenses/by/4.0/legalcode","none","none","none","WGS84","Magnoliopsida","BR","Brazil","","","","","","Brasil, São Paulo, Piracicaba, Parque da ESALQ (Horticultura), 22°42'46,10"" seg. - SUL, 47°37'35,60"" seg. - OESTE.","Herbarium W",1849006663,"","","Barreto,K.D. , Fernandes,G.D. & Vitti,F.X.","2016-0002798","","W","R. R. Rodrigues, V. C. Souza & L. Capellari jr. 1993-08-02",NA,"",NA,"","","","","","",NA,NA,NA,NA,"","","","","","",NA,NA,"",NA,NA,NA,NA,NA,"",NA,NA,NA,"","","",NA,NA,"","",NA,"","","",NA,NA,"","","brazil",NA,"",NA,NA,NA,"","","",NA,NA,NA,"",-22.71278,-47.62639,"original coordinates","original coordinates outside municipality original in  falls in piracicaba"
"34","Stifftia chrysantha",1424176042,-22.5,-42.25,"gass84","4300f8d5-1ae5-49e5-a101-63894b005868","838537fc-4aeb-4980-8b58-97fbdcd1d91a","none","da7fe11a-b42c-46cb-9e9d-02243edb738a","BR","DWC_ARCHIVE","2018-10-02T15:39:44.330+0000","2018-09-24T20:01:09.001+0000",207,"none","PRESERVED_SPECIMEN",5405436,6,7707728,220,414,3065,3149154,5405436,5405436,"Stifftia chrysantha Mikan","Stifftia chrysantha Mikan","Plantae","Tracheophyta","Asterales","Asteraceae","Stifftia","Stifftia chrysantha","Stifftia","chrysantha","SPECIES","ACCEPTED","none","Rio de Janeiro",1993,12,1,"1993-12-01T00:00:00","2017-10-11T14:03:55.968+0000","2018-12-06T16:57:55.686+0000","http://creativecommons.org/licenses/by/4.0/legalcode","none","none","none","WGS84","Magnoliopsida","BR","Brazil","Rio de Janeiro Botanical Garden","urn:catalog:JBRJ:RB:442884","139","RB - Rio de Janeiro Botanical Garden Herbarium Collection","Silva Jardim","Est. Juturnaiba, direita - Km 3. Reserva Biológica de Poço das Antas","RB",1424176042,"urn:catalog:JBRJ:RB:442884","PhysicalObject","C.Luchiari; et al.","RB00442884","RB 323078","JBRJ","M. Monge",NA,"Árvore ca de 3m, tronco frisado, folhas verde face  superior, verde clara face inferior, flor passada, papus dourado e aquenio castanho.",NA,"","","","","","",NA,NA,NA,NA,"","","","","","",NA,NA,"",NA,NA,NA,NA,NA,"",NA,NA,NA,"","","",NA,NA,"","",NA,"","","",NA,NA,"Silva Jardim","Rio de Janeiro","brazil",1506,"Silva Jardim",3305604,-42.414048,-22.567613,"RIO DE JANEIRO","RJ","Rio de Janeiro",-42.66307908,-22.19581555,"Rio de Janeiro","rj",-22.5,-42.25,"original coordinates","original coordinates outside municipality original in silva jardim falls in casimiro de abreu"
"35","Stifftia chrysantha",1424276352,-22.433333,-42.833333,"cdround,gass84","4300f8d5-1ae5-49e5-a101-63894b005868","838537fc-4aeb-4980-8b58-97fbdcd1d91a","none","da7fe11a-b42c-46cb-9e9d-02243edb738a","BR","DWC_ARCHIVE","2018-10-02T15:40:45.813+0000","2018-09-24T20:02:01.725+0000",207,"none","PRESERVED_SPECIMEN",5405436,6,7707728,220,414,3065,3149154,5405436,5405436,"Stifftia chrysantha Mikan","Stifftia chrysantha Mikan","Plantae","Tracheophyta","Asterales","Asteraceae","Stifftia","Stifftia chrysantha","Stifftia","chrysantha","SPECIES","ACCEPTED","none","Rio de Janeiro",1992,2,12,"1992-02-12T00:00:00","2017-10-18T10:05:00.958+0000","2018-12-06T16:58:47.087+0000","http://creativecommons.org/licenses/by/4.0/legalcode","none","none","none","WGS84","Magnoliopsida","BR","Brazil","Rio de Janeiro Botanical Garden","urn:catalog:JBRJ:RB:562363","4396","RB - Rio de Janeiro Botanical Garden Herbarium Collection","Guapimirim","Estação ecológica Estadual de Paraíso. Arredores do CPRJ.","RB",1424276352,"urn:catalog:JBRJ:RB:562363","PhysicalObject","H.C.de Lima; et al.","RB00562363","RB 481762","JBRJ","J.M.A.Braga",NA,"Arvoreta; infl.com brácteas esverdadas, flores amarelo-alaranjadas e frutos com papus alaranjados. Ocasional na sub-mata.",NA,"","","","","","",NA,NA,NA,NA,"","","","","","",NA,NA,"",NA,NA,NA,NA,NA,"",NA,NA,NA,"","","",NA,NA,"","",NA,"","","",NA,NA,"Guapimirim","Rio de Janeiro","brazil",1500,"Guapimirim",3301850,-42.963842,-22.584312,"RIO DE JANEIRO","RJ","Rio de Janeiro",-42.66307908,-22.19581555,"Rio de Janeiro","rj",-22.433333,-42.833333,"original coordinates","original coordinates outside municipality original in guapimirim falls in cachoeiras de macacu"
"36","Stifftia chrysantha",1424276344,-22.433333,-42.833333,"cdround,gass84","4300f8d5-1ae5-49e5-a101-63894b005868","838537fc-4aeb-4980-8b58-97fbdcd1d91a","none","da7fe11a-b42c-46cb-9e9d-02243edb738a","BR","DWC_ARCHIVE","2018-10-02T15:40:45.822+0000","2018-09-24T20:02:01.727+0000",207,"none","PRESERVED_SPECIMEN",5405436,6,7707728,220,414,3065,3149154,5405436,5405436,"Stifftia chrysantha Mikan","Stifftia chrysantha Mikan","Plantae","Tracheophyta","Asterales","Asteraceae","Stifftia","Stifftia chrysantha","Stifftia","chrysantha","SPECIES","ACCEPTED","none","Rio de Janeiro",1992,4,30,"1992-04-30T00:00:00","2017-10-18T14:13:46.503+0000","2018-12-06T16:58:47.076+0000","http://creativecommons.org/licenses/by/4.0/legalcode","none","none","none","WGS84","Magnoliopsida","BR","Brazil","Rio de Janeiro Botanical Garden","urn:catalog:JBRJ:RB:562365","942","RB - Rio de Janeiro Botanical Garden Herbarium Collection","Guapimirim","Estação Ecológica Estadual de Paraíso. Margens do Rio Paraíso. .","RB",1424276344,"urn:catalog:JBRJ:RB:562365","PhysicalObject","M.Peron; et al.","RB00562365","RB 481763","JBRJ","J.M.A.Braga",NA,"Próximo à represa da CEDAE.  Arvore, casca do caule fissurada longitudinalmente, flores com invólucro verde, pápus alaranjado.",NA,"","","","","","",NA,NA,NA,NA,"","","","","","",NA,NA,"",NA,NA,NA,NA,NA,"",NA,NA,NA,"","","",NA,NA,"","",NA,"","","",NA,NA,"Guapimirim","Rio de Janeiro","brazil",1500,"Guapimirim",3301850,-42.963842,-22.584312,"RIO DE JANEIRO","RJ","Rio de Janeiro",-42.66307908,-22.19581555,"Rio de Janeiro","rj",-22.433333,-42.833333,"original coordinates","original coordinates outside municipality original in guapimirim falls in cachoeiras de macacu"
"37","Stifftia chrysantha",1424276300,-22.433333,-42.833333,"cdround,gass84","4300f8d5-1ae5-49e5-a101-63894b005868","838537fc-4aeb-4980-8b58-97fbdcd1d91a","none","da7fe11a-b42c-46cb-9e9d-02243edb738a","BR","DWC_ARCHIVE","2018-10-02T15:40:45.813+0000","2018-09-24T20:02:01.669+0000",207,"none","PRESERVED_SPECIMEN",5405436,6,7707728,220,414,3065,3149154,5405436,5405436,"Stifftia chrysantha Mikan","Stifftia chrysantha Mikan","Plantae","Tracheophyta","Asterales","Asteraceae","Stifftia","Stifftia chrysantha","Stifftia","chrysantha","SPECIES","ACCEPTED","none","Rio de Janeiro",1991,8,27,"1991-08-27T00:00:00","2017-11-19T08:20:27.686+0000","2018-12-06T16:58:47.216+0000","http://creativecommons.org/licenses/by/4.0/legalcode","none","none","none","WGS84","Magnoliopsida","BR","Brazil","Rio de Janeiro Botanical Garden","urn:catalog:JBRJ:RB:562361","4215","RB - Rio de Janeiro Botanical Garden Herbarium Collection","Guapimirim","Estação  Estação  Ecológica  Estadual  de  Paraíso.  Picada  para  o  cano  da  CEDAE.  .","RB",1424276300,"urn:catalog:JBRJ:RB:562361","PhysicalObject","H.C.de Lima; et al.","RB00562361","RB 481761","JBRJ","J.M.A.Braga",NA,"Arvoreta; inflorescênciacom brácteas esverdeadas. Flores amarelo-alaranjadas. Frequente no sub-bosque.",NA,"","","","","","",NA,NA,NA,NA,"","","","","","",NA,NA,"",NA,NA,NA,NA,NA,"",NA,NA,NA,"","","",NA,NA,"","",NA,"","","",NA,NA,"Guapimirim","Rio de Janeiro","brazil",1500,"Guapimirim",3301850,-42.963842,-22.584312,"RIO DE JANEIRO","RJ","Rio de Janeiro",-42.66307908,-22.19581555,"Rio de Janeiro","rj",-22.433333,-42.833333,"original coordinates","original coordinates outside municipality original in guapimirim falls in cachoeiras de macacu"
"38","Stifftia chrysantha",1087502189,-22.466667,-48.733333,"gass84","92e7a11c-2765-4eee-9341-2a89083e6132","f22ff2ae-6384-4d40-9ded-4d96befcacf0","none","b38ff2b7-c8af-454e-b5af-ee760f0d5bca","BR","DWC_ARCHIVE","2018-11-24T12:32:27.517+0000","2017-12-29T14:41:30.706+0000",122,"none","PRESERVED_SPECIMEN",5405436,6,7707728,220,414,3065,3149154,5405436,5405436,"Stifftia chrysantha Mikan","Stifftia chrysantha Mikan","Plantae","Tracheophyta","Asterales","Asteraceae","Stifftia","Stifftia chrysantha","Stifftia","chrysantha","SPECIES","ACCEPTED","2011-10-01T00:00:00","São Paulo",1986,1,15,"1986-01-15T00:00:00","2016-08-22T19:22:02.000+0000","2018-12-08T13:04:47.490+0000","http://creativecommons.org/licenses/by-nc/4.0/legalcode","none","none","none","WGS84","Magnoliopsida","BR","Brazil","BOTU - Herbário Irina Delanova Gemtchújnicov","BRA:UNESPIBB:BOTU:0000019363","12150186","BOTU - Herbário Irina Delanova Gemtchújnicov","Botucatu","Distrito de Rubião Júnior, Jardim Botânico da Faculdade de Ciências Médicas e Biológicas","BOTU",1087502189,"BRA:UNESPIBB:BOTU:0000019363","Collection","Grombone, M.T.","19363","","Universidade Estadual Paulista, UNESP","Monge, M.",NA,"Mata secundáriade até 15 m de altura, sub-bosque pouco denso",NA,"","pt","Universidade Estadual Paulista, UNESP","","","",NA,NA,NA,NA,"","","","","","",NA,NA,"",NA,NA,NA,NA,NA,"",NA,NA,NA,"","","",NA,NA,"","",NA,"","","",NA,NA,"Botucatu","São Paulo","brazil",1381,"Botucatu",3507506,-48.467603,-22.862462,"SAO PAULO","SP","São Paulo",-48.72944932,-22.26440593,"São Paulo","sp",-22.466667,-48.733333,"original coordinates","original coordinates outside municipality original in botucatu falls in macatuba"
"39","Stifftia chrysantha",1424272329,-22.433333,-42.833333,"cdround,elmms,gass84","4300f8d5-1ae5-49e5-a101-63894b005868","838537fc-4aeb-4980-8b58-97fbdcd1d91a","none","da7fe11a-b42c-46cb-9e9d-02243edb738a","BR","DWC_ARCHIVE","2018-10-02T15:40:43.268+0000","2018-09-24T20:01:59.610+0000",207,"none","PRESERVED_SPECIMEN",5405436,6,7707728,220,414,3065,3149154,5405436,5405436,"Stifftia chrysantha Mikan","Stifftia chrysantha Mikan","Plantae","Tracheophyta","Asterales","Asteraceae","Stifftia","Stifftia chrysantha","Stifftia","chrysantha","SPECIES","ACCEPTED","none","Rio de Janeiro",1984,10,10,"1984-10-10T00:00:00","2017-10-15T16:06:08.429+0000","2018-12-06T16:58:45.065+0000","http://creativecommons.org/licenses/by/4.0/legalcode","none","none","none","WGS84","Magnoliopsida","BR","Brazil","Rio de Janeiro Botanical Garden","urn:catalog:JBRJ:RB:558532","10096","RB - Rio de Janeiro Botanical Garden Herbarium Collection","Guapimirim","Estação Ecológica Estadual de Paraíso. Centro de Primatológia do RJ.","RB",1424272329,"urn:catalog:JBRJ:RB:558532","PhysicalObject","G.Martinelli; J.Hatton","RB00558532","RB 249886","JBRJ","J.M.A.Braga",100,"Arbusto com 2m, semi-heliófilo, folhas discolores, capítulo passado de cor palácea.",100,"","","","Floresta de encosta e de baixada, mata pluvial costeira.","","",NA,NA,NA,NA,"","","","","","",NA,NA,"",NA,NA,NA,NA,NA,"",NA,NA,NA,"","","",NA,NA,"","",NA,"","","",NA,NA,"Guapimirim","Rio de Janeiro","brazil",1500,"Guapimirim",3301850,-42.963842,-22.584312,"RIO DE JANEIRO","RJ","Rio de Janeiro",-42.66307908,-22.19581555,"Rio de Janeiro","rj",-22.433333,-42.833333,"original coordinates","original coordinates outside municipality original in guapimirim falls in cachoeiras de macacu"
"40","Stifftia chrysantha",1929750313,-22.583352,-42.283141,"","d415c253-4d61-4459-9d25-4015b9084fb0","ae447c50-b8a8-11d8-92a4-b8a03c50a862","none","17017c2c-036b-45d9-b045-606d21b00771","US","DWC_ARCHIVE","2018-11-18T15:25:42.760+0000","2018-11-18T15:25:42.804+0000",96,"none","PRESERVED_SPECIMEN",5405436,6,7707728,220,414,3065,3149154,5405436,5405436,"Stifftia chrysantha Mikan","Stifftia chrysantha Mikan","Plantae","Tracheophyta","Asterales","Asteraceae","Stifftia","Stifftia chrysantha","Stifftia","chrysantha","SPECIES","ACCEPTED","none","Rio de Janeiro",1977,9,14,"1977-09-14T00:00:00","","2018-12-08T14:46:46.441+0000","http://creativecommons.org/publicdomain/zero/1.0/legalcode","none","none","none","WGS84","Magnoliopsida","BR","Brazil","The New York Botanical Garden","8c5fc6ea-e488-4b01-a5af-23b8d8bff7ad","2883","Vascular plants","","PoÃ§o d'Anta.","NY",1929750313,"8c5fc6ea-e488-4b01-a5af-23b8d8bff7ad","PhysicalObject","G. Martinelli","788679","","NY","",0,"",0,"SOUTH_AMERICA","en","","","http://sweetgum.nybg.org/science/vh/specimen_details.php?irn=114981","",NA,NA,NA,NA,"","http://biocol.org/urn:lsid:biocol.org:col:15556","Silva Jardim","sheet","ICN","14 Sep 1977",257,257,"http://biocol.org/urn:lsid:biocol.org:col:15556",NA,NA,NA,NA,NA,"",NA,NA,3151.57,"2015-08-25","Georeferencing Quick Reference Guide, Version 2012","Google Maps (map data 2015), Manis Georef. Calculator",NA,NA,"","",NA,"","","",NA,NA,"","Rio de Janeiro","brazil",NA,"",NA,NA,NA,"","","Rio de Janeiro",-42.66307908,-22.19581555,"Rio de Janeiro","rj",-22.583352,-42.283141,"original coordinates","original coordinates outside municipality original in  falls in silva jardim"
"41","Stifftia chrysantha",1929813831,-23.4341654154965,-45.0699981850603,"cdrep","d415c253-4d61-4459-9d25-4015b9084fb0","ae447c50-b8a8-11d8-92a4-b8a03c50a862","none","17017c2c-036b-45d9-b045-606d21b00771","US","DWC_ARCHIVE","2018-11-18T15:26:17.036+0000","2018-11-18T15:26:17.042+0000",96,"none","PRESERVED_SPECIMEN",5405436,6,7707728,220,414,3065,3149154,5405436,5405436,"Stifftia chrysantha Mikan","Stifftia chrysantha Mikan","Plantae","Tracheophyta","Asterales","Asteraceae","Stifftia","Stifftia chrysantha","Stifftia","chrysantha","SPECIES","ACCEPTED","none","SÃ£o Paulo",1956,6,10,"1956-06-10T00:00:00","","2018-11-18T15:32:34.623+0000","http://creativecommons.org/publicdomain/zero/1.0/legalcode","none","none","none","WGS84","Magnoliopsida","BR","Brazil","The New York Botanical Garden","90e4ceb5-a974-4590-b89c-b1cdaa1259ec","3788","Vascular plants","","Enseada do Flamengo.","NY",1929813831,"90e4ceb5-a974-4590-b89c-b1cdaa1259ec","PhysicalObject","M. Kuhlmann","788662","","NY","M. Kuhlmann",0,"",0,"SOUTH_AMERICA","en","","","http://sweetgum.nybg.org/science/vh/specimen_details.php?irn=114963","",NA,NA,NA,NA,"A beira mar.","http://biocol.org/urn:lsid:biocol.org:col:15556","Ubatuba","sheet","ICN","10 Jun 1956",162,162,"http://biocol.org/urn:lsid:biocol.org:col:15556",NA,NA,NA,NA,NA,"",NA,NA,34265,"","Other source","CRIA (Centro de ReferÃªncia em InformaÃ§Ã£o Ambiental)",NA,NA,"","",NA,"","","",NA,NA,"","SÃ£o Paulo","brazil",NA,"",NA,NA,NA,"","","São Paulo",-48.72944932,-22.26440593,"São Paulo","sp",-23.4341654154965,-45.0699981850603,"original coordinates","original coordinates outside municipality original in  falls in ubatuba"
"42","Stifftia chrysantha",1927906564,-23.6241676892264,-45.4100221657427,"cdrep","d415c253-4d61-4459-9d25-4015b9084fb0","ae447c50-b8a8-11d8-92a4-b8a03c50a862","none","17017c2c-036b-45d9-b045-606d21b00771","US","DWC_ARCHIVE","2018-11-18T14:45:33.636+0000","2018-11-18T14:45:33.707+0000",96,"none","PRESERVED_SPECIMEN",5701157,6,7707728,220,414,3065,3149154,5405436,5701157,"Stifftia chrysantha var. oligantha Baker","Stifftia chrysantha var. oligantha Baker","Plantae","Tracheophyta","Asterales","Asteraceae","Stifftia","Stifftia chrysantha","Stifftia","chrysantha","VARIETY","ACCEPTED","none","SÃ£o Paulo",1953,7,13,"1953-07-13T00:00:00","","2018-12-05T23:31:12.486+0000","http://creativecommons.org/publicdomain/zero/1.0/legalcode","none","none","none","WGS84","Magnoliopsida","BR","Brazil","The New York Botanical Garden","09d5ea49-2ddc-4c9e-a08e-de586cbddcd7","s.n.","Vascular plants","","Praia Negra.","NY",1927906564,"09d5ea49-2ddc-4c9e-a08e-de586cbddcd7","PhysicalObject","W. Hoehne","788692","","NY","W. Hoehne",0,"",0,"SOUTH_AMERICA","en","","","http://sweetgum.nybg.org/science/vh/specimen_details.php?irn=675876","",NA,NA,NA,NA,"Nas pedras Ã  beira mar.","http://biocol.org/urn:lsid:biocol.org:col:15556","Caraguatatuba","sheet","ICN","13 Jul 1953",194,194,"http://biocol.org/urn:lsid:biocol.org:col:15556",NA,NA,NA,NA,NA,"",NA,NA,30093,"","Other source","CRIA (Centro de ReferÃªncia em InformaÃ§Ã£o Ambiental)",NA,NA,"","",NA,"oligantha","","",NA,NA,"","SÃ£o Paulo","brazil",NA,"",NA,NA,NA,"","","São Paulo",-48.72944932,-22.26440593,"São Paulo","sp",-23.6241676892264,-45.4100221657427,"original coordinates","original coordinates outside municipality original in  falls in caraguatatuba"
"43","Stifftia chrysantha",1090544984,-23.5475,-46.6361,"gass84","1064b787-c882-493e-b17d-4ffba363b776","c47cd3b0-2178-4a4b-87a6-740b482970a9","none","b38ff2b7-c8af-454e-b5af-ee760f0d5bca","BR","DWC_ARCHIVE","2018-11-23T18:20:06.193+0000","2017-12-29T14:14:02.020+0000",129,"none","PRESERVED_SPECIMEN",5405436,6,7707728,220,414,3065,3149154,5405436,5405436,"Stifftia chrysantha Mikan","Stifftia chrysantha Mikan","Plantae","Tracheophyta","Asterales","Asteraceae","Stifftia","Stifftia chrysantha","Stifftia","chrysantha","SPECIES","ACCEPTED","2010-06-15T00:00:00","São Paulo",1949,7,15,"1949-07-15T00:00:00","2017-06-09T13:53:58.000+0000","2018-12-08T04:43:12.972+0000","http://creativecommons.org/licenses/by-nc/4.0/legalcode","none","none","none","WGS84","Magnoliopsida","BR","Brazil","IAC - Herbário do Instituto Agronômico de Campinas","BRA:IAC:IAC:0000015402","s/nº","IAC - Herbário do Instituto Agronômico de Campinas","São Paulo","","IAC",1090544984,"BRA:IAC:IAC:0000015402","Collection","B.J. Pickel","15402","","IAC","M. Monge",NA,"PARATYPUS: Stifftia chrysantha var. flavicans Toledo - Bragantia 13(2): 23-26, fig. 1. 1954. Nome popular: diadema; esponja; flor-de-amizade. Plantas recebidas do Serviço Florestal do Estado.",NA,"","pt","Instituto Agronômico de Campinas, IAC","","","",NA,NA,NA,NA,"","","","","","",NA,NA,"",NA,NA,NA,NA,NA,"",NA,NA,NA,"","","",NA,NA,"","",NA,"","PARATYPE","",NA,NA,"São Paulo","São Paulo","brazil",1130,"São Paulo",3550308,-46.647014,-23.64989,"SAO PAULO","SP","São Paulo",-48.72944932,-22.26440593,"São Paulo","sp",-23.5475,-46.6361,"original coordinates","original coordinates OK"
"44","Stifftia chrysantha",1090537663,-22.9056,-47.065751,"gass84","1064b787-c882-493e-b17d-4ffba363b776","c47cd3b0-2178-4a4b-87a6-740b482970a9","none","b38ff2b7-c8af-454e-b5af-ee760f0d5bca","BR","DWC_ARCHIVE","2018-11-23T18:20:00.697+0000","2018-06-04T12:02:13.892+0000",129,"none","PRESERVED_SPECIMEN",5405436,6,7707728,220,414,3065,3149154,5405436,5405436,"Stifftia chrysantha Mikan","Stifftia chrysantha Mikan","Plantae","Tracheophyta","Asterales","Asteraceae","Stifftia","Stifftia chrysantha","Stifftia","chrysantha","SPECIES","ACCEPTED","1944-10-06T00:00:00","São Paulo",1944,2,24,"1944-02-24T00:00:00","2018-05-22T12:50:40.000+0000","2018-12-08T04:43:09.627+0000","http://creativecommons.org/licenses/by-nc/4.0/legalcode","none","none","none","WGS84","Magnoliopsida","BR","Brazil","IAC - Herbário do Instituto Agronômico de Campinas","BRA:IAC:IAC:0000007306","s/nº","IAC - Herbário do Instituto Agronômico de Campinas","Campinas","IAC, Av. Barão de Itapura, Parque, Residência do Diretor","IAC",1090537663,"BRA:IAC:IAC:0000007306","Collection","A.S. Lima","7306","","IAC","J.M.F. Toledo",NA,"ISOTYPUS: Stifftia chrysantha var. flavicans Toledo - Bragantia 13(2): 23-26, fig. 1. 1954. a typica recedit, pappis coloratique splendide flavicanti. Nome popular: rabo-de-cotia, esponjeira, jambeiro-do-mato",NA,"","pt","Instituto Agronômico de Campinas, IAC","","","",NA,NA,NA,NA,"","","","","","",NA,NA,"",NA,NA,NA,NA,NA,"",NA,NA,NA,"","","",NA,NA,"","",NA,"","ISOTYPE","",NA,NA,"Campinas","São Paulo","brazil",1373,"Campinas",3509502,-47.043665,-22.883678,"SAO PAULO","SP","São Paulo",-48.72944932,-22.26440593,"São Paulo","sp",-22.9056,-47.065751,"original coordinates","original coordinates OK"
"45","Stifftia chrysantha",1077184741,-23.533333,-46.633333,"gass84","5b5cf455-a448-4c0a-aecd-3e0956f27f10","afdd8e93-b4e3-491c-88f0-8a22834ac1a9","none","b38ff2b7-c8af-454e-b5af-ee760f0d5bca","BR","DWC_ARCHIVE","2018-12-03T14:05:55.659+0000","2018-12-03T16:15:57.114+0000",122,"none","PRESERVED_SPECIMEN",5405436,6,7707728,220,414,3065,3149154,5405436,5405436,"Stifftia chrysantha Mikan","Stifftia chrysantha Mikan","Plantae","Tracheophyta","Asterales","Asteraceae","Stifftia","Stifftia chrysantha","Stifftia","chrysantha","SPECIES","ACCEPTED","none","São Paulo",1944,10,6,"1944-10-06T00:00:00","2017-09-12T17:48:55.000+0000","2018-12-06T14:16:12.082+0000","http://creativecommons.org/licenses/by-nc/4.0/legalcode","none","none","none","WGS84","Magnoliopsida","BR","Brazil","ALCB - Herbário Alexandre Leal Costa","BRA:UFBA:ALCB:0000007173","s/n","ALCB - Herbário Alexandre Leal Costa","São Paulo","Parque residência do Diretor","ALCB",1077184741,"BRA:UFBA:ALCB:0000007173","Collection","Toledo, JF","07173","","Universidade Federal da Bahia (UFBA)","",NA,"",NA,"SOUTH_AMERICA","pt","Universidade Federal da Bahia (UFBA)","","","",NA,NA,NA,NA,"","","","","","",NA,NA,"",NA,NA,NA,NA,NA,"",NA,NA,NA,"","","",NA,NA,"","",NA,"","","",NA,NA,"São Paulo","São Paulo","brazil",1130,"São Paulo",3550308,-46.647014,-23.64989,"SAO PAULO","SP","São Paulo",-48.72944932,-22.26440593,"São Paulo","sp",-23.533333,-46.633333,"original coordinates","original coordinates OK"
"46","Stifftia chrysantha",1928134009,-23.6241676892264,-45.4100221657427,"cdrep","d415c253-4d61-4459-9d25-4015b9084fb0","ae447c50-b8a8-11d8-92a4-b8a03c50a862","none","17017c2c-036b-45d9-b045-606d21b00771","US","DWC_ARCHIVE","2018-11-18T14:47:16.226+0000","2018-11-18T14:47:16.329+0000",96,"none","PRESERVED_SPECIMEN",5701157,6,7707728,220,414,3065,3149154,5405436,5701157,"Stifftia chrysantha var. oligantha Baker","Stifftia chrysantha var. oligantha Baker","Plantae","Tracheophyta","Asterales","Asteraceae","Stifftia","Stifftia chrysantha","Stifftia","chrysantha","VARIETY","ACCEPTED","none","SÃ£o Paulo",1938,5,14,"1938-05-14T00:00:00","","2018-12-05T23:33:20.468+0000","http://creativecommons.org/publicdomain/zero/1.0/legalcode","none","none","none","WGS84","Magnoliopsida","BR","Brazil","The New York Botanical Garden","19db935d-7f56-462c-abf8-15416ecdd162","s.n.","Vascular plants","","Ex. 1a SecÃ§ao BotÃ¢nica e Agronomia do Instituto Biologico.","NY",1928134009,"19db935d-7f56-462c-abf8-15416ecdd162","PhysicalObject","A. Gehrt","788691","","NY","A. Gehrt",0,"",0,"SOUTH_AMERICA","en","","","http://sweetgum.nybg.org/science/vh/specimen_details.php?irn=675875","",NA,NA,NA,NA,"Mata do morro.","http://biocol.org/urn:lsid:biocol.org:col:15556","Caraguatatuba","sheet","ICN","14 May 1938",134,134,"http://biocol.org/urn:lsid:biocol.org:col:15556",NA,NA,NA,NA,NA,"",NA,NA,30093,"","Other source","CRIA (Centro de ReferÃªncia em InformaÃ§Ã£o Ambiental)",NA,NA,"","",NA,"oligantha","","",NA,NA,"","SÃ£o Paulo","brazil",NA,"",NA,NA,NA,"","","São Paulo",-48.72944932,-22.26440593,"São Paulo","sp",-23.6241676892264,-45.4100221657427,"original coordinates","original coordinates outside municipality original in  falls in caraguatatuba"
"47","Stifftia chrysantha",1930391345,-22.951842,-43.212076,"","d415c253-4d61-4459-9d25-4015b9084fb0","ae447c50-b8a8-11d8-92a4-b8a03c50a862","none","17017c2c-036b-45d9-b045-606d21b00771","US","DWC_ARCHIVE","2018-11-18T15:58:41.641+0000","2018-11-18T15:58:41.778+0000",96,"none","PRESERVED_SPECIMEN",5405436,6,7707728,220,414,3065,3149154,5405436,5405436,"Stifftia chrysantha Mikan","Stifftia chrysantha Mikan","Plantae","Tracheophyta","Asterales","Asteraceae","Stifftia","Stifftia chrysantha","Stifftia","chrysantha","SPECIES","ACCEPTED","none","Rio de Janeiro",1915,7,8,"1915-07-08T00:00:00","","2018-11-18T16:02:33.715+0000","http://creativecommons.org/publicdomain/zero/1.0/legalcode","none","none","none","WGS84","Magnoliopsida","BR","Brazil","The New York Botanical Garden","b999b7cb-f1f1-460d-b939-7141f0b8b23b","20155","Vascular plants","","Near Corcovado.","NY",1930391345,"b999b7cb-f1f1-460d-b939-7141f0b8b23b","PhysicalObject","J. N. Rose","788675","","NY","D. D. Keck",0,"",0,"SOUTH_AMERICA","en","","","http://sweetgum.nybg.org/science/vh/specimen_details.php?irn=114962","",NA,NA,NA,NA,"","http://biocol.org/urn:lsid:biocol.org:col:15556","","sheet","ICN","08 Jul 1915",189,189,"http://biocol.org/urn:lsid:biocol.org:col:15556",NA,NA,NA,NA,NA,"",NA,NA,959.16,"2016-11-10","Georeferencing Quick Reference Guide, Version 2012","Google Maps (map data 2016), Manis Georef. Calculator",NA,NA,"","",NA,"","","",NA,NA,"","Rio de Janeiro","brazil",NA,"",NA,NA,NA,"","","Rio de Janeiro",-42.66307908,-22.19581555,"Rio de Janeiro","rj",-22.951842,-43.212076,"original coordinates","original coordinates outside municipality original in  falls in rio de janeiro"
"48","Stifftia chrysantha",1929913378,-22.5309,-43.0084,"gass84,rdatm","d415c253-4d61-4459-9d25-4015b9084fb0","ae447c50-b8a8-11d8-92a4-b8a03c50a862","none","17017c2c-036b-45d9-b045-606d21b00771","US","DWC_ARCHIVE","2018-11-18T15:27:09.218+0000","2018-11-18T15:27:09.237+0000",96,"none","PRESERVED_SPECIMEN",5405436,6,7707728,220,414,3065,3149154,5405436,5405436,"Stifftia chrysantha Mikan","Stifftia chrysantha Mikan","Plantae","Tracheophyta","Asterales","Asteraceae","Stifftia","Stifftia chrysantha","Stifftia","chrysantha","SPECIES","ACCEPTED","none","Rio de Janeiro",1867,NA,NA,"1867-01-01T00:00:00","","2018-12-06T11:23:11.406+0000","http://creativecommons.org/publicdomain/zero/1.0/legalcode","none","none","none","WGS84","Magnoliopsida","BR","Brazil","The New York Botanical Garden","97f63e5e-c73e-46ee-beec-8c5a5e845295","s.n.","Vascular plants","","[This is not on the label: Prope Rio de Janeiro. Organ Mount. Protologue stated that the specific locality was not known]","NY",1929913378,"97f63e5e-c73e-46ee-beec-8c5a5e845295","PhysicalObject","Cunningham","788676","","NY","",0,"",0,"SOUTH_AMERICA","en","","","http://sweetgum.nybg.org/science/vh/specimen_details.php?irn=114978","",NA,NA,NA,NA,"","http://biocol.org/urn:lsid:biocol.org:col:15556","","sheet","ICN","1867",0,0,"http://biocol.org/urn:lsid:biocol.org:col:15556",NA,NA,NA,NA,NA,"",NA,NA,NA,"","","Google Earth",NA,NA,"","",NA,"","","",NA,NA,"","Rio de Janeiro","brazil",NA,"",NA,NA,NA,"","","Rio de Janeiro",-42.66307908,-22.19581555,"Rio de Janeiro","rj",-22.5309,-43.0084,"original coordinates","original coordinates outside municipality original in  falls in mage"
"49","Stifftia chrysantha",1929055488,-22.5309,-43.0084,"gass84,rdatm","d415c253-4d61-4459-9d25-4015b9084fb0","ae447c50-b8a8-11d8-92a4-b8a03c50a862","none","17017c2c-036b-45d9-b045-606d21b00771","US","DWC_ARCHIVE","2018-11-18T14:56:14.342+0000","2018-11-18T14:56:14.353+0000",96,"none","PRESERVED_SPECIMEN",5405436,6,7707728,220,414,3065,3149154,5405436,5405436,"Stifftia chrysantha Mikan","Stifftia chrysantha Mikan","Plantae","Tracheophyta","Asterales","Asteraceae","Stifftia","Stifftia chrysantha","Stifftia","chrysantha","SPECIES","ACCEPTED","none","Rio de Janeiro",1844,NA,NA,"1844-01-01T00:00:00","","2018-12-08T19:31:28.897+0000","http://creativecommons.org/publicdomain/zero/1.0/legalcode","none","none","none","WGS84","Magnoliopsida","BR","Brazil","The New York Botanical Garden","5b14ea20-5101-4693-9e64-a3db06d093b1","106","Vascular plants","","[This is not on the label: Prope Rio de Janeiro. Organ Mount. Protologue stated that the specific locality was not known]","NY",1929055488,"5b14ea20-5101-4693-9e64-a3db06d093b1","PhysicalObject","M. Weddell","788665","","NY","D. D. Keck",0,"",0,"SOUTH_AMERICA","en","","","http://sweetgum.nybg.org/science/vh/specimen_details.php?irn=114965","",NA,NA,NA,NA,"","http://biocol.org/urn:lsid:biocol.org:col:15556","","sheet","ICN","1844",0,0,"http://biocol.org/urn:lsid:biocol.org:col:15556",NA,NA,NA,NA,NA,"",NA,NA,NA,"","","Google Earth",NA,NA,"","",NA,"","","",NA,NA,"","Rio de Janeiro","brazil",NA,"",NA,NA,NA,"","","Rio de Janeiro",-42.66307908,-22.19581555,"Rio de Janeiro","rj",-22.5309,-43.0084,"original coordinates","original coordinates outside municipality original in  falls in mage"
"50","Stifftia chrysantha",1927918493,-22.5309,-43.0084,"gass84,rdatm","d415c253-4d61-4459-9d25-4015b9084fb0","ae447c50-b8a8-11d8-92a4-b8a03c50a862","none","17017c2c-036b-45d9-b045-606d21b00771","US","DWC_ARCHIVE","2018-11-18T14:45:38.862+0000","2018-11-18T14:45:38.893+0000",96,"none","PRESERVED_SPECIMEN",5405436,6,7707728,220,414,3065,3149154,5405436,5405436,"Stifftia chrysantha Mikan","Stifftia chrysantha Mikan","Plantae","Tracheophyta","Asterales","Asteraceae","Stifftia","Stifftia chrysantha","Stifftia","chrysantha","SPECIES","ACCEPTED","none","Rio de Janeiro",1843,NA,NA,"1843-01-01T00:00:00","","2018-12-05T23:31:19.432+0000","http://creativecommons.org/publicdomain/zero/1.0/legalcode","none","none","none","WGS84","Magnoliopsida","BR","Brazil","The New York Botanical Garden","0aa3a5b0-d536-4f16-8b79-69e01f61c2f5","s.n.","Vascular plants","","[This is not on the label: Prope Rio de Janeiro. Organ Mount. Protologue stated that the specific locality was not known]","NY",1927918493,"0aa3a5b0-d536-4f16-8b79-69e01f61c2f5","PhysicalObject","M. Weddell","788688","","NY","",0,"",0,"SOUTH_AMERICA","en","","","http://sweetgum.nybg.org/science/vh/specimen_details.php?irn=114966","",NA,NA,NA,NA,"","http://biocol.org/urn:lsid:biocol.org:col:15556","","sheet","ICN","1843",0,0,"http://biocol.org/urn:lsid:biocol.org:col:15556",NA,NA,NA,NA,NA,"",NA,NA,NA,"","","Google Earth",NA,NA,"","",NA,"","","""ISB'30""",NA,NA,"","Rio de Janeiro","brazil",NA,"",NA,NA,NA,"","","Rio de Janeiro",-42.66307908,-22.19581555,"Rio de Janeiro","rj",-22.5309,-43.0084,"original coordinates","original coordinates outside municipality original in  falls in mage"
"51","Stifftia chrysantha",1927992913,-22.5309,-43.0084,"gass84,rdatm","d415c253-4d61-4459-9d25-4015b9084fb0","ae447c50-b8a8-11d8-92a4-b8a03c50a862","none","17017c2c-036b-45d9-b045-606d21b00771","US","DWC_ARCHIVE","2018-11-18T14:46:13.305+0000","2018-11-18T14:46:13.355+0000",96,"none","PRESERVED_SPECIMEN",5405436,6,7707728,220,414,3065,3149154,5405436,5405436,"Stifftia chrysantha Mikan","Stifftia chrysantha Mikan","Plantae","Tracheophyta","Asterales","Asteraceae","Stifftia","Stifftia chrysantha","Stifftia","chrysantha","SPECIES","ACCEPTED","none","Rio de Janeiro",1828,10,NA,"1828-10-01T00:00:00","","2018-12-05T23:32:01.856+0000","http://creativecommons.org/publicdomain/zero/1.0/legalcode","none","none","none","WGS84","Magnoliopsida","BR","Brazil","The New York Botanical Garden","0ffa0e7b-b5b2-4d26-b26f-d56dae4b5216","s.n.","Vascular plants","","[This is not on the label: Prope Rio de Janeiro. Organ Mount. Protologue stated that the specific locality was not known]","NY",1927992913,"0ffa0e7b-b5b2-4d26-b26f-d56dae4b5216","PhysicalObject","C. Gay","788671","","NY","",0,"",0,"SOUTH_AMERICA","en","","","http://sweetgum.nybg.org/science/vh/specimen_details.php?irn=114976","",NA,NA,NA,NA,"","http://biocol.org/urn:lsid:biocol.org:col:15556","","sheet","ICN","Oct 1828",0,0,"http://biocol.org/urn:lsid:biocol.org:col:15556",NA,NA,NA,NA,NA,"",NA,NA,NA,"","","Google Earth",NA,NA,"","",NA,"","","",NA,NA,"","Rio de Janeiro","brazil",NA,"",NA,NA,NA,"","","Rio de Janeiro",-42.66307908,-22.19581555,"Rio de Janeiro","rj",-22.5309,-43.0084,"original coordinates","original coordinates outside municipality original in  falls in mage"
"52","Stifftia chrysantha",1931202218,-22.930074,-43.195652,"","d415c253-4d61-4459-9d25-4015b9084fb0","ae447c50-b8a8-11d8-92a4-b8a03c50a862","none","17017c2c-036b-45d9-b045-606d21b00771","US","DWC_ARCHIVE","2018-11-18T16:25:22.747+0000","2018-11-18T16:25:23.126+0000",96,"none","PRESERVED_SPECIMEN",5405436,6,7707728,220,414,3065,3149154,5405436,5405436,"Stifftia chrysantha Mikan","Stifftia chrysantha Mikan","Plantae","Tracheophyta","Asterales","Asteraceae","Stifftia","Stifftia chrysantha","Stifftia","chrysantha","SPECIES","ACCEPTED","none","Rio de Janeiro",1825,8,16,"1825-08-16T00:00:00","","2018-12-07T05:38:58.513+0000","http://creativecommons.org/publicdomain/zero/1.0/legalcode","none","none","none","WGS84","Magnoliopsida","BR","Brazil","The New York Botanical Garden","f2fc0daf-d00e-49a7-80b7-f6331b37ec06","796","Vascular plants","","Along the aqueduct a mile and half above the convent of Santa Teresa (in the old part of Rio)","NY",1931202218,"f2fc0daf-d00e-49a7-80b7-f6331b37ec06","PhysicalObject","W. J. Burchell","788684","","NY","",0,"",0,"SOUTH_AMERICA","en","","","http://sweetgum.nybg.org/science/vh/specimen_details.php?irn=114971","",NA,NA,NA,NA,"","http://biocol.org/urn:lsid:biocol.org:col:15556","Rio de Janeiro","sheet","ICN","16 Aug 1825",228,228,"http://biocol.org/urn:lsid:biocol.org:col:15556",NA,NA,NA,NA,NA,"",NA,NA,2916.57,"2017-02-22","Georeferencing Quick Reference Guide, Version 2012","Google Maps (map data 2017), Manis Georef. Calculator",NA,NA,"","",NA,"","","""ISB'30""",NA,NA,"","Rio de Janeiro","brazil",NA,"",NA,NA,NA,"","","Rio de Janeiro",-42.66307908,-22.19581555,"Rio de Janeiro","rj",-22.930074,-43.195652,"original coordinates","original coordinates outside municipality original in  falls in rio de janeiro"
"53","Stifftia chrysantha",1929343092,-22.951842,-43.212076,"rdativ","d415c253-4d61-4459-9d25-4015b9084fb0","ae447c50-b8a8-11d8-92a4-b8a03c50a862","none","17017c2c-036b-45d9-b045-606d21b00771","US","DWC_ARCHIVE","2018-11-18T15:22:08.386+0000","2018-11-18T15:22:08.408+0000",96,"none","PRESERVED_SPECIMEN",5405436,6,7707728,220,414,3065,3149154,5405436,5405436,"Stifftia chrysantha Mikan","Stifftia chrysantha Mikan","Plantae","Tracheophyta","Asterales","Asteraceae","Stifftia","Stifftia chrysantha","Stifftia","chrysantha","SPECIES","ACCEPTED","none","Rio de Janeiro",NA,NA,NA,"none","","2018-11-18T15:24:14.745+0000","http://creativecommons.org/publicdomain/zero/1.0/legalcode","none","none","none","WGS84","Magnoliopsida","BR","Brazil","The New York Botanical Garden","6f6fa8ee-589d-4a86-824f-54dffa670e1a","s.n.","Vascular plants","","In monte Corcovado.","NY",1929343092,"6f6fa8ee-589d-4a86-824f-54dffa670e1a","PhysicalObject","Pohl","788680","","NY","",0,"",0,"SOUTH_AMERICA","en","","","http://sweetgum.nybg.org/science/vh/specimen_details.php?irn=114982","",NA,NA,NA,NA,"","http://biocol.org/urn:lsid:biocol.org:col:15556","","sheet","ICN","",0,0,"http://biocol.org/urn:lsid:biocol.org:col:15556",NA,NA,NA,NA,NA,"",NA,NA,959.16,"2016-11-10","Georeferencing Quick Reference Guide, Version 2012","Google Maps (map data 2016), Manis Georef. Calculator",NA,NA,"","",NA,"","","",NA,NA,"","Rio de Janeiro","brazil",NA,"",NA,NA,NA,"","","Rio de Janeiro",-42.66307908,-22.19581555,"Rio de Janeiro","rj",-22.951842,-43.212076,"original coordinates","original coordinates outside municipality original in  falls in rio de janeiro"
"54","Stifftia chrysantha",1231131719,-22.95111,-43.21083,"","7f5260c2-f762-11e1-a439-00145eb45e9a","4e11d750-bafb-11d9-8e53-b8a03c50a862","none","602f1096-f762-11e1-a439-00145eb45e9a","AT","BIOCASE","2018-12-06T05:10:30.334+0000","2018-11-05T11:52:51.578+0000",41,"none","PRESERVED_SPECIMEN",5405436,6,7707728,220,414,3065,3149154,5405436,5405436,"Stifftia chrysantha Mikan","Stifftia chrysantha Mikan","Plantae","Tracheophyta","Asterales","Asteraceae","Stifftia","Stifftia chrysantha","Stifftia","chrysantha","SPECIES","ACCEPTED","none","",NA,NA,NA,"none","","2018-12-09T23:10:02.320+0000","http://creativecommons.org/licenses/by/4.0/legalcode","none","none","none","WGS84","Magnoliopsida","BR","Brazil","","","","","","Brasilia: Corcovado","Herbarium W",1231131719,"","","Langsdorff,G.H. von","1889-0100471","","W","Langsdorff",NA,"",NA,"","","","","","",NA,NA,NA,NA,"","","","","","",NA,NA,"",NA,NA,NA,NA,NA,"",NA,NA,NA,"","","",NA,NA,"","",NA,"","","",NA,NA,"","","brazil",NA,"",NA,NA,NA,"","","",NA,NA,NA,"",-22.95111,-43.21083,"original coordinates","original coordinates outside municipality original in  falls in rio de janeiro"
"55","Stifftia chrysantha",1228325365,-10.8339,-52.8731,"gass84","90c853e6-56bd-480b-8e8f-6285c3f8d42b","7b8aff00-a9f8-11d8-944b-b8a03c50a862","none","3b84ff5b-79ce-427c-acb7-b4004e160f66","US","DWC_ARCHIVE","2018-11-22T21:35:34.525+0000","2018-11-22T21:35:34.655+0000",97,"none","PRESERVED_SPECIMEN",5405436,6,7707728,220,414,3065,3149154,5405436,5405436,"Stifftia chrysantha Mikan","Stifftia chrysantha Mikan","Plantae","Tracheophyta","Asterales","Asteraceae","Stifftia","Stifftia chrysantha","Stifftia","chrysantha","SPECIES","ACCEPTED","none","",NA,NA,NA,"none","","2018-12-07T20:10:30.931+0000","http://creativecommons.org/publicdomain/zero/1.0/legalcode","none","none","none","WGS84","Magnoliopsida","BR","Brazil","The Field Museum of Natural History","52c7a9cd-14bc-4555-8312-735eba83208b","37","vTypes","","","Botany",1228325365,"52c7a9cd-14bc-4555-8312-735eba83208b","PhysicalObject","J. C. Mikan","V0051568F","","F","",NA,"",NA,"SOUTH_AMERICA","en","F","","","South America, BRAZIL",NA,NA,NA,NA,"","F","","","ICBN","",NA,NA,"Botany",NA,NA,NA,NA,NA,"http://fieldmuseum.org/about/copyright-information",NA,NA,NA,"","","",NA,NA,"seeds-20-nov-2018","Plantae Spermatophyta Dicotyledoneae Asteraceae",NA,"","ISOTYPE","",NA,342471,"","","brazil",NA,"",NA,NA,NA,"","","",NA,NA,NA,"",-10.8339,-52.8731,"original coordinates","original coordinates outside municipality original in  falls in sao jose do xingu"
"56","Stifftia chrysantha",1927982172,-20.6538066137168,-49.9206200667342,"cdrep,rdativ","d415c253-4d61-4459-9d25-4015b9084fb0","ae447c50-b8a8-11d8-92a4-b8a03c50a862","none","17017c2c-036b-45d9-b045-606d21b00771","US","DWC_ARCHIVE","2018-11-18T14:46:08.169+0000","2018-11-18T14:46:08.241+0000",96,"none","PRESERVED_SPECIMEN",5405436,6,7707728,220,414,3065,3149154,5405436,5405436,"Stifftia chrysantha Mikan","Stifftia chrysantha Mikan","Plantae","Tracheophyta","Asterales","Asteraceae","Stifftia","Stifftia chrysantha","Stifftia","chrysantha","SPECIES","ACCEPTED","none","SÃ£o Paulo",NA,NA,NA,"none","","2018-12-05T23:31:55.807+0000","http://creativecommons.org/publicdomain/zero/1.0/legalcode","none","none","none","WGS84","Magnoliopsida","BR","Brazil","The New York Botanical Garden","0f36b76c-62f4-4a1f-b0f7-75c4b1987114","7","Vascular plants","","Ad montem Corcovado prope SebastianÃ³polis.","NY",1927982172,"0f36b76c-62f4-4a1f-b0f7-75c4b1987114","PhysicalObject","Collector unspecified","788670","","NY","",0,"",0,"SOUTH_AMERICA","en","","","http://sweetgum.nybg.org/science/vh/specimen_details.php?irn=114969","",NA,NA,NA,NA,"","http://biocol.org/urn:lsid:biocol.org:col:15556","SebastianÃ³polis do Sul","sheet","ICN","",0,0,"http://biocol.org/urn:lsid:biocol.org:col:15556",NA,NA,NA,NA,NA,"",NA,NA,10954,"","Other source","CRIA (Centro de ReferÃªncia em InformaÃ§Ã£o Ambiental)",NA,NA,"","",NA,"","","""ISB'30""",NA,NA,"","SÃ£o Paulo","brazil",NA,"",NA,NA,NA,"","","São Paulo",-48.72944932,-22.26440593,"São Paulo","sp",-20.6538066137168,-49.9206200667342,"original coordinates","original coordinates outside municipality original in  falls in sebastianopolis do sul"
"57","Stifftia chrysantha",1928755605,-20.6538066137168,-49.9206200667342,"cdrep,rdativ","d415c253-4d61-4459-9d25-4015b9084fb0","ae447c50-b8a8-11d8-92a4-b8a03c50a862","none","17017c2c-036b-45d9-b045-606d21b00771","US","DWC_ARCHIVE","2018-11-18T14:51:50.990+0000","2018-11-18T14:51:51.115+0000",96,"none","PRESERVED_SPECIMEN",5405436,6,7707728,220,414,3065,3149154,5405436,5405436,"Stifftia chrysantha Mikan","Stifftia chrysantha Mikan","Plantae","Tracheophyta","Asterales","Asteraceae","Stifftia","Stifftia chrysantha","Stifftia","chrysantha","SPECIES","ACCEPTED","1998-01-01T00:00:00","SÃ£o Paulo",NA,NA,NA,"none","","2018-12-08T19:28:45.954+0000","http://creativecommons.org/publicdomain/zero/1.0/legalcode","none","none","none","WGS84","Magnoliopsida","BR","Brazil","The New York Botanical Garden","45d7d52b-a571-4940-9043-78f87a139d62","s.n.","Vascular plants","","Near Sebastianopolis.","NY",1928755605,"45d7d52b-a571-4940-9043-78f87a139d62","PhysicalObject","Collector unspecified","788666","","NY","J. F. Pruski",0,"",0,"SOUTH_AMERICA","en","","","http://sweetgum.nybg.org/science/vh/specimen_details.php?irn=114960","",NA,NA,NA,NA,"","http://biocol.org/urn:lsid:biocol.org:col:15556","SebastianÃ³polis do Sul","sheet","ICN","",0,0,"http://biocol.org/urn:lsid:biocol.org:col:15556",NA,NA,NA,NA,NA,"",NA,NA,10954,"","Other source","CRIA (Centro de ReferÃªncia em InformaÃ§Ã£o Ambiental)",NA,NA,"","",NA,"","","",NA,NA,"","SÃ£o Paulo","brazil",NA,"",NA,NA,NA,"","","São Paulo",-48.72944932,-22.26440593,"São Paulo","sp",-20.6538066137168,-49.9206200667342,"original coordinates","original coordinates outside municipality original in  falls in sebastianopolis do sul"
