"","name","key","decimalLatitude","decimalLongitude","issues","datasetKey","publishingOrgKey","networkKeys","installationKey","publishingCountry","protocol","lastCrawled","lastParsed","crawlId","extensions","basisOfRecord","individualCount","taxonKey","kingdomKey","phylumKey","classKey","orderKey","familyKey","genusKey","speciesKey","acceptedTaxonKey","scientificName","acceptedScientificName","kingdom","phylum","order","family","genus","species","genericName","specificEpithet","taxonRank","taxonomicStatus","dateIdentified","elevation","elevationAccuracy","stateProvince.original","year","month","day","eventDate","lastInterpreted","license","identifiers","facts","relations","geodeticDatum","class","countryCode","country.original","rightsHolder","identifier","recordNumber","datasetName","municipality.original","locality","language","collectionCode","gbifID","occurrenceID","type","preparations","recordedBy","catalogNumber","institutionCode","ownerInstitutionCode","identifiedBy","occurrenceRemarks","continent","modified","institutionID","county","rights","nomenclaturalCode","higherGeography","fieldNumber","organismID","datasetID","accessRights","collectionID","higherClassification","nomenclaturalStatus","taxonID","bibliographicCitation","references","vernacularName","otherCatalogNumbers","fieldNotes","organismQuantity","locationRemarks","organismQuantityType","eventID","locationID","samplingProtocol","verbatimEventDate","identificationID","habitat","endDayOfYear","startDayOfYear","verbatimTaxonRank","coordinateUncertaintyInMeters","associatedOccurrences","georeferencedDate","georeferencedBy","eventRemarks","verbatimLocality","verbatimElevation","reproductiveCondition","georeferenceSources","identificationQualifier","identificationRemarks","previousIdentifications","georeferenceProtocol","dynamicProperties","typeStatus","waterBody","typifiedName","higherGeographyID","municipality","stateProvince","country","FID","NOME","GEOCODIGO","POINT_X","POINT_Y","NOMEUF","SIGLAUF","estados_shp","x_estado","y_estado","nome","sigla","new_Lat","new_Lon","notes","comments"
"1","Quiina amazonica",1587325117,-9.234167,-64.641388,"cdround,gass84","e38d4c95-3a1d-4594-9ae9-883b48042e6d","7ef169f9-81f8-46a2-a7f7-240df6a1889c","none","b38ff2b7-c8af-454e-b5af-ee760f0d5bca","BR","DWC_ARCHIVE","2018-11-23T18:21:39.098+0000","2018-11-23T18:21:39.216+0000",123,"none","PRESERVED_SPECIMEN",8,3986470,6,7707728,220,1414,3986433,7285768,3986470,3986470,"Quiina amazonica A.C.Sm.","Quiina amazonica A.C.Sm.","Plantae","Tracheophyta","Malpighiales","Quiinaceae","Quiina","Quiina amazonica","Quiina","amazonica","SPECIES","ACCEPTED","none",96,0,"Rondônia",2014,5,26,"2014-05-26T00:00:00","2018-11-23T18:22:55.778+0000","http://creativecommons.org/licenses/by-nc/4.0/legalcode","none","none","none","WGS84","Magnoliopsida","BR","Brazil","CEN - Herbário da Embrapa Recursos Genéticos e Biotecnologia","BRA:Cenargen:CEN:0000093589","357","CEN - Herbário da Embrapa Recursos Genéticos e Biotecnologia","PORTO VELHO","Margem esquerda do rio Madeira, canteiro de obras da UHE Jirau.","pt","CEN",1587325117,"BRA:Cenargen:CEN:0000093589","Collection","Exsicatas","Natália Alves Perigolo","93589","Cenargen","Empresa Brasileira de Pesquisa Agropecuária (EMBRAPA)","B. M. T. Walter","","","","","","","","",NA,NA,"","","","","",NA,"","",NA,"","",NA,NA,NA,NA,NA,NA,"",NA,"",NA,NA,"",NA,NA,"",NA,NA,"",NA,NA,"",NA,NA,"","","","","","",NA,"PORTO VELHO","Rondônia","brazil",4065,"Porto Velho",1100205,-64.306275,-9.153378,"RONDONIA","RO","Rondônia",-62.84395074,-10.91095782,"Rondônia","ro",-9.234167,-64.641388,"original coordinates","original coordinates OK"
"2","Quiina amazonica",1265926778,-10.323333,-64.564722,"gass84","e38d4c95-3a1d-4594-9ae9-883b48042e6d","7ef169f9-81f8-46a2-a7f7-240df6a1889c","none","b38ff2b7-c8af-454e-b5af-ee760f0d5bca","BR","DWC_ARCHIVE","2018-11-23T18:21:37.246+0000","2018-11-23T18:21:37.374+0000",123,"none","PRESERVED_SPECIMEN",1,3986470,6,7707728,220,1414,3986433,7285768,3986470,3986470,"Quiina amazonica A.C.Sm.","Quiina amazonica A.C.Sm.","Plantae","Tracheophyta","Malpighiales","Quiinaceae","Quiina","Quiina amazonica","Quiina","amazonica","SPECIES","ACCEPTED","none",143,0,"Rondônia",2013,5,10,"2013-05-10T00:00:00","2018-11-23T18:22:53.079+0000","http://creativecommons.org/licenses/by-nc/4.0/legalcode","none","none","none","WGS84","Magnoliopsida","BR","Brazil","CEN - Herbário da Embrapa Recursos Genéticos e Biotecnologia","BRA:Cenargen:CEN:0000089754","923","CEN - Herbário da Embrapa Recursos Genéticos e Biotecnologia","NOVA MAMORE","Parque Estadual de Guajará Mirim, trilha da cachoeira de 1,7 km.","pt","CEN",1265926778,"BRA:Cenargen:CEN:0000089754","Collection","Exsicatas","Narcísio Costa Bigio - UNIR","89754","Cenargen","Empresa Brasileira de Pesquisa Agropecuária (EMBRAPA)","B. M. T. Walter","Mata de terra firme. Doação da Universidade Federal de Rondônia - Herbário Rondoniensis - RON - Coleção João Geraldo Kuhlmann. RON nº 7148.","","","","","","","",NA,NA,"","","","","",NA,"","",NA,"","",NA,NA,NA,NA,NA,NA,"",NA,"",NA,NA,"",NA,NA,"",NA,NA,"",NA,NA,"",NA,NA,"","","","","","",NA,"NOVA MAMORE","Rondônia","brazil",3849,"Nova Mamoré",1100338,-64.629334,-10.382222,"RONDONIA","RO","Rondônia",-62.84395074,-10.91095782,"Rondônia","ro",-10.323333,-64.564722,"original coordinates","original coordinates OK"
"3","Quiina amazonica",1095261884,-9.619167,-65.463055,"cdround,gass84","e38d4c95-3a1d-4594-9ae9-883b48042e6d","7ef169f9-81f8-46a2-a7f7-240df6a1889c","none","b38ff2b7-c8af-454e-b5af-ee760f0d5bca","BR","DWC_ARCHIVE","2018-11-23T18:21:35.778+0000","2018-11-23T18:21:35.833+0000",123,"none","PRESERVED_SPECIMEN",8,3986470,6,7707728,220,1414,3986433,7285768,3986470,3986470,"Quiina amazonica A.C.Sm.","Quiina amazonica A.C.Sm.","Plantae","Tracheophyta","Malpighiales","Quiinaceae","Quiina","Quiina amazonica","Quiina","amazonica","SPECIES","ACCEPTED","none",120,0,"Rondônia",2013,6,21,"2013-06-21T00:00:00","2018-11-23T18:22:51.083+0000","http://creativecommons.org/licenses/by-nc/4.0/legalcode","none","none","none","WGS84","Magnoliopsida","BR","Brazil","CEN - Herbário da Embrapa Recursos Genéticos e Biotecnologia","BRA:Cenargen:CEN:0000086859","1848","CEN - Herbário da Embrapa Recursos Genéticos e Biotecnologia","PORTO VELHO","12 km NW de Abunã, margem esquerda do rio Madeira, parcela T11P4.","pt","CEN",1095261884,"BRA:Cenargen:CEN:0000086859","Collection","Exsicatas","Marcelo Fragomeni Simon","86859","Cenargen","Empresa Brasileira de Pesquisa Agropecuária (EMBRAPA)","B. M. T. Walter","Árvore 8 m. Frutos maduros amarelos.","","","","","","","",NA,NA,"","","","","",NA,"","",NA,"","",NA,NA,NA,NA,NA,NA,"",NA,"",NA,NA,"",NA,NA,"",NA,NA,"",NA,NA,"",NA,NA,"","","","","","",NA,"PORTO VELHO","Rondônia","brazil",4065,"Porto Velho",1100205,-64.306275,-9.153378,"RONDONIA","RO","Rondônia",-62.84395074,-10.91095782,"Rondônia","ro",-9.619167,-65.463055,"original coordinates","original coordinates OK"
"4","Quiina amazonica",1042712887,-2.3829,-60.09,"gass84,gdativ,iddatunl","3cc6171e-8c52-4f65-ad7a-32c74e395f29","c0d9c91a-0f83-4819-bf7e-bb5e1184eb6b","none","ada4205f-679c-4a86-9759-ff652ac467b3","BR","DWC_ARCHIVE","2017-10-08T07:25:27.608+0000","2014-11-24T14:46:16.536+0000",50,"none","PRESERVED_SPECIMEN",NA,3986470,6,7707728,220,1414,3986433,7285768,3986470,3986470,"Quiina amazonica A.C.Sm.","Quiina amazonica A.C.Sm.","Plantae","Tracheophyta","Malpighiales","Quiinaceae","Quiina","Quiina amazonica","Quiina","amazonica","SPECIES","ACCEPTED","2013-01-01T00:00:00",112.5,12.5,"Amazonas",2012,6,NA,"2012-06-01T00:00:00","2018-07-07T16:28:03.222+0000","http://creativecommons.org/publicdomain/zero/1.0/legalcode","none","none","none","WGS84","Magnoliopsida","BR","Brazil","Instituto Nacional de Pesquisas da Amazônia (INPA)","urn:catalog:inpa:herbarium:247099","224","Coleção Botânica, Instituto Nacional de Pesquisas da Amazônia (INPA)","","ZF2, Vicinal de origem no Km 50 da Rodovia BR-174","pt","Coleção Botânica, Instituto Nacional de Pesquisas da Amazônia (INPA)",1042712887,"urn:catalog:inpa:herbarium:247099","Collection","","Gaui, TD","258888","Instituto Nacional de Pesquisas da Amazônia (INPA)","","","","SOUTH_AMERICA","2014-09-26T00:00:00.000+0000","01.263.896/0015-60","Manaus","License Elements","","",NA,NA,"","","","","",NA,"","",NA,"","",NA,NA,NA,NA,NA,NA,"",NA,"",NA,NA,"",NA,NA,"",NA,NA,"",NA,NA,"",NA,NA,"","","","","","",NA,"","Amazonas","brazil",NA,"",NA,NA,NA,"","","Amazonas",-64.65219948,-4.15548242,"Amazonas","am",-2.3829,-60.09,"original coordinates","original coordinates outside municipality original in  falls in manaus"
"5","Quiina amazonica",1042712899,-2.3828,-60.09,"gass84,gdativ,iddatunl","3cc6171e-8c52-4f65-ad7a-32c74e395f29","c0d9c91a-0f83-4819-bf7e-bb5e1184eb6b","none","ada4205f-679c-4a86-9759-ff652ac467b3","BR","DWC_ARCHIVE","2017-10-08T07:25:27.608+0000","2014-11-24T14:46:16.455+0000",50,"none","PRESERVED_SPECIMEN",NA,3986470,6,7707728,220,1414,3986433,7285768,3986470,3986470,"Quiina amazonica A.C.Sm.","Quiina amazonica A.C.Sm.","Plantae","Tracheophyta","Malpighiales","Quiinaceae","Quiina","Quiina amazonica","Quiina","amazonica","SPECIES","ACCEPTED","2013-01-01T00:00:00",112.5,12.5,"Amazonas",2012,6,NA,"2012-06-01T00:00:00","2018-07-07T16:28:03.160+0000","http://creativecommons.org/publicdomain/zero/1.0/legalcode","none","none","none","WGS84","Magnoliopsida","BR","Brazil","Instituto Nacional de Pesquisas da Amazônia (INPA)","urn:catalog:inpa:herbarium:247101","226","Coleção Botânica, Instituto Nacional de Pesquisas da Amazônia (INPA)","","ZF2, Vicinal de origem no Km 50 da Rodovia BR-174","pt","Coleção Botânica, Instituto Nacional de Pesquisas da Amazônia (INPA)",1042712899,"urn:catalog:inpa:herbarium:247101","Collection","","Gaui, TD","258890","Instituto Nacional de Pesquisas da Amazônia (INPA)","","","","SOUTH_AMERICA","2014-09-26T00:00:00.000+0000","01.263.896/0015-60","Manaus","License Elements","","",NA,NA,"","","","","",NA,"","",NA,"","",NA,NA,NA,NA,NA,NA,"",NA,"",NA,NA,"",NA,NA,"",NA,NA,"",NA,NA,"",NA,NA,"","","","","","",NA,"","Amazonas","brazil",NA,"",NA,NA,NA,"","","Amazonas",-64.65219948,-4.15548242,"Amazonas","am",-2.3828,-60.09,"original coordinates","original coordinates outside municipality original in  falls in manaus"
"6","Quiina amazonica",1042712893,-2.3828,-60.09,"gass84,gdativ,iddatunl","3cc6171e-8c52-4f65-ad7a-32c74e395f29","c0d9c91a-0f83-4819-bf7e-bb5e1184eb6b","none","ada4205f-679c-4a86-9759-ff652ac467b3","BR","DWC_ARCHIVE","2017-10-08T07:25:27.601+0000","2014-11-24T14:46:16.551+0000",50,"none","PRESERVED_SPECIMEN",NA,3986470,6,7707728,220,1414,3986433,7285768,3986470,3986470,"Quiina amazonica A.C.Sm.","Quiina amazonica A.C.Sm.","Plantae","Tracheophyta","Malpighiales","Quiinaceae","Quiina","Quiina amazonica","Quiina","amazonica","SPECIES","ACCEPTED","2013-01-01T00:00:00",112.5,12.5,"Amazonas",2012,6,NA,"2012-06-01T00:00:00","2018-07-07T16:28:03.226+0000","http://creativecommons.org/publicdomain/zero/1.0/legalcode","none","none","none","WGS84","Magnoliopsida","BR","Brazil","Instituto Nacional de Pesquisas da Amazônia (INPA)","urn:catalog:inpa:herbarium:247100","225","Coleção Botânica, Instituto Nacional de Pesquisas da Amazônia (INPA)","","ZF2, Vicinal de origem no Km 50 da Rodovia BR-174","pt","Coleção Botânica, Instituto Nacional de Pesquisas da Amazônia (INPA)",1042712893,"urn:catalog:inpa:herbarium:247100","Collection","","Gaui, TD","258889","Instituto Nacional de Pesquisas da Amazônia (INPA)","","","","SOUTH_AMERICA","2014-09-26T00:00:00.000+0000","01.263.896/0015-60","Manaus","License Elements","","",NA,NA,"","","","","",NA,"","",NA,"","",NA,NA,NA,NA,NA,NA,"",NA,"",NA,NA,"",NA,NA,"",NA,NA,"",NA,NA,"",NA,NA,"","","","","","",NA,"","Amazonas","brazil",NA,"",NA,NA,NA,"","","Amazonas",-64.65219948,-4.15548242,"Amazonas","am",-2.3828,-60.09,"original coordinates","original coordinates outside municipality original in  falls in manaus"
"7","Quiina amazonica",1090666117,-10.978056,-55.774444,"gass84","22331d58-4a7e-40da-b7db-652a4d4d85ed","e7132376-4a7e-458a-be08-946850a2beac","none","b38ff2b7-c8af-454e-b5af-ee760f0d5bca","BR","DWC_ARCHIVE","2018-10-25T12:34:29.970+0000","2017-12-29T14:48:09.585+0000",118,"none","PRESERVED_SPECIMEN",NA,3986470,6,7707728,220,1414,3986433,7285768,3986470,3986470,"Quiina amazonica A.C.Sm.","Quiina amazonica A.C.Sm.","Plantae","Tracheophyta","Malpighiales","Quiinaceae","Quiina","Quiina amazonica","Quiina","amazonica","SPECIES","ACCEPTED","2011-04-08T00:00:00",251,0,"Mato Grosso",2011,4,8,"2011-04-08T00:00:00","2018-12-08T04:44:01.859+0000","http://creativecommons.org/licenses/by-nc/4.0/legalcode","none","none","none","WGS84","Magnoliopsida","BR","Brazil","HERBAM - Herbário da Amazônia Meridional","BRA:UNEMAT:HERBAM:0000005238","3303","HERBAM - Herbário da Amazônia Meridional","Colíder","Canteiro de obras da UHE Colíder, Terra firme.","pt","HERBAM",1090666117,"BRA:UNEMAT:HERBAM:0000005238","Collection","","Soares, CRA; Melo, JAM; Piva, JH; Silva, QF","5238","UNEMAT","Universidade do Estado de Mato Grosso (UNEMAT)","Piva, JH","Programa de resgate da flora no canteiro de obras da UHE Colíder, MT.","","2017-12-21T17:35:02.000+0000","","","","","",NA,NA,"","","","","",NA,"","",NA,"","",NA,NA,NA,NA,NA,NA,"",NA,"",NA,NA,"",NA,NA,"",NA,NA,"",NA,NA,"",NA,NA,"","","","","","",NA,"Colíder","Mato Grosso","brazil",3806,"Colíder",5103205,-55.470156,-10.621949,"MATO GROSSO","MT","Mato Grosso",-55.91290105,-12.94917881,"Mato Grosso","mt",-10.978056,-55.774444,"original coordinates","original coordinates outside municipality original in colider falls in nova canaa do norte"
"8","Quiina amazonica",1837386310,-2.410442,-60.3064,"gass84","7aeb3ded-7443-4512-95f7-2ec7ab0f308c","a8d26b9b-a0c0-42b3-a479-b575f9b60793","none","b38ff2b7-c8af-454e-b5af-ee760f0d5bca","BR","DWC_ARCHIVE","2018-11-23T18:22:13.865+0000","2018-08-03T12:06:30.797+0000",127,"none","PRESERVED_SPECIMEN",NA,3986470,6,7707728,220,1414,3986433,7285768,3986470,3986470,"Quiina amazonica A.C.Sm.","Quiina amazonica A.C.Sm.","Plantae","Tracheophyta","Malpighiales","Quiinaceae","Quiina","Quiina amazonica","Quiina","amazonica","SPECIES","ACCEPTED","2011-05-12T00:00:00",0,0,"Amazonas",2011,5,12,"2011-05-12T00:00:00","2018-12-08T03:39:45.007+0000","http://creativecommons.org/licenses/by-nc/4.0/legalcode","none","none","none","WGS84","Magnoliopsida","BR","Brazil","EAFM - Herbário do Instituto Federal de Educação, Ciência e Tecnologia do Amazonas","BRA:IFAM - CMZL:EAFM:0000014637","254","EAFM - Herbário do Instituto Federal de Educação, Ciência e Tecnologia do Amazonas","Manaus, Presidente Figueiredo","Ramal ZF5 (SUFRAMA), BR-174, Km 83, Parcelas permanentes instaladas ao longo de transectos que cruzam uma floresta de terra-firme (ca. 900 hectares) atingida por uma tempestade de vento ocorrida no ano de 1996","pt","EAFM",1837386310,"BRA:IFAM - CMZL:EAFM:0000014637","Collection","","Marra, D.M.; Neves, A.F. & Souza, I.G.","14637","Instituto Federal de Educação, Ciência e Tecnologia (IFAM)","Instituto Federal de Educação, Ciência e Tecnologia (IFAM)","Marra, D.M.; Carneiro, V.M.C.","árvore, DAP = 13.3 cm; Floresta de terra-firme ; HA","","2018-07-19T12:36:07.000+0000","","","","","",NA,NA,"","","","","",NA,"","",NA,"","",NA,NA,NA,NA,NA,NA,"",NA,"",NA,NA,"",NA,NA,"",NA,NA,"",NA,NA,"",NA,NA,"","","","","","",NA,"Manaus, Presidente Figueiredo","Amazonas","brazil",NA,"",NA,NA,NA,"","","Amazonas",-64.65219948,-4.15548242,"Amazonas","am",-2.410442,-60.3064,"original coordinates","original coordinates outside municipality original in manaus, presidente figueiredo falls in manaus"
"9","Quiina amazonica",1090667327,-9.34,-56.780556,"gass84","22331d58-4a7e-40da-b7db-652a4d4d85ed","e7132376-4a7e-458a-be08-946850a2beac","none","b38ff2b7-c8af-454e-b5af-ee760f0d5bca","BR","DWC_ARCHIVE","2018-10-25T12:34:30.397+0000","2017-12-29T14:48:13.919+0000",118,"none","PRESERVED_SPECIMEN",NA,3986470,6,7707728,220,1414,3986433,7285768,3986470,3986470,"Quiina amazonica A.C.Sm.","Quiina amazonica A.C.Sm.","Plantae","Tracheophyta","Malpighiales","Quiinaceae","Quiina","Quiina amazonica","Quiina","amazonica","SPECIES","ACCEPTED","2011-10-27T00:00:00",210,0,"Mato Grosso",2011,10,27,"2011-10-27T00:00:00","2018-12-08T04:44:02.505+0000","http://creativecommons.org/licenses/by-nc/4.0/legalcode","none","none","none","WGS84","Magnoliopsida","BR","Brazil","HERBAM - Herbário da Amazônia Meridional","BRA:UNEMAT:HERBAM:0000007066","Azul 544466","HERBAM - Herbário da Amazônia Meridional","Paranaíta","Terra Firme.","pt","HERBAM",1090667327,"BRA:UNEMAT:HERBAM:0000007066","Collection","","Soares, CRA; Santos, ML; Zanin, MAS; Brito, POS; Oliveira, PS; Piva, JH","7066","UNEMAT","Universidade do Estado de Mato Grosso (UNEMAT)","Piva, JH","UHE Teles Pires","","2017-12-21T17:35:02.000+0000","","","","","",NA,NA,"","","","","",NA,"","",NA,"","",NA,NA,NA,NA,NA,NA,"",NA,"",NA,NA,"",NA,NA,"",NA,NA,"",NA,NA,"",NA,NA,"","","","","","",NA,"Paranaíta","Mato Grosso","brazil",3982,"Paranaíta",5106299,-56.684596,-9.592842,"MATO GROSSO","MT","Mato Grosso",-55.91290105,-12.94917881,"Mato Grosso","mt",-9.34,-56.780556,"original coordinates","original coordinates OK"
"10","Quiina amazonica",1090151271,-1.982778,-51.637778,"gass84","0c00cc8f-fd48-4771-acae-216bfc42dfc2","dbf378dd-b030-4049-bc9c-b5b8643e67cd","none","b38ff2b7-c8af-454e-b5af-ee760f0d5bca","BR","DWC_ARCHIVE","2018-11-24T12:36:09.613+0000","2018-07-04T12:09:00.592+0000",130,"none","PRESERVED_SPECIMEN",NA,3986470,6,7707728,220,1414,3986433,7285768,3986470,3986470,"Quiina amazonica A.C.Sm.","Quiina amazonica A.C.Sm.","Plantae","Tracheophyta","Malpighiales","Quiinaceae","Quiina","Quiina amazonica","Quiina","amazonica","SPECIES","ACCEPTED","2009-01-01T00:00:00",9999,0,"Pará",2007,1,27,"2007-01-27T00:00:00","2018-12-08T04:39:57.124+0000","http://creativecommons.org/licenses/by-nc/4.0/legalcode","none","none","none","WGS84","Magnoliopsida","BR","Brazil","MFS - Herbário Profª. Drª. Marlene Freitas da Silva","BRA:UEPA:MFS:0000000786","53","MFS - Herbário Profª. Drª. Marlene Freitas da Silva","Portel","Floresta Nacional de Caxiuanã, grade do PPBio","pt","MFS",1090151271,"BRA:UEPA:MFS:0000000786","Collection","","Félix-da-Silva, MM","000786","UEPA","Universidade do Estado do Pará (UEPA)","Lobato, LCB; Félix-da-Silva, MM","Árvore de 13 m de altura. Frutos imaturos verdes.","","2018-06-14T13:43:46.000+0000","","","","","",NA,NA,"","","","","",NA,"","",NA,"","",NA,NA,NA,NA,NA,NA,"",NA,"",NA,NA,"",NA,NA,"",NA,NA,"",NA,NA,"",NA,NA,"","","","","","",NA,"Portel","Pará","brazil",5416,"Portel",1505809,-50.955382,-2.565434,"PARA","PA","Pará",-53.0625366,-3.972184,"Pará","pa",-1.982778,-51.637778,"original coordinates","original coordinates OK"
"11","Quiina amazonica",1090151208,-1.803328,-50.715475,"gass84","0c00cc8f-fd48-4771-acae-216bfc42dfc2","dbf378dd-b030-4049-bc9c-b5b8643e67cd","none","b38ff2b7-c8af-454e-b5af-ee760f0d5bca","BR","DWC_ARCHIVE","2018-11-24T12:36:09.578+0000","2018-07-04T12:09:00.402+0000",130,"none","PRESERVED_SPECIMEN",NA,3986470,6,7707728,220,1414,3986433,7285768,3986470,3986470,"Quiina amazonica A.C.Sm.","Quiina amazonica A.C.Sm.","Plantae","Tracheophyta","Malpighiales","Quiinaceae","Quiina","Quiina amazonica","Quiina","amazonica","SPECIES","ACCEPTED","none",0,0,"Pará",2007,7,20,"2007-07-20T00:00:00","2018-12-08T04:39:57.092+0000","http://creativecommons.org/licenses/by-nc/4.0/legalcode","none","none","none","WGS84","Magnoliopsida","BR","Brazil","MFS - Herbário Profª. Drª. Marlene Freitas da Silva","BRA:UEPA:MFS:0000000726","280","MFS - Herbário Profª. Drª. Marlene Freitas da Silva","Melgaço","Floresta Nacional de Caxiuanã, área da Estação Científica Ferreira Penna (ECFPn)","pt","MFS",1090151208,"BRA:UEPA:MFS:0000000726","Collection","","Félix-da-Silva, MM","000726","UEPA","Universidade do Estado do Pará (UEPA)","","Árvore de 6 m de altura. Flor amarela.","","2018-06-14T13:43:46.000+0000","","","","","",NA,NA,"","","","","",NA,"","",NA,"","",NA,NA,NA,NA,NA,NA,"",NA,"",NA,NA,"",NA,NA,"",NA,NA,"",NA,NA,"",NA,NA,"","","","","","",NA,"Melgaço","Pará","brazil",5473,"Melgaço",1504505,-51.100337,-1.610662,"PARA","PA","Pará",-53.0625366,-3.972184,"Pará","pa",-1.803328,-50.715475,"original coordinates","original coordinates OK"
"12","Quiina amazonica",1090151259,-1.982778,-51.637778,"gass84","0c00cc8f-fd48-4771-acae-216bfc42dfc2","dbf378dd-b030-4049-bc9c-b5b8643e67cd","none","b38ff2b7-c8af-454e-b5af-ee760f0d5bca","BR","DWC_ARCHIVE","2018-11-24T12:36:09.607+0000","2018-07-04T12:09:00.678+0000",130,"none","PRESERVED_SPECIMEN",NA,3986470,6,7707728,220,1414,3986433,7285768,3986470,3986470,"Quiina amazonica A.C.Sm.","Quiina amazonica A.C.Sm.","Plantae","Tracheophyta","Malpighiales","Quiinaceae","Quiina","Quiina amazonica","Quiina","amazonica","SPECIES","ACCEPTED","2009-01-01T00:00:00",9999,0,"Pará",2007,11,10,"2007-11-10T00:00:00","2018-12-08T04:39:57.115+0000","http://creativecommons.org/licenses/by-nc/4.0/legalcode","none","none","none","WGS84","Magnoliopsida","BR","Brazil","MFS - Herbário Profª. Drª. Marlene Freitas da Silva","BRA:UEPA:MFS:0000000809","359","MFS - Herbário Profª. Drª. Marlene Freitas da Silva","Portel","Floresta Nacional de Caxiuanã, grade do PPBio","pt","MFS",1090151259,"BRA:UEPA:MFS:0000000809","Collection","","Félix-da-Silva, MM","000809","UEPA","Universidade do Estado do Pará (UEPA)","Lobato, LCB; Félix-da-Silva, MM","Árvore de 9 m de altura. Frutos jovens esverdeados e maduros avermelhados.","","2018-06-14T13:43:46.000+0000","","","","","",NA,NA,"","","","","",NA,"","",NA,"","",NA,NA,NA,NA,NA,NA,"",NA,"",NA,NA,"",NA,NA,"",NA,NA,"",NA,NA,"",NA,NA,"","","","","","",NA,"Portel","Pará","brazil",5416,"Portel",1505809,-50.955382,-2.565434,"PARA","PA","Pará",-53.0625366,-3.972184,"Pará","pa",-1.982778,-51.637778,"original coordinates","original coordinates OK"
"13","Quiina amazonica",1042477355,-5.216667,-68.32,"elmms,gass84,gdativ","3cc6171e-8c52-4f65-ad7a-32c74e395f29","c0d9c91a-0f83-4819-bf7e-bb5e1184eb6b","none","ada4205f-679c-4a86-9759-ff652ac467b3","BR","DWC_ARCHIVE","2017-10-08T07:24:31.713+0000","2014-11-24T14:40:10.661+0000",50,"none","PRESERVED_SPECIMEN",NA,3986470,6,7707728,220,1414,3986433,7285768,3986470,3986470,"Quiina amazonica A.C.Sm.","Quiina amazonica A.C.Sm.","Plantae","Tracheophyta","Malpighiales","Quiinaceae","Quiina","Quiina amazonica","Quiina","amazonica","SPECIES","ACCEPTED","2006-05-06T00:00:00",75,75,"Amazonas",2006,3,30,"2006-03-30T00:00:00","2018-07-07T16:28:03.123+0000","http://creativecommons.org/publicdomain/zero/1.0/legalcode","none","none","none","WGS84","Magnoliopsida","BR","Brazil","Instituto Nacional de Pesquisas da Amazônia (INPA)","urn:catalog:inpa:herbarium:11313","1731","Coleção Botânica, Instituto Nacional de Pesquisas da Amazônia (INPA)","","Terra firme, Rio Mutum, tributário do Jutai, Reserva Cujubim.","pt","Coleção Botânica, Instituto Nacional de Pesquisas da Amazônia (INPA)",1042477355,"urn:catalog:inpa:herbarium:11313","Collection","","Assunção, PACL","217956","Instituto Nacional de Pesquisas da Amazônia (INPA)","","Zartman, C.E.","","SOUTH_AMERICA","2014-09-26T00:00:00.000+0000","01.263.896/0015-60","Jutaí","License Elements","","",NA,NA,"","","","","",NA,"","",NA,"","",NA,NA,NA,NA,NA,NA,"",NA,"",NA,NA,"",NA,NA,"",NA,NA,"",NA,NA,"",NA,NA,"","","","","","",NA,"","Amazonas","brazil",NA,"",NA,NA,NA,"","","Amazonas",-64.65219948,-4.15548242,"Amazonas","am",-5.216667,-68.32,"original coordinates","original coordinates outside municipality original in  falls in jutai"
"14","Quiina amazonica",1424326136,-8.063333,-71.178056,"cdround,gass84","4300f8d5-1ae5-49e5-a101-63894b005868","838537fc-4aeb-4980-8b58-97fbdcd1d91a","none","da7fe11a-b42c-46cb-9e9d-02243edb738a","BR","DWC_ARCHIVE","2018-10-02T15:41:15.390+0000","2018-09-24T20:02:28.609+0000",207,"none","PRESERVED_SPECIMEN",NA,3986470,6,7707728,220,1414,3986433,7285768,3986470,3986470,"Quiina amazonica A.C.Sm.","Quiina amazonica A.C.Sm.","Plantae","Tracheophyta","Malpighiales","Quiinaceae","Quiina","Quiina amazonica","Quiina","amazonica","SPECIES","ACCEPTED","2012-01-01T00:00:00",NA,NA,"Acre",2006,6,24,"2006-06-24T00:00:00","2018-12-06T16:59:14.162+0000","http://creativecommons.org/licenses/by/4.0/legalcode","none","none","none","WGS84","Magnoliopsida","BR","Brazil","Rio de Janeiro Botanical Garden","urn:catalog:JBRJ:RB:615837","4019","RB - Rio de Janeiro Botanical Garden Herbarium Collection","Tarauacá","Rio Acuraua.","","RB",1424326136,"urn:catalog:JBRJ:RB:615837","PhysicalObject","","M. Silveira; Et al","RB00615837","JBRJ","","J.V. Schneider (FR)","Árvore 12 m; fruto maduro amarelo, cálice verde.","","2014-07-07T20:42:17.366+0000","","","","","",NA,NA,"","","","","",NA,"","",NA,"RB 509030","Floresta densa e manchas de floresta com bambu regenerando.",NA,NA,NA,NA,NA,NA,"",NA,"",NA,NA,"",NA,NA,"",NA,NA,"",NA,NA,"",NA,NA,"","","","","","",NA,"Tarauacá","Acre","brazil",4223,"Tarauacá",1200609,-71.446546,-8.237902,"ACRE","AC","Acre",-70.47194528,-9.21340431,"Acre","ac",-8.063333,-71.178056,"original coordinates","original coordinates OK"
"15","Quiina amazonica",1424385630,-7.930556,-71.5375,"cdround,gass84","4300f8d5-1ae5-49e5-a101-63894b005868","838537fc-4aeb-4980-8b58-97fbdcd1d91a","none","da7fe11a-b42c-46cb-9e9d-02243edb738a","BR","DWC_ARCHIVE","2018-10-02T15:41:52.432+0000","2018-09-24T20:02:59.638+0000",207,"none","PRESERVED_SPECIMEN",NA,3986470,6,7707728,220,1414,3986433,7285768,3986470,3986470,"Quiina amazonica A.C.Sm.","Quiina amazonica A.C.Sm.","Plantae","Tracheophyta","Malpighiales","Quiinaceae","Quiina","Quiina amazonica","Quiina","amazonica","SPECIES","ACCEPTED","2012-01-01T00:00:00",NA,NA,"Acre",2006,12,20,"2006-12-20T00:00:00","2018-12-06T16:59:54.760+0000","http://creativecommons.org/licenses/by/4.0/legalcode","none","none","none","WGS84","Magnoliopsida","BR","Brazil","Rio de Janeiro Botanical Garden","urn:catalog:JBRJ:RB:680988","3856","RB - Rio de Janeiro Botanical Garden Herbarium Collection","Tarauacá","","","RB",1424385630,"urn:catalog:JBRJ:RB:680988","PhysicalObject","","M. Silveira; F. Obermuller, C.S. Pessoa, E.C. de Oliveira, Írio Rivera, I.E.S. Moll","RB00680988","JBRJ","","J.V. Schneider (FR)","Arbusto 4m, fruto maduro amarelo.","","2017-10-10T20:25:18.701+0000","","","","","",NA,NA,"","","","","",NA,"","",NA,"RB 532429","Floresta aberta (com bambu morto) e manchas de floresta densa. Terra frme.",NA,NA,NA,NA,NA,NA,"",NA,"",NA,NA,"",NA,NA,"",NA,NA,"",NA,NA,"",NA,NA,"","","","","","",NA,"Tarauacá","Acre","brazil",4223,"Tarauacá",1200609,-71.446546,-8.237902,"ACRE","AC","Acre",-70.47194528,-9.21340431,"Acre","ac",-7.930556,-71.5375,"original coordinates","original coordinates OK"
"16","Quiina amazonica",1042476718,-2.883333,-59.97,"gass84,gdativ","3cc6171e-8c52-4f65-ad7a-32c74e395f29","c0d9c91a-0f83-4819-bf7e-bb5e1184eb6b","none","ada4205f-679c-4a86-9759-ff652ac467b3","BR","DWC_ARCHIVE","2017-10-08T07:24:31.608+0000","2014-11-24T14:40:09.466+0000",50,"none","PRESERVED_SPECIMEN",NA,3986470,6,7707728,220,1414,3986433,7285768,3986470,3986470,"Quiina amazonica A.C.Sm.","Quiina amazonica A.C.Sm.","Plantae","Tracheophyta","Malpighiales","Quiinaceae","Quiina","Quiina amazonica","Quiina","amazonica","SPECIES","ACCEPTED","none",0,0,"Amazonas",1997,8,23,"1997-08-23T00:00:00","2018-07-07T16:28:03.135+0000","http://creativecommons.org/publicdomain/zero/1.0/legalcode","none","none","none","WGS84","Magnoliopsida","BR","Brazil","Instituto Nacional de Pesquisas da Amazônia (INPA)","urn:catalog:inpa:herbarium:10877","635","Coleção Botânica, Instituto Nacional de Pesquisas da Amazônia (INPA)","","Reserva Florestal Adolfo Ducke","pt","Coleção Botânica, Instituto Nacional de Pesquisas da Amazônia (INPA)",1042476718,"urn:catalog:inpa:herbarium:10877","Collection","","Assunção, PACL","191525","Instituto Nacional de Pesquisas da Amazônia (INPA)","","Costa, M.A.S. da","","SOUTH_AMERICA","2014-09-26T00:00:00.000+0000","01.263.896/0015-60","Manaus","License Elements","","",NA,NA,"","","","","",NA,"","",NA,"","",NA,NA,NA,NA,NA,NA,"",NA,"",NA,NA,"",NA,NA,"",NA,NA,"",NA,NA,"",NA,NA,"","","","","","",NA,"","Amazonas","brazil",NA,"",NA,NA,NA,"","","Amazonas",-64.65219948,-4.15548242,"Amazonas","am",-2.883333,-59.97,"original coordinates","original coordinates outside municipality original in  falls in manaus"
"17","Quiina amazonica",1099623978,-2.53,-59.58,"gass84","7741a517-ab3d-4b85-ae58-56322e44c8ce","d073b448-6b80-4364-8c38-18d08b88797f","none","b38ff2b7-c8af-454e-b5af-ee760f0d5bca","BR","DWC_ARCHIVE","2018-12-03T13:51:53.941+0000","2018-12-03T16:41:32.985+0000",122,"none","PRESERVED_SPECIMEN",NA,3986470,6,7707728,220,1414,3986433,7285768,3986470,3986470,"Quiina amazonica A.C.Sm.","Quiina amazonica A.C.Sm.","Plantae","Tracheophyta","Malpighiales","Quiinaceae","Quiina","Quiina amazonica","Quiina","amazonica","SPECIES","ACCEPTED","none",NA,NA,"Amazonas",1995,10,25,"1995-10-25T00:00:00","2018-12-08T10:13:58.913+0000","http://creativecommons.org/licenses/by-nc/4.0/legalcode","none","none","none","WGS84","Magnoliopsida","BR","Brazil","UEC - Herbário da Universidade Estadual de Campinas","BRA:UNICAMP:UEC:0000184684","413","UEC - Herbário da Universidade Estadual de Campinas","Itacoatiara","reserva florestal Ducke","pt","UEC",1099623978,"BRA:UNICAMP:UEC:0000184684","Collection","","Costa, M.A.S.; Assunção, P.A.C.L.","184684","UNICAMP","Universidade Estadual de Campinas, UNICAMP","","flores de platô. Médio porte, 12cm de DAP, ritidoma castanho, casca um pouco fofa com manchas esverdeadas, desprendimento pulverulento. Tronco cilindrico, um pouco encurvado, base do tronco um pouco acanalado. Casca morta castanho, mui","","2018-11-21T16:37:25.000+0000","","","","","",NA,NA,"","","","","",NA,"","",NA,"","",NA,NA,NA,NA,NA,NA,"",NA,"",NA,NA,"",NA,NA,"",NA,NA,"",NA,NA,"",NA,NA,"","","","","","",NA,"Itacoatiara","Amazonas","brazil",5345,"Itacoatiara",1301902,-58.774776,-3.173227,"AMAZONAS","AM","Amazonas",-64.65219948,-4.15548242,"Amazonas","am",-2.53,-59.58,"original coordinates","original coordinates outside municipality original in itacoatiara falls in rio preto da eva"
"18","Quiina amazonica",1042618928,-2.883333,-59.97,"gass84,gdativ","3cc6171e-8c52-4f65-ad7a-32c74e395f29","c0d9c91a-0f83-4819-bf7e-bb5e1184eb6b","none","ada4205f-679c-4a86-9759-ff652ac467b3","BR","DWC_ARCHIVE","2017-10-08T07:25:05.450+0000","2014-11-24T14:44:19.859+0000",50,"none","PRESERVED_SPECIMEN",NA,3986470,6,7707728,220,1414,3986433,7285768,3986470,3986470,"Quiina amazonica A.C.Sm.","Quiina amazonica A.C.Sm.","Plantae","Tracheophyta","Malpighiales","Quiinaceae","Quiina","Quiina amazonica","Quiina","amazonica","SPECIES","ACCEPTED","none",0,0,"Amazonas",1994,4,6,"1994-04-06T00:00:00","2018-07-07T16:28:03.259+0000","http://creativecommons.org/publicdomain/zero/1.0/legalcode","none","none","none","WGS84","Magnoliopsida","BR","Brazil","Instituto Nacional de Pesquisas da Amazônia (INPA)","urn:catalog:inpa:herbarium:153292","1251","Coleção Botânica, Instituto Nacional de Pesquisas da Amazônia (INPA)","","Reserva Florestal Adolfo Ducke, Próximo ao alojamento. Solo areno-argiloso.","pt","Coleção Botânica, Instituto Nacional de Pesquisas da Amazônia (INPA)",1042618928,"urn:catalog:inpa:herbarium:153292","Collection","","Ribeiro, JELS","178614","Instituto Nacional de Pesquisas da Amazônia (INPA)","","Costa, M.A.S. da","","SOUTH_AMERICA","2014-09-26T00:00:00.000+0000","01.263.896/0015-60","Manaus","License Elements","","",NA,NA,"","","","","",NA,"","",NA,"","",NA,NA,NA,NA,NA,NA,"",NA,"",NA,NA,"",NA,NA,"",NA,NA,"",NA,NA,"",NA,NA,"","","","","","",NA,"","Amazonas","brazil",NA,"",NA,NA,NA,"","","Amazonas",-64.65219948,-4.15548242,"Amazonas","am",-2.883333,-59.97,"original coordinates","original coordinates outside municipality original in  falls in manaus"
"19","Quiina amazonica",1042583441,-2.516667,-59.83,"elmms,gass84,gdativ","3cc6171e-8c52-4f65-ad7a-32c74e395f29","c0d9c91a-0f83-4819-bf7e-bb5e1184eb6b","none","ada4205f-679c-4a86-9759-ff652ac467b3","BR","DWC_ARCHIVE","2017-10-08T07:24:56.952+0000","2014-11-24T14:43:18.246+0000",50,"none","PRESERVED_SPECIMEN",NA,3986470,6,7707728,220,1414,3986433,7285768,3986470,3986470,"Quiina amazonica A.C.Sm.","Quiina amazonica A.C.Sm.","Plantae","Tracheophyta","Malpighiales","Quiinaceae","Quiina","Quiina amazonica","Quiina","amazonica","SPECIES","ACCEPTED","none",25,25,"Amazonas",1993,2,NA,"1993-02-01T00:00:00","2018-07-07T16:28:03.200+0000","http://creativecommons.org/publicdomain/zero/1.0/legalcode","none","none","none","WGS84","Magnoliopsida","BR","Brazil","Instituto Nacional de Pesquisas da Amazônia (INPA)","urn:catalog:inpa:herbarium:117714","979","Coleção Botânica, Instituto Nacional de Pesquisas da Amazônia (INPA)","","Distrito Agropecuário, ZF3, Reserva 1501 (Km 41) do PDBFF, 90 Km NNE de Manaus","pt","Coleção Botânica, Instituto Nacional de Pesquisas da Amazônia (INPA)",1042583441,"urn:catalog:inpa:herbarium:117714","Collection","","Oliveira, AA de","196057","Instituto Nacional de Pesquisas da Amazônia (INPA)","","Oliveira, A.A. de","","SOUTH_AMERICA","2014-09-26T00:00:00.000+0000","01.263.896/0015-60","Manaus","License Elements","","",NA,NA,"","","","","",NA,"","",NA,"","",NA,NA,NA,NA,NA,NA,"",NA,"",NA,NA,"",NA,NA,"",NA,NA,"",NA,NA,"",NA,NA,"","","","","","",NA,"","Amazonas","brazil",NA,"",NA,NA,NA,"","","Amazonas",-64.65219948,-4.15548242,"Amazonas","am",-2.516667,-59.83,"original coordinates","original coordinates outside municipality original in  falls in rio preto da eva"
"20","Quiina amazonica",1455399880,-2.407222,-59.761111,"gass84","1bb3cae3-b91f-4109-8a2d-a1f05f2d6fd3","76dbcb10-efc5-4d5f-87a5-bcd409fc92c8","none","b38ff2b7-c8af-454e-b5af-ee760f0d5bca","BR","DWC_ARCHIVE","2018-11-24T12:30:35.833+0000","2018-09-25T14:05:00.265+0000",126,"none","PRESERVED_SPECIMEN",NA,3986470,6,7707728,220,1414,3986433,7285768,3986470,3986470,"Quiina amazonica A.C.Sm.","Quiina amazonica A.C.Sm.","Plantae","Tracheophyta","Malpighiales","Quiinaceae","Quiina","Quiina amazonica","Quiina","amazonica","SPECIES","ACCEPTED","none",87.5,37.5,"Amazonas",1992,1,11,"1992-01-11T00:00:00","2018-12-09T07:19:29.740+0000","http://creativecommons.org/licenses/by-nc/4.0/legalcode","none","none","none","WGS84","Magnoliopsida","BR","Brazil","SPF - Herbário da Universidade de São Paulo","BRA:USP:SPF:0000131878","303","SPF - Herbário da Universidade de São Paulo","Manaus","Reserva 1501 (km 41) do PDBFF","pt","SPF",1455399880,"BRA:USP:SPF:0000131878","Collection","","Oliveira, AA","131878","USP","Universidade de São Paulo, USP","Anônimo","","","2018-08-21T18:40:56.000+0000","","","","","",NA,NA,"","","","","",NA,"","",NA,"","",NA,NA,NA,NA,NA,NA,"",NA,"",NA,NA,"",NA,NA,"",NA,NA,"",NA,NA,"",NA,NA,"","","","","","",NA,"Manaus","Amazonas","brazil",5411,"Manaus",1302603,-60.251153,-2.607107,"AMAZONAS","AM","Amazonas",-64.65219948,-4.15548242,"Amazonas","am",-2.407222,-59.761111,"original coordinates","original coordinates outside municipality original in manaus falls in rio preto da eva"
"21","Quiina amazonica",1455399819,-2.407222,-59.727778,"gass84","1bb3cae3-b91f-4109-8a2d-a1f05f2d6fd3","76dbcb10-efc5-4d5f-87a5-bcd409fc92c8","none","b38ff2b7-c8af-454e-b5af-ee760f0d5bca","BR","DWC_ARCHIVE","2018-11-24T12:30:34.757+0000","2018-09-25T14:04:57.332+0000",126,"none","PRESERVED_SPECIMEN",NA,3986470,6,7707728,220,1414,3986433,7285768,3986470,3986470,"Quiina amazonica A.C.Sm.","Quiina amazonica A.C.Sm.","Plantae","Tracheophyta","Malpighiales","Quiinaceae","Quiina","Quiina amazonica","Quiina","amazonica","SPECIES","ACCEPTED","none",87.5,37.5,"Amazonas",1991,12,3,"1991-12-03T00:00:00","2018-12-09T07:19:29.796+0000","http://creativecommons.org/licenses/by-nc/4.0/legalcode","none","none","none","WGS84","Magnoliopsida","BR","Brazil","SPF - Herbário da Universidade de São Paulo","BRA:USP:SPF:0000125770","253","SPF - Herbário da Universidade de São Paulo","Manaus","Reserva 1501 (km 41) do PDBFF","pt","SPF",1455399819,"BRA:USP:SPF:0000125770","Collection","","Oliveira, AA","125770","USP","Universidade de São Paulo, USP","Anônimo","","","2018-08-21T18:40:56.000+0000","","","","","",NA,NA,"","","","","",NA,"","",NA,"","",NA,NA,NA,NA,NA,NA,"",NA,"",NA,NA,"",NA,NA,"",NA,NA,"",NA,NA,"",NA,NA,"","","","","","",NA,"Manaus","Amazonas","brazil",5411,"Manaus",1302603,-60.251153,-2.607107,"AMAZONAS","AM","Amazonas",-64.65219948,-4.15548242,"Amazonas","am",-2.407222,-59.727778,"original coordinates","original coordinates outside municipality original in manaus falls in rio preto da eva"
"22","Quiina amazonica",1042501688,-2.4,-59.72,"gass84,gdativ,iddatunl","3cc6171e-8c52-4f65-ad7a-32c74e395f29","c0d9c91a-0f83-4819-bf7e-bb5e1184eb6b","none","ada4205f-679c-4a86-9759-ff652ac467b3","BR","DWC_ARCHIVE","2017-10-08T07:24:37.602+0000","2014-11-24T14:41:05.548+0000",50,"none","PRESERVED_SPECIMEN",NA,3986470,6,7707728,220,1414,3986433,7285768,3986470,3986470,"Quiina amazonica A.C.Sm.","Quiina amazonica A.C.Sm.","Plantae","Tracheophyta","Malpighiales","Quiinaceae","Quiina","Quiina amazonica","Quiina","amazonica","SPECIES","ACCEPTED","1993-03-01T00:00:00",87.5,37.5,"Amazonas",1990,1,21,"1990-01-21T00:00:00","2018-07-07T16:28:03.151+0000","http://creativecommons.org/publicdomain/zero/1.0/legalcode","none","none","none","WGS84","Magnoliopsida","BR","Brazil","Instituto Nacional de Pesquisas da Amazônia (INPA)","urn:catalog:inpa:herbarium:35712","879","Coleção Botânica, Instituto Nacional de Pesquisas da Amazônia (INPA)","","Distrito Agropecuário, ZF3, Distrito Agropecuário, Reserva 1501 (Km41) da Smithsonian/INPA. Projeto Dinâmica Biológica de Fragmentos Florestais.","pt","Coleção Botânica, Instituto Nacional de Pesquisas da Amazônia (INPA)",1042501688,"urn:catalog:inpa:herbarium:35712","Collection","","Cunha, NML da","198951","Instituto Nacional de Pesquisas da Amazônia (INPA)","","Pires, J.M.","","SOUTH_AMERICA","2014-09-26T00:00:00.000+0000","01.263.896/0015-60","Manaus","License Elements","","",NA,NA,"","","","","",NA,"","",NA,"","",NA,NA,NA,NA,NA,NA,"",NA,"",NA,NA,"",NA,NA,"",NA,NA,"",NA,NA,"",NA,NA,"","","","","","",NA,"","Amazonas","brazil",NA,"",NA,NA,NA,"","","Amazonas",-64.65219948,-4.15548242,"Amazonas","am",-2.4,-59.72,"original coordinates","original coordinates outside municipality original in  falls in rio preto da eva"
"23","Quiina amazonica",1095196106,-4.366667,-70.183333,"cdround,gass84","e38d4c95-3a1d-4594-9ae9-883b48042e6d","7ef169f9-81f8-46a2-a7f7-240df6a1889c","none","b38ff2b7-c8af-454e-b5af-ee760f0d5bca","BR","DWC_ARCHIVE","2018-11-23T18:20:46.746+0000","2018-11-23T18:20:46.787+0000",123,"none","PRESERVED_SPECIMEN",1,3986470,6,7707728,220,1414,3986433,7285768,3986470,3986470,"Quiina amazonica A.C.Sm.","Quiina amazonica A.C.Sm.","Plantae","Tracheophyta","Malpighiales","Quiinaceae","Quiina","Quiina amazonica","Quiina","amazonica","SPECIES","ACCEPTED","none",NA,NA,"Amazonas",1989,1,18,"1989-01-18T00:00:00","2018-11-23T18:21:12.221+0000","http://creativecommons.org/licenses/by-nc/4.0/legalcode","none","none","none","WGS84","Magnoliopsida","BR","Brazil","CEN - Herbário da Embrapa Recursos Genéticos e Biotecnologia","BRA:Cenargen:CEN:0000012927","9860","CEN - Herbário da Embrapa Recursos Genéticos e Biotecnologia","ATALAIA DO NORTE","Estrada de Pedro Teixeira a mais ou menos 5 km da cidade de Atalaia do Norte.","pt","CEN",1095196106,"BRA:Cenargen:CEN:0000012927","Collection","Exsicatas","Carlos Alberto Cid Ferreira","12927","Cenargen","Empresa Brasileira de Pesquisa Agropecuária (EMBRAPA)","J. Schneider","Frutos com casca rugosa. Doação de Plantas do Rio Javarí, Amazonas. INPA - NYBG - CENARGEN.","","","","","","","",NA,NA,"","","","","",NA,"","",NA,"","",NA,NA,NA,NA,NA,NA,"",NA,"",NA,NA,"",NA,NA,"",NA,NA,"",NA,NA,"",NA,NA,"","","","","","",NA,"ATALAIA DO NORTE","Amazonas","brazil",4953,"Atalaia do Norte",1300201,-71.743357,-5.711638,"AMAZONAS","AM","Amazonas",-64.65219948,-4.15548242,"Amazonas","am",-4.366667,-70.183333,"original coordinates","original coordinates OK"
"24","Quiina amazonica",1042517838,-2,-60,"gass84,gdativ,iddatunl","3cc6171e-8c52-4f65-ad7a-32c74e395f29","c0d9c91a-0f83-4819-bf7e-bb5e1184eb6b","none","ada4205f-679c-4a86-9759-ff652ac467b3","BR","DWC_ARCHIVE","2017-10-08T07:24:41.562+0000","2014-11-24T14:41:34.034+0000",50,"none","PRESERVED_SPECIMEN",NA,3986470,6,7707728,220,1414,3986433,7285768,3986470,3986470,"Quiina amazonica A.C.Sm.","Quiina amazonica A.C.Sm.","Plantae","Tracheophyta","Malpighiales","Quiinaceae","Quiina","Quiina amazonica","Quiina","amazonica","SPECIES","ACCEPTED","1999-03-01T00:00:00",0,0,"Amazonas",1986,9,11,"1986-09-11T00:00:00","2018-07-07T16:28:03.086+0000","http://creativecommons.org/publicdomain/zero/1.0/legalcode","none","none","none","WGS84","Magnoliopsida","BR","Brazil","Instituto Nacional de Pesquisas da Amazônia (INPA)","urn:catalog:inpa:herbarium:52223","8075","Coleção Botânica, Instituto Nacional de Pesquisas da Amazônia (INPA)","","Canteiro de obras da UHE de Balbina, vicinal ES-6, área do reservatório, a 14 Km da obra.","pt","Coleção Botânica, Instituto Nacional de Pesquisas da Amazônia (INPA)",1042517838,"urn:catalog:inpa:herbarium:52223","Collection","","Ferreira, CAC","148392","Instituto Nacional de Pesquisas da Amazônia (INPA)","","Lobato, L.C.B.","","SOUTH_AMERICA","2014-09-26T00:00:00.000+0000","01.263.896/0015-60","Presidente Figueiredo","License Elements","","",NA,NA,"","","","","",NA,"","",NA,"","",NA,NA,NA,NA,NA,NA,"",NA,"",NA,NA,"",NA,NA,"",NA,NA,"",NA,NA,"",NA,NA,"","","","","","",NA,"","Amazonas","brazil",NA,"",NA,NA,NA,"","","Amazonas",-64.65219948,-4.15548242,"Amazonas","am",-2,-60,"original coordinates","original coordinates outside municipality original in  falls in presidente figueiredo"
"25","Quiina amazonica",1042515804,-7.25,-60,"gass84,gdativ,iddatunl","3cc6171e-8c52-4f65-ad7a-32c74e395f29","c0d9c91a-0f83-4819-bf7e-bb5e1184eb6b","none","ada4205f-679c-4a86-9759-ff652ac467b3","BR","DWC_ARCHIVE","2017-10-08T07:24:40.944+0000","2014-11-24T14:41:30.602+0000",50,"none","PRESERVED_SPECIMEN",NA,3986470,6,7707728,220,1414,3986433,7285768,3986470,3986470,"Quiina amazonica A.C.Sm.","Quiina amazonica A.C.Sm.","Plantae","Tracheophyta","Malpighiales","Quiinaceae","Quiina","Quiina amazonica","Quiina","amazonica","SPECIES","ACCEPTED","1989-06-01T00:00:00",0,0,"Amazonas",1985,5,3,"1985-05-03T00:00:00","2018-07-07T16:28:03.237+0000","http://creativecommons.org/publicdomain/zero/1.0/legalcode","none","none","none","WGS84","Magnoliopsida","BR","Brazil","Instituto Nacional de Pesquisas da Amazônia (INPA)","urn:catalog:inpa:herbarium:50220","5999","Coleção Botânica, Instituto Nacional de Pesquisas da Amazônia (INPA)","","BR 230. Rod. Transamazônica a 400 Km de Humaitá. Projeto INCRA-Rio Juma, viinal Corujá a 30 Km da Transamaz.","pt","Coleção Botânica, Instituto Nacional de Pesquisas da Amazônia (INPA)",1042515804,"urn:catalog:inpa:herbarium:50220","Collection","","Ferreira, CAC","127465","Instituto Nacional de Pesquisas da Amazônia (INPA)","","Lobato, L.C.B.","","SOUTH_AMERICA","2014-09-26T00:00:00.000+0000","01.263.896/0015-60","Novo Aripuanã","License Elements","","",NA,NA,"","","","","",NA,"","",NA,"","",NA,NA,NA,NA,NA,NA,"",NA,"",NA,NA,"",NA,NA,"",NA,NA,"",NA,NA,"",NA,NA,"","","","","","",NA,"","Amazonas","brazil",NA,"",NA,NA,NA,"","","Amazonas",-64.65219948,-4.15548242,"Amazonas","am",-7.25,-60,"original coordinates","original coordinates outside municipality original in  falls in apui"
"26","Quiina amazonica",1929336401,-6.833333,-59,"gass84","d415c253-4d61-4459-9d25-4015b9084fb0","ae447c50-b8a8-11d8-92a4-b8a03c50a862","none","17017c2c-036b-45d9-b045-606d21b00771","US","DWC_ARCHIVE","2018-11-18T15:22:05.097+0000","2018-11-18T15:22:05.117+0000",96,"none","PRESERVED_SPECIMEN",NA,3986470,6,7707728,220,1414,3986433,7285768,3986470,3986470,"Quiina amazonica A.C.Sm.","Quiina amazonica A.C.Sm.","Plantae","Tracheophyta","Malpighiales","Quiinaceae","Quiina","Quiina amazonica","Quiina","amazonica","SPECIES","ACCEPTED","1986-01-01T00:00:00",0,0,"Amazonas",1985,5,7,"1985-05-07T00:00:00","2018-12-08T08:12:01.382+0000","http://creativecommons.org/publicdomain/zero/1.0/legalcode","none","none","none","WGS84","Magnoliopsida","BR","Brazil","The New York Botanical Garden","6f028fc2-d964-47a3-b638-e214926707ba","338","Vascular plants","","BR 230 Estrada TransamazÃ´nica, 5 km E of Sucunduri","en","NY",1929336401,"6f028fc2-d964-47a3-b638-e214926707ba","PhysicalObject","sheet","A. J. Henderson","03136906","NY","","M. Pires","","SOUTH_AMERICA","","http://biocol.org/urn:lsid:biocol.org:col:15556","Borba","","ICN","",NA,NA,"","","http://biocol.org/urn:lsid:biocol.org:col:15556","","",NA,"","http://sweetgum.nybg.org/science/vh/specimen_details.php?irn=3377481",NA,"","",NA,NA,NA,NA,NA,NA,"07 May 1985",NA,"",127,127,"",NA,NA,"",NA,NA,"",NA,NA,"Label",NA,NA,"","","","","","",NA,"","Amazonas","brazil",NA,"",NA,NA,NA,"","","Amazonas",-64.65219948,-4.15548242,"Amazonas","am",-6.833333,-59,"original coordinates","original coordinates outside municipality original in  falls in apui"
"27","Quiina amazonica",1137633512,-10.11,-61.62,"","15f819bd-6612-4447-854b-14d12ee1022d","396d5f30-dea9-11db-8ab4-b8a03c50a862","none","65eb93af-41b8-4917-a5fc-cfe2a45aa4bf","NL","DWC_ARCHIVE","2018-12-11T19:20:38.875+0000","2018-01-23T11:26:05.808+0000",81,"none","PRESERVED_SPECIMEN",NA,3986470,6,7707728,220,1414,3986433,7285768,3986470,3986470,"Quiina amazonica A.C.Sm.","Quiina amazonica A.C.Sm.","Plantae","Tracheophyta","Malpighiales","Quiinaceae","Quiina","Quiina amazonica","Quiina","amazonica","SPECIES","ACCEPTED","none",NA,NA,"",1984,6,26,"1984-06-26T00:00:00","2018-12-10T08:25:17.840+0000","http://creativecommons.org/publicdomain/zero/1.0/legalcode","none","none","none","WGS84","Magnoliopsida","BR","Brazil","","U.1533015","","","","Planta de Rondonia. Municipio de Ji-Parana, BR 364, estrada Cuiaba-Porto Velho, km 353, linha 206, a 48 km de Ji-Parana.","","Botany",1137633512,"http://data.biodiversitydata.nl/naturalis/specimen/U.1533015","","","Cid Ferreira CA; Lima J; Guedes J; Coêlho J","U.1533015","","","","","SOUTH_AMERICA","","","","","ICN","",NA,NA,"","","","Plantae|Magnoliopsidae|Malpighiales|Quiinaceae","",NA,"","",NA,"","",NA,NA,NA,NA,NA,NA,"1984/06/26",NA,"",NA,NA,"species",NA,NA,"",NA,NA,"",NA,NA,"",NA,NA,"","","","","","",NA,"","","brazil",NA,"",NA,NA,NA,"","","",NA,NA,NA,"",-10.11,-61.62,"original coordinates","original coordinates outside municipality original in  falls in ji-parana"
"28","Quiina amazonica",1424083964,-10.183333,-63.05,"cdround,gass84","4300f8d5-1ae5-49e5-a101-63894b005868","838537fc-4aeb-4980-8b58-97fbdcd1d91a","none","da7fe11a-b42c-46cb-9e9d-02243edb738a","BR","DWC_ARCHIVE","2018-10-02T15:38:48.643+0000","2018-09-24T20:00:20.314+0000",207,"none","PRESERVED_SPECIMEN",NA,3986470,6,7707728,220,1414,3986433,7285768,3986470,3986470,"Quiina amazonica A.C.Sm.","Quiina amazonica A.C.Sm.","Plantae","Tracheophyta","Malpighiales","Quiinaceae","Quiina","Quiina amazonica","Quiina","amazonica","SPECIES","ACCEPTED","2012-01-01T00:00:00",NA,NA,"Rondônia",1984,6,30,"1984-06-30T00:00:00","2018-12-06T16:56:56.920+0000","http://creativecommons.org/licenses/by/4.0/legalcode","none","none","none","WGS84","Magnoliopsida","BR","Brazil","Rio de Janeiro Botanical Garden","urn:catalog:JBRJ:RB:323008","4928","RB - Rio de Janeiro Botanical Garden Herbarium Collection","Ouro Preto do Oeste","Br 364, estrada Cuiabá- Porto Velho, Km 353, linha 206, 48 Km de Ji-Paraná.","","RB",1424083964,"urn:catalog:JBRJ:RB:323008","PhysicalObject","","C.A.Cid; J.Lima, J,Guedes, J.Coelho","RB00323008","JBRJ","","J.V. Schneider (FR)","Arvoreta de 8m de altura, frutos maturos amarelos","","2014-07-08T02:11:30.000+0000","","","","","",NA,NA,"","","","","",NA,"","",NA,"RB 386865","Mata de terra firme, solo argiloso",NA,NA,NA,NA,NA,NA,"",NA,"",NA,NA,"",NA,NA,"",NA,NA,"",NA,NA,"",NA,NA,"","","","","","",NA,"Ouro Preto do Oeste","Rondônia","brazil",3809,"Ouro Preto do Oeste",1100155,-62.170903,-10.608658,"RONDONIA","RO","Rondônia",-62.84395074,-10.91095782,"Rondônia","ro",-10.183333,-63.05,"original coordinates","original coordinates outside municipality original in ouro preto do oeste falls in cacaulandia"
"29","Quiina amazonica",1424084388,-9.683333,-62.166667,"cdround,cudc,cuiv,gass84","4300f8d5-1ae5-49e5-a101-63894b005868","838537fc-4aeb-4980-8b58-97fbdcd1d91a","none","da7fe11a-b42c-46cb-9e9d-02243edb738a","BR","DWC_ARCHIVE","2018-10-02T15:38:48.832+0000","2018-09-24T20:00:20.446+0000",207,"none","PRESERVED_SPECIMEN",NA,3986470,6,7707728,220,1414,3986433,7285768,3986470,3986470,"Quiina amazonica A.C.Sm.","Quiina amazonica A.C.Sm.","Plantae","Tracheophyta","Malpighiales","Quiinaceae","Quiina","Quiina amazonica","Quiina","amazonica","SPECIES","ACCEPTED","none",NA,NA,"",1984,6,1,"1984-06-01T00:00:00","2018-12-06T16:56:57.176+0000","http://creativecommons.org/licenses/by/4.0/legalcode","none","none","none","WGS84","Magnoliopsida","BR","Brazil","Rio de Janeiro Botanical Garden","urn:catalog:JBRJ:RB:323742","226","RB - Rio de Janeiro Botanical Garden Herbarium Collection","Indeterminado","","","RB",1424084388,"urn:catalog:JBRJ:RB:323742","PhysicalObject","","Petrônio Furtado; Sebastião Silva","RB00323742","JBRJ","","Julio Schneider","Arvoreta com 4m de altura, diam do fuste 0,20 m copa com 2m, caule cinza, folhas verdes claras, frutos amarelos, frequencia fraca","","2017-10-10T17:26:07.358+0000","","","","","",NA,NA,"","","","","",NA,"","",NA,"RB 309803","Latossolo/arenoso",NA,NA,NA,NA,NA,NA,"",NA,"",NA,NA,"",NA,NA,"",NA,NA,"",NA,NA,"",NA,NA,"","","","","","",NA,"Indeterminado","","brazil",NA,"",NA,NA,NA,"","","",NA,NA,NA,"",-9.683333,-62.166667,"original coordinates","original coordinates outside municipality original in indeterminado falls in machadinho d'oeste"
"30","Quiina amazonica",1928441376,-10.183333,-63.05,"gass84","d415c253-4d61-4459-9d25-4015b9084fb0","ae447c50-b8a8-11d8-92a4-b8a03c50a862","none","17017c2c-036b-45d9-b045-606d21b00771","US","DWC_ARCHIVE","2018-11-18T14:49:32.031+0000","2018-11-18T14:49:32.160+0000",96,"none","PRESERVED_SPECIMEN",NA,3986470,6,7707728,220,1414,3986433,7285768,3986470,3986470,"Quiina amazonica A.C.Sm.","Quiina amazonica A.C.Sm.","Plantae","Tracheophyta","Malpighiales","Quiinaceae","Quiina","Quiina amazonica","Quiina","amazonica","SPECIES","ACCEPTED","none",0,0,"RondÃ´nia",1984,6,30,"1984-06-30T00:00:00","2018-12-08T19:25:50.801+0000","http://creativecommons.org/publicdomain/zero/1.0/legalcode","none","none","none","WGS84","Magnoliopsida","BR","Brazil","The New York Botanical Garden","2f924965-2c3a-4fbe-9023-cd7c7951c4ad","4928","Vascular plants","","BR-364, estrada Cuiaba-Porto Velho, km 353, linha 206, 48 km de Ji-Parana.","en","NY",1928441376,"2f924965-2c3a-4fbe-9023-cd7c7951c4ad","PhysicalObject","sheet","C. A. Cid Ferreira","3136907","NY","","","","SOUTH_AMERICA","","http://biocol.org/urn:lsid:biocol.org:col:15556","Ouro Preto","","ICN","",NA,NA,"","","http://biocol.org/urn:lsid:biocol.org:col:15556","","",NA,"","http://sweetgum.nybg.org/science/vh/specimen_details.php?irn=3377483",NA,"","",NA,NA,NA,NA,NA,NA,"30 Jun 1984",NA,"",182,182,"",NA,NA,"",NA,NA,"",NA,NA,"Label",NA,NA,"","","","","","",NA,"","RondÃ´nia","brazil",NA,"",NA,NA,NA,"","","",NA,NA,NA,"",-10.183333,-63.05,"original coordinates","original coordinates outside municipality original in  falls in cacaulandia"
"31","Quiina amazonica",1424084019,-10.183333,-63.05,"cdround,gass84,muluriiv","4300f8d5-1ae5-49e5-a101-63894b005868","838537fc-4aeb-4980-8b58-97fbdcd1d91a","none","da7fe11a-b42c-46cb-9e9d-02243edb738a","BR","DWC_ARCHIVE","2018-10-02T15:38:48.712+0000","2018-09-24T20:00:20.409+0000",207,"none","PRESERVED_SPECIMEN",NA,3986470,6,7707728,220,1414,3986433,7285768,3986470,3986470,"Quiina amazonica A.C.Sm.","Quiina amazonica A.C.Sm.","Plantae","Tracheophyta","Malpighiales","Quiinaceae","Quiina","Quiina amazonica","Quiina","amazonica","SPECIES","ACCEPTED","2012-01-01T00:00:00",NA,NA,"Rondônia",1984,7,2,"1984-07-02T00:00:00","2018-12-06T16:56:56.956+0000","http://creativecommons.org/licenses/by/4.0/legalcode","none","none","none","WGS84","Magnoliopsida","BR","Brazil","Rio de Janeiro Botanical Garden","urn:catalog:JBRJ:RB:323049","4972","RB - Rio de Janeiro Botanical Garden Herbarium Collection","Jaru","BR 364, rodovia Cuiabá- Porto Velho, Km 423, linha 603- Theobroma- Anari, Km 48, varadouro para o garimpo chamado Serra sem calça.","","RB",1424084019,"urn:catalog:JBRJ:RB:323049","PhysicalObject","","C.A.Cid; J.Lima, J.Guedes, J.Coelho","RB00323049","JBRJ","","J.V. Schneider (FR)","Arbusto de 4 m de altura, flores amarelas, frutos maturos amarelos","","2014-07-08T02:11:25.310+0000","","","","","",NA,NA,"","","","","",NA,"","",NA,"RB 350910","Mata de terra firme, solo argiloso",NA,NA,NA,NA,NA,NA,"",NA,"",NA,NA,"",NA,NA,"",NA,NA,"",NA,NA,"",NA,NA,"","","","","","",NA,"Jaru","Rondônia","brazil",3812,"Jaru",1100114,-62.583157,-10.58889,"RONDONIA","RO","Rondônia",-62.84395074,-10.91095782,"Rondônia","ro",-10.183333,-63.05,"original coordinates","original coordinates outside municipality original in jaru falls in cacaulandia"
"32","Quiina amazonica",1931338012,-10.183333,-63.05,"gass84","d415c253-4d61-4459-9d25-4015b9084fb0","ae447c50-b8a8-11d8-92a4-b8a03c50a862","none","17017c2c-036b-45d9-b045-606d21b00771","US","DWC_ARCHIVE","2018-11-18T16:26:24.612+0000","2018-11-18T16:26:24.724+0000",96,"none","PRESERVED_SPECIMEN",NA,3986470,6,7707728,220,1414,3986433,7285768,3986470,3986470,"Quiina amazonica A.C.Sm.","Quiina amazonica A.C.Sm.","Plantae","Tracheophyta","Malpighiales","Quiinaceae","Quiina","Quiina amazonica","Quiina","amazonica","SPECIES","ACCEPTED","none",0,0,"RondÃ´nia",1984,7,2,"1984-07-02T00:00:00","2018-12-07T05:44:09.752+0000","http://creativecommons.org/publicdomain/zero/1.0/legalcode","none","none","none","WGS84","Magnoliopsida","BR","Brazil","The New York Botanical Garden","fcaec399-2ae1-4e45-994a-b338c03afc43","4972","Vascular plants","","BR-364, rodovia CuiabÃ¡-Porto Velho, km 423, linha 603 - Thebroma-Anari, km 48, varadouro para o garimpo chamado Serra sem CalÃ§a.","en","NY",1931338012,"fcaec399-2ae1-4e45-994a-b338c03afc43","PhysicalObject","sheet","C. A. Cid Ferreira","3136913","NY","","","","SOUTH_AMERICA","","http://biocol.org/urn:lsid:biocol.org:col:15556","Jaru","","ICN","",NA,NA,"","","http://biocol.org/urn:lsid:biocol.org:col:15556","","",NA,"","http://sweetgum.nybg.org/science/vh/specimen_details.php?irn=3377489",NA,"","",NA,NA,NA,NA,NA,NA,"02 Jul 1984",NA,"",184,184,"",NA,NA,"",NA,NA,"",NA,NA,"Label",NA,NA,"","","","","","",NA,"","RondÃ´nia","brazil",NA,"",NA,NA,NA,"","","",NA,NA,NA,"",-10.183333,-63.05,"original coordinates","original coordinates outside municipality original in  falls in cacaulandia"
"33","Quiina amazonica",1042567408,-2.366667,-59.95,"gass84,gdativ","3cc6171e-8c52-4f65-ad7a-32c74e395f29","c0d9c91a-0f83-4819-bf7e-bb5e1184eb6b","none","ada4205f-679c-4a86-9759-ff652ac467b3","BR","DWC_ARCHIVE","2017-10-08T07:24:53.279+0000","2014-11-24T14:43:00.716+0000",50,"none","PRESERVED_SPECIMEN",NA,3986470,6,7707728,220,1414,3986433,7285768,3986470,3986470,"Quiina amazonica A.C.Sm.","Quiina amazonica A.C.Sm.","Plantae","Tracheophyta","Malpighiales","Quiinaceae","Quiina","Quiina amazonica","Quiina","amazonica","SPECIES","ACCEPTED","none",0,0,"Amazonas",1984,8,21,"1984-08-21T00:00:00","2018-07-07T16:28:03.268+0000","http://creativecommons.org/publicdomain/zero/1.0/legalcode","none","none","none","WGS84","Magnoliopsida","BR","Brazil","Instituto Nacional de Pesquisas da Amazônia (INPA)","urn:catalog:inpa:herbarium:101514","33043259","Coleção Botânica, Instituto Nacional de Pesquisas da Amazônia (INPA)","","Distrito Agropecuário, ZF3, Distrito Agropecuário da SUFRAMA Rodovia BR-174, km 64 depois 7 km Leste na ZF3, Fazenda POrto Alegre, Resrva No. 3304 dp Projeto Dinâmica Biológica de Fragmento Florestais. Arv. No. 3259. Mata de terra firme sobre latosol","pt","Coleção Botânica, Instituto Nacional de Pesquisas da Amazônia (INPA)",1042567408,"urn:catalog:inpa:herbarium:101514","Collection","","Menezes, JF","174241","Instituto Nacional de Pesquisas da Amazônia (INPA)","","Costa, J.C. da","","SOUTH_AMERICA","2014-09-26T00:00:00.000+0000","01.263.896/0015-60","Manaus","License Elements","","",NA,NA,"","","","","",NA,"","",NA,"","",NA,NA,NA,NA,NA,NA,"",NA,"",NA,NA,"",NA,NA,"",NA,NA,"",NA,NA,"",NA,NA,"","","","","","",NA,"","Amazonas","brazil",NA,"",NA,NA,NA,"","","Amazonas",-64.65219948,-4.15548242,"Amazonas","am",-2.366667,-59.95,"original coordinates","original coordinates outside municipality original in  falls in rio preto da eva"
"34","Quiina amazonica",1424084319,-1.833333,-65.583333,"cdround,gass84","4300f8d5-1ae5-49e5-a101-63894b005868","838537fc-4aeb-4980-8b58-97fbdcd1d91a","none","da7fe11a-b42c-46cb-9e9d-02243edb738a","BR","DWC_ARCHIVE","2018-10-02T15:38:48.830+0000","2018-09-24T20:00:20.509+0000",207,"none","PRESERVED_SPECIMEN",NA,3986470,6,7707728,220,1414,3986433,7285768,3986470,3986470,"Quiina amazonica A.C.Sm.","Quiina amazonica A.C.Sm.","Plantae","Tracheophyta","Malpighiales","Quiinaceae","Quiina","Quiina amazonica","Quiina","amazonica","SPECIES","ACCEPTED","none",NA,NA,"Amazonas",1982,10,31,"1982-10-31T00:00:00","2018-12-06T16:56:57.132+0000","http://creativecommons.org/licenses/by/4.0/legalcode","none","none","none","WGS84","Magnoliopsida","BR","Brazil","Rio de Janeiro Botanical Garden","urn:catalog:JBRJ:RB:323721","3444","RB - Rio de Janeiro Botanical Garden Herbarium Collection","Maraã","Colonia dos Indios Canamaris, Rio Japurá, afluente do Rio Solimões.","","RB",1424084319,"urn:catalog:JBRJ:RB:323721","PhysicalObject","","C.A.Cid; J.Lima","RB00323721","JBRJ","","Julio Schneider","Arvoreta de 7m de altura, frutos maturos amarelos em cachos","","2014-12-08T09:17:14.906+0000","","","","","",NA,NA,"","","","","",NA,"","",NA,"RB 271674","mata de terra firme, solo argiloso",NA,NA,NA,NA,NA,NA,"",NA,"",NA,NA,"",NA,NA,"",NA,NA,"",NA,NA,"",NA,NA,"","","","","","",NA,"Maraã","Amazonas","brazil",5423,"Maraã",1302801,-65.032044,-2.438116,"AMAZONAS","AM","Amazonas",-64.65219948,-4.15548242,"Amazonas","am",-1.833333,-65.583333,"original coordinates","original coordinates OK"
"35","Quiina amazonica",1930490334,-9.55,-65.1,"gass84","d415c253-4d61-4459-9d25-4015b9084fb0","ae447c50-b8a8-11d8-92a4-b8a03c50a862","none","17017c2c-036b-45d9-b045-606d21b00771","US","DWC_ARCHIVE","2018-11-18T15:59:25.540+0000","2018-11-18T15:59:25.728+0000",96,"none","PRESERVED_SPECIMEN",NA,3986470,6,7707728,220,1414,3986433,7285768,3986470,3986470,"Quiina amazonica A.C.Sm.","Quiina amazonica A.C.Sm.","Plantae","Tracheophyta","Malpighiales","Quiinaceae","Quiina","Quiina amazonica","Quiina","amazonica","SPECIES","ACCEPTED","none",0,0,"RondÃ´nia",1979,7,14,"1979-07-14T00:00:00","2018-12-08T13:27:57.990+0000","http://creativecommons.org/publicdomain/zero/1.0/legalcode","none","none","none","WGS84","Magnoliopsida","BR","Brazil","The New York Botanical Garden","c08ed1b2-b7a2-42d9-ac57-2e604f867df2","2837","Vascular plants","","Estrada para a MineraÃ§Ã£ao SÃ£o LourenÃ§o","en","NY",1930490334,"c08ed1b2-b7a2-42d9-ac57-2e604f867df2","PhysicalObject","sheet","C. E. CalderÃ³n","02332384","NY","","","","SOUTH_AMERICA","","http://biocol.org/urn:lsid:biocol.org:col:15556","","","ICN","",NA,NA,"","","http://biocol.org/urn:lsid:biocol.org:col:15556","","",NA,"","http://sweetgum.nybg.org/science/vh/specimen_details.php?irn=2518658",NA,"","",NA,NA,NA,NA,NA,NA,"14 Jul 1979",NA,"",195,195,"",NA,NA,"2015-07-01",NA,NA,"",NA,NA,"From another label",NA,NA,"","Other collections","","","","",NA,"","RondÃ´nia","brazil",NA,"",NA,NA,NA,"","","",NA,NA,NA,"",-9.55,-65.1,"original coordinates","original coordinates outside municipality original in  falls in porto velho"
"36","Quiina amazonica",1927835343,-1.641716,-60.185895,"cdround","d415c253-4d61-4459-9d25-4015b9084fb0","ae447c50-b8a8-11d8-92a4-b8a03c50a862","none","17017c2c-036b-45d9-b045-606d21b00771","US","DWC_ARCHIVE","2018-11-18T14:45:00.984+0000","2018-11-18T14:45:01.154+0000",96,"none","PRESERVED_SPECIMEN",NA,3986470,6,7707728,220,1414,3986433,7285768,3986470,3986470,"Quiina amazonica A.C.Sm.","Quiina amazonica A.C.Sm.","Plantae","Tracheophyta","Malpighiales","Quiinaceae","Quiina","Quiina amazonica","Quiina","amazonica","SPECIES","ACCEPTED","1975-01-01T00:00:00",0,0,"Amazonas",1974,9,20,"1974-09-20T00:00:00","2018-12-05T23:30:28.952+0000","http://creativecommons.org/publicdomain/zero/1.0/legalcode","none","none","none","WGS84","Magnoliopsida","BR","Brazil","The New York Botanical Garden","04b7fe38-f0fd-44e3-a45d-455d4e5cd57e","22717","Vascular plants","","Km 159, BR-174, Manaus-Caracarai Road.","en","NY",1927835343,"04b7fe38-f0fd-44e3-a45d-455d4e5cd57e","PhysicalObject","sheet","G. T. Prance","3136916","NY","","M. Pires","","SOUTH_AMERICA","","http://biocol.org/urn:lsid:biocol.org:col:15556","","","ICN","",NA,NA,"","","http://biocol.org/urn:lsid:biocol.org:col:15556","","",NA,"","http://sweetgum.nybg.org/science/vh/specimen_details.php?irn=3377492",NA,"","",NA,NA,NA,NA,NA,NA,"20 Sep 1974",NA,"",263,263,"",14369.53,NA,"2013-07-01",NA,NA,"",NA,NA,"Manis Georef. Calculator",NA,NA,"","Georeferencing Quick Reference Guide, Version 2012","","","","",NA,"","Amazonas","brazil",NA,"",NA,NA,NA,"","","Amazonas",-64.65219948,-4.15548242,"Amazonas","am",-1.641716,-60.185895,"original coordinates","original coordinates outside municipality original in  falls in presidente figueiredo"
"37","Quiina amazonica",1090544916,-2.9833,-58.95,"gass84","1064b787-c882-493e-b17d-4ffba363b776","c47cd3b0-2178-4a4b-87a6-740b482970a9","none","b38ff2b7-c8af-454e-b5af-ee760f0d5bca","BR","DWC_ARCHIVE","2018-11-23T18:20:06.131+0000","2017-12-29T14:14:02.017+0000",129,"none","PRESERVED_SPECIMEN",NA,3986470,6,7707728,220,1414,3986433,7285768,3986470,3986470,"Quiina amazonica A.C.Sm.","Quiina amazonica A.C.Sm.","Plantae","Tracheophyta","Malpighiales","Quiinaceae","Quiina","Quiina amazonica","Quiina","amazonica","SPECIES","ACCEPTED","1950-02-22T00:00:00",NA,NA,"Amazonas",1950,2,22,"1950-02-22T00:00:00","2018-12-08T04:43:12.991+0000","http://creativecommons.org/licenses/by-nc/4.0/legalcode","none","none","none","WGS84","Magnoliopsida","BR","Brazil","IAC - Herbário do Instituto Agronômico de Campinas","BRA:IAC:IAC:0000015305","26066","IAC - Herbário do Instituto Agronômico de Campinas","Itacoatiara","Rio Urubú, São José das Pedras","pt","IAC",1090544916,"BRA:IAC:IAC:0000015305","Collection","","R.L. Fróes","15305","IAC","Instituto Agronômico de Campinas, IAC","R.L. Fróes","Plantas recebidas do Instituto Agronômico do Norte","","2017-06-09T13:59:09.000+0000","","","","","",NA,NA,"","","","","",NA,"","",NA,"","",NA,NA,NA,NA,NA,NA,"",NA,"",NA,NA,"",NA,NA,"",NA,NA,"",NA,NA,"",NA,NA,"","","","","","",NA,"Itacoatiara","Amazonas","brazil",5345,"Itacoatiara",1301902,-58.774776,-3.173227,"AMAZONAS","AM","Amazonas",-64.65219948,-4.15548242,"Amazonas","am",-2.9833,-58.95,"original coordinates","original coordinates OK"
"38","Quiina amazonica",1056380094,-3.87,-69.5,"gass84","7e380070-f762-11e1-a439-00145eb45e9a","19456090-b49a-11d8-abeb-b8a03c50a862","none","60277b56-f762-11e1-a439-00145eb45e9a","GB","DWC_ARCHIVE","2018-12-05T05:45:30.648+0000","2018-12-05T05:45:31.141+0000",100,"none","PRESERVED_SPECIMEN",NA,3986470,6,7707728,220,1414,3986433,7285768,3986470,3986470,"Quiina amazonica A.C.Sm.","Quiina amazonica A.C.Sm.","Plantae","Tracheophyta","Malpighiales","Quiinaceae","Quiina","Quiina amazonica","Quiina","amazonica","SPECIES","ACCEPTED","none",NA,NA,"Amazonas",1936,NA,NA,"1936-01-01T00:00:00","2018-12-05T05:47:33.723+0000","http://creativecommons.org/publicdomain/zero/1.0/legalcode","none","none","none","WGS84","Magnoliopsida","BR","Brazil","","466570","8502","","","Nearest Named Place: Palmares; Township: São Paulo de Olivença","","BOT",1056380094,"fede5409-6650-4c05-b692-6bda0c9edf8a","","","Boris Alexander Krukoff","BM000073156","NHMUK","","Julio V. Schneider","","SOUTH_AMERICA","2018-03-12T00:00:00.000+0000","","","","","South America; Brazil; Amazonas; São Sebastião do Uatumã",8502,NA,"","","","Quiinaceae","",NA,"","",NA,"NHMUK:ecatalogue:466570","",NA,NA,NA,NA,NA,NA,"",NA,"Varzea land",NA,NA,"",NA,NA,"",NA,NA,"",NA,NA,"",NA,NA,"","Google Maps","{""determinationfiledas"": [""Yes"", ""No""], ""collectionkind"": ""Sheet"", ""gbifissue"": [""GEODETIC_DATUM_ASSUMED_WGS84""], ""created"": ""2009-01-22"", ""gbifid"": 1056380094, ""determinationnames"": [""Quiina amazonica A.C.Sm."", ""Quiina amazonica A.C.Sm.""], ""plantdescription"": ""Small tree 25 ft. high; trunk 2.5 inches diam."", ""geom"": ""-3.87,-69.50"", ""subdepartment"": ""Flowering Plants""}","","","",NA,"","Amazonas","brazil",NA,"",NA,NA,NA,"","","Amazonas",-64.65219948,-4.15548242,"Amazonas","am",-3.87,-69.5,"original coordinates","original coordinates outside municipality original in  falls in tabatinga"
"39","Quiina amazonica",1228524796,-5,-63,"gass84","90c853e6-56bd-480b-8e8f-6285c3f8d42b","7b8aff00-a9f8-11d8-944b-b8a03c50a862","none","3b84ff5b-79ce-427c-acb7-b4004e160f66","US","DWC_ARCHIVE","2018-11-22T21:36:21.402+0000","2018-11-22T21:36:21.515+0000",97,"none","PRESERVED_SPECIMEN",NA,3986470,6,7707728,220,1414,3986433,7285768,3986470,3986470,"Quiina amazonica A.C.Sm.","Quiina amazonica A.C.Sm.","Plantae","Tracheophyta","Malpighiales","Quiinaceae","Quiina","Quiina amazonica","Quiina","amazonica","SPECIES","ACCEPTED","none",NA,NA,"Amazonas",1934,9,14,"1934-09-14T00:00:00","2018-12-07T20:12:22.809+0000","http://creativecommons.org/publicdomain/zero/1.0/legalcode","none","none","none","WGS84","Magnoliopsida","BR","Brazil","The Field Museum of Natural History","788071ff-5b7b-46ea-b71d-fb85beacd8bd","6445","vTypes","","","en","Botany",1228524796,"788071ff-5b7b-46ea-b71d-fb85beacd8bd","PhysicalObject","","B. A. Krukoff","V0067963F","F","F","","","SOUTH_AMERICA","","F","","","ICBN","South America, Brazil, Amazonas, Norte",NA,353632,"seeds-20-nov-2018","http://fieldmuseum.org/about/copyright-information","Botany","Plantae Spermatophyta Dicotyledoneae Quiinaceae","",NA,"","",NA,"","",NA,NA,NA,NA,NA,NA,"",NA,"",NA,NA,"",NA,NA,"",NA,NA,"",NA,NA,"",NA,NA,"","","","ISOTYPE","","",NA,"","Amazonas","brazil",NA,"",NA,NA,NA,"","","Amazonas",-64.65219948,-4.15548242,"Amazonas","am",-5,-63,"original coordinates","original coordinates outside municipality original in  falls in tapaua"
"40","Quiina amazonica",1056513373,-6.9879,-62.6889,"gass84","7e380070-f762-11e1-a439-00145eb45e9a","19456090-b49a-11d8-abeb-b8a03c50a862","none","60277b56-f762-11e1-a439-00145eb45e9a","GB","DWC_ARCHIVE","2018-12-05T05:45:30.561+0000","2018-12-05T05:45:31.070+0000",100,"none","PRESERVED_SPECIMEN",NA,3986470,6,7707728,220,1414,3986433,7285768,3986470,3986470,"Quiina amazonica A.C.Sm.","Quiina amazonica A.C.Sm.","Plantae","Tracheophyta","Malpighiales","Quiinaceae","Quiina","Quiina amazonica","Quiina","amazonica","SPECIES","ACCEPTED","none",NA,NA,"Amazonas",1934,NA,NA,"1934-01-01T00:00:00","2018-12-05T05:47:34.045+0000","http://creativecommons.org/publicdomain/zero/1.0/legalcode","none","none","none","WGS84","Magnoliopsida","BR","Brazil","","466545","6403","","","Nearest Named Place: Tres Casas; Township: Humayta","","BOT",1056513373,"1d1b7f62-94c7-44f9-add8-c222a8489b4d","","","Boris Alexander Krukoff","BM000073152","NHMUK","","Julio V. Schneider","","SOUTH_AMERICA","2018-03-12T00:00:00.000+0000","","","","","South America; Brazil; Amazonas; Humaitá",6403,NA,"","","","Quiinaceae","",NA,"","",NA,"NHMUK:ecatalogue:466545","",NA,NA,NA,NA,NA,NA,"",NA,"On low terra firma",NA,NA,"",NA,NA,"",NA,NA,"",NA,NA,"",NA,NA,"","Google Map","{""determinationfiledas"": [""Yes"", ""No""], ""collectionkind"": ""Sheet"", ""gbifissue"": [""GEODETIC_DATUM_ASSUMED_WGS84""], ""created"": ""2009-01-22"", ""gbifid"": 1056513373, ""determinationnames"": [""Quiina amazonica A.C.Sm."", ""Quiina amazonica A.C.Sm.""], ""plantdescription"": ""Shrub, fls. yellow"", ""geom"": ""-6.9879,-62.6889"", ""subdepartment"": ""Flowering Plants""}","PARATYPE","Rio Madera","",NA,"","Amazonas","brazil",NA,"",NA,NA,NA,"","","Amazonas",-64.65219948,-4.15548242,"Amazonas","am",-6.9879,-62.6889,"original coordinates","original coordinates outside municipality original in  falls in humaita"
"41","Quiina amazonica",1056051887,-6.9879,-62.6889,"gass84","7e380070-f762-11e1-a439-00145eb45e9a","19456090-b49a-11d8-abeb-b8a03c50a862","none","60277b56-f762-11e1-a439-00145eb45e9a","GB","DWC_ARCHIVE","2018-12-05T05:45:30.453+0000","2018-12-05T05:45:30.900+0000",100,"none","PRESERVED_SPECIMEN",NA,3986470,6,7707728,220,1414,3986433,7285768,3986470,3986470,"Quiina amazonica A.C.Sm.","Quiina amazonica A.C.Sm.","Plantae","Tracheophyta","Malpighiales","Quiinaceae","Quiina","Quiina amazonica","Quiina","amazonica","SPECIES","ACCEPTED","none",NA,NA,"Amazonas",1934,NA,NA,"1934-01-01T00:00:00","2018-12-05T05:47:33.098+0000","http://creativecommons.org/publicdomain/zero/1.0/legalcode","none","none","none","WGS84","Magnoliopsida","BR","Brazil","","466551","6235","","","Nearest Named Place: Tres Casas; Township: Humayta","","BOT",1056051887,"8b7016e3-d2d8-42c4-b361-d7e6a73342b0","","","Boris Alexander Krukoff","BM000073151","NHMUK","","Julio V. Schneider","","SOUTH_AMERICA","2018-03-12T00:00:00.000+0000","","","","","South America; Brazil; Amazonas; Humaitá",6235,NA,"","","","Quiinaceae","",NA,"","",NA,"NHMUK:ecatalogue:466551","",NA,NA,NA,NA,NA,NA,"",NA,"On restinga alta",NA,NA,"",NA,NA,"",NA,NA,"",NA,NA,"",NA,NA,"","Google Map","{""determinationfiledas"": [""Yes"", ""No""], ""collectionkind"": ""Sheet"", ""gbifissue"": [""GEODETIC_DATUM_ASSUMED_WGS84""], ""created"": ""2009-01-22"", ""gbifid"": 1056051887, ""determinationnames"": [""Quiina amazonica A.C.Sm."", ""Quiina amazonica A.C.Sm.""], ""plantdescription"": ""Shrub 25 ft high"", ""geom"": ""-6.9879,-62.6889"", ""subdepartment"": ""Flowering Plants""}","PARATYPE","Rio Madera","",NA,"","Amazonas","brazil",NA,"",NA,NA,NA,"","","Amazonas",-64.65219948,-4.15548242,"Amazonas","am",-6.9879,-62.6889,"original coordinates","original coordinates outside municipality original in  falls in humaita"
"42","Quiina amazonica",1096808347,-7.5,-70.25,"gass84","0943f690-fde5-11dd-83f4-b8a03c50a862","4c415e40-1e21-11de-9e40-a0d6ecebb8bf","none","4346b227-ca68-4d54-8a77-909148492e0b","SE","DWC_ARCHIVE","2017-12-11T14:21:38.087+0000","2016-01-07T12:37:42.498+0000",13,"none","PRESERVED_SPECIMEN",NA,3986470,6,7707728,220,1414,3986433,7285768,3986470,3986470,"Quiina amazonica A.C.Sm.","Quiina amazonica A.C.Sm.","Plantae","Tracheophyta","Malpighiales","Quiinaceae","Quiina","Quiina amazonica","Quiina","amazonica","SPECIES","ACCEPTED","none",NA,NA,"Amazonas",1933,6,NA,"1933-06-01T00:00:00","2018-07-07T13:16:02.640+0000","http://creativecommons.org/publicdomain/zero/1.0/legalcode","none","none","none","WGS84","Magnoliopsida","BR","Brazil","","S:VascularPlants:S13-15439","4649","","","B. A. Krukoff's 4th Expedition to Brazilian Amazonia. Basin of Rio Jurua. State of Amazonas; near mouth of Rio Embira (tributary of Rio Tarauaca)","","VascularPlants",1096808347,"S:VascularPlants:S13-15439","PhysicalObject","dried on sheet","B. A. Krukoff","S13-15439","S","","","","","2015-04-11T13:53:43.000+0000","urn:lsid:biocol.org:col:15668","","","","South and Central America, Caribbean & Antarctica; Brazil; Amazonas",4649,NA,"","","","Plantae;Magnoliophyta;Malpighiales;Quiinaceae;Quiina","",NA,"","",NA,"","",NA,NA,NA,NA,NA,NA,"",NA,"",NA,NA,"",NA,NA,"",NA,NA,"B. A. Krukoff's 4th Expedition to Brazilian Amazonia. Basin of Rio Jurua. State of Amazonas; near mouth of Rio Embira (tributary of Rio Tarauaca)",NA,NA,"",NA,NA,"Quiina; Quiina amazonica A. C. Smith, by J. V. Schneider 1997","","","","","",NA,"","Amazonas","brazil",NA,"",NA,NA,NA,"","","Amazonas",-64.65219948,-4.15548242,"Amazonas","am",-7.5,-70.25,"original coordinates","original coordinates outside municipality original in  falls in envira"
"43","Quiina amazonica",1260460219,-7.5,-70.25,"gass84","7bd65a7a-f762-11e1-a439-00145eb45e9a","90fd6680-349f-11d8-aa2d-b8a03c50a862","none","c4e134d3-c68f-406d-a116-6a37895602e0","US","DWC_ARCHIVE","2018-06-20T08:02:31.820+0000","2016-03-21T16:00:55.170+0000",28,"none","PRESERVED_SPECIMEN",NA,3986470,6,7707728,220,1414,3986433,7285768,3986470,3986470,"Quiina amazonica A.C.Sm.","Quiina amazonica A.C.Sm.","Plantae","Tracheophyta","Malpighiales","Quiinaceae","Quiina","Quiina amazonica","Quiina","amazonica","SPECIES","ACCEPTED","2000-01-01T00:00:00",NA,NA,"Amazonas",1933,6,27,"1933-06-27T00:00:00","2018-12-09T00:36:01.180+0000","http://creativecommons.org/licenses/by/4.0/legalcode","none","none","none","WGS84","Magnoliopsida","BR","Brazil","Missouri Botanical Garden","urn:catalog:MO:Tropicos:3080330","Krukoff 5073","Tropicos","","On terra firma. Near mouth of Rio Embira (tributary of Rio Tarauaca).","","MO",1260460219,"urn:catalog:MO:Tropicos:3080330","PhysicalObject","","Boris A. Krukoff","3080330","MO","MOBOT","J. Schneider, 01/","","SOUTH_AMERICA","2008-05-27T22:02:00.000+0000","","","","ICNafp","",NA,NA,"","","http://biocol.org/urn:lsid:biocol.org:col:15859","","No opinion",26900046,"http://www.tropicos.org/Specimen/3080330","",NA,"","",NA,NA,NA,NA,NA,NA,"",NA,"",NA,NA,"",NA,NA,"",NA,NA,"",NA,NA,"",NA,NA,"","","","","","",NA,"","Amazonas","brazil",NA,"",NA,NA,NA,"","","Amazonas",-64.65219948,-4.15548242,"Amazonas","am",-7.5,-70.25,"original coordinates","original coordinates outside municipality original in  falls in envira"
"44","Quiina amazonica",1260460371,-7.5,-70.25,"gass84","7bd65a7a-f762-11e1-a439-00145eb45e9a","90fd6680-349f-11d8-aa2d-b8a03c50a862","none","c4e134d3-c68f-406d-a116-6a37895602e0","US","DWC_ARCHIVE","2018-06-20T08:02:31.682+0000","2016-03-21T16:00:55.364+0000",28,"none","PRESERVED_SPECIMEN",NA,3986470,6,7707728,220,1414,3986433,7285768,3986470,3986470,"Quiina amazonica A.C.Sm.","Quiina amazonica A.C.Sm.","Plantae","Tracheophyta","Malpighiales","Quiinaceae","Quiina","Quiina amazonica","Quiina","amazonica","SPECIES","ACCEPTED","2000-01-01T00:00:00",NA,NA,"Amazonas",1933,6,NA,"1933-06-01T00:00:00","2018-12-09T00:36:01.187+0000","http://creativecommons.org/licenses/by/4.0/legalcode","none","none","none","WGS84","Magnoliopsida","BR","Brazil","Missouri Botanical Garden","urn:catalog:MO:Tropicos:3080477","Krukoff 4649","Tropicos","","On varzea land. Near mouth of Rio Embira (tributary of Rio Tarauaca).","","MO",1260460371,"urn:catalog:MO:Tropicos:3080477","PhysicalObject","","Boris A. Krukoff","3080477","MO","MOBOT","J. Schunke, 01/","","SOUTH_AMERICA","2008-05-27T22:02:00.000+0000","","","","ICNafp","",NA,NA,"","","http://biocol.org/urn:lsid:biocol.org:col:15859","","No opinion",26900046,"http://www.tropicos.org/Specimen/3080477","",NA,"","",NA,NA,NA,NA,NA,NA,"",NA,"",NA,NA,"",NA,NA,"",NA,NA,"",NA,NA,"",NA,NA,"","","","","","",NA,"","Amazonas","brazil",NA,"",NA,NA,NA,"","","Amazonas",-64.65219948,-4.15548242,"Amazonas","am",-7.5,-70.25,"original coordinates","original coordinates outside municipality original in  falls in envira"
"45","Quiina amazonica",1096808345,-7.5,-70.25,"gass84","0943f690-fde5-11dd-83f4-b8a03c50a862","4c415e40-1e21-11de-9e40-a0d6ecebb8bf","none","4346b227-ca68-4d54-8a77-909148492e0b","SE","DWC_ARCHIVE","2017-12-11T14:21:38.086+0000","2016-01-07T12:37:42.420+0000",13,"none","PRESERVED_SPECIMEN",NA,3986470,6,7707728,220,1414,3986433,7285768,3986470,3986470,"Quiina amazonica A.C.Sm.","Quiina amazonica A.C.Sm.","Plantae","Tracheophyta","Malpighiales","Quiinaceae","Quiina","Quiina amazonica","Quiina","amazonica","SPECIES","ACCEPTED","none",NA,NA,"Amazonas",1933,6,27,"1933-06-27T00:00:00","2018-07-07T13:16:02.622+0000","http://creativecommons.org/publicdomain/zero/1.0/legalcode","none","none","none","WGS84","Magnoliopsida","BR","Brazil","","S:VascularPlants:S13-15438","5073","","","B. A. Krukoff's 4th Expedition to Brazilian Amazonia. Basin of Rio Jurua. State of Amazonas; near mouth of Rio Embira (tributary of Rio Tarauaca)","","VascularPlants",1096808345,"S:VascularPlants:S13-15438","PhysicalObject","dried on sheet","B. A. Krukoff","S13-15438","S","","","","","2015-04-11T13:53:43.000+0000","urn:lsid:biocol.org:col:15668","","","","South and Central America, Caribbean & Antarctica; Brazil; Amazonas",5073,NA,"","","","Plantae;Magnoliophyta;Malpighiales;Quiinaceae;Quiina","",NA,"","",NA,"","",NA,NA,NA,NA,NA,NA,"",NA,"",NA,NA,"",NA,NA,"",NA,NA,"B. A. Krukoff's 4th Expedition to Brazilian Amazonia. Basin of Rio Jurua. State of Amazonas; near mouth of Rio Embira (tributary of Rio Tarauaca)",NA,NA,"",NA,NA,"Quiina; Quiina amazonica A. C. Smith, by J. V. Schneider 1997","","","","","",NA,"","Amazonas","brazil",NA,"",NA,NA,NA,"","","Amazonas",-64.65219948,-4.15548242,"Amazonas","am",-7.5,-70.25,"original coordinates","original coordinates outside municipality original in  falls in envira"
"46","Quiina amazonica",1140187214,-7.5,-70.25,"","15f819bd-6612-4447-854b-14d12ee1022d","396d5f30-dea9-11db-8ab4-b8a03c50a862","none","65eb93af-41b8-4917-a5fc-cfe2a45aa4bf","NL","DWC_ARCHIVE","2018-12-11T19:20:38.874+0000","2018-01-23T11:26:05.721+0000",81,"none","PRESERVED_SPECIMEN",NA,3986470,6,7707728,220,1414,3986433,7285768,3986470,3986470,"Quiina amazonica A.C.Sm.","Quiina amazonica A.C.Sm.","Plantae","Tracheophyta","Malpighiales","Quiinaceae","Quiina","Quiina amazonica","Quiina","amazonica","SPECIES","ACCEPTED","none",NA,NA,"",1933,6,27,"1933-06-27T00:00:00","2018-12-07T12:34:52.891+0000","http://creativecommons.org/publicdomain/zero/1.0/legalcode","none","none","none","WGS84","Magnoliopsida","BR","Brazil","","U.1533021","","","","Basin of Rio Jurua. State of Amazonas; near mouth of Rio Embira (tributary of Rio Tarauaca).","","Botany",1140187214,"http://data.biodiversitydata.nl/naturalis/specimen/U.1533021","","","Krukoff BA","U.1533021","","","","","SOUTH_AMERICA","","","","","ICN","",NA,NA,"","","","Plantae|Magnoliopsidae|Malpighiales|Quiinaceae","",NA,"","",NA,"","",NA,NA,NA,NA,NA,NA,"1933/06/27",NA,"",NA,NA,"species",NA,NA,"",NA,NA,"",NA,NA,"",NA,NA,"","","","","","",NA,"","","brazil",NA,"",NA,NA,NA,"","","",NA,NA,NA,"",-7.5,-70.25,"original coordinates","original coordinates outside municipality original in  falls in envira"
"47","Quiina amazonica",1042507578,-1.083333,-47.27,"gass84,gdativ","3cc6171e-8c52-4f65-ad7a-32c74e395f29","c0d9c91a-0f83-4819-bf7e-bb5e1184eb6b","none","ada4205f-679c-4a86-9759-ff652ac467b3","BR","DWC_ARCHIVE","2017-10-08T07:24:38.829+0000","2014-11-24T14:41:18.748+0000",50,"none","PRESERVED_SPECIMEN",NA,3986470,6,7707728,220,1414,3986433,7285768,3986470,3986470,"Quiina amazonica A.C.Sm.","Quiina amazonica A.C.Sm.","Plantae","Tracheophyta","Malpighiales","Quiinaceae","Quiina","Quiina amazonica","Quiina","amazonica","SPECIES","ACCEPTED","none",0,0,"Pará",1926,6,11,"1926-06-11T00:00:00","2018-07-07T16:28:03.149+0000","http://creativecommons.org/publicdomain/zero/1.0/legalcode","none","none","none","WGS84","Magnoliopsida","BR","Brazil","Instituto Nacional de Pesquisas da Amazônia (INPA)","urn:catalog:inpa:herbarium:41066","JB18131","Coleção Botânica, Instituto Nacional de Pesquisas da Amazônia (INPA)","","Estrada do Mamauru aopaiol do Castanhanduba.","pt","Coleção Botânica, Instituto Nacional de Pesquisas da Amazônia (INPA)",1042507578,"urn:catalog:inpa:herbarium:41066","Collection","","Ducke, A","14926","Instituto Nacional de Pesquisas da Amazônia (INPA)","","","","SOUTH_AMERICA","2014-09-26T00:00:00.000+0000","01.263.896/0015-60","Óbidos","License Elements","","",NA,NA,"","","","","",NA,"","",NA,"","",NA,NA,NA,NA,NA,NA,"",NA,"",NA,NA,"",NA,NA,"",NA,NA,"",NA,NA,"",NA,NA,"","","","","","",NA,"","Pará","brazil",NA,"",NA,NA,NA,"","","Pará",-53.0625366,-3.972184,"Pará","pa",-1.083333,-47.27,"original coordinates","original coordinates outside municipality original in  falls in peixe-boi"
"48","Quiina amazonica",1144758931,-6.98694,-62.68361,"gass84,rdativ","f577c9f3-ae71-4278-b6bf-512ba1dfaa21","43a26bbf-466a-4335-96cc-01d0656c614a","none","6040a0d6-f762-11e1-a439-00145eb45e9a","CH","BIOCASE","2018-12-11T23:56:41.405+0000","2016-02-24T13:17:48.467+0000",43,"none","PRESERVED_SPECIMEN",NA,3986470,6,7707728,220,1414,3986433,7285768,3986470,3986470,"Quiina amazonica A.C.Sm.","Quiina amazonica A.C.Sm.","Plantae","Tracheophyta","Malpighiales","Quiinaceae","Quiina","Quiina amazonica","Quiina","amazonica","SPECIES","ACCEPTED","none",NA,NA,"",NA,NA,NA,"none","2018-12-06T21:55:36.937+0000","http://creativecommons.org/licenses/by-nc/4.0/legalcode","none","none","none","WGS84","Magnoliopsida","BR","Brazil","","","","","","Três Casas - State of Amazonas: Municipality Humayta, near Tres Casas. On low terra firma","","Geneva Herbarium – General Collection (G)",1144758931,"","","","Krukoff, B. A. (Coll. Delessert)","G-G-286836/1","G","","Schneider, J. V. (1996)","","","","","","","","",NA,NA,"","","","","",NA,"","",NA,"","",NA,NA,NA,NA,NA,NA,"",NA,"",NA,NA,"",NA,NA,"",NA,NA,"",NA,NA,"",NA,NA,"","","","ISOTYPE","","Quiina amazonica A. C. Sm.",NA,"","","brazil",NA,"",NA,NA,NA,"","","",NA,NA,NA,"",-6.98694,-62.68361,"original coordinates","original coordinates outside municipality original in  falls in humaita"
"49","Quiina amazonica",1456356808,-2.4072,-59.7278,"gass84","821cc27a-e3bb-4bc5-ac34-89ada245069d","bc092ff0-02e4-11dc-991f-b8a03c50a862","none","b2ff19b5-d74f-40d2-82f1-ec5db01e8e31","US","DWC_ARCHIVE","2018-07-02T13:33:00.197+0000","2018-04-02T17:56:38.660+0000",58,"none","PRESERVED_SPECIMEN",1,3986470,6,7707728,220,1414,3986433,7285768,3986470,3986470,"Quiina amazonica A.C.Sm.","Quiina amazonica A.C.Sm.","Plantae","Tracheophyta","Malpighiales","Quiinaceae","Quiina","Quiina amazonica","Quiina","amazonica","SPECIES","ACCEPTED","none",87.5,37.5,"Amazonas",NA,NA,NA,"none","2018-12-10T16:43:42.926+0000","http://creativecommons.org/publicdomain/zero/1.0/legalcode","none","none","none","WGS84","Magnoliopsida","BR","Brazil","","http://n2t.net/ark:/65665/3c498f705-f734-437e-82a3-c085512f9233","22","NMNH Extant Biology","","Ca. 90 km NNE de Manaus, Distrito Agropecuário da Suframa. Reserva no. 1501 (""km 41""), Reserva no. 1501 (km 41)","","Botany",1456356808,"http://n2t.net/ark:/65665/3c498f705-f734-437e-82a3-c085512f9233","PhysicalObject","","P. Kukle","3311057","US","","","","","","http://biocol.org/urn:lsid:biocol.org:col:34871","Manaus","","","South America - Neotropics, Brazil, Amazonas, Manaus",NA,NA,"","","","Plantae, Dicotyledonae, Theales, Quiinaceae","",NA,"","",NA,"","",NA,NA,NA,NA,NA,NA,"",NA,"",NA,NA,"",NA,NA,"",NA,NA,"",NA,NA,"",NA,NA,"","","","","","",NA,"","Amazonas","brazil",NA,"",NA,NA,NA,"","","Amazonas",-64.65219948,-4.15548242,"Amazonas","am",-2.4072,-59.7278,"original coordinates","original coordinates outside municipality original in  falls in rio preto da eva"
"50","Quiina amazonica",1456265430,-2.4236,-59.9106,"gass84","821cc27a-e3bb-4bc5-ac34-89ada245069d","bc092ff0-02e4-11dc-991f-b8a03c50a862","none","b2ff19b5-d74f-40d2-82f1-ec5db01e8e31","US","DWC_ARCHIVE","2018-07-02T13:29:15.405+0000","2018-04-02T17:33:30.135+0000",58,"none","PRESERVED_SPECIMEN",1,3986470,6,7707728,220,1414,3986433,7285768,3986470,3986470,"Quiina amazonica A.C.Sm.","Quiina amazonica A.C.Sm.","Plantae","Tracheophyta","Malpighiales","Quiinaceae","Quiina","Quiina amazonica","Quiina","amazonica","SPECIES","ACCEPTED","none",87.5,37.5,"Amazonas",NA,NA,NA,"none","2018-12-10T17:17:28.804+0000","http://creativecommons.org/publicdomain/zero/1.0/legalcode","none","none","none","WGS84","Magnoliopsida","BR","Brazil","","http://n2t.net/ark:/65665/399e209f0-744f-4e06-a390-6961b0d315f4","157","NMNH Extant Biology","","Distrito Agropecuário, Fazenda Porto Alegre, Reserva 3402 (Cabo Frio) of the WWF/INPA MCS project","","Botany",1456265430,"http://n2t.net/ark:/65665/399e209f0-744f-4e06-a390-6961b0d315f4","PhysicalObject","","M. Pacheco, E. Palheta & S. Souza","3302012","US","","","","","","http://biocol.org/urn:lsid:biocol.org:col:34871","Manaus","","","South America - Neotropics, Brazil, Amazonas, Manaus",NA,NA,"","","","Plantae, Dicotyledonae, Theales, Quiinaceae","",NA,"","",NA,"","",NA,NA,NA,NA,NA,NA,"",NA,"",NA,NA,"",NA,NA,"",NA,NA,"",NA,NA,"",NA,NA,"","","","","","",NA,"","Amazonas","brazil",NA,"",NA,NA,NA,"","","Amazonas",-64.65219948,-4.15548242,"Amazonas","am",-2.4236,-59.9106,"original coordinates","original coordinates outside municipality original in  falls in rio preto da eva"
"51","Quiina amazonica",1456130371,-1.83,-65.58,"gass84","821cc27a-e3bb-4bc5-ac34-89ada245069d","bc092ff0-02e4-11dc-991f-b8a03c50a862","none","b2ff19b5-d74f-40d2-82f1-ec5db01e8e31","US","DWC_ARCHIVE","2018-07-02T13:23:44.399+0000","2018-04-02T16:52:32.214+0000",58,"none","PRESERVED_SPECIMEN",1,3986470,6,7707728,220,1414,3986433,7285768,3986470,3986470,"Quiina amazonica A.C.Sm.","Quiina amazonica A.C.Sm.","Plantae","Tracheophyta","Malpighiales","Quiinaceae","Quiina","Quiina amazonica","Quiina","amazonica","SPECIES","ACCEPTED","none",NA,NA,"Amazonas",NA,NA,NA,"none","2018-12-10T17:25:20.027+0000","http://creativecommons.org/publicdomain/zero/1.0/legalcode","none","none","none","WGS84","Magnoliopsida","BR","Brazil","","http://n2t.net/ark:/65665/35ade90ea-3dc9-4fe2-8ab5-43e05a347b0f","3444","NMNH Extant Biology","","Colonia dos Indios Canamarís, Rio japurá, afluente do rio Solimões","","Botany",1456130371,"http://n2t.net/ark:/65665/35ade90ea-3dc9-4fe2-8ab5-43e05a347b0f","PhysicalObject","","C. A. Cid Ferreira & J. Lima","3019837","US","","","","","","http://biocol.org/urn:lsid:biocol.org:col:34871","Maraã","","","South America - Neotropics, Brazil, Amazonas, Maraã",NA,NA,"","","","Plantae, Dicotyledonae, Theales, Quiinaceae","",NA,"","",NA,"","",NA,NA,NA,NA,NA,NA,"",NA,"",NA,NA,"",NA,NA,"",NA,NA,"",NA,NA,"",NA,NA,"","","","","","",NA,"","Amazonas","brazil",NA,"",NA,NA,NA,"","","Amazonas",-64.65219948,-4.15548242,"Amazonas","am",-1.83,-65.58,"original coordinates","original coordinates outside municipality original in  falls in maraa"
