"","name","key","decimalLatitude","decimalLongitude","issues","datasetKey","publishingOrgKey","networkKeys","installationKey","publishingCountry","protocol","lastCrawled","lastParsed","crawlId","extensions","basisOfRecord","taxonKey","kingdomKey","phylumKey","classKey","orderKey","familyKey","genusKey","speciesKey","acceptedTaxonKey","scientificName","acceptedScientificName","kingdom","phylum","order","family","genus","species","genericName","specificEpithet","taxonRank","taxonomicStatus","dateIdentified","elevation","elevationAccuracy","stateProvince.original","year","month","day","eventDate","modified","lastInterpreted","license","identifiers","facts","relations","geodeticDatum","class","countryCode","country.original","rightsHolder","identifier","recordNumber","datasetName","municipality.original","locality","language","collectionCode","gbifID","occurrenceID","type","recordedBy","catalogNumber","institutionCode","ownerInstitutionCode","occurrenceRemarks","continent","identifiedBy","otherCatalogNumbers","coordinateUncertaintyInMeters","references","habitat","institutionID","county","preparations","nomenclaturalCode","verbatimEventDate","georeferenceProtocol","endDayOfYear","startDayOfYear","collectionID","georeferenceSources","individualCount","municipality","stateProvince","country","FID","NOME","GEOCODIGO","POINT_X","POINT_Y","NOMEUF","SIGLAUF","estados_shp","x_estado","y_estado","nome","sigla","new_Lat","new_Lon","notes","comments"
"1","Cnidoscolus ulei",1252591463,-8.316667,-38.868056,"gass84","2e684fd6-09e2-4661-910a-0a188b610c04","60545be9-4f28-4245-b4b4-07635c8dfa54","none","b38ff2b7-c8af-454e-b5af-ee760f0d5bca","BR","DWC_ARCHIVE","2018-11-14T17:20:02.229+0000","2018-09-10T18:27:50.261+0000",124,"none","PRESERVED_SPECIMEN",3073442,6,7707728,220,1414,4691,3073435,3073442,3073442,"Cnidoscolus ulei (Pax) Pax","Cnidoscolus ulei (Pax) Pax","Plantae","Tracheophyta","Malpighiales","Euphorbiaceae","Cnidoscolus","Cnidoscolus ulei","Cnidoscolus","ulei","SPECIES","ACCEPTED","none",923,0,"Pernambuco",2015,6,18,"2015-06-18T00:00:00","2018-09-06T20:01:30.000+0000","2018-12-08T15:43:24.064+0000","http://creativecommons.org/licenses/by-nc/4.0/legalcode","none","none","none","WGS84","Magnoliopsida","BR","Brazil","HUEFS - Herbario da Universidade Estadual de Feira de Santana","BRA:UEFS:HUEFS:0000230552","9499","HUEFS - Herbario da Universidade Estadual de Feira de Santana","Carnaubeira da Penha","Aldeia Baixão. Serra Grande. Afloramento rochoso com vegetação rupestre. Rocha de areias quartzosas.","pt","HUEFS",1252591463,"BRA:UEFS:HUEFS:0000230552","Collection","Fontana, A.P.",230552,"UEFS","Universidade Estadual de Feira de Santana (UEFS)","Savana Estépica, Neossolo Regolítico Eutrófico","","","",NA,"","","","","","","","",NA,NA,"","",NA,"Carnaubeira da Penha","Pernambuco","brazil",4195,"Carnaubeira da Penha",2603926,-38.721212,-8.40902,"PERNAMBUCO","PE","Pernambuco",-37.99303622,-8.3240949,"Pernambuco","pe",-8.316667,-38.868056,"original coordinates","original coordinates OK"
"2","Cnidoscolus ulei",1090916566,-8.066056,-37.222667,"cdround,gass84","b18aa640-0367-4956-a6a4-5f07141127f1","6bfada01-036d-455a-b332-081dbe226a05","none","b38ff2b7-c8af-454e-b5af-ee760f0d5bca","BR","DWC_ARCHIVE","2018-11-23T18:22:18.712+0000","2018-05-05T12:05:50.844+0000",121,"none","PRESERVED_SPECIMEN",3073442,6,7707728,220,1414,4691,3073435,3073442,3073442,"Cnidoscolus ulei (Pax) Pax","Cnidoscolus ulei (Pax) Pax","Plantae","Tracheophyta","Malpighiales","Euphorbiaceae","Cnidoscolus","Cnidoscolus ulei","Cnidoscolus","ulei","SPECIES","ACCEPTED","2014-01-08T00:00:00",579,0,"Pernambuco",2014,1,7,"2014-01-07T00:00:00","2018-04-13T18:51:06.000+0000","2018-12-09T06:15:12.030+0000","http://creativecommons.org/licenses/by-nc/4.0/legalcode","none","none","none","WGS84","Magnoliopsida","BR","Brazil","HVASF - Herbário Vale do São Francisco","BRA:UNIVASF:HVASF:0000021941","3095","HVASF - Herbário Vale do São Francisco","Sertânia","Próximo ao Instituto Agronomico de Pernambuco","pt","HVASF",1090916566,"BRA:UNIVASF:HVASF:0000021941","Collection","A.C.P. Oliveira",21941,"UNIVASF","Universidade Federal do Vale do São Francisco (UNIVASF)","Erva com ca. de 1,20m alt.. Folha simples e alterna. Flor branca. Fruto verde.","SOUTH_AMERICA","A.C.P. Oliveira","",NA,"","","","","","","","",NA,NA,"","",NA,"Sertânia","Pernambuco","brazil",4228,"Sertânia",2614105,-37.336639,-8.209519,"PERNAMBUCO","PE","Pernambuco",-37.99303622,-8.3240949,"Pernambuco","pe",-8.066056,-37.222667,"original coordinates","original coordinates OK"
"3","Cnidoscolus ulei",1090914187,-8.36425,-38.515083,"cdround,gass84","b18aa640-0367-4956-a6a4-5f07141127f1","6bfada01-036d-455a-b332-081dbe226a05","none","b38ff2b7-c8af-454e-b5af-ee760f0d5bca","BR","DWC_ARCHIVE","2018-11-23T18:22:17.808+0000","2018-05-05T12:05:47.794+0000",121,"none","PRESERVED_SPECIMEN",3073442,6,7707728,220,1414,4691,3073435,3073442,3073442,"Cnidoscolus ulei (Pax) Pax","Cnidoscolus ulei (Pax) Pax","Plantae","Tracheophyta","Malpighiales","Euphorbiaceae","Cnidoscolus","Cnidoscolus ulei","Cnidoscolus","ulei","SPECIES","ACCEPTED","2013-01-31T00:00:00",361,0,"Pernambuco",2013,1,17,"2013-01-17T00:00:00","2018-04-13T18:51:06.000+0000","2018-12-09T06:15:11.387+0000","http://creativecommons.org/licenses/by-nc/4.0/legalcode","none","none","none","WGS84","Magnoliopsida","BR","Brazil","HVASF - Herbário Vale do São Francisco","BRA:UNIVASF:HVASF:0000019545","481","HVASF - Herbário Vale do São Francisco","Floresta","Povoado de Carqueja, Assentamento Paulista","pt","HVASF",1090914187,"BRA:UNIVASF:HVASF:0000019545","Collection","N.M. Almeida",19545,"UNIVASF","Universidade Federal do Vale do São Francisco (UNIVASF)","Arbusto. Flores alvas. Espinhos urticantes.","SOUTH_AMERICA","D.P. Souza","",NA,"","","","","","","","",NA,NA,"","",NA,"Floresta","Pernambuco","brazil",4168,"Floresta",2605707,-38.306235,-8.567256,"PERNAMBUCO","PE","Pernambuco",-37.99303622,-8.3240949,"Pernambuco","pe",-8.36425,-38.515083,"original coordinates","original coordinates OK"
"4","Cnidoscolus ulei",1090915839,-7.783339,-38.635925,"cdround,gass84","b18aa640-0367-4956-a6a4-5f07141127f1","6bfada01-036d-455a-b332-081dbe226a05","none","b38ff2b7-c8af-454e-b5af-ee760f0d5bca","BR","DWC_ARCHIVE","2018-11-23T18:22:18.464+0000","2018-05-05T12:05:49.847+0000",121,"none","PRESERVED_SPECIMEN",3073442,6,7707728,220,1414,4691,3073435,3073442,3073442,"Cnidoscolus ulei (Pax) Pax","Cnidoscolus ulei (Pax) Pax","Plantae","Tracheophyta","Malpighiales","Euphorbiaceae","Cnidoscolus","Cnidoscolus ulei","Cnidoscolus","ulei","SPECIES","ACCEPTED","2013-09-03T00:00:00",785,0,"Pernambuco",2013,7,31,"2013-07-31T00:00:00","2018-04-13T18:51:06.000+0000","2018-12-09T06:15:11.829+0000","http://creativecommons.org/licenses/by-nc/4.0/legalcode","none","none","none","WGS84","Magnoliopsida","BR","Brazil","HVASF - Herbário Vale do São Francisco","BRA:UNIVASF:HVASF:0000021202","2977","HVASF - Herbário Vale do São Francisco","São José do Belmonte","Sítio Bananeira","pt","HVASF",1090915839,"BRA:UNIVASF:HVASF:0000021202","Collection","A.C.P. Oliveira",21202,"UNIVASF","Universidade Federal do Vale do São Francisco (UNIVASF)","Subarbusto com ca. de 0,70m alt.. Folha simples, alterna, com a face adaxial verde e a face abaxial verde opaco. Botões verdes. Flor branca. Fruto imaturo verde.","SOUTH_AMERICA","A.C.P. Oliveira","",NA,"","","","","","","","",NA,NA,"","",NA,"São José do Belmonte","Pernambuco","brazil",4301,"São José do Belmonte",2613503,-38.745665,-7.866078,"PERNAMBUCO","PE","Pernambuco",-37.99303622,-8.3240949,"Pernambuco","pe",-7.783339,-38.635925,"original coordinates","original coordinates OK"
"5","Cnidoscolus ulei",1090916263,-8.067764,-39.377811,"cdround,gass84","b18aa640-0367-4956-a6a4-5f07141127f1","6bfada01-036d-455a-b332-081dbe226a05","none","b38ff2b7-c8af-454e-b5af-ee760f0d5bca","BR","DWC_ARCHIVE","2018-11-23T18:22:18.615+0000","2018-05-05T12:05:50.170+0000",121,"none","PRESERVED_SPECIMEN",3073442,6,7707728,220,1414,4691,3073435,3073442,3073442,"Cnidoscolus ulei (Pax) Pax","Cnidoscolus ulei (Pax) Pax","Plantae","Tracheophyta","Malpighiales","Euphorbiaceae","Cnidoscolus","Cnidoscolus ulei","Cnidoscolus","ulei","SPECIES","ACCEPTED","2013-10-24T00:00:00",413,0,"Pernambuco",2013,10,15,"2013-10-15T00:00:00","2018-04-13T18:51:06.000+0000","2018-12-09T06:15:11.870+0000","http://creativecommons.org/licenses/by-nc/4.0/legalcode","none","none","none","WGS84","Magnoliopsida","BR","Brazil","HVASF - Herbário Vale do São Francisco","BRA:UNIVASF:HVASF:0000021630","3028","HVASF - Herbário Vale do São Francisco","Terra Nova","Área Diretamente Afetada (ADA) do ramal Entremontes,Trecho 5","pt","HVASF",1090916263,"BRA:UNIVASF:HVASF:0000021630","Collection","A.C.P. Oliveira",21630,"UNIVASF","Universidade Federal do Vale do São Francisco (UNIVASF)","Subarbusto com ca. de 1,00m alt.. Folha simples e alterna. Botões branco-amarelados.","SOUTH_AMERICA","A.C.P. Oliveira","",NA,"","","","","","","","",NA,NA,"","",NA,"Terra Nova","Pernambuco","brazil",4242,"Terra Nova",2615201,-39.385591,-8.150383,"PERNAMBUCO","PE","Pernambuco",-37.99303622,-8.3240949,"Pernambuco","pe",-8.067764,-39.377811,"original coordinates","original coordinates OK"
"6","Cnidoscolus ulei",1090916327,-8.026911,-39.410669,"cdround,gass84","b18aa640-0367-4956-a6a4-5f07141127f1","6bfada01-036d-455a-b332-081dbe226a05","none","b38ff2b7-c8af-454e-b5af-ee760f0d5bca","BR","DWC_ARCHIVE","2018-11-23T18:22:18.584+0000","2018-05-05T12:05:50.565+0000",121,"none","PRESERVED_SPECIMEN",3073442,6,7707728,220,1414,4691,3073435,3073442,3073442,"Cnidoscolus ulei (Pax) Pax","Cnidoscolus ulei (Pax) Pax","Plantae","Tracheophyta","Malpighiales","Euphorbiaceae","Cnidoscolus","Cnidoscolus ulei","Cnidoscolus","ulei","SPECIES","ACCEPTED","2013-12-17T00:00:00",439,0,"Pernambuco",2013,10,18,"2013-10-18T00:00:00","2018-04-13T18:51:06.000+0000","2018-12-09T06:15:11.933+0000","http://creativecommons.org/licenses/by-nc/4.0/legalcode","none","none","none","WGS84","Magnoliopsida","BR","Brazil","HVASF - Herbário Vale do São Francisco","BRA:UNIVASF:HVASF:0000021651","3049","HVASF - Herbário Vale do São Francisco","Serrita","Área Diretamente Afetada (ADA) do ramal Entremontes, Trecho 10","pt","HVASF",1090916327,"BRA:UNIVASF:HVASF:0000021651","Collection","A.C.P. Oliveira",21651,"UNIVASF","Universidade Federal do Vale do São Francisco (UNIVASF)","Subarbuto com ca. de 2,50m alt.. Folha simples e alterna. Botões verde-amarelados.","SOUTH_AMERICA","A.C.P. Oliveira","",NA,"","","","","","","","",NA,NA,"","",NA,"Serrita","Pernambuco","brazil",4305,"Serrita",2614006,-39.382268,-7.850088,"PERNAMBUCO","PE","Pernambuco",-37.99303622,-8.3240949,"Pernambuco","pe",-8.026911,-39.410669,"original coordinates","original coordinates OK"
"7","Cnidoscolus ulei",1090908951,-8.589306,-37.234167,"cdround,gass84","b18aa640-0367-4956-a6a4-5f07141127f1","6bfada01-036d-455a-b332-081dbe226a05","none","b38ff2b7-c8af-454e-b5af-ee760f0d5bca","BR","DWC_ARCHIVE","2018-11-23T18:22:16.024+0000","2018-05-05T12:05:41.501+0000",121,"none","PRESERVED_SPECIMEN",3073442,6,7707728,220,1414,4691,3073435,3073442,3073442,"Cnidoscolus ulei (Pax) Pax","Cnidoscolus ulei (Pax) Pax","Plantae","Tracheophyta","Malpighiales","Euphorbiaceae","Cnidoscolus","Cnidoscolus ulei","Cnidoscolus","ulei","SPECIES","ACCEPTED","2012-05-05T00:00:00",937,0,"Pernambuco",2012,1,26,"2012-01-26T00:00:00","2018-04-13T18:51:05.000+0000","2018-12-09T06:15:09.764+0000","http://creativecommons.org/licenses/by-nc/4.0/legalcode","none","none","none","WGS84","Magnoliopsida","BR","Brazil","HVASF - Herbário Vale do São Francisco","BRA:UNIVASF:HVASF:0000014279","183","HVASF - Herbário Vale do São Francisco","Buíque","Parque Nacional do Catimbau, Vale do Catimbau, sul da Serra de Jerusalém","pt","HVASF",1090908951,"BRA:UNIVASF:HVASF:0000014279","Collection","C.R.S. Oliveira",14279,"UNIVASF","Universidade Federal do Vale do São Francisco (UNIVASF)","Arbusto ca. de 1,2m alt. Caule e folha com tricomas urticantes. Botões florais alvos. Flor tubulosa, alva. Látex incolor.","SOUTH_AMERICA","A. Laurênio","",NA,"","","","","","","","",NA,NA,"","",NA,"Buíque","Pernambuco","brazil",4154,"Buíque",2602803,-37.122599,-8.649471,"PERNAMBUCO","PE","Pernambuco",-37.99303622,-8.3240949,"Pernambuco","pe",-8.589306,-37.234167,"original coordinates","original coordinates OK"
"8","Cnidoscolus ulei",1090909322,-8.336917,-37.802611,"cdround,gass84","b18aa640-0367-4956-a6a4-5f07141127f1","6bfada01-036d-455a-b332-081dbe226a05","none","b38ff2b7-c8af-454e-b5af-ee760f0d5bca","BR","DWC_ARCHIVE","2018-11-23T18:22:16.137+0000","2018-05-05T12:05:41.800+0000",121,"none","PRESERVED_SPECIMEN",3073442,6,7707728,220,1414,4691,3073435,3073442,3073442,"Cnidoscolus ulei (Pax) Pax","Cnidoscolus ulei (Pax) Pax","Plantae","Tracheophyta","Malpighiales","Euphorbiaceae","Cnidoscolus","Cnidoscolus ulei","Cnidoscolus","ulei","SPECIES","ACCEPTED","2012-06-05T00:00:00",514,0,"Pernambuco",2012,3,6,"2012-03-06T00:00:00","2018-04-13T18:51:05.000+0000","2018-12-09T06:15:10.022+0000","http://creativecommons.org/licenses/by-nc/4.0/legalcode","none","none","none","WGS84","Magnoliopsida","BR","Brazil","HVASF - Herbário Vale do São Francisco","BRA:UNIVASF:HVASF:0000014653","473","HVASF - Herbário Vale do São Francisco","Custódia","Lote 10, Jazida 2215, área próxima do canal","pt","HVASF",1090909322,"BRA:UNIVASF:HVASF:0000014653","Collection","E.V.R. Ferreira",14653,"UNIVASF","Universidade Federal do Vale do São Francisco (UNIVASF)","Arbusto com ca. de 1,5 de alt. Caule com látex, folhas serreadas descontinuamente.","SOUTH_AMERICA","E.V.R. Ferreira","",NA,"","","","","","","","",NA,NA,"","",NA,"Custódia","Pernambuco","brazil",4237,"Custódia",2605103,-37.681072,-8.174451,"PERNAMBUCO","PE","Pernambuco",-37.99303622,-8.3240949,"Pernambuco","pe",-8.336917,-37.802611,"original coordinates","original coordinates OK"
"9","Cnidoscolus ulei",1090911663,-7.042686,-38.935358,"cdround,gass84","b18aa640-0367-4956-a6a4-5f07141127f1","6bfada01-036d-455a-b332-081dbe226a05","none","b38ff2b7-c8af-454e-b5af-ee760f0d5bca","BR","DWC_ARCHIVE","2018-11-23T18:22:16.954+0000","2018-05-05T12:05:44.612+0000",121,"none","PRESERVED_SPECIMEN",3073442,6,7707728,220,1414,4691,3073435,3073442,3073442,"Cnidoscolus ulei (Pax) Pax","Cnidoscolus ulei (Pax) Pax","Plantae","Tracheophyta","Malpighiales","Euphorbiaceae","Cnidoscolus","Cnidoscolus ulei","Cnidoscolus","ulei","SPECIES","ACCEPTED","2012-09-12T00:00:00",269,0,"Ceará",2012,8,31,"2012-08-31T00:00:00","2018-04-13T18:51:05.000+0000","2018-12-09T06:15:10.717+0000","http://creativecommons.org/licenses/by-nc/4.0/legalcode","none","none","none","WGS84","Magnoliopsida","BR","Brazil","HVASF - Herbário Vale do São Francisco","BRA:UNIVASF:HVASF:0000017005","1581","HVASF - Herbário Vale do São Francisco","Aurora","Sítio Aurora","pt","HVASF",1090911663,"BRA:UNIVASF:HVASF:0000017005","Collection","A.C.P. Oliveira",17005,"UNIVASF","Universidade Federal do Vale do São Francisco (UNIVASF)","Arbusto com ca. de 2m alt.. Fruto verde, tipo tricoca.","SOUTH_AMERICA","A.C.P. Oliveira","",NA,"","","","","","","","",NA,NA,"","",NA,"Aurora","Ceará","brazil",4576,"Aurora",2301703,-38.9692,-6.989192,"CEARA","CE","Ceará",-39.61556123,-5.09311398,"Ceará","ce",-7.042686,-38.935358,"original coordinates","original coordinates OK"
"10","Cnidoscolus ulei",1090911540,-8.829467,-37.620278,"cdround,gass84","b18aa640-0367-4956-a6a4-5f07141127f1","6bfada01-036d-455a-b332-081dbe226a05","none","b38ff2b7-c8af-454e-b5af-ee760f0d5bca","BR","DWC_ARCHIVE","2018-11-23T18:22:16.862+0000","2018-05-05T12:05:44.318+0000",121,"none","PRESERVED_SPECIMEN",3073442,6,7707728,220,1414,4691,3073435,3073442,3073442,"Cnidoscolus ulei (Pax) Pax","Cnidoscolus ulei (Pax) Pax","Plantae","Tracheophyta","Malpighiales","Euphorbiaceae","Cnidoscolus","Cnidoscolus ulei","Cnidoscolus","ulei","SPECIES","ACCEPTED","2012-08-21T00:00:00",420,0,"Pernambuco",2012,8,20,"2012-08-20T00:00:00","2018-04-13T18:51:05.000+0000","2018-12-09T06:15:10.641+0000","http://creativecommons.org/licenses/by-nc/4.0/legalcode","none","none","none","WGS84","Magnoliopsida","BR","Brazil","HVASF - Herbário Vale do São Francisco","BRA:UNIVASF:HVASF:0000016869","1434","HVASF - Herbário Vale do São Francisco","Inajá","Sitio Torão, Lagoa do Meio","pt","HVASF",1090911540,"BRA:UNIVASF:HVASF:0000016869","Collection","A.C.P. Oliveira",16869,"UNIVASF","Universidade Federal do Vale do São Francisco (UNIVASF)","Erva com ca. de 30cm alt.. Folhas simples, alternas, com a face adaxial verde escuro e a face abaxial verde claro com nervuras principais amareladas. Flor branca. Fruto imaturo.","SOUTH_AMERICA","A.C.P. Oliveira","",NA,"","","","","","","","",NA,NA,"","",NA,"Inajá","Pernambuco","brazil",4130,"Inajá",2607000,-37.842176,-8.802883,"PERNAMBUCO","PE","Pernambuco",-37.99303622,-8.3240949,"Pernambuco","pe",-8.829467,-37.620278,"original coordinates","original coordinates OK"
"11","Cnidoscolus ulei",1090913247,-8.216297,-37.049942,"cdround,gass84","b18aa640-0367-4956-a6a4-5f07141127f1","6bfada01-036d-455a-b332-081dbe226a05","none","b38ff2b7-c8af-454e-b5af-ee760f0d5bca","BR","DWC_ARCHIVE","2018-11-23T18:22:17.497+0000","2018-05-05T12:05:46.575+0000",121,"none","PRESERVED_SPECIMEN",3073442,6,7707728,220,1414,4691,3073435,3073442,3073442,"Cnidoscolus ulei (Pax) Pax","Cnidoscolus ulei (Pax) Pax","Plantae","Tracheophyta","Malpighiales","Euphorbiaceae","Cnidoscolus","Cnidoscolus ulei","Cnidoscolus","ulei","SPECIES","ACCEPTED","2012-11-29T00:00:00",672,0,"Paraíba",2012,11,29,"2012-11-29T00:00:00","2018-04-13T18:51:04.000+0000","2018-12-09T06:15:11.057+0000","http://creativecommons.org/licenses/by-nc/4.0/legalcode","none","none","none","WGS84","Magnoliopsida","BR","Brazil","HVASF - Herbário Vale do São Francisco","BRA:UNIVASF:HVASF:0000018589","2039","HVASF - Herbário Vale do São Francisco","São Sebastião do Umbuzeiro","Povoado Capitão Mor","pt","HVASF",1090913247,"BRA:UNIVASF:HVASF:0000018589","Collection","A.C.P. Oliveira",18589,"UNIVASF","Universidade Federal do Vale do São Francisco (UNIVASF)","Erva com ca. de 0,70m alt.. Folha simples e alterna. Botões verdes. Flor branca.","SOUTH_AMERICA","A.C.P. Oliveira","",NA,"","","","","","","","",NA,NA,"","",NA,"São Sebastião do Umbuzeiro","Paraíba","brazil",4239,"São Sebastião do Umbuzeiro",2515203,-37.015243,-8.158096,"PARAIBA","PB","Paraíba",-36.83226341,-7.12079672,"Paraíba","pb",-8.216297,-37.049942,"original coordinates","original coordinates OK"
"12","Cnidoscolus ulei",1090913173,-8.189936,-38.081294,"cdround,gass84","b18aa640-0367-4956-a6a4-5f07141127f1","6bfada01-036d-455a-b332-081dbe226a05","none","b38ff2b7-c8af-454e-b5af-ee760f0d5bca","BR","DWC_ARCHIVE","2018-11-23T18:22:17.501+0000","2018-05-05T12:05:46.626+0000",121,"none","PRESERVED_SPECIMEN",3073442,6,7707728,220,1414,4691,3073435,3073442,3073442,"Cnidoscolus ulei (Pax) Pax","Cnidoscolus ulei (Pax) Pax","Plantae","Tracheophyta","Malpighiales","Euphorbiaceae","Cnidoscolus","Cnidoscolus ulei","Cnidoscolus","ulei","SPECIES","ACCEPTED","2012-11-23T00:00:00",562,0,"Pernambuco",2012,11,23,"2012-11-23T00:00:00","2018-04-13T18:51:05.000+0000","2018-12-09T06:15:11.023+0000","http://creativecommons.org/licenses/by-nc/4.0/legalcode","none","none","none","WGS84","Magnoliopsida","BR","Brazil","HVASF - Herbário Vale do São Francisco","BRA:UNIVASF:HVASF:0000018526","1976","HVASF - Herbário Vale do São Francisco","Betânia","Sítio Barca da Formiga","pt","HVASF",1090913173,"BRA:UNIVASF:HVASF:0000018526","Collection","A.C.P. Oliveira",18526,"UNIVASF","Universidade Federal do Vale do São Francisco (UNIVASF)","Erva com ca. de 0,30m alt.. Folha simples e alterna. Botões verdes. Flor amarelada. Fruto imaturo e verde.","SOUTH_AMERICA","A.C.P. Oliveira","",NA,"","","","","","","","",NA,NA,"","",NA,"Betânia","Pernambuco","brazil",4220,"Betânia",2601805,-37.986481,-8.265555,"PERNAMBUCO","PE","Pernambuco",-37.99303622,-8.3240949,"Pernambuco","pe",-8.189936,-38.081294,"original coordinates","original coordinates OK"
"13","Cnidoscolus ulei",1090913212,-8.125028,-37.270806,"cdround,gass84","b18aa640-0367-4956-a6a4-5f07141127f1","6bfada01-036d-455a-b332-081dbe226a05","none","b38ff2b7-c8af-454e-b5af-ee760f0d5bca","BR","DWC_ARCHIVE","2018-11-23T18:22:17.465+0000","2018-05-05T12:05:46.546+0000",121,"none","PRESERVED_SPECIMEN",3073442,6,7707728,220,1414,4691,3073435,3073442,3073442,"Cnidoscolus ulei (Pax) Pax","Cnidoscolus ulei (Pax) Pax","Plantae","Tracheophyta","Malpighiales","Euphorbiaceae","Cnidoscolus","Cnidoscolus ulei","Cnidoscolus","ulei","SPECIES","ACCEPTED","2012-11-28T00:00:00",559,0,"Pernambuco",2012,11,28,"2012-11-28T00:00:00","2018-04-13T18:51:05.000+0000","2018-12-09T06:15:11.144+0000","http://creativecommons.org/licenses/by-nc/4.0/legalcode","none","none","none","WGS84","Magnoliopsida","BR","Brazil","HVASF - Herbário Vale do São Francisco","BRA:UNIVASF:HVASF:0000018539","1989","HVASF - Herbário Vale do São Francisco","Sertânia","Sítio Malhada","pt","HVASF",1090913212,"BRA:UNIVASF:HVASF:0000018539","Collection","A.C.P. Oliveira",18539,"UNIVASF","Universidade Federal do Vale do São Francisco (UNIVASF)","Subarbusto ca. 0,60m de alt.. Folha simples e alterna. Flor branca.","SOUTH_AMERICA","A.C.P. Oliveira","",NA,"","","","","","","","",NA,NA,"","",NA,"Sertânia","Pernambuco","brazil",4228,"Sertânia",2614105,-37.336639,-8.209519,"PERNAMBUCO","PE","Pernambuco",-37.99303622,-8.3240949,"Pernambuco","pe",-8.125028,-37.270806,"original coordinates","original coordinates OK"
"14","Cnidoscolus ulei",1090912817,-8.548056,-37.710386,"cdround,gass84","b18aa640-0367-4956-a6a4-5f07141127f1","6bfada01-036d-455a-b332-081dbe226a05","none","b38ff2b7-c8af-454e-b5af-ee760f0d5bca","BR","DWC_ARCHIVE","2018-11-23T18:22:17.359+0000","2018-05-05T12:05:46.260+0000",121,"none","PRESERVED_SPECIMEN",3073442,6,7707728,220,1414,4691,3073435,3073442,3073442,"Cnidoscolus ulei (Pax) Pax","Cnidoscolus ulei (Pax) Pax","Plantae","Tracheophyta","Malpighiales","Euphorbiaceae","Cnidoscolus","Cnidoscolus ulei","Cnidoscolus","ulei","SPECIES","ACCEPTED","2012-11-08T00:00:00",493,0,"Pernambuco",2012,11,8,"2012-11-08T00:00:00","2018-04-13T18:51:05.000+0000","2018-12-09T06:15:10.923+0000","http://creativecommons.org/licenses/by-nc/4.0/legalcode","none","none","none","WGS84","Magnoliopsida","BR","Brazil","HVASF - Herbário Vale do São Francisco","BRA:UNIVASF:HVASF:0000018212","1859","HVASF - Herbário Vale do São Francisco","Ibimirim","BR 110, próximo ao aterro sanitário de Ibimirim","pt","HVASF",1090912817,"BRA:UNIVASF:HVASF:0000018212","Collection","A.C.P. Oliveira",18212,"UNIVASF","Universidade Federal do Vale do São Francisco (UNIVASF)","Erva com ca. de 0,70m alt.. Folha simples e alterna. Flor alva.","SOUTH_AMERICA","A.C.P. Oliveira","",NA,"","","","","","","","",NA,NA,"","",NA,"Ibimirim","Pernambuco","brazil",4162,"Ibimirim",2606606,-37.589272,-8.591763,"PERNAMBUCO","PE","Pernambuco",-37.99303622,-8.3240949,"Pernambuco","pe",-8.548056,-37.710386,"original coordinates","original coordinates OK"
"15","Cnidoscolus ulei",1090913581,-8.494519,-40.262217,"cdround,gass84","b18aa640-0367-4956-a6a4-5f07141127f1","6bfada01-036d-455a-b332-081dbe226a05","none","b38ff2b7-c8af-454e-b5af-ee760f0d5bca","BR","DWC_ARCHIVE","2018-11-23T18:22:17.583+0000","2018-05-05T12:05:47.096+0000",121,"none","PRESERVED_SPECIMEN",3073442,6,7707728,220,1414,4691,3073435,3073442,3073442,"Cnidoscolus ulei (Pax) Pax","Cnidoscolus ulei (Pax) Pax","Plantae","Tracheophyta","Malpighiales","Euphorbiaceae","Cnidoscolus","Cnidoscolus ulei","Cnidoscolus","ulei","SPECIES","ACCEPTED","2013-01-03T00:00:00",434,0,"Pernambuco",2012,12,10,"2012-12-10T00:00:00","2018-04-13T18:51:04.000+0000","2018-12-09T06:15:11.142+0000","http://creativecommons.org/licenses/by-nc/4.0/legalcode","none","none","none","WGS84","Magnoliopsida","BR","Brazil","HVASF - Herbário Vale do São Francisco","BRA:UNIVASF:HVASF:0000018921","2047","HVASF - Herbário Vale do São Francisco","Santa Cruz","Fazenda Cabana","pt","HVASF",1090913581,"BRA:UNIVASF:HVASF:0000018921","Collection","A.C.P. Oliveira",18921,"UNIVASF","Universidade Federal do Vale do São Francisco (UNIVASF)","Subarbusto com ca. de 2,00m alt.. Folha simples, alterna, com a face adaxial verde e a face abaxial verde opaco. Botões verdes. Flor branca.","SOUTH_AMERICA","A.C.P. Oliveira","",NA,"","","","","","","","",NA,NA,"","",NA,"Santa Cruz","Pernambuco","brazil",4215,"Santa Cruz",2612455,-40.300933,-8.291102,"PERNAMBUCO","PE","Pernambuco",-37.99303622,-8.3240949,"Pernambuco","pe",-8.494519,-40.262217,"original coordinates","original coordinates OK"
"16","Cnidoscolus ulei",1090913582,-8.229469,-40.241606,"cdround,gass84","b18aa640-0367-4956-a6a4-5f07141127f1","6bfada01-036d-455a-b332-081dbe226a05","none","b38ff2b7-c8af-454e-b5af-ee760f0d5bca","BR","DWC_ARCHIVE","2018-11-23T18:22:17.633+0000","2018-05-05T12:05:47.104+0000",121,"none","PRESERVED_SPECIMEN",3073442,6,7707728,220,1414,4691,3073435,3073442,3073442,"Cnidoscolus ulei (Pax) Pax","Cnidoscolus ulei (Pax) Pax","Plantae","Tracheophyta","Malpighiales","Euphorbiaceae","Cnidoscolus","Cnidoscolus ulei","Cnidoscolus","ulei","SPECIES","ACCEPTED","2012-12-11T00:00:00",517,0,"Pernambuco",2012,12,11,"2012-12-11T00:00:00","2018-04-13T18:51:05.000+0000","2018-12-09T06:15:11.226+0000","http://creativecommons.org/licenses/by-nc/4.0/legalcode","none","none","none","WGS84","Magnoliopsida","BR","Brazil","HVASF - Herbário Vale do São Francisco","BRA:UNIVASF:HVASF:0000018936","2062","HVASF - Herbário Vale do São Francisco","Santa Cruz","Sítio Caboclo","pt","HVASF",1090913582,"BRA:UNIVASF:HVASF:0000018936","Collection","A.C.P. Oliveira",18936,"UNIVASF","Universidade Federal do Vale do São Francisco (UNIVASF)","Erva com ca. de 0,50m alt.. Folha simples, alterna, com a face adaxial verde escuro e a face abaxial verde opaco. Botões verdes. Flor branca.","SOUTH_AMERICA","A.C.P. Oliveira","",NA,"","","","","","","","",NA,NA,"","",NA,"Santa Cruz","Pernambuco","brazil",4215,"Santa Cruz",2612455,-40.300933,-8.291102,"PERNAMBUCO","PE","Pernambuco",-37.99303622,-8.3240949,"Pernambuco","pe",-8.229469,-40.241606,"original coordinates","original coordinates OK"
"17","Cnidoscolus ulei",1090905547,-7.335258,-38.695075,"cdround,gass84","b18aa640-0367-4956-a6a4-5f07141127f1","6bfada01-036d-455a-b332-081dbe226a05","none","b38ff2b7-c8af-454e-b5af-ee760f0d5bca","BR","DWC_ARCHIVE","2018-11-23T18:22:14.590+0000","2018-05-05T12:05:38.153+0000",121,"none","PRESERVED_SPECIMEN",3073442,6,7707728,220,1414,4691,3073435,3073442,3073442,"Cnidoscolus ulei (Pax) Pax","Cnidoscolus ulei (Pax) Pax","Plantae","Tracheophyta","Malpighiales","Euphorbiaceae","Cnidoscolus","Cnidoscolus ulei","Cnidoscolus","ulei","SPECIES","ACCEPTED","2012-06-05T00:00:00",422,0,"Ceará",2011,1,20,"2011-01-20T00:00:00","2018-04-13T18:51:05.000+0000","2018-12-09T06:15:08.907+0000","http://creativecommons.org/licenses/by-nc/4.0/legalcode","none","none","none","WGS84","Magnoliopsida","BR","Brazil","HVASF - Herbário Vale do São Francisco","BRA:UNIVASF:HVASF:0000010902","147","HVASF - Herbário Vale do São Francisco","Mauriti","Próximo ao emboque Cuncas I","pt","HVASF",1090905547,"BRA:UNIVASF:HVASF:0000010902","Collection","F.F.S. Silva",10902,"UNIVASF","Universidade Federal do Vale do São Francisco (UNIVASF)","Arbusto ca.: 1m alt. Folhas simples, alternas, margem serrilhada, com tricomas urticantes. Frutos verdes, em forma de cápsulas, com tricomas presentes.","SOUTH_AMERICA","E.V.R. Ferreira","",NA,"","","","","","","","",NA,NA,"","",NA,"Mauriti","Ceará","brazil",4439,"Mauriti",2308104,-38.713753,-7.398079,"CEARA","CE","Ceará",-39.61556123,-5.09311398,"Ceará","ce",-7.335258,-38.695075,"original coordinates","original coordinates OK"
"18","Cnidoscolus ulei",1090905200,-8.004833,-39.139667,"cdround,gass84","b18aa640-0367-4956-a6a4-5f07141127f1","6bfada01-036d-455a-b332-081dbe226a05","none","b38ff2b7-c8af-454e-b5af-ee760f0d5bca","BR","DWC_ARCHIVE","2018-11-23T18:22:14.312+0000","2018-05-05T12:05:37.867+0000",121,"none","PRESERVED_SPECIMEN",3073442,6,7707728,220,1414,4691,3073435,3073442,3073442,"Cnidoscolus ulei (Pax) Pax","Cnidoscolus ulei (Pax) Pax","Plantae","Tracheophyta","Malpighiales","Euphorbiaceae","Cnidoscolus","Cnidoscolus ulei","Cnidoscolus","ulei","SPECIES","ACCEPTED","2012-06-05T00:00:00",491,0,"Pernambuco",2011,2,15,"2011-02-15T00:00:00","2018-04-13T18:51:05.000+0000","2018-12-09T06:15:08.848+0000","http://creativecommons.org/licenses/by-nc/4.0/legalcode","none","none","none","WGS84","Magnoliopsida","BR","Brazil","HVASF - Herbário Vale do São Francisco","BRA:UNIVASF:HVASF:0000010570","9","HVASF - Herbário Vale do São Francisco","Salgueiro","Lote 03, Eixo Norte do Canal","pt","HVASF",1090905200,"BRA:UNIVASF:HVASF:0000010570","Collection","A.L. Alves",10570,"UNIVASF","Universidade Federal do Vale do São Francisco (UNIVASF)","Subarbusto, ca. 1,3m alt. Folhas simples, alternas. Inflorescência alva. Fruto tricoca. Presença de látex branco e espinhos urticantes.","SOUTH_AMERICA","E.V.R. Ferreira","",NA,"","","","","","","","",NA,NA,"","",NA,"Salgueiro","Pernambuco","brazil",4246,"Salgueiro",2612208,-39.085041,-8.130201,"PERNAMBUCO","PE","Pernambuco",-37.99303622,-8.3240949,"Pernambuco","pe",-8.004833,-39.139667,"original coordinates","original coordinates OK"
"19","Cnidoscolus ulei",1090908235,-9.172194,-43.376972,"cdround,gass84","b18aa640-0367-4956-a6a4-5f07141127f1","6bfada01-036d-455a-b332-081dbe226a05","none","b38ff2b7-c8af-454e-b5af-ee760f0d5bca","BR","DWC_ARCHIVE","2018-11-23T18:22:15.752+0000","2018-05-05T12:05:40.399+0000",121,"none","PRESERVED_SPECIMEN",3073442,6,7707728,220,1414,4691,3073435,3073442,3073442,"Cnidoscolus ulei (Pax) Pax","Cnidoscolus ulei (Pax) Pax","Plantae","Tracheophyta","Malpighiales","Euphorbiaceae","Cnidoscolus","Cnidoscolus ulei","Cnidoscolus","ulei","SPECIES","ACCEPTED","2012-05-05T00:00:00",641,0,"Piauí",2011,12,7,"2011-12-07T00:00:00","2018-04-13T18:51:05.000+0000","2018-12-09T06:15:09.571+0000","http://creativecommons.org/licenses/by-nc/4.0/legalcode","none","none","none","WGS84","Magnoliopsida","BR","Brazil","HVASF - Herbário Vale do São Francisco","BRA:UNIVASF:HVASF:0000013563","2568","HVASF - Herbário Vale do São Francisco","Caracol","Parque Nacional da Serra das Confusões. Serra do Tacho, trilha em direção ao Canto Verde, após 1 km da entrada do PARNA. Área que sofreu queimada","pt","HVASF",1090908235,"BRA:UNIVASF:HVASF:0000013563","Collection","J.A. Siqueira Filho",13563,"UNIVASF","Universidade Federal do Vale do São Francisco (UNIVASF)","Arvoreta ca. de 1,8m de alt. Folhas urticantes, flores alvas unissexuadas.","SOUTH_AMERICA","A. Laurênio","",NA,"","","","","","","","",NA,NA,"","",NA,"Caracol","Piauí","brazil",4076,"Caracol",2202505,-43.346841,-9.089046,"PIAUI","PI","Piauí",-42.9686162,-7.38798322,"Piauí","pi",-9.172194,-43.376972,"original coordinates","original coordinates OK"
"20","Cnidoscolus ulei",1090903857,-7.583028,-38.786111,"cdround,gass84","b18aa640-0367-4956-a6a4-5f07141127f1","6bfada01-036d-455a-b332-081dbe226a05","none","b38ff2b7-c8af-454e-b5af-ee760f0d5bca","BR","DWC_ARCHIVE","2018-11-23T18:22:13.093+0000","2018-05-05T12:05:36.575+0000",121,"none","PRESERVED_SPECIMEN",3073442,6,7707728,220,1414,4691,3073435,3073442,3073442,"Cnidoscolus ulei (Pax) Pax","Cnidoscolus ulei (Pax) Pax","Plantae","Tracheophyta","Malpighiales","Euphorbiaceae","Cnidoscolus","Cnidoscolus ulei","Cnidoscolus","ulei","SPECIES","ACCEPTED","2012-06-05T00:00:00",431,0,"Ceará",2010,1,6,"2010-01-06T00:00:00","2018-04-13T18:51:05.000+0000","2018-12-09T06:15:08.186+0000","http://creativecommons.org/licenses/by-nc/4.0/legalcode","none","none","none","WGS84","Magnoliopsida","BR","Brazil","HVASF - Herbário Vale do São Francisco","BRA:UNIVASF:HVASF:0000009199","2461","HVASF - Herbário Vale do São Francisco","Mauriti","Serra da Canabrava, próximo ao Riacho do Tiro.","pt","HVASF",1090903857,"BRA:UNIVASF:HVASF:0000009199","Collection","J.G. Carvalho-Sobrinho",9199,"UNIVASF","Universidade Federal do Vale do São Francisco (UNIVASF)","Arbusto ca. 1,8m alt. Flores com pétalas brancas, anteras amarelas, disco nectarífero amarelo. Frutos imaturos verdes. Fotos","SOUTH_AMERICA","E.V.R. Ferreira","",NA,"","","","","","","","",NA,NA,"","",NA,"Mauriti","Ceará","brazil",4439,"Mauriti",2308104,-38.713753,-7.398079,"CEARA","CE","Ceará",-39.61556123,-5.09311398,"Ceará","ce",-7.583028,-38.786111,"original coordinates","original coordinates OK"
"21","Cnidoscolus ulei",1090901312,-8.165139,-37.577111,"cdround,gass84","b18aa640-0367-4956-a6a4-5f07141127f1","6bfada01-036d-455a-b332-081dbe226a05","none","b38ff2b7-c8af-454e-b5af-ee760f0d5bca","BR","DWC_ARCHIVE","2018-11-23T18:22:11.262+0000","2018-05-05T12:05:32.473+0000",121,"none","PRESERVED_SPECIMEN",3073442,6,7707728,220,1414,4691,3073435,3073442,3073442,"Cnidoscolus ulei (Pax) Pax","Cnidoscolus ulei (Pax) Pax","Plantae","Tracheophyta","Malpighiales","Euphorbiaceae","Cnidoscolus","Cnidoscolus ulei","Cnidoscolus","ulei","SPECIES","ACCEPTED","2012-06-05T00:00:00",511,0,"Pernambuco",2010,1,5,"2010-01-05T00:00:00","2018-04-13T18:51:05.000+0000","2018-12-09T06:15:07.297+0000","http://creativecommons.org/licenses/by-nc/4.0/legalcode","none","none","none","WGS84","Magnoliopsida","BR","Brazil","HVASF - Herbário Vale do São Francisco","BRA:UNIVASF:HVASF:0000006652","4571","HVASF - Herbário Vale do São Francisco","Custódia","Lote 14","pt","HVASF",1090901312,"BRA:UNIVASF:HVASF:0000006652","Collection","Marcondes Oliveira",6652,"UNIVASF","Universidade Federal do Vale do São Francisco (UNIVASF)","Arbusto espinescente, com látex branco leitoso. Flores alvas. Frutos esverdeados. Ocasional.","SOUTH_AMERICA","E.V.R. Ferreira","",NA,"","","","","","","","",NA,NA,"","",NA,"Custódia","Pernambuco","brazil",4237,"Custódia",2605103,-37.681072,-8.174451,"PERNAMBUCO","PE","Pernambuco",-37.99303622,-8.3240949,"Pernambuco","pe",-8.165139,-37.577111,"original coordinates","original coordinates OK"
"22","Cnidoscolus ulei",1090903669,-7.530819,-38.785092,"cdround,gass84","b18aa640-0367-4956-a6a4-5f07141127f1","6bfada01-036d-455a-b332-081dbe226a05","none","b38ff2b7-c8af-454e-b5af-ee760f0d5bca","BR","DWC_ARCHIVE","2018-11-23T18:22:12.971+0000","2018-05-05T12:05:36.342+0000",121,"none","PRESERVED_SPECIMEN",3073442,6,7707728,220,1414,4691,3073435,3073442,3073442,"Cnidoscolus ulei (Pax) Pax","Cnidoscolus ulei (Pax) Pax","Plantae","Tracheophyta","Malpighiales","Euphorbiaceae","Cnidoscolus","Cnidoscolus ulei","Cnidoscolus","ulei","SPECIES","ACCEPTED","2012-05-05T00:00:00",396,0,"Ceará",2010,8,10,"2010-08-10T00:00:00","2018-04-13T18:51:05.000+0000","2018-12-09T06:15:08.468+0000","http://creativecommons.org/licenses/by-nc/4.0/legalcode","none","none","none","WGS84","Magnoliopsida","BR","Brazil","HVASF - Herbário Vale do São Francisco","BRA:UNIVASF:HVASF:0000009010","4","HVASF - Herbário Vale do São Francisco","Mauriti","Área de Canal Lote 6","pt","HVASF",1090903669,"BRA:UNIVASF:HVASF:0000009010","Collection","J.V.A. Ferreira",9010,"UNIVASF","Universidade Federal do Vale do São Francisco (UNIVASF)","Arbusto cerca de 1,2 m de alt. Flores brancas. Frutos verdes","SOUTH_AMERICA","A. Laurênio","",NA,"","","","","","","","",NA,NA,"","",NA,"Mauriti","Ceará","brazil",4439,"Mauriti",2308104,-38.713753,-7.398079,"CEARA","CE","Ceará",-39.61556123,-5.09311398,"Ceará","ce",-7.530819,-38.785092,"original coordinates","original coordinates OK"
"23","Cnidoscolus ulei",1090897745,-7.722694,-38.97625,"cdround,gass84","b18aa640-0367-4956-a6a4-5f07141127f1","6bfada01-036d-455a-b332-081dbe226a05","none","b38ff2b7-c8af-454e-b5af-ee760f0d5bca","BR","DWC_ARCHIVE","2018-11-23T18:22:08.787+0000","2018-05-05T12:05:28.553+0000",121,"none","PRESERVED_SPECIMEN",3073442,6,7707728,220,1414,4691,3073435,3073442,3073442,"Cnidoscolus ulei (Pax) Pax","Cnidoscolus ulei (Pax) Pax","Plantae","Tracheophyta","Malpighiales","Euphorbiaceae","Cnidoscolus","Cnidoscolus ulei","Cnidoscolus","ulei","SPECIES","ACCEPTED","2012-06-05T00:00:00",511,0,"Ceará",2009,2,18,"2009-02-18T00:00:00","2018-04-13T18:51:05.000+0000","2018-12-09T06:15:06.287+0000","http://creativecommons.org/licenses/by-nc/4.0/legalcode","none","none","none","WGS84","Magnoliopsida","BR","Brazil","HVASF - Herbário Vale do São Francisco","BRA:UNIVASF:HVASF:0000003115","1966","HVASF - Herbário Vale do São Francisco","Jati","estrada para São José do Belmonte (PB). Caatinga arbórea. Solo arenoso vermelho.","pt","HVASF",1090897745,"BRA:UNIVASF:HVASF:0000003115","Collection","J.G. Carvalho-Sobrinho",3115,"UNIVASF","Universidade Federal do Vale do São Francisco (UNIVASF)","Arbusto ca. 4m alt. Látex branco. Pétalas brancas. Frutos imaturos verdes.","SOUTH_AMERICA","E.V.R. Ferreira","",NA,"","","","","","","","",NA,NA,"","",NA,"Jati","Ceará","brazil",4351,"Jati",2307205,-38.989708,-7.694552,"CEARA","CE","Ceará",-39.61556123,-5.09311398,"Ceará","ce",-7.722694,-38.97625,"original coordinates","original coordinates OK"
"24","Cnidoscolus ulei",1090899156,-7.57075,-39.022111,"cdround,gass84","b18aa640-0367-4956-a6a4-5f07141127f1","6bfada01-036d-455a-b332-081dbe226a05","none","b38ff2b7-c8af-454e-b5af-ee760f0d5bca","BR","DWC_ARCHIVE","2018-11-23T18:22:09.853+0000","2018-05-05T12:05:30.066+0000",121,"none","PRESERVED_SPECIMEN",3073442,6,7707728,220,1414,4691,3073435,3073442,3073442,"Cnidoscolus ulei (Pax) Pax","Cnidoscolus ulei (Pax) Pax","Plantae","Tracheophyta","Malpighiales","Euphorbiaceae","Cnidoscolus","Cnidoscolus ulei","Cnidoscolus","ulei","SPECIES","ACCEPTED","2012-06-05T00:00:00",552,0,"Ceará",2009,4,27,"2009-04-27T00:00:00","2018-04-13T18:51:05.000+0000","2018-12-09T06:15:06.778+0000","http://creativecommons.org/licenses/by-nc/4.0/legalcode","none","none","none","WGS84","Magnoliopsida","BR","Brazil","HVASF - Herbário Vale do São Francisco","BRA:UNIVASF:HVASF:0000004513","3964","HVASF - Herbário Vale do São Francisco","Brejo Santo","Rodovia Santos Dumont, Lagoa do Mato, às margens da rodovia","pt","HVASF",1090899156,"BRA:UNIVASF:HVASF:0000004513","Collection","Marcondes Oliveira",4513,"UNIVASF","Universidade Federal do Vale do São Francisco (UNIVASF)","Arbusto latescente ± 3.0 m de altura. Flores alvas. Frutos esverdeados. Freqüente.","SOUTH_AMERICA","E.V.R. Ferreira","",NA,"","","","","","","","",NA,NA,"","",NA,"Brejo Santo","Ceará","brazil",4390,"Brejo Santo",2302503,-38.921065,-7.556243,"CEARA","CE","Ceará",-39.61556123,-5.09311398,"Ceará","ce",-7.57075,-39.022111,"original coordinates","original coordinates OK"
"25","Cnidoscolus ulei",1090899146,-7.907308,-37.092142,"cdround,gass84","b18aa640-0367-4956-a6a4-5f07141127f1","6bfada01-036d-455a-b332-081dbe226a05","none","b38ff2b7-c8af-454e-b5af-ee760f0d5bca","BR","DWC_ARCHIVE","2018-11-23T18:22:09.825+0000","2018-05-05T12:05:30.134+0000",121,"none","PRESERVED_SPECIMEN",3073442,6,7707728,220,1414,4691,3073435,3073442,3073442,"Cnidoscolus ulei (Pax) Pax","Cnidoscolus ulei (Pax) Pax","Plantae","Tracheophyta","Malpighiales","Euphorbiaceae","Cnidoscolus","Cnidoscolus ulei","Cnidoscolus","ulei","SPECIES","ACCEPTED","2012-06-05T00:00:00",609,0,"Paraíba",2009,4,14,"2009-04-14T00:00:00","2018-04-13T18:51:05.000+0000","2018-12-09T06:15:06.629+0000","http://creativecommons.org/licenses/by-nc/4.0/legalcode","none","none","none","WGS84","Magnoliopsida","BR","Brazil","HVASF - Herbário Vale do São Francisco","BRA:UNIVASF:HVASF:0000004478","3929","HVASF - Herbário Vale do São Francisco","Monteiro","Sítio Olho d'Água, Sobre afloramento rochoso","pt","HVASF",1090899146,"BRA:UNIVASF:HVASF:0000004478","Collection","Marcondes Oliveira",4478,"UNIVASF","Universidade Federal do Vale do São Francisco (UNIVASF)","Arbusto. Frutos esverdeados. Freqüente. urtiga-de-lajedo","SOUTH_AMERICA","E.V.R. Ferreira","",NA,"","","","","","","","",NA,NA,"","",NA,"Monteiro","Paraíba","brazil",4287,"Monteiro",2509701,-37.0927,-7.907828,"PARAIBA","PB","Paraíba",-36.83226341,-7.12079672,"Paraíba","pb",-7.907308,-37.092142,"original coordinates","original coordinates OK"
"26","Cnidoscolus ulei",1090900030,-11.422139,-42.686889,"cdround,gass84","b18aa640-0367-4956-a6a4-5f07141127f1","6bfada01-036d-455a-b332-081dbe226a05","none","b38ff2b7-c8af-454e-b5af-ee760f0d5bca","BR","DWC_ARCHIVE","2018-11-23T18:22:10.498+0000","2018-05-05T12:05:30.924+0000",121,"none","PRESERVED_SPECIMEN",3073442,6,7707728,220,1414,4691,3073435,3073442,3073442,"Cnidoscolus ulei (Pax) Pax","Cnidoscolus ulei (Pax) Pax","Plantae","Tracheophyta","Malpighiales","Euphorbiaceae","Cnidoscolus","Cnidoscolus ulei","Cnidoscolus","ulei","SPECIES","ACCEPTED","2012-06-05T00:00:00",863,0,"Bahia",2009,5,26,"2009-05-26T00:00:00","2018-04-13T18:51:05.000+0000","2018-12-09T06:15:06.825+0000","http://creativecommons.org/licenses/by-nc/4.0/legalcode","none","none","none","WGS84","Magnoliopsida","BR","Brazil","HVASF - Herbário Vale do São Francisco","BRA:UNIVASF:HVASF:0000005372","4210","HVASF - Herbário Vale do São Francisco","Gentio do Ouro","Curralinho, Sítio Coqueiro, Solo em grande parte arenoso, Paisagem com grande conjunto de Serras e afloramentos rochosos","pt","HVASF",1090900030,"BRA:UNIVASF:HVASF:0000005372","Collection","Marcondes Oliveira",5372,"UNIVASF","Universidade Federal do Vale do São Francisco (UNIVASF)","Arbusto espinescente ± 2.0m alt., latescente. Frutos esverdeados. Ocasional.","SOUTH_AMERICA","E.V.R. Ferreira","",NA,"","","","","","","","",NA,NA,"","",NA,"Gentio do Ouro","Bahia","brazil",3686,"Gentio do Ouro",2911303,-42.598198,-11.408074,"BAHIA","BA","Bahia",-41.72018023,-12.47295682,"Bahia","ba",-11.422139,-42.686889,"original coordinates","original coordinates OK"
"27","Cnidoscolus ulei",1090900980,-7.432111,-38.725583,"cdround,gass84","b18aa640-0367-4956-a6a4-5f07141127f1","6bfada01-036d-455a-b332-081dbe226a05","none","b38ff2b7-c8af-454e-b5af-ee760f0d5bca","BR","DWC_ARCHIVE","2018-11-23T18:22:11.064+0000","2018-05-05T12:05:32.115+0000",121,"none","PRESERVED_SPECIMEN",3073442,6,7707728,220,1414,4691,3073435,3073442,3073442,"Cnidoscolus ulei (Pax) Pax","Cnidoscolus ulei (Pax) Pax","Plantae","Tracheophyta","Malpighiales","Euphorbiaceae","Cnidoscolus","Cnidoscolus ulei","Cnidoscolus","ulei","SPECIES","ACCEPTED","2012-06-05T00:00:00",408,0,"Ceará",2009,9,9,"2009-09-09T00:00:00","2018-04-13T18:51:05.000+0000","2018-12-09T06:15:07.224+0000","http://creativecommons.org/licenses/by-nc/4.0/legalcode","none","none","none","WGS84","Magnoliopsida","BR","Brazil","HVASF - Herbário Vale do São Francisco","BRA:UNIVASF:HVASF:0000006335","831","HVASF - Herbário Vale do São Francisco","Mauriti","Sítio Barreiro","pt","HVASF",1090900980,"BRA:UNIVASF:HVASF:0000006335","Collection","D. Araújo",6335,"UNIVASF","Universidade Federal do Vale do São Francisco (UNIVASF)","Urticante. Arvoreta cerca de 2 metros de altura. Flores brancas, botões verdes. Frutos verdes.","SOUTH_AMERICA","E.V.R. Ferreira","",NA,"","","","","","","","",NA,NA,"","",NA,"Mauriti","Ceará","brazil",4439,"Mauriti",2308104,-38.713753,-7.398079,"CEARA","CE","Ceará",-39.61556123,-5.09311398,"Ceará","ce",-7.432111,-38.725583,"original coordinates","original coordinates OK"
"28","Cnidoscolus ulei",1090897027,-8.189444,-39.314722,"cdround,gass84","b18aa640-0367-4956-a6a4-5f07141127f1","6bfada01-036d-455a-b332-081dbe226a05","none","b38ff2b7-c8af-454e-b5af-ee760f0d5bca","BR","DWC_ARCHIVE","2018-11-23T18:22:08.180+0000","2018-05-05T12:05:27.533+0000",121,"none","PRESERVED_SPECIMEN",3073442,6,7707728,220,1414,4691,3073435,3073442,3073442,"Cnidoscolus ulei (Pax) Pax","Cnidoscolus ulei (Pax) Pax","Plantae","Tracheophyta","Malpighiales","Euphorbiaceae","Cnidoscolus","Cnidoscolus ulei","Cnidoscolus","ulei","SPECIES","ACCEPTED","2012-06-04T00:00:00",380,0,"Pernambuco",2008,12,11,"2008-12-11T00:00:00","2018-04-13T18:51:05.000+0000","2018-12-09T06:15:06.150+0000","http://creativecommons.org/licenses/by-nc/4.0/legalcode","none","none","none","WGS84","Magnoliopsida","BR","Brazil","HVASF - Herbário Vale do São Francisco","BRA:UNIVASF:HVASF:0000002356","621","HVASF - Herbário Vale do São Francisco","Cabrobó","a 500m do povoado de Umãs.","pt","HVASF",1090897027,"BRA:UNIVASF:HVASF:0000002356","Collection","J.R. Maciel",2356,"UNIVASF","Universidade Federal do Vale do São Francisco (UNIVASF)","Arbusto, ca. de 2,5m alt. Flores brancas, filetes brancos, anteras amarelas. Látex branco leitoso nos ramos.","SOUTH_AMERICA","A. Laurênio","",NA,"","","","","","","","",NA,NA,"","",NA,"Cabrobó","Pernambuco","brazil",4199,"Cabrobó",2603009,-39.329096,-8.385034,"PERNAMBUCO","PE","Pernambuco",-37.99303622,-8.3240949,"Pernambuco","pe",-8.189444,-39.314722,"original coordinates","original coordinates outside municipality original in cabrobo falls in salgueiro"
"29","Cnidoscolus ulei",1087531206,-13.665,-40.439167,"gass84","d031156d-6ff8-4eb5-b91a-a50861e98be9","3a2b60a6-5c60-413a-8bff-a9740e774c09","none","b38ff2b7-c8af-454e-b5af-ee760f0d5bca","BR","DWC_ARCHIVE","2018-11-24T12:31:30.659+0000","2018-11-24T12:31:30.719+0000",126,"none","PRESERVED_SPECIMEN",3073442,6,7707728,220,1414,4691,3073435,3073442,3073442,"Cnidoscolus ulei (Pax) Pax","Cnidoscolus ulei (Pax) Pax","Plantae","Tracheophyta","Malpighiales","Euphorbiaceae","Cnidoscolus","Cnidoscolus ulei","Cnidoscolus","ulei","SPECIES","ACCEPTED","2004-01-01T00:00:00",650,0,"Bahia",2004,1,21,"2004-01-21T00:00:00","2018-11-22T19:51:54.000+0000","2018-12-08T13:04:59.482+0000","http://creativecommons.org/licenses/by-nc/4.0/legalcode","none","none","none","WGS84","Magnoliopsida","BR","Brazil","HUESB - Herbário da Universidade Estadual do Sudoeste da Bahia","BRA:UESB:HUESB:0000000521","783","HUESB - Herbário da Universidade Estadual do Sudoeste da Bahia","Maracás","Estrada Maracás - Pé de Serra","pt","HUESB",1087531206,"BRA:UESB:HUESB:0000000521","Collection","Silva-Castro, M.M.; D.S. Carneiro Torres, CR de Agus; D.S. Carneiro Torres, CR de Agus",521,"UESB","Universidade Estadual do Sudoeste da Bahia (UESB)","Arbusto ca. 2,5m de alt., látex branco. Folhas levemente discolores. Flores masculinas brancas, anteras amarelas, filetes branco; flores femininas esbranquiçadas, estigma branco, ovário verde. Fruto imaturo verde com linhas de deiscência brancas. ; DE","","D.S.Carneiro-Torres","",NA,"","","","","","","","",NA,NA,"","",NA,"Maracás","Bahia","brazil",3404,"Maracás",2920502,-40.553066,-13.497374,"BAHIA","BA","Bahia",-41.72018023,-12.47295682,"Bahia","ba",-13.665,-40.439167,"original coordinates","original coordinates outside municipality original in maracas falls in lafaiete coutinho"
"30","Cnidoscolus ulei",1094793598,-13.5875,-41.674444,"gass84,iddatunl","2e684fd6-09e2-4661-910a-0a188b610c04","60545be9-4f28-4245-b4b4-07635c8dfa54","none","b38ff2b7-c8af-454e-b5af-ee760f0d5bca","BR","DWC_ARCHIVE","2018-11-14T17:18:34.376+0000","2018-09-10T18:26:29.865+0000",124,"none","PRESERVED_SPECIMEN",3073442,6,7707728,220,1414,4691,3073435,3073442,3073442,"Cnidoscolus ulei (Pax) Pax","Cnidoscolus ulei (Pax) Pax","Plantae","Tracheophyta","Malpighiales","Euphorbiaceae","Cnidoscolus","Cnidoscolus ulei","Cnidoscolus","ulei","SPECIES","ACCEPTED","2006-06-01T00:00:00",NA,NA,"Bahia",2003,6,11,"2003-06-11T00:00:00","","2018-09-10T18:26:40.468+0000","http://creativecommons.org/licenses/by-nc/4.0/legalcode","none","none","none","WGS84","Magnoliopsida","BR","Brazil","HUEFS - Herbario da Universidade Estadual de Feira de Santana","BRA:UEFS:HUEFS:0000075591","667","HUEFS - Herbario da Universidade Estadual de Feira de Santana","Jussiape","Estrada Marcolino de Souza para Jussiape a 21 Km de Rio de Contas.","pt","HUEFS",1094793598,"BRA:UEFS:HUEFS:0000075591","Collection","Silva-Castro, M.M.",75591,"UEFS","Universidade Estadual de Feira de Santana (UEFS)","Caatinga.","","F.J.Fernández Casas","",NA,"","","","","","","","",NA,NA,"","",NA,"Jussiape","Bahia","brazil",3400,"Jussiape",2918605,-41.598193,-13.518373,"BAHIA","BA","Bahia",-41.72018023,-12.47295682,"Bahia","ba",-13.5875,-41.674444,"original coordinates","original coordinates outside municipality original in jussiape falls in rio de contas"
"31","Cnidoscolus ulei",1889188395,-12.329167,-37.89,"gass84","5b5cf455-a448-4c0a-aecd-3e0956f27f10","afdd8e93-b4e3-491c-88f0-8a22834ac1a9","none","b38ff2b7-c8af-454e-b5af-ee760f0d5bca","BR","DWC_ARCHIVE","2018-12-03T14:10:00.260+0000","2018-12-03T16:16:30.196+0000",122,"none","PRESERVED_SPECIMEN",3073442,6,7707728,220,1414,4691,3073435,3073442,3073442,"Cnidoscolus ulei (Pax) Pax","Cnidoscolus ulei (Pax) Pax","Plantae","Tracheophyta","Malpighiales","Euphorbiaceae","Cnidoscolus","Cnidoscolus ulei","Cnidoscolus","ulei","SPECIES","ACCEPTED","2006-02-01T00:00:00",NA,NA,"Bahia",2001,1,11,"2001-01-11T00:00:00","2018-08-28T19:03:32.000+0000","2018-12-03T16:17:57.279+0000","http://creativecommons.org/licenses/by-nc/4.0/legalcode","none","none","none","WGS84","Magnoliopsida","BR","Brazil","ALCB - Herbário Alexandre Leal Costa","BRA:UFBA:ALCB:0000052606","6","ALCB - Herbário Alexandre Leal Costa","Entre Rios","Litoral Norte, Restinga de Massarandupió","pt","ALCB",1889188395,"BRA:UFBA:ALCB:0000052606","Collection","Fonseca, MR; Silva, MCR",52606,"Universidade Federal da Bahia (UFBA)","Universidade Federal da Bahia (UFBA)","0,50 m. Caule com espinhos urticantes. Folhas cartáceas, com espinhos urticantes. Flores alvas. Frutos imaturos verdes. Látex branco abundante.; substrato de areias amarelas.","SOUTH_AMERICA","Casas, JF","",NA,"","","","","","","","",NA,NA,"","",NA,"Entre Rios","Bahia","brazil",3584,"Entre Rios",2910503,-38.042945,-12.073204,"BAHIA","BA","Bahia",-41.72018023,-12.47295682,"Bahia","ba",-12.329167,-37.89,"original coordinates","original coordinates OK"
"32","Cnidoscolus ulei",1090483010,-14.511667,-42.199722,"gass84","bc81e05b-ed51-46ba-a0a4-90fbae9b5545","c6aacf9d-a5a7-4d7f-a6fc-ea0a4b8ec450","none","b38ff2b7-c8af-454e-b5af-ee760f0d5bca","BR","DWC_ARCHIVE","2018-11-24T12:34:06.329+0000","2018-11-24T12:34:06.357+0000",122,"none","PRESERVED_SPECIMEN",3073442,6,7707728,220,1414,4691,3073435,3073442,3073442,"Cnidoscolus ulei (Pax) Pax","Cnidoscolus ulei (Pax) Pax","Plantae","Tracheophyta","Malpighiales","Euphorbiaceae","Cnidoscolus","Cnidoscolus ulei","Cnidoscolus","ulei","SPECIES","ACCEPTED","none",NA,NA,"Bahia",2001,3,30,"2001-03-30T00:00:00","2018-11-14T14:14:15.000+0000","2018-12-08T04:42:46.618+0000","http://creativecommons.org/licenses/by-nc/4.0/legalcode","none","none","none","WGS84","Magnoliopsida","BR","Brazil","CEPEC - Herbário do Centro de Pesquisas do Cacau","BRA:CEPLAC:CEPEC:0000090040","3218","CEPEC - Herbário do Centro de Pesquisas do Cacau","CACULÉ","Ca. 4,7Km a E da sede muncipal, estrada que leva a torre de TV.","pt","CEPEC",1090483010,"BRA:CEPLAC:CEPEC:0000090040","Collection","J. G. Jardim",90040,"Comissão Executiva do Plano da Lavoura Cacaueira (CEPLAC)","Comissão Executiva do Plano da Lavoura Cacaueira (CEPLAC)","","","G. C. Moreira & D. C.-Torres","30/05/2004",NA,"","","","","","","","",NA,NA,"","",NA,"CACULÉ","Bahia","brazil",3286,"Caculé",2905008,-42.285622,-14.485653,"BAHIA","BA","Bahia",-41.72018023,-12.47295682,"Bahia","ba",-14.511667,-42.199722,"original coordinates","original coordinates OK"
"33","Cnidoscolus ulei",1077209387,-9.723056,-39.332222,"gass84","5b5cf455-a448-4c0a-aecd-3e0956f27f10","afdd8e93-b4e3-491c-88f0-8a22834ac1a9","none","b38ff2b7-c8af-454e-b5af-ee760f0d5bca","BR","DWC_ARCHIVE","2018-12-03T14:06:18.618+0000","2018-12-03T16:15:53.934+0000",122,"none","PRESERVED_SPECIMEN",3073442,6,7707728,220,1414,4691,3073435,3073442,3073442,"Cnidoscolus ulei (Pax) Pax","Cnidoscolus ulei (Pax) Pax","Plantae","Tracheophyta","Malpighiales","Euphorbiaceae","Cnidoscolus","Cnidoscolus ulei","Cnidoscolus","ulei","SPECIES","ACCEPTED","2006-02-01T00:00:00",NA,NA,"Bahia",2000,3,30,"2000-03-30T00:00:00","2018-08-28T19:03:32.000+0000","2018-12-06T14:16:25.536+0000","http://creativecommons.org/licenses/by-nc/4.0/legalcode","none","none","none","WGS84","Magnoliopsida","BR","Brazil","ALCB - Herbário Alexandre Leal Costa","BRA:UFBA:ALCB:0000047973","1360","ALCB - Herbário Alexandre Leal Costa","Uauá","Nordeste, Serra do Jerônimo","pt","ALCB",1077209387,"BRA:UFBA:ALCB:0000047973","Collection","Fonseca, MR; Jesus, NG de; Saar, E; Alves, L. de J.; Guedes, ML",47973,"Universidade Federal da Bahia (UFBA)","Universidade Federal da Bahia (UFBA)","1,50 m, pêlos urticantes. Folhas membranáceas, discolores, nervuras proeminentes em ambas as faces. Inflorescência terminal; flores com cálice verde, corola alva. Fruto tricoca, imaturos verdes.; arbórea, ca. de 7,0 m de altura.","SOUTH_AMERICA","Casas, JF","",NA,"","","","","","","","",NA,NA,"","",NA,"Uauá","Bahia","brazil",3931,"Uauá",2932002,-39.443622,-9.896033,"BAHIA","BA","Bahia",-41.72018023,-12.47295682,"Bahia","ba",-9.723056,-39.332222,"original coordinates","original coordinates OK"
"34","Cnidoscolus ulei",1094746490,-13.993056,-42.2075,"gass84,iddatunl","2e684fd6-09e2-4661-910a-0a188b610c04","60545be9-4f28-4245-b4b4-07635c8dfa54","none","b38ff2b7-c8af-454e-b5af-ee760f0d5bca","BR","DWC_ARCHIVE","2018-11-14T17:18:04.831+0000","2018-09-10T18:26:00.327+0000",124,"none","PRESERVED_SPECIMEN",3073442,6,7707728,220,1414,4691,3073435,3073442,3073442,"Cnidoscolus ulei (Pax) Pax","Cnidoscolus ulei (Pax) Pax","Plantae","Tracheophyta","Malpighiales","Euphorbiaceae","Cnidoscolus","Cnidoscolus ulei","Cnidoscolus","ulei","SPECIES","ACCEPTED","2004-05-01T00:00:00",560,0,"Bahia",1997,2,8,"1997-02-08T00:00:00","","2018-09-10T18:26:07.025+0000","http://creativecommons.org/licenses/by-nc/4.0/legalcode","none","none","none","WGS84","Magnoliopsida","BR","Brazil","HUEFS - Herbario da Universidade Estadual de Feira de Santana","BRA:UEFS:HUEFS:0000028356","PCD5212","HUEFS - Herbario da Universidade Estadual de Feira de Santana","Caetité","São Francisco caminho para Lagoa Real.","pt","HUEFS",1094746490,"BRA:UEFS:HUEFS:0000028356","Collection","Guedes, M.L.S.",28356,"UEFS","Universidade Estadual de Feira de Santana (UEFS)","","","D.S.Carneiro-Torres","",NA,"","","","","","","","",NA,NA,"","",NA,"Caetité","Bahia","brazil",3351,"Caetité",2905206,-42.492478,-13.971521,"BAHIA","BA","Bahia",-41.72018023,-12.47295682,"Bahia","ba",-13.993056,-42.2075,"original coordinates","original coordinates outside municipality original in caetite falls in lagoa real"
"35","Cnidoscolus ulei",1090472397,-13.993056,-42.2075,"gass84","bc81e05b-ed51-46ba-a0a4-90fbae9b5545","c6aacf9d-a5a7-4d7f-a6fc-ea0a4b8ec450","none","b38ff2b7-c8af-454e-b5af-ee760f0d5bca","BR","DWC_ARCHIVE","2018-11-24T12:33:57.870+0000","2018-11-24T12:33:57.888+0000",122,"none","PRESERVED_SPECIMEN",3073442,6,7707728,220,1414,4691,3073435,3073442,3073442,"Cnidoscolus ulei (Pax) Pax","Cnidoscolus ulei (Pax) Pax","Plantae","Tracheophyta","Malpighiales","Euphorbiaceae","Cnidoscolus","Cnidoscolus ulei","Cnidoscolus","ulei","SPECIES","ACCEPTED","none",NA,NA,"Bahia",1997,2,8,"1997-02-08T00:00:00","2018-11-14T14:14:15.000+0000","2018-12-08T04:42:41.559+0000","http://creativecommons.org/licenses/by-nc/4.0/legalcode","none","none","none","WGS84","Magnoliopsida","BR","Brazil","CEPEC - Herbário do Centro de Pesquisas do Cacau","BRA:CEPLAC:CEPEC:0000077942","5212","CEPEC - Herbário do Centro de Pesquisas do Cacau","CAETITÉ","São Francisco caminho para Lagoa Real.","pt","CEPEC",1090472397,"BRA:CEPLAC:CEPEC:0000077942","Collection","M. L. Guedes",77942,"Comissão Executiva do Plano da Lavoura Cacaueira (CEPLAC)","Comissão Executiva do Plano da Lavoura Cacaueira (CEPLAC)","","","G. C. Moreira & D. C.-Torres","30/05/2004",NA,"","","","","","","","",NA,NA,"","",NA,"CAETITÉ","Bahia","brazil",3351,"Caetité",2905206,-42.492478,-13.971521,"BAHIA","BA","Bahia",-41.72018023,-12.47295682,"Bahia","ba",-13.993056,-42.2075,"original coordinates","original coordinates outside municipality original in caetite falls in lagoa real"
"36","Cnidoscolus ulei",1094728239,-13.266667,-41.7,"gass84,iddatunl","2e684fd6-09e2-4661-910a-0a188b610c04","60545be9-4f28-4245-b4b4-07635c8dfa54","none","b38ff2b7-c8af-454e-b5af-ee760f0d5bca","BR","DWC_ARCHIVE","2018-11-14T17:17:53.317+0000","2018-09-10T18:25:49.949+0000",124,"none","PRESERVED_SPECIMEN",3073442,6,7707728,220,1414,4691,3073435,3073442,3073442,"Cnidoscolus ulei (Pax) Pax","Cnidoscolus ulei (Pax) Pax","Plantae","Tracheophyta","Malpighiales","Euphorbiaceae","Cnidoscolus","Cnidoscolus ulei","Cnidoscolus","ulei","SPECIES","ACCEPTED","2004-05-01T00:00:00",840,0,"Bahia",1992,2,14,"1992-02-14T00:00:00","","2018-09-10T18:25:52.681+0000","http://creativecommons.org/licenses/by-nc/4.0/legalcode","none","none","none","WGS84","Magnoliopsida","BR","Brazil","HUEFS - Herbario da Universidade Estadual de Feira de Santana","BRA:UEFS:HUEFS:0000010126","2614","HUEFS - Herbario da Universidade Estadual de Feira de Santana","Abaíra","","pt","HUEFS",1094728239,"BRA:UEFS:HUEFS:0000010126","Collection","Queiroz, L.P.de",10126,"UEFS","Universidade Estadual de Feira de Santana (UEFS)","","","D.S.Carneiro-Torres","",NA,"","","","","","","","",NA,NA,"","",NA,"Abaíra","Bahia","brazil",3422,"Abaíra",2900108,-41.733851,-13.297212,"BAHIA","BA","Bahia",-41.72018023,-12.47295682,"Bahia","ba",-13.266667,-41.7,"original coordinates","original coordinates OK"
"37","Cnidoscolus ulei",1094728255,-13.316667,-41.55,"gass84,iddatunl","2e684fd6-09e2-4661-910a-0a188b610c04","60545be9-4f28-4245-b4b4-07635c8dfa54","none","b38ff2b7-c8af-454e-b5af-ee760f0d5bca","BR","DWC_ARCHIVE","2018-11-14T17:17:53.318+0000","2018-09-10T18:25:49.914+0000",124,"none","PRESERVED_SPECIMEN",3073442,6,7707728,220,1414,4691,3073435,3073442,3073442,"Cnidoscolus ulei (Pax) Pax","Cnidoscolus ulei (Pax) Pax","Plantae","Tracheophyta","Malpighiales","Euphorbiaceae","Cnidoscolus","Cnidoscolus ulei","Cnidoscolus","ulei","SPECIES","ACCEPTED","2004-05-01T00:00:00",NA,NA,"Bahia",1992,2,14,"1992-02-14T00:00:00","","2018-09-10T18:25:52.472+0000","http://creativecommons.org/licenses/by-nc/4.0/legalcode","none","none","none","WGS84","Magnoliopsida","BR","Brazil","HUEFS - Herbario da Universidade Estadual de Feira de Santana","BRA:UEFS:HUEFS:0000010141","2629","HUEFS - Herbario da Universidade Estadual de Feira de Santana","Mucugê","","pt","HUEFS",1094728255,"BRA:UEFS:HUEFS:0000010141","Collection","Queiroz, L.P.de",10141,"UEFS","Universidade Estadual de Feira de Santana (UEFS)","","","D.S.Carneiro-Torres","",NA,"","","","","","","","",NA,NA,"","",NA,"Mucugê","Bahia","brazil",3451,"Mucugê",2921906,-41.469352,-13.061639,"BAHIA","BA","Bahia",-41.72018023,-12.47295682,"Bahia","ba",-13.316667,-41.55,"original coordinates","original coordinates OK"
"38","Cnidoscolus ulei",1929996860,-15.1643070661313,-48.2843944610851,"cdrep","d415c253-4d61-4459-9d25-4015b9084fb0","ae447c50-b8a8-11d8-92a4-b8a03c50a862","none","17017c2c-036b-45d9-b045-606d21b00771","US","DWC_ARCHIVE","2018-11-18T15:27:53.620+0000","2018-11-18T15:27:53.644+0000",96,"none","PRESERVED_SPECIMEN",3073442,6,7707728,220,1414,4691,3073435,3073442,3073442,"Cnidoscolus ulei (Pax) Pax","Cnidoscolus ulei (Pax) Pax","Plantae","Tracheophyta","Malpighiales","Euphorbiaceae","Cnidoscolus","Cnidoscolus ulei","Cnidoscolus","ulei","SPECIES","ACCEPTED","none",0,0,"Goiás",1986,7,18,"1986-07-18T00:00:00","2016-09-29T19:33:00.000+0000","2018-12-06T11:24:01.982+0000","http://creativecommons.org/publicdomain/zero/1.0/legalcode","none","none","none","WGS84","Magnoliopsida","BR","Brazil","The New York Botanical Garden","9dddd9d8-e980-4ae1-97ca-db5420be13bb","241","Vascular plants","","Estrada da Fazenda Baroca para Padre Bernardo; casa do Sr. Braulino Pimentel (Cunhado de D. Romana).","en","NY",1929996860,"9dddd9d8-e980-4ae1-97ca-db5420be13bb","PhysicalObject","R. F. Vieira",1027288,"NY","","","SOUTH_AMERICA","F. J. Fernández Casas","",56279,"http://sweetgum.nybg.org/science/vh/specimen_details.php?irn=1142830","Relevo plano.","http://biocol.org/urn:lsid:biocol.org:col:15556","Padre Bernardo","sheet","ICN","18 Jul 1986","Other source",199,199,"http://biocol.org/urn:lsid:biocol.org:col:15556","CRIA (Centro de Referência em Informação Ambiental)",NA,"","Goiás","brazil",NA,"",NA,NA,NA,"","","Goiás",-49.62349059,-16.04162242,"Goiás","go",-15.1643070661313,-48.2843944610851,"original coordinates","original coordinates outside municipality original in  falls in padre bernardo"
"39","Cnidoscolus ulei",1095192754,-17.16667,-44.41667,"gass84","e38d4c95-3a1d-4594-9ae9-883b48042e6d","7ef169f9-81f8-46a2-a7f7-240df6a1889c","none","b38ff2b7-c8af-454e-b5af-ee760f0d5bca","BR","DWC_ARCHIVE","2018-11-23T18:20:42.909+0000","2018-11-23T18:20:42.968+0000",123,"none","PRESERVED_SPECIMEN",3073442,6,7707728,220,1414,4691,3073435,3073442,3073442,"Cnidoscolus ulei (Pax) Pax","Cnidoscolus ulei (Pax) Pax","Plantae","Tracheophyta","Malpighiales","Euphorbiaceae","Cnidoscolus","Cnidoscolus ulei","Cnidoscolus","ulei","SPECIES","ACCEPTED","none",540,0,"Minas Gerais",1984,11,7,"1984-11-07T00:00:00","","2018-11-23T18:21:00.748+0000","http://creativecommons.org/licenses/by-nc/4.0/legalcode","none","none","none","WGS84","Magnoliopsida","BR","Brazil","CEN - Herbário da Embrapa Recursos Genéticos e Biotecnologia","BRA:Cenargen:CEN:0000008609","2875","CEN - Herbário da Embrapa Recursos Genéticos e Biotecnologia","JEQUITAI","Km 93 da BR-365, trecho Pirapora - Jequitai.","pt","CEN",1095192754,"BRA:Cenargen:CEN:0000008609","Collection","Antônio Costa Allem",8609,"Cenargen","Empresa Brasileira de Pesquisa Agropecuária (EMBRAPA)","Arbusto urticante esgalhado 1m de altura. Folhas simples lobadas. Flores pequenas. Fruto espinhoso.","","F. J. Fernández Casas","",NA,"","","","","Exsicatas","","","",NA,NA,"","",4,"JEQUITAI","Minas Gerais","brazil",2883,"Jequitaí",3135605,-44.475744,-17.209329,"MINAS GERAIS","MG","Minas Gerais",-44.67333254,-18.45539008,"Minas Gerais","mg",-17.16667,-44.41667,"original coordinates","original coordinates OK"
