"","name","key","decimalLatitude","decimalLongitude","issues","datasetKey","publishingOrgKey","networkKeys","installationKey","publishingCountry","protocol","lastCrawled","lastParsed","crawlId","extensions","basisOfRecord","taxonKey","kingdomKey","phylumKey","classKey","orderKey","familyKey","genusKey","speciesKey","acceptedTaxonKey","scientificName","acceptedScientificName","kingdom","phylum","order","family","genus","species","genericName","specificEpithet","taxonRank","taxonomicStatus","dateIdentified","continent","stateProvince.original","year","month","day","eventDate","modified","lastInterpreted","license","identifiers","facts","relations","geodeticDatum","class","countryCode","country.original","rightsHolder","identifier","recordNumber","datasetName","municipality.original","locality","language","collectionCode","gbifID","occurrenceID","type","recordedBy","catalogNumber","institutionCode","ownerInstitutionCode","occurrenceRemarks","identifiedBy","otherCatalogNumbers","elevation","elevationAccuracy","individualCount","preparations","coordinateUncertaintyInMeters","references","habitat","institutionID","county","nomenclaturalCode","verbatimEventDate","georeferenceProtocol","endDayOfYear","startDayOfYear","collectionID","georeferenceSources","verbatimElevation","higherGeography","higherClassification","nomenclaturalStatus","taxonID","bibliographicCitation","taxonRemarks","fieldNotes","verbatimTaxonRank","fieldNumber","verbatimLocality","organismID","datasetID","accessRights","typeStatus","municipality","stateProvince","country","FID","NOME","GEOCODIGO","POINT_X","POINT_Y","NOMEUF","SIGLAUF","estados_shp","x_estado","y_estado","nome","sigla","new_Lat","new_Lon","notes","comments"
"1","Stillingia uleana",1889188995,-12.75,-41.766667,"gass84","5b5cf455-a448-4c0a-aecd-3e0956f27f10","afdd8e93-b4e3-491c-88f0-8a22834ac1a9","none","b38ff2b7-c8af-454e-b5af-ee760f0d5bca","BR","DWC_ARCHIVE","2018-12-03T14:13:56.792+0000","2018-12-03T16:16:30.405+0000",122,"none","PRESERVED_SPECIMEN",3055122,6,7707728,220,1414,4691,3055103,3055122,3055122,"Stillingia uleana Pax & K.Hoffm.","Stillingia uleana Pax & K.Hoffm.","Plantae","Tracheophyta","Malpighiales","Euphorbiaceae","Stillingia","Stillingia uleana","Stillingia","uleana","SPECIES","ACCEPTED","2018-03-01T00:00:00","SOUTH_AMERICA","Bahia",2018,2,17,"2018-02-17T00:00:00","2018-08-28T19:04:42.000+0000","2018-12-03T16:17:57.635+0000","http://creativecommons.org/licenses/by-nc/4.0/legalcode","none","none","none","WGS84","Magnoliopsida","BR","Brazil","ALCB - Herbário Alexandre Leal Costa","BRA:UFBA:ALCB:0000132368","30300","ALCB - Herbário Alexandre Leal Costa","Palmeiras","Vale do Crecado.","pt","ALCB",1889188995,"BRA:UFBA:ALCB:0000132368","Collection","Guedes, ML; Guaré, F; Rocha, E","132368","Universidade Federal da Bahia (UFBA)","Universidade Federal da Bahia (UFBA)","látex leitoso. Folhas semicrassas. Inflorescência em espíciformae, cálice da flor masculina bilobado; dois estames livres, excertos. Receptáculo da flor feminina desenvolvido em carpódio tricorniforme e persistente no ramo após a qued","Guedes, ML","",NA,NA,NA,"",NA,"","","","","","","",NA,NA,"","","","","","",NA,"","","","",NA,"",NA,"","","","Palmeiras","Bahia","brazil",3525,"Palmeiras",2923506,-41.55815,-12.545926,"BAHIA","BA","Bahia",-41.72018023,-12.47295682,"Bahia","ba",-12.75,-41.766667,"original coordinates","original coordinates outside municipality original in palmeiras falls in boninal"
"2","Stillingia uleana",1571707062,-18.523889,-43.915,"cdround,gass84","4300f8d5-1ae5-49e5-a101-63894b005868","838537fc-4aeb-4980-8b58-97fbdcd1d91a","none","da7fe11a-b42c-46cb-9e9d-02243edb738a","BR","DWC_ARCHIVE","2018-10-02T15:37:03.644+0000","2018-09-24T19:58:45.089+0000",207,"none","PRESERVED_SPECIMEN",3055122,6,7707728,220,1414,4691,3055103,3055122,3055122,"Stillingia uleana Pax & K.Hoffm.","Stillingia uleana Pax & K.Hoffm.","Plantae","Tracheophyta","Malpighiales","Euphorbiaceae","Stillingia","Stillingia uleana","Stillingia","uleana","SPECIES","ACCEPTED","none","","Minas Gerais",2016,4,15,"2016-04-15T00:00:00","2017-07-05T09:58:05.098+0000","2018-12-08T17:22:59.104+0000","http://creativecommons.org/licenses/by/4.0/legalcode","none","none","none","WGS84","Magnoliopsida","BR","Brazil","Rio de Janeiro Botanical Garden","urn:catalog:JBRJ:RB:1334726","5639","RB - Rio de Janeiro Botanical Garden Herbarium Collection","Gouveia","Estrada entrando paralela aos moinhos de vento do Camilinho, sítio do Mulato, área de extração da Tracomal","","RB",1571707062,"urn:catalog:JBRJ:RB:1334726","PhysicalObject","J.E.Q. Faria; T.J.O. Otoni","RB01334726","JBRJ","","","J.E.Q. Faria","RB 734426",NA,NA,NA,"",NA,"","","","","","","",NA,NA,"","","","","","",NA,"","","","",NA,"",NA,"","","","Gouveia","Minas Gerais","brazil",2712,"Gouveia",3127602,-43.834033,-18.523648,"MINAS GERAIS","MG","Minas Gerais",-44.67333254,-18.45539008,"Minas Gerais","mg",-18.523889,-43.915,"original coordinates","original coordinates OK"
"3","Stillingia uleana",1563168987,-12.957778,-41.303056,"gass84","da8a0dd0-85c7-4d7a-8a5a-e66b1deaebaa","06542f02-868b-4651-aed4-1ae6b2eb4eb7","none","b38ff2b7-c8af-454e-b5af-ee760f0d5bca","BR","DWC_ARCHIVE","2018-11-24T12:30:04.437+0000","2018-06-04T12:04:30.668+0000",128,"none","PRESERVED_SPECIMEN",3055122,6,7707728,220,1414,4691,3055103,3055122,3055122,"Stillingia uleana Pax & K.Hoffm.","Stillingia uleana Pax & K.Hoffm.","Plantae","Tracheophyta","Malpighiales","Euphorbiaceae","Stillingia","Stillingia uleana","Stillingia","uleana","SPECIES","ACCEPTED","2015-12-01T00:00:00","","Bahia",2015,5,19,"2015-05-19T00:00:00","2018-05-07T17:35:33.000+0000","2018-12-07T14:50:38.519+0000","http://creativecommons.org/licenses/by-nc/4.0/legalcode","none","none","none","WGS84","Magnoliopsida","BR","Brazil","PEUFR - Herbário Professor Vasconcelos Sobrinho","BRA:UFRPE:PEUFR:0000053310","627","PEUFR - Herbário Professor Vasconcelos Sobrinho","Andaraí","Projeto Sistematização IBGE; Estrada Andaraí/Mucegê (BA-142)","pt","PEUFR",1563168987,"BRA:UFRPE:PEUFR:0000053310","Collection","S. Sousa Silva; L. A. Dambrós; E. C. Freire; M. M. Santos","53310","UFRPE","Universidade Federal Rural de Pernambuco, UFRPE","Arbusto saxicola ca. 1,50m de alutra; inflorescênica; comum.","R. A. Pereira-Silva","",1012,0,NA,"",NA,"","","","","","","",NA,NA,"","","","","","",NA,"","","","",NA,"",NA,"","","","Andaraí","Bahia","brazil",3495,"Andaraí",2901304,-41.195404,-12.758895,"BAHIA","BA","Bahia",-41.72018023,-12.47295682,"Bahia","ba",-12.957778,-41.303056,"original coordinates","original coordinates OK"
"4","Stillingia uleana",1077249755,-13.519722,-41.949722,"gass84","5b5cf455-a448-4c0a-aecd-3e0956f27f10","afdd8e93-b4e3-491c-88f0-8a22834ac1a9","none","b38ff2b7-c8af-454e-b5af-ee760f0d5bca","BR","DWC_ARCHIVE","2018-12-03T14:13:51.971+0000","2018-12-03T16:16:24.020+0000",122,"none","PRESERVED_SPECIMEN",3055122,6,7707728,220,1414,4691,3055103,3055122,3055122,"Stillingia uleana Pax & K.Hoffm.","Stillingia uleana Pax & K.Hoffm.","Plantae","Tracheophyta","Malpighiales","Euphorbiaceae","Stillingia","Stillingia uleana","Stillingia","uleana","SPECIES","ACCEPTED","2014-08-01T00:00:00","SOUTH_AMERICA","Bahia",2014,8,27,"2014-08-27T00:00:00","2018-09-14T22:45:41.000+0000","2018-12-06T14:16:42.347+0000","http://creativecommons.org/licenses/by-nc/4.0/legalcode","none","none","none","WGS84","Magnoliopsida","BR","Brazil","ALCB - Herbário Alexandre Leal Costa","BRA:UFBA:ALCB:0000118641","705","ALCB - Herbário Alexandre Leal Costa","Rio de Contas","Subida para o Pico das Almas, Vale do Queiroz.","pt","ALCB",1077249755,"BRA:UFBA:ALCB:0000118641","Collection","Hurbath, F; Silva, OLM da; Seixas, FC","118641","Universidade Federal da Bahia (UFBA)","Universidade Federal da Bahia (UFBA)","ca. 1,6 m alt. Folhas levemente discolores, raque verde, flores masculinas amarelas, frutos verdes, látex alvo.","Hurbath, F","",1526,0,NA,"",NA,"","","","","","","",NA,NA,"","","","","","",NA,"","","","",NA,"",NA,"","","","Rio de Contas","Bahia","brazil",3389,"Rio de Contas",2926707,-41.741571,-13.586451,"BAHIA","BA","Bahia",-41.72018023,-12.47295682,"Bahia","ba",-13.519722,-41.949722,"original coordinates","original coordinates OK"
"5","Stillingia uleana",1208843191,-14.53,-42.535,"gass84","5b5cf455-a448-4c0a-aecd-3e0956f27f10","afdd8e93-b4e3-491c-88f0-8a22834ac1a9","none","b38ff2b7-c8af-454e-b5af-ee760f0d5bca","BR","DWC_ARCHIVE","2018-12-03T14:13:50.391+0000","2018-12-03T16:16:08.968+0000",122,"none","PRESERVED_SPECIMEN",3055122,6,7707728,220,1414,4691,3055103,3055122,3055122,"Stillingia uleana Pax & K.Hoffm.","Stillingia uleana Pax & K.Hoffm.","Plantae","Tracheophyta","Malpighiales","Euphorbiaceae","Stillingia","Stillingia uleana","Stillingia","uleana","SPECIES","ACCEPTED","2014-01-01T00:00:00","SOUTH_AMERICA","Bahia",2013,1,22,"2013-01-22T00:00:00","2018-09-14T22:45:41.000+0000","2018-12-03T16:17:03.174+0000","http://creativecommons.org/licenses/by-nc/4.0/legalcode","none","none","none","WGS84","Magnoliopsida","BR","Brazil","ALCB - Herbário Alexandre Leal Costa","BRA:UFBA:ALCB:0000114123","443","ALCB - Herbário Alexandre Leal Costa","Licínio de Almeida","Serra Geral. Garimpo das ametistas.","pt","ALCB",1208843191,"BRA:UFBA:ALCB:0000114123","Collection","Hurbath, F; Borges, RL; Stadnik, A; Ogassawara, HA","114123","Universidade Federal da Bahia (UFBA)","Universidade Federal da Bahia (UFBA)","ca. 80 cm. Folhas concolores, estames amarelos, látex alvo, planta verde.","Hurbath, F","",815,0,NA,"",NA,"","","","","","","",NA,NA,"","","","","","",NA,"","","","",NA,"",NA,"","","","Licínio de Almeida","Bahia","brazil",3272,"Licínio de Almeida",2919405,-42.466395,-14.591223,"BAHIA","BA","Bahia",-41.72018023,-12.47295682,"Bahia","ba",-14.53,-42.535,"original coordinates","original coordinates OK"
"6","Stillingia uleana",1094930903,-14.652222,-42.551389,"gass84","2e684fd6-09e2-4661-910a-0a188b610c04","60545be9-4f28-4245-b4b4-07635c8dfa54","none","b38ff2b7-c8af-454e-b5af-ee760f0d5bca","BR","DWC_ARCHIVE","2018-11-14T17:19:56.064+0000","2018-09-10T18:27:42.553+0000",124,"none","PRESERVED_SPECIMEN",3055122,6,7707728,220,1414,4691,3055103,3055122,3055122,"Stillingia uleana Pax & K.Hoffm.","Stillingia uleana Pax & K.Hoffm.","Plantae","Tracheophyta","Malpighiales","Euphorbiaceae","Stillingia","Stillingia uleana","Stillingia","uleana","SPECIES","ACCEPTED","none","","Bahia",2013,5,23,"2013-05-23T00:00:00","","2018-09-10T18:28:09.070+0000","http://creativecommons.org/licenses/by-nc/4.0/legalcode","none","none","none","WGS84","Magnoliopsida","BR","Brazil","HUEFS - Herbario da Universidade Estadual de Feira de Santana","BRA:UEFS:HUEFS:0000214777","549","HUEFS - Herbario da Universidade Estadual de Feira de Santana","Licínio de Almeida","Serra Geral. Campo rupestre do Xaxá.","pt","HUEFS",1094930903,"BRA:UEFS:HUEFS:0000214777","Collection","Hurbath, F.","214777","UEFS","Universidade Estadual de Feira de Santana (UEFS)","Campo rupestre.","","",949,0,NA,"",NA,"","","","","","","",NA,NA,"","","","","","",NA,"","","","",NA,"",NA,"","","","Licínio de Almeida","Bahia","brazil",3272,"Licínio de Almeida",2919405,-42.466395,-14.591223,"BAHIA","BA","Bahia",-41.72018023,-12.47295682,"Bahia","ba",-14.652222,-42.551389,"original coordinates","original coordinates OK"
"7","Stillingia uleana",1208843203,-14.531944,-42.534444,"gass84","5b5cf455-a448-4c0a-aecd-3e0956f27f10","afdd8e93-b4e3-491c-88f0-8a22834ac1a9","none","b38ff2b7-c8af-454e-b5af-ee760f0d5bca","BR","DWC_ARCHIVE","2018-12-03T14:13:50.613+0000","2018-12-03T16:16:08.923+0000",122,"none","PRESERVED_SPECIMEN",3055122,6,7707728,220,1414,4691,3055103,3055122,3055122,"Stillingia uleana Pax & K.Hoffm.","Stillingia uleana Pax & K.Hoffm.","Plantae","Tracheophyta","Malpighiales","Euphorbiaceae","Stillingia","Stillingia uleana","Stillingia","uleana","SPECIES","ACCEPTED","2014-01-01T00:00:00","SOUTH_AMERICA","Bahia",2013,5,25,"2013-05-25T00:00:00","2018-09-14T22:45:41.000+0000","2018-12-03T16:17:03.073+0000","http://creativecommons.org/licenses/by-nc/4.0/legalcode","none","none","none","WGS84","Magnoliopsida","BR","Brazil","ALCB - Herbário Alexandre Leal Costa","BRA:UFBA:ALCB:0000114184","579","ALCB - Herbário Alexandre Leal Costa","Licínio de Almeida","Serra Geral. Garimpo dos Areiões.","pt","ALCB",1208843203,"BRA:UFBA:ALCB:0000114184","Collection","Hurbath, F; Borges, RL; Alves, M; Stadnik, A","114184","Universidade Federal da Bahia (UFBA)","Universidade Federal da Bahia (UFBA)","ca. 50 cm. Folhas concolores, flores amarelas com glândulas verdes. Látex alvo.","Hurbath, F","",813,0,NA,"",NA,"","","","","","","",NA,NA,"","","","","","",NA,"","","","",NA,"",NA,"","","","Licínio de Almeida","Bahia","brazil",3272,"Licínio de Almeida",2919405,-42.466395,-14.591223,"BAHIA","BA","Bahia",-41.72018023,-12.47295682,"Bahia","ba",-14.531944,-42.534444,"original coordinates","original coordinates OK"
"8","Stillingia uleana",1090632510,-18.47275,-43.489889,"gass84","1bb3cae3-b91f-4109-8a2d-a1f05f2d6fd3","76dbcb10-efc5-4d5f-87a5-bcd409fc92c8","none","b38ff2b7-c8af-454e-b5af-ee760f0d5bca","BR","DWC_ARCHIVE","2018-11-24T12:30:50.902+0000","2018-09-25T14:05:45.572+0000",126,"none","PRESERVED_SPECIMEN",3055122,6,7707728,220,1414,4691,3055103,3055122,3055122,"Stillingia uleana Pax & K.Hoffm.","Stillingia uleana Pax & K.Hoffm.","Plantae","Tracheophyta","Malpighiales","Euphorbiaceae","Stillingia","Stillingia uleana","Stillingia","uleana","SPECIES","ACCEPTED","2015-09-01T00:00:00","","Minas Gerais",2012,1,23,"2012-01-23T00:00:00","2018-08-21T18:29:20.000+0000","2018-12-08T04:43:56.651+0000","http://creativecommons.org/licenses/by-nc/4.0/legalcode","none","none","none","WGS84","Magnoliopsida","BR","Brazil","SPF - Herbário da Universidade de São Paulo","BRA:USP:SPF:0000212518","306","SPF - Herbário da Universidade de São Paulo","Serro","Milho Verde, Lajeados a leste de Milho Verde.","pt","SPF",1090632510,"BRA:USP:SPF:0000212518","Collection","Lovo, J; Alcantara, SF; Mello-Silva, R; Paula-Lima, FB; Drequeceler, K; Nascimento, LF;","212518","USP","Universidade de São Paulo, USP","Arvoreta, ca. 1,7m alt. Caule e pecíolo das partes jovens vináceos. Folhas verdes. Flores amarelo claro.","Silva, OLM","",1066,0,NA,"",NA,"","","","","","","",NA,NA,"","","","","","",NA,"","","","",NA,"",NA,"","","","Serro","Minas Gerais","brazil",2710,"Serro",3167103,-43.402461,-18.536962,"MINAS GERAIS","MG","Minas Gerais",-44.67333254,-18.45539008,"Minas Gerais","mg",-18.47275,-43.489889,"original coordinates","original coordinates OK"
"9","Stillingia uleana",1208843165,-14.696944,-42.559167,"gass84","5b5cf455-a448-4c0a-aecd-3e0956f27f10","afdd8e93-b4e3-491c-88f0-8a22834ac1a9","none","b38ff2b7-c8af-454e-b5af-ee760f0d5bca","BR","DWC_ARCHIVE","2018-12-03T14:13:50.368+0000","2018-12-03T16:16:08.917+0000",122,"none","PRESERVED_SPECIMEN",3055122,6,7707728,220,1414,4691,3055103,3055122,3055122,"Stillingia uleana Pax & K.Hoffm.","Stillingia uleana Pax & K.Hoffm.","Plantae","Tracheophyta","Malpighiales","Euphorbiaceae","Stillingia","Stillingia uleana","Stillingia","uleana","SPECIES","ACCEPTED","2014-01-01T00:00:00","SOUTH_AMERICA","Bahia",2012,5,11,"2012-05-11T00:00:00","2018-09-14T22:45:41.000+0000","2018-12-03T16:17:02.989+0000","http://creativecommons.org/licenses/by-nc/4.0/legalcode","none","none","none","WGS84","Magnoliopsida","BR","Brazil","ALCB - Herbário Alexandre Leal Costa","BRA:UFBA:ALCB:0000114076","295","ALCB - Herbário Alexandre Leal Costa","Licínio de Almeida","Serra Geral. Alto do morro do Cachoeirão. Altitude máxima de 1079 m.","pt","ALCB",1208843165,"BRA:UFBA:ALCB:0000114076","Collection","Hurbath, F; Roque, N; Santana, FA; Azevedo, FP","114076","Universidade Federal da Bahia (UFBA)","Universidade Federal da Bahia (UFBA)","ca de 1 m de altura. Folhas concolores. Látex alvo. Eixo da inflorescência verde. Flores amarelas.","Hurbath, F","",1020,0,NA,"",NA,"","","","","","","",NA,NA,"","","","","","",NA,"","","","",NA,"",NA,"","","","Licínio de Almeida","Bahia","brazil",3272,"Licínio de Almeida",2919405,-42.466395,-14.591223,"BAHIA","BA","Bahia",-41.72018023,-12.47295682,"Bahia","ba",-14.696944,-42.559167,"original coordinates","original coordinates OK"
"10","Stillingia uleana",1087385467,-16.723611,-42.926944,"gass84","17efa320-7312-4b55-bf0a-a4cfc4613169","2437c128-bf8c-4f53-b668-da95fb2e40b7","none","b38ff2b7-c8af-454e-b5af-ee760f0d5bca","BR","DWC_ARCHIVE","2018-11-24T12:35:42.853+0000","2018-11-24T12:35:42.906+0000",120,"none","PRESERVED_SPECIMEN",3055122,6,7707728,220,1414,4691,3055103,3055122,3055122,"Stillingia uleana Pax & K.Hoffm.","Stillingia uleana Pax & K.Hoffm.","Plantae","Tracheophyta","Malpighiales","Euphorbiaceae","Stillingia","Stillingia uleana","Stillingia","uleana","SPECIES","ACCEPTED","2012-06-01T00:00:00","","Minas Gerais",2012,6,24,"2012-06-24T00:00:00","2018-10-25T19:37:07.000+0000","2018-12-08T13:04:28.782+0000","http://creativecommons.org/licenses/by-nc/4.0/legalcode","none","none","none","WGS84","Magnoliopsida","BR","Brazil","SP - Herbário do Estado ""Maria Eneyda P. Kaufmann Fidalgo"" - Coleção de Fanerógamas","BRA:IBt:SP:0000443587","175","SP - Herbário do Estado ""Maria Eneyda P. Kaufmann Fidalgo"" - Coleção de Fanerógamas","Cristália","Morro do Chapéu","pt","SP",1087385467,"BRA:IBt:SP:0000443587","Collection","Pscheidt, AC; Cordeiro, I; Martins, ER","443587","Instituto de Botânica, IBT","Instituto de Botânica, IBT","","Cordeiro, I","",NA,NA,NA,"",NA,"","","","","","","",NA,NA,"","","","","","",NA,"","","","",NA,"",NA,"","","","Cristália","Minas Gerais","brazil",2945,"Cristália",3120300,-42.82104,-16.71925,"MINAS GERAIS","MG","Minas Gerais",-44.67333254,-18.45539008,"Minas Gerais","mg",-16.723611,-42.926944,"original coordinates","original coordinates OK"
"11","Stillingia uleana",1801098920,-16,-42,"gass84","68c90cbc-e74b-4fb6-8ee4-6fa3bd247837","fe647d6c-1c4b-441b-b93b-d310d074b227","none","b38ff2b7-c8af-454e-b5af-ee760f0d5bca","BR","DWC_ARCHIVE","2018-11-23T15:39:59.566+0000","2018-11-23T15:39:59.574+0000",124,"none","PRESERVED_SPECIMEN",3055122,6,7707728,220,1414,4691,3055103,3055122,3055122,"Stillingia uleana Pax & K.Hoffm.","Stillingia uleana Pax & K.Hoffm.","Plantae","Tracheophyta","Malpighiales","Euphorbiaceae","Stillingia","Stillingia uleana","Stillingia","uleana","SPECIES","ACCEPTED","2012-01-01T00:00:00","","Minas Gerais",2012,6,23,"2012-06-23T00:00:00","2018-11-13T17:48:25.000+0000","2018-12-08T01:46:25.942+0000","http://creativecommons.org/licenses/by-nc/4.0/legalcode","none","none","none","WGS84","Magnoliopsida","BR","Brazil","VIC - Herbário da Universidade Federal de Viçosa","BRA:UFV:VIC:0000050593","163","VIC - Herbário da Universidade Federal de Viçosa","Grão Mogol","Trilha do Barão","pt","VIC",1801098920,"BRA:UFV:VIC:0000050593","Collection","A.C. Pscheidt; I.Cordeiro; E.R. Martins","50593","UFV","Universidade Federal de Viçosa (UFV)","Cerrado, campo rupestre. Arvoreta 2,5m. Pequena população; Cerrado, campo rupestre. Arvoreta 2,5m. Pequena população","I. Cordeiro","",895,0,NA,"",NA,"","","","","","","",NA,NA,"","","","","","",NA,"","","","",NA,"",NA,"","","","Grão Mogol","Minas Gerais","brazil",2991,"Grão Mogol",3127800,-42.993475,-16.465094,"MINAS GERAIS","MG","Minas Gerais",-44.67333254,-18.45539008,"Minas Gerais","mg",-16,-42,"original coordinates","original coordinates outside municipality original in grao mogol falls in salinas"
"12","Stillingia uleana",1094908689,-13.082778,-41.376389,"gass84","2e684fd6-09e2-4661-910a-0a188b610c04","60545be9-4f28-4245-b4b4-07635c8dfa54","none","b38ff2b7-c8af-454e-b5af-ee760f0d5bca","BR","DWC_ARCHIVE","2018-11-14T17:19:46.714+0000","2018-09-10T18:27:29.811+0000",124,"none","PRESERVED_SPECIMEN",3055122,6,7707728,220,1414,4691,3055103,3055122,3055122,"Stillingia uleana Pax & K.Hoffm.","Stillingia uleana Pax & K.Hoffm.","Plantae","Tracheophyta","Malpighiales","Euphorbiaceae","Stillingia","Stillingia uleana","Stillingia","uleana","SPECIES","ACCEPTED","none","","Bahia",2012,11,21,"2012-11-21T00:00:00","","2018-09-10T18:27:55.674+0000","http://creativecommons.org/licenses/by-nc/4.0/legalcode","none","none","none","WGS84","Magnoliopsida","BR","Brazil","HUEFS - Herbario da Universidade Estadual de Feira de Santana","BRA:UEFS:HUEFS:0000191946","194","HUEFS - Herbario da Universidade Estadual de Feira de Santana","Mucugê","Parque Nacional da Chapada Diamantina. Morro do Gobira, Serra do Sincorá. Alto do Morro.","pt","HUEFS",1094908689,"BRA:UEFS:HUEFS:0000191946","Collection","Pscheidt, A.C.","191946","UEFS","Universidade Estadual de Feira de Santana (UEFS)","Campo.","","",1463,0,NA,"",NA,"","","","","","","",NA,NA,"","","","","","",NA,"","","","",NA,"",NA,"","","","Mucugê","Bahia","brazil",3451,"Mucugê",2921906,-41.469352,-13.061639,"BAHIA","BA","Bahia",-41.72018023,-12.47295682,"Bahia","ba",-13.082778,-41.376389,"original coordinates","original coordinates OK"
"13","Stillingia uleana",1090905705,-10.36625,-40.210472,"cdround,gass84","b18aa640-0367-4956-a6a4-5f07141127f1","6bfada01-036d-455a-b332-081dbe226a05","none","b38ff2b7-c8af-454e-b5af-ee760f0d5bca","BR","DWC_ARCHIVE","2018-11-23T18:22:14.667+0000","2018-05-05T12:05:38.451+0000",121,"none","PRESERVED_SPECIMEN",3055122,6,7707728,220,1414,4691,3055103,3055122,3055122,"Stillingia uleana Pax & K.Hoffm.","Stillingia uleana Pax & K.Hoffm.","Plantae","Tracheophyta","Malpighiales","Euphorbiaceae","Stillingia","Stillingia uleana","Stillingia","uleana","SPECIES","ACCEPTED","2012-05-05T00:00:00","SOUTH_AMERICA","Bahia",2011,3,27,"2011-03-27T00:00:00","2018-04-13T18:52:26.000+0000","2018-12-09T06:15:08.987+0000","http://creativecommons.org/licenses/by-nc/4.0/legalcode","none","none","none","WGS84","Magnoliopsida","BR","Brazil","HVASF - Herbário Vale do São Francisco","BRA:UNIVASF:HVASF:0000011047","2358","HVASF - Herbário Vale do São Francisco","Senhor do Bonfim","Serra do Santana, topo do Morro.","pt","HVASF",1090905705,"BRA:UNIVASF:HVASF:0000011047","Collection","P.B. Schwartsburd","11047","UNIVASF","Universidade Federal do Vale do São Francisco (UNIVASF)","Arbustiva ca. 2m alt., pedúnculo da inflorescência verde, frores amarelas. Com látex.","A. Laurênio","",1100,0,NA,"",NA,"","","","","","","",NA,NA,"","","","","","",NA,"","","","",NA,"",NA,"","","","Senhor do Bonfim","Bahia","brazil",3831,"Senhor do Bonfim",2930105,-40.112721,-10.475889,"BAHIA","BA","Bahia",-41.72018023,-12.47295682,"Bahia","ba",-10.36625,-40.210472,"original coordinates","original coordinates OK"
"14","Stillingia uleana",1090907803,-10.370639,-40.205583,"cdround,gass84","b18aa640-0367-4956-a6a4-5f07141127f1","6bfada01-036d-455a-b332-081dbe226a05","none","b38ff2b7-c8af-454e-b5af-ee760f0d5bca","BR","DWC_ARCHIVE","2018-11-23T18:22:15.634+0000","2018-05-05T12:05:40.065+0000",121,"none","PRESERVED_SPECIMEN",3055122,6,7707728,220,1414,4691,3055103,3055122,3055122,"Stillingia uleana Pax & K.Hoffm.","Stillingia uleana Pax & K.Hoffm.","Plantae","Tracheophyta","Malpighiales","Euphorbiaceae","Stillingia","Stillingia uleana","Stillingia","uleana","SPECIES","ACCEPTED","2013-11-05T00:00:00","SOUTH_AMERICA","Bahia",2011,10,19,"2011-10-19T00:00:00","2018-04-13T18:52:26.000+0000","2018-12-09T06:15:09.444+0000","http://creativecommons.org/licenses/by-nc/4.0/legalcode","none","none","none","WGS84","Magnoliopsida","BR","Brazil","HVASF - Herbário Vale do São Francisco","BRA:UNIVASF:HVASF:0000013149","73","HVASF - Herbário Vale do São Francisco","Senhor do Bonfim","Povoado Mamão. Serra do Santana. Próximo ao topo do morro","pt","HVASF",1090907803,"BRA:UNIVASF:HVASF:0000013149","Collection","C.O. Souza","13149","UNIVASF","Universidade Federal do Vale do São Francisco (UNIVASF)","Arbusto ca. de 1m de alt., com látex alvo. Folhas alternas, com nectários extraflorais na base. Flores não vistosas, monoclamídeas, envolvidas por brácteas. Fruto tipo cápsula.","D.P. Souza","",921,0,NA,"",NA,"","","","","","","",NA,NA,"","","","","","",NA,"","","","",NA,"",NA,"","","","Senhor do Bonfim","Bahia","brazil",3831,"Senhor do Bonfim",2930105,-40.112721,-10.475889,"BAHIA","BA","Bahia",-41.72018023,-12.47295682,"Bahia","ba",-10.370639,-40.205583,"original coordinates","original coordinates OK"
"15","Stillingia uleana",1094898388,-13.031667,-41.371944,"gass84,iddatunl","2e684fd6-09e2-4661-910a-0a188b610c04","60545be9-4f28-4245-b4b4-07635c8dfa54","none","b38ff2b7-c8af-454e-b5af-ee760f0d5bca","BR","DWC_ARCHIVE","2018-11-14T17:19:41.766+0000","2018-09-10T18:27:24.259+0000",124,"none","PRESERVED_SPECIMEN",3055122,6,7707728,220,1414,4691,3055103,3055122,3055122,"Stillingia uleana Pax & K.Hoffm.","Stillingia uleana Pax & K.Hoffm.","Plantae","Tracheophyta","Malpighiales","Euphorbiaceae","Stillingia","Stillingia uleana","Stillingia","uleana","SPECIES","ACCEPTED","2017-06-01T00:00:00","","Bahia",2011,11,2,"2011-11-02T00:00:00","","2018-09-10T18:27:50.089+0000","http://creativecommons.org/licenses/by-nc/4.0/legalcode","none","none","none","WGS84","Magnoliopsida","BR","Brazil","HUEFS - Herbario da Universidade Estadual de Feira de Santana","BRA:UEFS:HUEFS:0000181323","2083","HUEFS - Herbario da Universidade Estadual de Feira de Santana","Mucugê","Arredores da cidade, trilha para o vale do Medonho. Na beira do rio.","pt","HUEFS",1094898388,"BRA:UEFS:HUEFS:0000181323","Collection","Oliveira, R.P.","181323","UEFS","Universidade Estadual de Feira de Santana (UEFS)","","O.L.M.Silva & F.Hurbath","",1008,0,NA,"",NA,"","","","","","","",NA,NA,"","","","","","",NA,"","","","",NA,"",NA,"","","","Mucugê","Bahia","brazil",3451,"Mucugê",2921906,-41.469352,-13.061639,"BAHIA","BA","Bahia",-41.72018023,-12.47295682,"Bahia","ba",-13.031667,-41.371944,"original coordinates","original coordinates OK"
"16","Stillingia uleana",1094857290,-18.535833,-43.438333,"gass84,iddatunl","2e684fd6-09e2-4661-910a-0a188b610c04","60545be9-4f28-4245-b4b4-07635c8dfa54","none","b38ff2b7-c8af-454e-b5af-ee760f0d5bca","BR","DWC_ARCHIVE","2018-11-14T17:19:15.949+0000","2018-09-10T18:27:01.640+0000",124,"none","PRESERVED_SPECIMEN",3055122,6,7707728,220,1414,4691,3055103,3055122,3055122,"Stillingia uleana Pax & K.Hoffm.","Stillingia uleana Pax & K.Hoffm.","Plantae","Tracheophyta","Malpighiales","Euphorbiaceae","Stillingia","Stillingia uleana","Stillingia","uleana","SPECIES","ACCEPTED","2014-08-01T00:00:00","","Minas Gerais",2008,2,6,"2008-02-06T00:00:00","","2018-09-10T18:27:18.877+0000","http://creativecommons.org/licenses/by-nc/4.0/legalcode","none","none","none","WGS84","Magnoliopsida","BR","Brazil","HUEFS - Herbario da Universidade Estadual de Feira de Santana","BRA:UEFS:HUEFS:0000139935","1707","HUEFS - Herbario da Universidade Estadual de Feira de Santana","Serro","Estrada Real para Diamantina, ca. 2,5 km de Três Barras.","pt","HUEFS",1094857290,"BRA:UEFS:HUEFS:0000139935","Collection","Rapini, A.","139935","UEFS","Universidade Estadual de Feira de Santana (UEFS)","Campo rupestre.","F.Hurbath","",1060,0,NA,"",NA,"","","","","","","",NA,NA,"","","","","","",NA,"","","","",NA,"",NA,"","","","Serro","Minas Gerais","brazil",2710,"Serro",3167103,-43.402461,-18.536962,"MINAS GERAIS","MG","Minas Gerais",-44.67333254,-18.45539008,"Minas Gerais","mg",-18.535833,-43.438333,"original coordinates","original coordinates OK"
"17","Stillingia uleana",1077223812,-11.3925,-40.539722,"gass84","5b5cf455-a448-4c0a-aecd-3e0956f27f10","afdd8e93-b4e3-491c-88f0-8a22834ac1a9","none","b38ff2b7-c8af-454e-b5af-ee760f0d5bca","BR","DWC_ARCHIVE","2018-12-03T14:13:34.999+0000","2018-12-03T16:16:16.003+0000",122,"none","PRESERVED_SPECIMEN",3055122,6,7707728,220,1414,4691,3055103,3055122,3055122,"Stillingia uleana Pax & K.Hoffm.","Stillingia uleana Pax & K.Hoffm.","Plantae","Tracheophyta","Malpighiales","Euphorbiaceae","Stillingia","Stillingia uleana","Stillingia","uleana","SPECIES","ACCEPTED","2012-03-28T00:00:00","SOUTH_AMERICA","Bahia",2006,6,15,"2006-06-15T00:00:00","2018-09-14T22:45:41.000+0000","2018-12-06T14:16:31.889+0000","http://creativecommons.org/licenses/by-nc/4.0/legalcode","none","none","none","WGS84","Magnoliopsida","BR","Brazil","ALCB - Herbário Alexandre Leal Costa","BRA:UFBA:ALCB:0000073699","05","ALCB - Herbário Alexandre Leal Costa","Miguel Calmon","Piemonte da Diamantina","pt","ALCB",1077223812,"BRA:UFBA:ALCB:0000073699","Collection","Santana, FA; Guedes, ML; Sousa, DC de; Santos, JS; Valadão, RM; Carvalho, G","73699","Universidade Federal da Bahia (UFBA)","Universidade Federal da Bahia (UFBA)","Arbusto ca. 3m. Presença de latex alvo. Folhas crassas, discolores, pecíolo vináceo. Inflorecência com flores femininas na base e masculinas no ápice.","Souza, SMA","",986,0,NA,"",NA,"","","","","","","",NA,NA,"","","","","","",NA,"","","","",NA,"",NA,"","","","Miguel Calmon","Bahia","brazil",3683,"Miguel Calmon",2921203,-40.611424,-11.420733,"BAHIA","BA","Bahia",-41.72018023,-12.47295682,"Bahia","ba",-11.3925,-40.539722,"original coordinates","original coordinates OK"
"18","Stillingia uleana",1077223723,-12.992222,-41.341389,"gass84","5b5cf455-a448-4c0a-aecd-3e0956f27f10","afdd8e93-b4e3-491c-88f0-8a22834ac1a9","none","b38ff2b7-c8af-454e-b5af-ee760f0d5bca","BR","DWC_ARCHIVE","2018-12-03T14:13:34.987+0000","2018-12-03T16:16:15.854+0000",122,"none","PRESERVED_SPECIMEN",3055122,6,7707728,220,1414,4691,3055103,3055122,3055122,"Stillingia uleana Pax & K.Hoffm.","Stillingia uleana Pax & K.Hoffm.","Plantae","Tracheophyta","Malpighiales","Euphorbiaceae","Stillingia","Stillingia uleana","Stillingia","uleana","SPECIES","ACCEPTED","2012-03-28T00:00:00","SOUTH_AMERICA","Bahia",2006,7,8,"2006-07-08T00:00:00","2018-09-14T22:45:41.000+0000","2018-12-06T14:16:31.717+0000","http://creativecommons.org/licenses/by-nc/4.0/legalcode","none","none","none","WGS84","Magnoliopsida","BR","Brazil","ALCB - Herbário Alexandre Leal Costa","BRA:UFBA:ALCB:0000073608","1429","ALCB - Herbário Alexandre Leal Costa","Mucugê","Chapada Diamantina, Trilha para as Andorinhas","pt","ALCB",1077223723,"BRA:UFBA:ALCB:0000073608","Collection","Roque, N; Alunos de Botânica III","73608","Universidade Federal da Bahia (UFBA)","Universidade Federal da Bahia (UFBA)","2m de altura, caule vináceo, flores amarelas, látex amarelo.","Souza, SMA","",980,0,NA,"",NA,"","","","","","","",NA,NA,"","","","","","",NA,"","","","",NA,"",NA,"","","","Mucugê","Bahia","brazil",3451,"Mucugê",2921906,-41.469352,-13.061639,"BAHIA","BA","Bahia",-41.72018023,-12.47295682,"Bahia","ba",-12.992222,-41.341389,"original coordinates","original coordinates OK"
"19","Stillingia uleana",1094809661,-13.076667,-41.377778,"gass84","2e684fd6-09e2-4661-910a-0a188b610c04","60545be9-4f28-4245-b4b4-07635c8dfa54","none","b38ff2b7-c8af-454e-b5af-ee760f0d5bca","BR","DWC_ARCHIVE","2018-11-14T17:18:44.019+0000","2018-09-10T18:26:38.625+0000",124,"none","PRESERVED_SPECIMEN",3055122,6,7707728,220,1414,4691,3055103,3055122,3055122,"Stillingia uleana Pax & K.Hoffm.","Stillingia uleana Pax & K.Hoffm.","Plantae","Tracheophyta","Malpighiales","Euphorbiaceae","Stillingia","Stillingia uleana","Stillingia","uleana","SPECIES","ACCEPTED","none","","Bahia",2005,1,20,"2005-01-20T00:00:00","","2018-09-10T18:26:50.227+0000","http://creativecommons.org/licenses/by-nc/4.0/legalcode","none","none","none","WGS84","Magnoliopsida","BR","Brazil","HUEFS - Herbario da Universidade Estadual de Feira de Santana","BRA:UEFS:HUEFS:0000091779","1019","HUEFS - Herbario da Universidade Estadual de Feira de Santana","Mucugê","Chapada Diamantina, Pico do Gobira. Área encharcada no sopé do morro, ás margens de um pequeno curso d'água.","pt","HUEFS",1094809661,"BRA:UEFS:HUEFS:0000091779","Collection","Souza, E.B.","91779","UEFS","Universidade Estadual de Feira de Santana (UEFS)","Campo rupestre, 1447-1471m alt. Solo arenoso com afloramentos rochosos e áreas de depressão encharcadas por pequenos cursos d'água.","","",1471,0,NA,"",NA,"","","","","","","",NA,NA,"","","","","","",NA,"","","","",NA,"",NA,"","","","Mucugê","Bahia","brazil",3451,"Mucugê",2921906,-41.469352,-13.061639,"BAHIA","BA","Bahia",-41.72018023,-12.47295682,"Bahia","ba",-13.076667,-41.377778,"original coordinates","original coordinates OK"
"20","Stillingia uleana",1094788399,-16.987778,-43.348889,"gass84,iddatunl","2e684fd6-09e2-4661-910a-0a188b610c04","60545be9-4f28-4245-b4b4-07635c8dfa54","none","b38ff2b7-c8af-454e-b5af-ee760f0d5bca","BR","DWC_ARCHIVE","2018-11-14T17:18:31.449+0000","2018-09-10T18:26:26.578+0000",124,"none","PRESERVED_SPECIMEN",3055122,6,7707728,220,1414,4691,3055103,3055122,3055122,"Stillingia uleana Pax & K.Hoffm.","Stillingia uleana Pax & K.Hoffm.","Plantae","Tracheophyta","Malpighiales","Euphorbiaceae","Stillingia","Stillingia uleana","Stillingia","uleana","SPECIES","ACCEPTED","2004-07-01T00:00:00","","Minas Gerais",2003,2,16,"2003-02-16T00:00:00","","2018-09-10T18:26:37.325+0000","http://creativecommons.org/licenses/by-nc/4.0/legalcode","none","none","none","WGS84","Magnoliopsida","BR","Brazil","HUEFS - Herbario da Universidade Estadual de Feira de Santana","BRA:UEFS:HUEFS:0000070407","4473","HUEFS - Herbario da Universidade Estadual de Feira de Santana","Itacambira","Chapada de Itacambira, estrada vicinal a 16km de Itacambira na estrada para Montes Claros.","pt","HUEFS",1094788399,"BRA:UEFS:HUEFS:0000070407","Collection","França, F.","70407","UEFS","Universidade Estadual de Feira de Santana (UEFS)","Campo Rupestre","I.Cordeiro","",1278,28,NA,"",NA,"","","","","","","",NA,NA,"","","","","","",NA,"","","","",NA,"",NA,"","","","Itacambira","Minas Gerais","brazil",2914,"Itacambira",3132008,-43.329403,-16.935661,"MINAS GERAIS","MG","Minas Gerais",-44.67333254,-18.45539008,"Minas Gerais","mg",-16.987778,-43.348889,"original coordinates","original coordinates OK"
"21","Stillingia uleana",1094796086,-12.531944,-41.587222,"gass84,iddatunl","2e684fd6-09e2-4661-910a-0a188b610c04","60545be9-4f28-4245-b4b4-07635c8dfa54","none","b38ff2b7-c8af-454e-b5af-ee760f0d5bca","BR","DWC_ARCHIVE","2018-11-14T17:18:35.904+0000","2018-09-10T18:26:31.084+0000",124,"none","PRESERVED_SPECIMEN",3055122,6,7707728,220,1414,4691,3055103,3055122,3055122,"Stillingia uleana Pax & K.Hoffm.","Stillingia uleana Pax & K.Hoffm.","Plantae","Tracheophyta","Malpighiales","Euphorbiaceae","Stillingia","Stillingia uleana","Stillingia","uleana","SPECIES","ACCEPTED","2004-01-01T00:00:00","","Bahia",2003,3,28,"2003-03-28T00:00:00","","2018-09-10T18:26:41.737+0000","http://creativecommons.org/licenses/by-nc/4.0/legalcode","none","none","none","WGS84","Magnoliopsida","BR","Brazil","HUEFS - Herbario da Universidade Estadual de Feira de Santana","BRA:UEFS:HUEFS:0000078108","3593","HUEFS - Herbario da Universidade Estadual de Feira de Santana","Palmeiras","Caminho para Serra Preta.","pt","HUEFS",1094796086,"BRA:UEFS:HUEFS:0000078108","Collection","Melo, E.","78108","UEFS","Universidade Estadual de Feira de Santana (UEFS)","Caatinga.","I.Cordeiro","",800,0,NA,"",NA,"","","","","","","",NA,NA,"","","","","","",NA,"","","","",NA,"",NA,"","","","Palmeiras","Bahia","brazil",3525,"Palmeiras",2923506,-41.55815,-12.545926,"BAHIA","BA","Bahia",-41.72018023,-12.47295682,"Bahia","ba",-12.531944,-41.587222,"original coordinates","original coordinates OK"
"22","Stillingia uleana",1095238503,-12.531944,-41.587222,"gass84","e38d4c95-3a1d-4594-9ae9-883b48042e6d","7ef169f9-81f8-46a2-a7f7-240df6a1889c","none","b38ff2b7-c8af-454e-b5af-ee760f0d5bca","BR","DWC_ARCHIVE","2018-11-23T18:21:24.029+0000","2018-11-23T18:21:24.087+0000",123,"none","PRESERVED_SPECIMEN",3055122,6,7707728,220,1414,4691,3055103,3055122,3055122,"Stillingia uleana Pax & K.Hoffm.","Stillingia uleana Pax & K.Hoffm.","Plantae","Tracheophyta","Malpighiales","Euphorbiaceae","Stillingia","Stillingia uleana","Stillingia","uleana","SPECIES","ACCEPTED","none","","Bahia",2003,3,28,"2003-03-28T00:00:00","","2018-11-23T18:22:33.525+0000","http://creativecommons.org/licenses/by-nc/4.0/legalcode","none","none","none","WGS84","Magnoliopsida","BR","Brazil","CEN - Herbário da Embrapa Recursos Genéticos e Biotecnologia","BRA:Cenargen:CEN:0000062478","3593","CEN - Herbário da Embrapa Recursos Genéticos e Biotecnologia","PALMEIRAS","Caminho para Serra Preta.","pt","CEN",1095238503,"BRA:Cenargen:CEN:0000062478","Collection","Efigênia de Melo","62478","Cenargen","Empresa Brasileira de Pesquisa Agropecuária (EMBRAPA)","Folhas semi-crassas. Doação do Herbário da Universidade Estadual de Feira de Santana - HUEFS 78108. Feira de Santana - Bahia.","","",800,0,1,"Exsicatas",NA,"","","","","","","",NA,NA,"","","","","","",NA,"","","","",NA,"",NA,"","","","PALMEIRAS","Bahia","brazil",3525,"Palmeiras",2923506,-41.55815,-12.545926,"BAHIA","BA","Bahia",-41.72018023,-12.47295682,"Bahia","ba",-12.531944,-41.587222,"original coordinates","original coordinates OK"
"23","Stillingia uleana",1087534378,-13.319444,-41.869444,"gass84","d031156d-6ff8-4eb5-b91a-a50861e98be9","3a2b60a6-5c60-413a-8bff-a9740e774c09","none","b38ff2b7-c8af-454e-b5af-ee760f0d5bca","BR","DWC_ARCHIVE","2018-11-24T12:31:32.079+0000","2018-11-24T12:31:32.193+0000",126,"none","PRESERVED_SPECIMEN",3055122,6,7707728,220,1414,4691,3055103,3055122,3055122,"Stillingia uleana Pax & K.Hoffm.","Stillingia uleana Pax & K.Hoffm.","Plantae","Tracheophyta","Malpighiales","Euphorbiaceae","Stillingia","Stillingia uleana","Stillingia","uleana","SPECIES","ACCEPTED","none","","Bahia",2003,5,31,"2003-05-31T00:00:00","2018-11-22T19:52:10.000+0000","2018-12-08T13:05:00.957+0000","http://creativecommons.org/licenses/by-nc/4.0/legalcode","none","none","none","WGS84","Magnoliopsida","BR","Brazil","HUESB - Herbário da Universidade Estadual do Sudoeste da Bahia","BRA:UESB:HUESB:0000003678","593","HUESB - Herbário da Universidade Estadual do Sudoeste da Bahia","Abaíra","Catolés, Serrinha.","pt","HUESB",1087534378,"BRA:UESB:HUESB:0000003678","Collection","Conceição, A.S.; M.J.G.Andrade; M.V.Morais.; M.J.G.Andrade; M.V.Morais.","3678","UESB","Universidade Estadual do Sudoeste da Bahia (UESB)","Látex Branco. Troca de Material.; Arbusto ca. 1,5m. Folhas verdes cartáceas, dsiscolores. Frutos jovens verdes. ; DE","","",1448,0,NA,"",NA,"","","","","","","",NA,NA,"","","","","","",NA,"","","","",NA,"",NA,"","","","Abaíra","Bahia","brazil",3422,"Abaíra",2900108,-41.733851,-13.297212,"BAHIA","BA","Bahia",-41.72018023,-12.47295682,"Bahia","ba",-13.319444,-41.869444,"original coordinates","original coordinates OK"
"24","Stillingia uleana",1089080754,-16.33,-42.53,"gass84","7741a517-ab3d-4b85-ae58-56322e44c8ce","d073b448-6b80-4364-8c38-18d08b88797f","none","b38ff2b7-c8af-454e-b5af-ee760f0d5bca","BR","DWC_ARCHIVE","2018-12-03T13:51:31.911+0000","2018-12-03T16:41:26.459+0000",122,"none","PRESERVED_SPECIMEN",3055122,6,7707728,220,1414,4691,3055103,3055122,3055122,"Stillingia uleana Pax & K.Hoffm.","Stillingia uleana Pax & K.Hoffm.","Plantae","Tracheophyta","Malpighiales","Euphorbiaceae","Stillingia","Stillingia uleana","Stillingia","uleana","SPECIES","ACCEPTED","2012-07-19T00:00:00","","Minas Gerais",2002,7,29,"2002-07-29T00:00:00","2018-11-21T16:25:49.000+0000","2018-12-08T04:38:09.128+0000","http://creativecommons.org/licenses/by-nc/4.0/legalcode","none","none","none","WGS84","Magnoliopsida","BR","Brazil","UEC - Herbário da Universidade Estadual de Campinas","BRA:UNICAMP:UEC:0000137999","1140","UEC - Herbário da Universidade Estadual de Campinas","Grão Mogol","Trilha dos Tropeiros","pt","UEC",1089080754,"BRA:UNICAMP:UEC:0000137999","Collection","Meireles, L.D.; Verola, C.F.; Mansanares, M.E.; Azevedo, M.T.A.; R.","137999","UNICAMP","Universidade Estadual de Campinas, UNICAMP","Sub-arbusto, candelabriforme, flores vináceas, afloramento","Pscheidth, A.C.","",NA,NA,NA,"",NA,"","","","","","","",NA,NA,"","","","","","",NA,"","","","",NA,"",NA,"","","","Grão Mogol","Minas Gerais","brazil",2991,"Grão Mogol",3127800,-42.993475,-16.465094,"MINAS GERAIS","MG","Minas Gerais",-44.67333254,-18.45539008,"Minas Gerais","mg",-16.33,-42.53,"original coordinates","original coordinates outside municipality original in grao mogol falls in padre carvalho"
"25","Stillingia uleana",1077205021,-12.95,-41.3,"gass84","5b5cf455-a448-4c0a-aecd-3e0956f27f10","afdd8e93-b4e3-491c-88f0-8a22834ac1a9","none","b38ff2b7-c8af-454e-b5af-ee760f0d5bca","BR","DWC_ARCHIVE","2018-12-03T14:06:14.741+0000","2018-12-03T16:15:51.650+0000",122,"none","PRESERVED_SPECIMEN",3055122,6,7707728,220,1414,4691,3055103,3055122,3055122,"Stillingia uleana Pax & K.Hoffm.","Stillingia uleana Pax & K.Hoffm.","Plantae","Tracheophyta","Malpighiales","Euphorbiaceae","Stillingia","Stillingia uleana","Stillingia","uleana","SPECIES","ACCEPTED","2012-02-28T00:00:00","SOUTH_AMERICA","Bahia",1998,9,20,"1998-09-20T00:00:00","2018-09-14T22:45:41.000+0000","2018-12-06T14:16:23.218+0000","http://creativecommons.org/licenses/by-nc/4.0/legalcode","none","none","none","WGS84","Magnoliopsida","BR","Brazil","ALCB - Herbário Alexandre Leal Costa","BRA:UFBA:ALCB:0000038373","6152","ALCB - Herbário Alexandre Leal Costa","Mucugê","Chapada Diamantina","pt","ALCB",1077205021,"BRA:UFBA:ALCB:0000038373","Collection","Guedes, ML; Guaré, F; Roque, NF; Martins, DV; Muniz, CV","038373","Universidade Federal da Bahia (UFBA)","Universidade Federal da Bahia (UFBA)","2,0m, látex alvo. Folhas semi-coriáceas, levemente discolores. Inflorescência terminal; estames com anteras amarelas.","Souza, SMA","",1007,0,NA,"",NA,"","","","","","","",NA,NA,"","","","","","",NA,"","","","",NA,"",NA,"","","","Mucugê","Bahia","brazil",3451,"Mucugê",2921906,-41.469352,-13.061639,"BAHIA","BA","Bahia",-41.72018023,-12.47295682,"Bahia","ba",-12.95,-41.3,"original coordinates","original coordinates outside municipality original in mucuge falls in andarai"
"26","Stillingia uleana",1077204460,-11.334444,-40.503056,"gass84","5b5cf455-a448-4c0a-aecd-3e0956f27f10","afdd8e93-b4e3-491c-88f0-8a22834ac1a9","none","b38ff2b7-c8af-454e-b5af-ee760f0d5bca","BR","DWC_ARCHIVE","2018-12-03T14:06:14.507+0000","2018-12-03T16:15:51.471+0000",122,"none","PRESERVED_SPECIMEN",3055122,6,7707728,220,1414,4691,3055103,3055122,3055122,"Stillingia uleana Pax & K.Hoffm.","Stillingia uleana Pax & K.Hoffm.","Plantae","Tracheophyta","Malpighiales","Euphorbiaceae","Stillingia","Stillingia uleana","Stillingia","uleana","SPECIES","ACCEPTED","2012-03-28T00:00:00","SOUTH_AMERICA","Bahia",1996,3,30,"1996-03-30T00:00:00","2018-09-14T22:45:41.000+0000","2018-12-06T14:16:22.928+0000","http://creativecommons.org/licenses/by-nc/4.0/legalcode","none","none","none","WGS84","Magnoliopsida","BR","Brazil","ALCB - Herbário Alexandre Leal Costa","BRA:UFBA:ALCB:0000037317","PCD2643","ALCB - Herbário Alexandre Leal Costa","Itaitu","Piemonte da Diamantina, Cachoeira de Itaitu","pt","ALCB",1077204460,"BRA:UFBA:ALCB:0000037317","Collection","Woodgyer, E; Guedes, ML; Harley, RM; Stannard, B; Giulietti, AM","037317","Universidade Federal da Bahia (UFBA)","Universidade Federal da Bahia (UFBA)","1,50 m, látex branco, ramos avermelhados. Folhas levemente discolores, pecíolo avermelhado. Flores de espádice verde, brácteas verdes; flores estamindas, estames amarelos, flores pistiladas verdes, estigmas avermelhados. Frutos imatur","Souza, SMA","",610,0,NA,"",NA,"","","","","","","",NA,NA,"","","","","","",NA,"","","","",NA,"",NA,"","","","Itaitu","Bahia","brazil",NA,"",NA,NA,NA,"","","Bahia",-41.72018023,-12.47295682,"Bahia","ba",-11.334444,-40.503056,"original coordinates","original coordinates outside municipality original in itaitu falls in jacobina"
"27","Stillingia uleana",1928874088,-11.1844226250214,-40.5180837747994,"cdrep","d415c253-4d61-4459-9d25-4015b9084fb0","ae447c50-b8a8-11d8-92a4-b8a03c50a862","none","17017c2c-036b-45d9-b045-606d21b00771","US","DWC_ARCHIVE","2018-11-18T14:52:43.452+0000","2018-11-18T14:52:43.500+0000",96,"none","PRESERVED_SPECIMEN",3055122,6,7707728,220,1414,4691,3055103,3055122,3055122,"Stillingia uleana Pax & K.Hoffm.","Stillingia uleana Pax & K.Hoffm.","Plantae","Tracheophyta","Malpighiales","Euphorbiaceae","Stillingia","Stillingia uleana","Stillingia","uleana","SPECIES","ACCEPTED","2012-01-01T00:00:00","SOUTH_AMERICA","Bahia",1995,10,27,"1995-10-27T00:00:00","","2018-12-08T19:29:50.357+0000","http://creativecommons.org/publicdomain/zero/1.0/legalcode","none","none","none","WGS84","Magnoliopsida","BR","Brazil","The New York Botanical Garden","4e3c6947-ca5b-4306-bf9c-6006f635531f","748","Vascular plants","","Entrada a 8 km na Rod. Jacobina/Capim Grosso. Distrito de ItaitÃº, situado a 20 km da Rodovia ""Cachoeira VÃ©u da Noiva""","en","NY",1928874088,"4e3c6947-ca5b-4306-bf9c-6006f635531f","PhysicalObject","J. G. Jardim","585586","NY","","","S. AthiÃª de Souza","",0,0,NA,"sheet",62396,"http://sweetgum.nybg.org/science/vh/specimen_details.php?irn=142988","Mata de galeria intercalada por rochas","http://biocol.org/urn:lsid:biocol.org:col:15556","Jacobina","ICN","27 Oct 1995","Other source",300,300,"http://biocol.org/urn:lsid:biocol.org:col:15556","CRIA (Centro de ReferÃªncia em InformaÃ§Ã£o Ambiental)","","","","",NA,"","","","",NA,"",NA,"","","","","Bahia","brazil",NA,"",NA,NA,NA,"","","Bahia",-41.72018023,-12.47295682,"Bahia","ba",-11.1844226250214,-40.5180837747994,"original coordinates","original coordinates outside municipality original in  falls in jacobina"
"28","Stillingia uleana",1928168024,-13.33,-41.88,"gass84","d415c253-4d61-4459-9d25-4015b9084fb0","ae447c50-b8a8-11d8-92a4-b8a03c50a862","none","17017c2c-036b-45d9-b045-606d21b00771","US","DWC_ARCHIVE","2018-11-18T14:47:32.193+0000","2018-11-18T14:47:32.219+0000",96,"none","PRESERVED_SPECIMEN",3055122,6,7707728,220,1414,4691,3055103,3055122,3055122,"Stillingia uleana Pax & K.Hoffm.","Stillingia uleana Pax & K.Hoffm.","Plantae","Tracheophyta","Malpighiales","Euphorbiaceae","Stillingia","Stillingia uleana","Stillingia","uleana","SPECIES","ACCEPTED","2012-01-01T00:00:00","SOUTH_AMERICA","Bahia",1993,11,11,"1993-11-11T00:00:00","","2018-12-05T23:33:39.451+0000","http://creativecommons.org/publicdomain/zero/1.0/legalcode","none","none","none","WGS84","Magnoliopsida","BR","Brazil","The New York Botanical Garden","1c657406-7e7f-428a-b9ba-34553cad7d1c","2453","Vascular plants","","Serra dos Frios","en","NY",1928168024,"1c657406-7e7f-428a-b9ba-34553cad7d1c","PhysicalObject","W. Ganev","629740","NY","","","S. AthiÃª de Souza","",1750,50,NA,"sheet",NA,"http://sweetgum.nybg.org/science/vh/specimen_details.php?irn=375117","Campo rupestre","http://biocol.org/urn:lsid:biocol.org:col:15556","AbaÃ­ra","ICN","11 Nov 1993","",315,315,"http://biocol.org/urn:lsid:biocol.org:col:15556","","5577-5906 ft","","","",NA,"","","","",NA,"",NA,"","","","","Bahia","brazil",NA,"",NA,NA,NA,"","","Bahia",-41.72018023,-12.47295682,"Bahia","ba",-13.33,-41.88,"original coordinates","original coordinates outside municipality original in  falls in abaira"
"29","Stillingia uleana",912701021,-13.25,-41.92,"gass84,preneglat","cd6e21c8-9e8a-493a-8a76-fbf7862069e5","061b4f20-f241-11da-a328-b8a03c50a862","none","996e30f8-f762-11e1-a439-00145eb45e9a","GB","DWC_ARCHIVE","2018-06-12T07:05:00.132+0000","2018-04-09T11:04:11.521+0000",96,"none","PRESERVED_SPECIMEN",3055122,6,7707728,220,1414,4691,3055103,3055122,3055122,"Stillingia uleana Pax & K.Hoffm.","Stillingia uleana Pax & K.Hoffm.","Plantae","Tracheophyta","Malpighiales","Euphorbiaceae","Stillingia","Stillingia uleana","Stillingia","uleana","SPECIES","ACCEPTED","2013-10-15T00:00:00","","",1992,1,10,"1992-01-10T00:00:00","2013-12-03T00:00:00.000+0000","2018-12-07T23:26:25.911+0000","http://creativecommons.org/licenses/by/4.0/legalcode","none","none","none","WGS84","Magnoliopsida","BR","Brazil","","K000965493","51250","","Abaíra","Serra ao Sul do Riacho da Taquara.","","Herbarium",912701021,"http://specimens.kew.org/herbarium/K000965493","","Giulietti, A.M.; Fierro, A.F.; Harley, R.M.","K000965493","K","","Please make sure the holotypes are deposited in Brazil","Souza, S.M.A. de","",1780,NA,NA,"",NA,"","","","","","","Label",NA,NA,"","","","Abaíra","EUPHORBIACEAE","",NA,"","","","",NA,"",NA,"","","","Abaíra","","brazil",NA,"",NA,NA,NA,"","","",NA,NA,NA,"",-13.25,-41.92,"original coordinates","original coordinates outside municipality original in abaira falls in piata"
"30","Stillingia uleana",1929018899,-13.25,-41.92,"gass84","d415c253-4d61-4459-9d25-4015b9084fb0","ae447c50-b8a8-11d8-92a4-b8a03c50a862","none","17017c2c-036b-45d9-b045-606d21b00771","US","DWC_ARCHIVE","2018-11-18T14:53:48.576+0000","2018-11-18T14:53:48.657+0000",96,"none","PRESERVED_SPECIMEN",3055122,6,7707728,220,1414,4691,3055103,3055122,3055122,"Stillingia uleana Pax & K.Hoffm.","Stillingia uleana Pax & K.Hoffm.","Plantae","Tracheophyta","Malpighiales","Euphorbiaceae","Stillingia","Stillingia uleana","Stillingia","uleana","SPECIES","ACCEPTED","2012-01-01T00:00:00","SOUTH_AMERICA","Bahia",1992,1,29,"1992-01-29T00:00:00","","2018-12-08T19:31:09.022+0000","http://creativecommons.org/publicdomain/zero/1.0/legalcode","none","none","none","WGS84","Magnoliopsida","BR","Brazil","The New York Botanical Garden","5879f714-6c5c-4dc1-a6c6-c529f44cf9f6","H51096","Vascular plants","","Riacho da Taquara","en","NY",1929018899,"5879f714-6c5c-4dc1-a6c6-c529f44cf9f6","PhysicalObject","B. L. Stannard","01132105","NY","","","S. AthiÃª de Souza","",1725,75,NA,"sheet",NA,"http://sweetgum.nybg.org/science/vh/specimen_details.php?irn=1289817","Morro prÃ³ximo ao cÃ³rrego, solo arenoso, entre rochas.","http://biocol.org/urn:lsid:biocol.org:col:15556","AbaÃ­ra","ICN","29 Jan 1992","",29,29,"http://biocol.org/urn:lsid:biocol.org:col:15556","","5413-5906 ft","","","",NA,"","","","",NA,"",NA,"","","","","Bahia","brazil",NA,"",NA,NA,NA,"","","Bahia",-41.72018023,-12.47295682,"Bahia","ba",-13.25,-41.92,"original coordinates","original coordinates outside municipality original in  falls in piata"
"31","Stillingia uleana",1260339939,-13.25,-41.916667,"cdround,gass84","7bd65a7a-f762-11e1-a439-00145eb45e9a","90fd6680-349f-11d8-aa2d-b8a03c50a862","none","c4e134d3-c68f-406d-a116-6a37895602e0","US","DWC_ARCHIVE","2018-06-20T08:02:06.265+0000","2016-03-21T15:56:35.530+0000",28,"none","PRESERVED_SPECIMEN",3055122,6,7707728,220,1414,4691,3055103,3055122,3055122,"Stillingia uleana Pax & K.Hoffm.","Stillingia uleana Pax & K.Hoffm.","Plantae","Tracheophyta","Malpighiales","Euphorbiaceae","Stillingia","Stillingia uleana","Stillingia","uleana","SPECIES","ACCEPTED","2013-01-01T00:00:00","SOUTH_AMERICA","Bahia",1992,1,10,"1992-01-10T00:00:00","2015-08-13T05:50:00.000+0000","2018-12-09T00:34:59.366+0000","http://creativecommons.org/licenses/by/4.0/legalcode","none","none","none","WGS84","Magnoliopsida","BR","Brazil","Missouri Botanical Garden","urn:catalog:MO:Tropicos:2971577","Harley 51250","Tropicos","","Serra ao Sul do Riacho da Taquara.","","MO",1260339939,"urn:catalog:MO:Tropicos:2971577","PhysicalObject","R.M. Harley","2971577","MO","MOBOT","","S.M. Athiê de Souza","",1780,NA,1,"",NA,"","","","Abaíra","ICNafp","","",NA,NA,"http://biocol.org/urn:lsid:biocol.org:col:15859","","","","","No opinion",12801866,"http://www.tropicos.org/Specimen/2971577","","","",NA,"",NA,"","","","","Bahia","brazil",NA,"",NA,NA,NA,"","","Bahia",-41.72018023,-12.47295682,"Bahia","ba",-13.25,-41.916667,"original coordinates","original coordinates outside municipality original in  falls in piata"
"32","Stillingia uleana",1260339684,-13.25,-41.916667,"cdround,gass84","7bd65a7a-f762-11e1-a439-00145eb45e9a","90fd6680-349f-11d8-aa2d-b8a03c50a862","none","c4e134d3-c68f-406d-a116-6a37895602e0","US","DWC_ARCHIVE","2018-06-20T08:02:06.199+0000","2016-03-21T15:56:35.111+0000",28,"none","PRESERVED_SPECIMEN",3055122,6,7707728,220,1414,4691,3055103,3055122,3055122,"Stillingia uleana Pax & K.Hoffm.","Stillingia uleana Pax & K.Hoffm.","Plantae","Tracheophyta","Malpighiales","Euphorbiaceae","Stillingia","Stillingia uleana","Stillingia","uleana","SPECIES","ACCEPTED","2013-01-01T00:00:00","SOUTH_AMERICA","Bahia",1992,1,29,"1992-01-29T00:00:00","2013-02-12T14:51:00.000+0000","2018-12-09T00:34:59.412+0000","http://creativecommons.org/licenses/by/4.0/legalcode","none","none","none","WGS84","Magnoliopsida","BR","Brazil","Missouri Botanical Garden","urn:catalog:MO:Tropicos:2971342","STANNARD 51096","Tropicos","","Riacho da Taquara.","","MO",1260339684,"urn:catalog:MO:Tropicos:2971342","PhysicalObject","STANNARD","2971342","MO","MOBOT","","S.M. Athiê de Souza","",1725,75,1,"",NA,"","","","Abaíra","ICNafp","","",NA,NA,"http://biocol.org/urn:lsid:biocol.org:col:15859","","","","","No opinion",12801866,"http://www.tropicos.org/Specimen/2971342","","","",NA,"",NA,"","","","","Bahia","brazil",NA,"",NA,NA,NA,"","","Bahia",-41.72018023,-12.47295682,"Bahia","ba",-13.25,-41.916667,"original coordinates","original coordinates outside municipality original in  falls in piata"
"33","Stillingia uleana",1930304610,-13.25,-41.92,"gass84","d415c253-4d61-4459-9d25-4015b9084fb0","ae447c50-b8a8-11d8-92a4-b8a03c50a862","none","17017c2c-036b-45d9-b045-606d21b00771","US","DWC_ARCHIVE","2018-11-18T15:58:02.979+0000","2018-11-18T15:58:03.075+0000",96,"none","PRESERVED_SPECIMEN",3055122,6,7707728,220,1414,4691,3055103,3055122,3055122,"Stillingia uleana Pax & K.Hoffm.","Stillingia uleana Pax & K.Hoffm.","Plantae","Tracheophyta","Malpighiales","Euphorbiaceae","Stillingia","Stillingia uleana","Stillingia","uleana","SPECIES","ACCEPTED","2012-01-01T00:00:00","SOUTH_AMERICA","Bahia",1992,1,10,"1992-01-10T00:00:00","","2018-12-08T02:51:05.900+0000","http://creativecommons.org/publicdomain/zero/1.0/legalcode","none","none","none","WGS84","Magnoliopsida","BR","Brazil","The New York Botanical Garden","b37e6bc5-dc06-42c7-989f-22eb1eef52fc","H51250","Vascular plants","","Serra ao Sul do Riacho da Taquara","en","NY",1930304610,"b37e6bc5-dc06-42c7-989f-22eb1eef52fc","PhysicalObject","R. M. Harley","629739","NY","","","S. AthiÃª de Souza","",1780,0,NA,"sheet",NA,"http://sweetgum.nybg.org/science/vh/specimen_details.php?irn=375116","","http://biocol.org/urn:lsid:biocol.org:col:15556","AbaÃ­ra","ICN","10 Jan 1992","",10,10,"http://biocol.org/urn:lsid:biocol.org:col:15556","","5840 ft","","","",NA,"","","","",NA,"",NA,"","","","","Bahia","brazil",NA,"",NA,NA,NA,"","","Bahia",-41.72018023,-12.47295682,"Bahia","ba",-13.25,-41.92,"original coordinates","original coordinates outside municipality original in  falls in piata"
"34","Stillingia uleana",1914116142,-13.25,-41.916667,"gass84","5b5cf455-a448-4c0a-aecd-3e0956f27f10","afdd8e93-b4e3-491c-88f0-8a22834ac1a9","none","b38ff2b7-c8af-454e-b5af-ee760f0d5bca","BR","DWC_ARCHIVE","2018-12-03T14:13:37.789+0000","2018-12-03T16:16:31.827+0000",122,"none","PRESERVED_SPECIMEN",3055122,6,7707728,220,1414,4691,3055103,3055122,3055122,"Stillingia uleana Pax & K.Hoffm.","Stillingia uleana Pax & K.Hoffm.","Plantae","Tracheophyta","Malpighiales","Euphorbiaceae","Stillingia","Stillingia uleana","Stillingia","uleana","SPECIES","ACCEPTED","none","SOUTH_AMERICA","Bahia",1992,2,24,"1992-02-24T00:00:00","2018-09-14T22:45:41.000+0000","2018-12-10T13:40:56.200+0000","http://creativecommons.org/licenses/by-nc/4.0/legalcode","none","none","none","WGS84","Magnoliopsida","BR","Brazil","ALCB - Herbário Alexandre Leal Costa","BRA:UFBA:ALCB:0000080617","52302","ALCB - Herbário Alexandre Leal Costa","Abaíra","Chapada Diamantina, Campo do Cigano","pt","ALCB",1914116142,"BRA:UFBA:ALCB:0000080617","Collection","Sano, PT; Laessoe, T","80617","Universidade Federal da Bahia (UFBA)","Universidade Federal da Bahia (UFBA)","50 cm, látex alvo. Inflorescência verdes e anteras amarelas. Entre rochas.","","",NA,NA,NA,"",NA,"","","","","","","",NA,NA,"","","","","","",NA,"","","","",NA,"",NA,"","","","Abaíra","Bahia","brazil",3422,"Abaíra",2900108,-41.733851,-13.297212,"BAHIA","BA","Bahia",-41.72018023,-12.47295682,"Bahia","ba",-13.25,-41.916667,"original coordinates","original coordinates outside municipality original in abaira falls in piata"
"35","Stillingia uleana",912701049,-13.25,-41.92,"gass84,preneglat","cd6e21c8-9e8a-493a-8a76-fbf7862069e5","061b4f20-f241-11da-a328-b8a03c50a862","none","996e30f8-f762-11e1-a439-00145eb45e9a","GB","DWC_ARCHIVE","2018-06-12T07:05:00.130+0000","2018-04-09T11:04:11.518+0000",96,"none","PRESERVED_SPECIMEN",3055122,6,7707728,220,1414,4691,3055103,3055122,3055122,"Stillingia uleana Pax & K.Hoffm.","Stillingia uleana Pax & K.Hoffm.","Plantae","Tracheophyta","Malpighiales","Euphorbiaceae","Stillingia","Stillingia uleana","Stillingia","uleana","SPECIES","ACCEPTED","2013-10-15T00:00:00","","",1992,2,24,"1992-02-24T00:00:00","2013-12-03T00:00:00.000+0000","2018-12-07T23:26:25.810+0000","http://creativecommons.org/licenses/by/4.0/legalcode","none","none","none","WGS84","Magnoliopsida","BR","Brazil","","K000965491","H. 52302","","Abaíra","Campo de Cigano.","","Herbarium",912701049,"http://specimens.kew.org/herbarium/K000965491","","Laessoe, T.; Sano, P.T.; Harley, R.M.","K000965491","K","","Projeto dos Campos Rupestres do Brasil. Pelase make sure the holotypes are deposited in Brazil. SPF, CEPEC, HUEFS, K, Patrocínio Nat. Geographic Soc","Souza, S.M.A. de","",1750,50,NA,"",NA,"","","","","","","Label",NA,NA,"","","","Abaíra","EUPHORBIACEAE","",NA,"","","","",NA,"",NA,"","","","Abaíra","","brazil",NA,"",NA,NA,NA,"","","",NA,NA,NA,"",-13.25,-41.92,"original coordinates","original coordinates outside municipality original in abaira falls in piata"
"36","Stillingia uleana",1930918914,-13.32,-41.85,"gass84","d415c253-4d61-4459-9d25-4015b9084fb0","ae447c50-b8a8-11d8-92a4-b8a03c50a862","none","17017c2c-036b-45d9-b045-606d21b00771","US","DWC_ARCHIVE","2018-11-18T16:23:08.981+0000","2018-11-18T16:23:09.013+0000",96,"none","PRESERVED_SPECIMEN",3055122,6,7707728,220,1414,4691,3055103,3055122,3055122,"Stillingia uleana Pax & K.Hoffm.","Stillingia uleana Pax & K.Hoffm.","Plantae","Tracheophyta","Malpighiales","Euphorbiaceae","Stillingia","Stillingia uleana","Stillingia","uleana","SPECIES","ACCEPTED","2012-01-01T00:00:00","SOUTH_AMERICA","Bahia",1992,7,25,"1992-07-25T00:00:00","","2018-12-08T04:56:38.718+0000","http://creativecommons.org/publicdomain/zero/1.0/legalcode","none","none","none","WGS84","Magnoliopsida","BR","Brazil","The New York Botanical Garden","dee4f777-627e-4a5d-ba22-d3ae8829ca13","717","Vascular plants","","Campos da Serra do Bicota","en","NY",1930918914,"dee4f777-627e-4a5d-ba22-d3ae8829ca13","PhysicalObject","W. Ganev","685145","NY","","","S. AthiÃª de Souza","",1600,0,NA,"sheet",NA,"http://sweetgum.nybg.org/science/vh/specimen_details.php?irn=886991","Campo rupestre.","http://biocol.org/urn:lsid:biocol.org:col:15556","AbaÃ­ra","ICN","25 Jul 1992","",207,207,"http://biocol.org/urn:lsid:biocol.org:col:15556","","5249 ft","","","",NA,"","","","",NA,"",NA,"","","","","Bahia","brazil",NA,"",NA,NA,NA,"","","Bahia",-41.72018023,-12.47295682,"Bahia","ba",-13.32,-41.85,"original coordinates","original coordinates outside municipality original in  falls in abaira"
"37","Stillingia uleana",912701011,-13.15,-41.77,"gass84,preneglat","cd6e21c8-9e8a-493a-8a76-fbf7862069e5","061b4f20-f241-11da-a328-b8a03c50a862","none","996e30f8-f762-11e1-a439-00145eb45e9a","GB","DWC_ARCHIVE","2018-06-12T07:05:00.128+0000","2018-04-09T11:04:11.572+0000",96,"none","PRESERVED_SPECIMEN",3055122,6,7707728,220,1414,4691,3055103,3055122,3055122,"Stillingia uleana Pax & K.Hoffm.","Stillingia uleana Pax & K.Hoffm.","Plantae","Tracheophyta","Malpighiales","Euphorbiaceae","Stillingia","Stillingia uleana","Stillingia","uleana","SPECIES","ACCEPTED","2013-10-15T00:00:00","","",1992,10,10,"1992-10-10T00:00:00","2013-12-03T00:00:00.000+0000","2018-12-07T23:26:25.888+0000","http://creativecommons.org/licenses/by/4.0/legalcode","none","none","none","WGS84","Magnoliopsida","BR","Brazil","","K000965492","51523","","Piatã","Serra de Santana.","","Herbarium",912701011,"http://specimens.kew.org/herbarium/K000965492","","Queiroz, L.P.","K000965492","K","","Please make sure the holotypes are deposited in Brazil. Patrocínio Nat. Geographic Soc","Souza, S.M.A. de","",1360,NA,NA,"",NA,"","","","","","","Label",NA,NA,"","","","Piatã","EUPHORBIACEAE","",NA,"","","","",NA,"",NA,"","","","Piatã","","brazil",NA,"",NA,NA,NA,"","","",NA,NA,NA,"",-13.15,-41.77,"original coordinates","original coordinates OK"
"38","Stillingia uleana",912555636,-12.47,-41.37,"gass84","cd6e21c8-9e8a-493a-8a76-fbf7862069e5","061b4f20-f241-11da-a328-b8a03c50a862","none","996e30f8-f762-11e1-a439-00145eb45e9a","GB","DWC_ARCHIVE","2018-06-12T07:04:19.731+0000","2018-04-09T11:01:32.679+0000",96,"none","PRESERVED_SPECIMEN",3055122,6,7707728,220,1414,4691,3055103,3055122,3055122,"Stillingia uleana Pax & K.Hoffm.","Stillingia uleana Pax & K.Hoffm.","Plantae","Tracheophyta","Malpighiales","Euphorbiaceae","Stillingia","Stillingia uleana","Stillingia","uleana","SPECIES","ACCEPTED","none","","",1992,11,26,"1992-11-26T00:00:00","","2018-12-07T23:24:57.441+0000","http://creativecommons.org/licenses/by/4.0/legalcode","none","none","none","WGS84","Magnoliopsida","BR","Brazil","","K000716252","5798","","","","","Herbarium",912555636,"http://specimens.kew.org/herbarium/K000716252","","Mello-Silva, R.; Arbo, M.M.; Vicente, J.","K000716252","K","","","Webster, G.L.","",880,NA,NA,"",0.2,"","","","","","","label",NA,NA,"","","","","EUPHORBIACEAE","",NA,"","","","",NA,"",NA,"","","","","","brazil",NA,"",NA,NA,NA,"","","",NA,NA,NA,"",-12.47,-41.37,"original coordinates","original coordinates outside municipality original in  falls in lencois"
"39","Stillingia uleana",1929732082,-13.0092666818479,-41.3706393848679,"cdrep","d415c253-4d61-4459-9d25-4015b9084fb0","ae447c50-b8a8-11d8-92a4-b8a03c50a862","none","17017c2c-036b-45d9-b045-606d21b00771","US","DWC_ARCHIVE","2018-11-18T15:25:33.216+0000","2018-11-18T15:25:33.234+0000",96,"none","PRESERVED_SPECIMEN",3055122,6,7707728,220,1414,4691,3055103,3055122,3055122,"Stillingia uleana Pax & K.Hoffm.","Stillingia uleana Pax & K.Hoffm.","Plantae","Tracheophyta","Malpighiales","Euphorbiaceae","Stillingia","Stillingia uleana","Stillingia","uleana","SPECIES","ACCEPTED","2012-01-01T00:00:00","SOUTH_AMERICA","Bahia",1990,3,20,"1990-03-20T00:00:00","","2018-12-08T04:11:20.028+0000","http://creativecommons.org/publicdomain/zero/1.0/legalcode","none","none","none","WGS84","Magnoliopsida","BR","Brazil","The New York Botanical Garden","8b15b94e-f555-4e25-846c-518428ed5fb9","2949","Vascular plants","","Ca. 3 km na estrada de Mucuge para Cascavel. Vale do Rio Mucuge","en","NY",1929732082,"8b15b94e-f555-4e25-846c-518428ed5fb9","PhysicalObject","A. M. V. de Carvalho","542081","NY","","","S. AthiÃª de Souza","",0,0,NA,"sheet",52493,"http://sweetgum.nybg.org/science/vh/specimen_details.php?irn=31156","","http://biocol.org/urn:lsid:biocol.org:col:15556","MucugÃª","ICN","20 Mar 1990","Other source",79,79,"http://biocol.org/urn:lsid:biocol.org:col:15556","CRIA (Centro de ReferÃªncia em InformaÃ§Ã£o Ambiental)","","","","",NA,"","","","",NA,"",NA,"","","","","Bahia","brazil",NA,"",NA,NA,NA,"","","Bahia",-41.72018023,-12.47295682,"Bahia","ba",-13.0092666818479,-41.3706393848679,"original coordinates","original coordinates outside municipality original in  falls in mucuge"
"40","Stillingia uleana",912701010,-13.53,-41.97,"gass84","cd6e21c8-9e8a-493a-8a76-fbf7862069e5","061b4f20-f241-11da-a328-b8a03c50a862","none","996e30f8-f762-11e1-a439-00145eb45e9a","GB","DWC_ARCHIVE","2018-06-12T07:05:00.116+0000","2018-04-09T11:04:11.558+0000",96,"none","PRESERVED_SPECIMEN",3055122,6,7707728,220,1414,4691,3055103,3055122,3055122,"Stillingia uleana Pax & K.Hoffm.","Stillingia uleana Pax & K.Hoffm.","Plantae","Tracheophyta","Malpighiales","Euphorbiaceae","Stillingia","Stillingia uleana","Stillingia","uleana","SPECIES","ACCEPTED","2013-10-15T00:00:00","","",1988,11,10,"1988-11-10T00:00:00","2013-12-03T00:00:00.000+0000","2018-12-07T23:26:25.888+0000","http://creativecommons.org/licenses/by/4.0/legalcode","none","none","none","WGS84","Magnoliopsida","BR","Brazil","","K000965490","26322","","Rio de Contas","Pico das Almas. Vertente leste. Subida do pico do campo norte do Queiroz.","","Herbarium",912701010,"http://specimens.kew.org/herbarium/K000965490","","Stannard, B.L.; Hind, D.J.N.; Giulietti, A.M.; Harley, R.M.","K000965490","K","","Colab.: IBUSP, SPF; CEPLAC; BAhia & R.B.G. Kew (K) - Patrocínio do Nat. Geographic Soc.","Souza, S.M.A. de","",1580,NA,NA,"",NA,"","","","","","","Label",NA,NA,"","","","Rio de Contas","EUPHORBIACEAE","",NA,"","","","",NA,"",NA,"","","","Rio de Contas","","brazil",NA,"",NA,NA,NA,"","","",NA,NA,NA,"",-13.53,-41.97,"original coordinates","original coordinates outside municipality original in rio de contas falls in livramento de nossa senhora"
"41","Stillingia uleana",912701007,-16.55,-42.9,"gass84","cd6e21c8-9e8a-493a-8a76-fbf7862069e5","061b4f20-f241-11da-a328-b8a03c50a862","none","996e30f8-f762-11e1-a439-00145eb45e9a","GB","DWC_ARCHIVE","2018-06-12T07:05:00.119+0000","2018-04-09T11:04:11.586+0000",96,"none","PRESERVED_SPECIMEN",3055122,6,7707728,220,1414,4691,3055103,3055122,3055122,"Stillingia uleana Pax & K.Hoffm.","Stillingia uleana Pax & K.Hoffm.","Plantae","Tracheophyta","Malpighiales","Euphorbiaceae","Stillingia","Stillingia uleana","Stillingia","uleana","SPECIES","ACCEPTED","none","","",1987,11,3,"1987-11-03T00:00:00","2013-12-03T00:00:00.000+0000","2018-12-07T23:26:25.810+0000","http://creativecommons.org/licenses/by/4.0/legalcode","none","none","none","WGS84","Magnoliopsida","BR","Brazil","","K000965494","CFCR 11384","","Grão Mogol","Montanha a esquerda do riacho Ribeirão. Trilha da Tropa.","","Herbarium",912701007,"http://specimens.kew.org/herbarium/K000965494","","Pirani, J.R.; Cordeiro, I.; Assis, M.C.; Silva, R.M.","K000965494","K","","Flora de Campos Rupestres","Conceição, A.A.; Cordeiro, I.","",925,75,NA,"",NA,"","","","","","","Label",NA,NA,"","","","Grão Mogol","EUPHORBIACEAE","",NA,"","Confirmado por S.M.A. Souza, 15/10/2013","","",NA,"",NA,"","","","Grão Mogol","","brazil",NA,"",NA,NA,NA,"","","",NA,NA,NA,"",-16.55,-42.9,"original coordinates","original coordinates OK"
"42","Stillingia uleana",1931116450,-16.55,-42.9,"gass84","d415c253-4d61-4459-9d25-4015b9084fb0","ae447c50-b8a8-11d8-92a4-b8a03c50a862","none","17017c2c-036b-45d9-b045-606d21b00771","US","DWC_ARCHIVE","2018-11-18T16:24:43.346+0000","2018-11-18T16:24:43.406+0000",96,"none","PRESERVED_SPECIMEN",3055122,6,7707728,220,1414,4691,3055103,3055122,3055122,"Stillingia uleana Pax & K.Hoffm.","Stillingia uleana Pax & K.Hoffm.","Plantae","Tracheophyta","Malpighiales","Euphorbiaceae","Stillingia","Stillingia uleana","Stillingia","uleana","SPECIES","ACCEPTED","none","SOUTH_AMERICA","Minas Gerais",1987,11,3,"1987-11-03T00:00:00","","2018-12-08T04:58:46.652+0000","http://creativecommons.org/publicdomain/zero/1.0/legalcode","none","none","none","WGS84","Magnoliopsida","BR","Brazil","The New York Botanical Garden","ecf39c1a-68ca-46e6-a7c7-9f50d6a755dc","CFCR11384","Vascular plants","","Montanha a esquerda do riacho Ribeirao. Trilha da Tropa.","en","NY",1931116450,"ecf39c1a-68ca-46e6-a7c7-9f50d6a755dc","PhysicalObject","I. Cordeiro","1018702","NY","","","A. A. ConceiÃ§Ã£o; I. Cordeiro","",925,75,NA,"sheet",NA,"http://sweetgum.nybg.org/science/vh/specimen_details.php?irn=1262077","Entre rochas, heliÃ³fila.","http://biocol.org/urn:lsid:biocol.org:col:15556","GrÃ£o Mogol","ICN","03 Nov 1987","",307,307,"http://biocol.org/urn:lsid:biocol.org:col:15556","","2789-3281 ft","","","",NA,"","","","",NA,"",NA,"","","","","Minas Gerais","brazil",NA,"",NA,NA,NA,"","","Minas Gerais",-44.67333254,-18.45539008,"Minas Gerais","mg",-16.55,-42.9,"original coordinates","original coordinates outside municipality original in  falls in grao mogol"
"43","Stillingia uleana",1077191406,-12.65,-41.316667,"gass84","5b5cf455-a448-4c0a-aecd-3e0956f27f10","afdd8e93-b4e3-491c-88f0-8a22834ac1a9","none","b38ff2b7-c8af-454e-b5af-ee760f0d5bca","BR","DWC_ARCHIVE","2018-12-03T14:06:00.587+0000","2018-12-03T16:15:59.734+0000",122,"none","PRESERVED_SPECIMEN",3055122,6,7707728,220,1414,4691,3055103,3055122,3055122,"Stillingia uleana Pax & K.Hoffm.","Stillingia uleana Pax & K.Hoffm.","Plantae","Tracheophyta","Malpighiales","Euphorbiaceae","Stillingia","Stillingia uleana","Stillingia","uleana","SPECIES","ACCEPTED","none","SOUTH_AMERICA","Bahia",1983,1,30,"1983-01-30T00:00:00","2018-08-28T19:04:42.000+0000","2018-12-06T14:16:16.224+0000","http://creativecommons.org/licenses/by-nc/4.0/legalcode","none","none","none","WGS84","Magnoliopsida","BR","Brazil","ALCB - Herbário Alexandre Leal Costa","BRA:UFBA:ALCB:0000015524","676","ALCB - Herbário Alexandre Leal Costa","Lençóis","Chapada Diamantina, caminho para Cachoeira Glass.","pt","ALCB",1077191406,"BRA:UFBA:ALCB:0000015524","Collection","Queiroz, LP de; Guedes, ML; Santos, NS dos","15524","Universidade Federal da Bahia (UFBA)","Universidade Federal da Bahia (UFBA)","ca. 2,0 m alt.; latescente. Folhas semi-suculentas, discolor. Inflorescência suculenta, verde; estames amarelos.","","",NA,NA,NA,"",NA,"","","","","","","",NA,NA,"","","","","","",NA,"","","","",NA,"",NA,"","","","Lençóis","Bahia","brazil",3540,"Lençóis",2919306,-41.334774,-12.419573,"BAHIA","BA","Bahia",-41.72018023,-12.47295682,"Bahia","ba",-12.65,-41.316667,"original coordinates","original coordinates outside municipality original in lencois falls in andarai"
"44","Stillingia uleana",1094724264,-12.566667,-41.483333,"gass84","2e684fd6-09e2-4661-910a-0a188b610c04","60545be9-4f28-4245-b4b4-07635c8dfa54","none","b38ff2b7-c8af-454e-b5af-ee760f0d5bca","BR","DWC_ARCHIVE","2018-11-14T17:17:50.730+0000","2018-09-10T18:25:47.823+0000",124,"none","PRESERVED_SPECIMEN",3055122,6,7707728,220,1414,4691,3055103,3055122,3055122,"Stillingia uleana Pax & K.Hoffm.","Stillingia uleana Pax & K.Hoffm.","Plantae","Tracheophyta","Malpighiales","Euphorbiaceae","Stillingia","Stillingia uleana","Stillingia","uleana","SPECIES","ACCEPTED","none","","Bahia",1983,6,30,"1983-06-30T00:00:00","","2018-09-10T18:25:49.451+0000","http://creativecommons.org/licenses/by-nc/4.0/legalcode","none","none","none","WGS84","Magnoliopsida","BR","Brazil","HUEFS - Herbario da Universidade Estadual de Feira de Santana","BRA:UEFS:HUEFS:0000006145","696","HUEFS - Herbario da Universidade Estadual de Feira de Santana","Caeté-Açú","","pt","HUEFS",1094724264,"BRA:UEFS:HUEFS:0000006145","Collection","Queiroz, L.P.de","6145","UEFS","Universidade Estadual de Feira de Santana (UEFS)","","","",950,50,NA,"",NA,"","","","","","","",NA,NA,"","","","","","",NA,"","","","",NA,"",NA,"","","","Caeté-Açú","Bahia","brazil",NA,"",NA,NA,NA,"","","Bahia",-41.72018023,-12.47295682,"Bahia","ba",-12.566667,-41.483333,"original coordinates","original coordinates outside municipality original in caete-acu falls in palmeiras"
"45","Stillingia uleana",1094169750,-12.6,-41.45,"gass84","fffdea53-c113-4cdc-896e-a9c5fd726591","1c72778c-05de-4f31-b83a-ff541ce5dff7","none","b38ff2b7-c8af-454e-b5af-ee760f0d5bca","BR","DWC_ARCHIVE","2018-11-24T12:32:20.530+0000","2018-09-25T15:12:45.770+0000",81,"none","PRESERVED_SPECIMEN",3055122,6,7707728,220,1414,4691,3055103,3055122,3055122,"Stillingia uleana Pax & K.Hoffm.","Stillingia uleana Pax & K.Hoffm.","Plantae","Tracheophyta","Malpighiales","Euphorbiaceae","Stillingia","Stillingia uleana","Stillingia","uleana","SPECIES","ACCEPTED","none","","Bahia",1983,10,11,"1983-10-11T00:00:00","2018-08-22T12:17:10.000+0000","2018-12-09T06:20:43.019+0000","http://creativecommons.org/licenses/by-nc/4.0/legalcode","none","none","none","WGS84","Magnoliopsida","BR","Brazil","UESC - Herbário Universidade Estadual de Santa Cruz","BRA:UESC:UESC:0000003107","1903","UESC - Herbário Universidade Estadual de Santa Cruz","Palmeiras","","pt","UESC",1094169750,"BRA:UESC:UESC:0000003107","Collection","Queiroz, L.P.de","3107","UESC","Universidade Estadual de Santa Cruz (UESC)","","","",1200,0,NA,"",NA,"","","","","","","",NA,NA,"","","","","","",NA,"","","","",NA,"",NA,"","","","Palmeiras","Bahia","brazil",3525,"Palmeiras",2923506,-41.55815,-12.545926,"BAHIA","BA","Bahia",-41.72018023,-12.47295682,"Bahia","ba",-12.6,-41.45,"original coordinates","original coordinates outside municipality original in palmeiras falls in lencois"
"46","Stillingia uleana",1928035410,-12.97,-41.47,"gass84","d415c253-4d61-4459-9d25-4015b9084fb0","ae447c50-b8a8-11d8-92a4-b8a03c50a862","none","17017c2c-036b-45d9-b045-606d21b00771","US","DWC_ARCHIVE","2018-11-18T14:46:31.960+0000","2018-11-18T14:46:32.053+0000",96,"none","PRESERVED_SPECIMEN",3055122,6,7707728,220,1414,4691,3055103,3055122,3055122,"Stillingia uleana Pax & K.Hoffm.","Stillingia uleana Pax & K.Hoffm.","Plantae","Tracheophyta","Malpighiales","Euphorbiaceae","Stillingia","Stillingia uleana","Stillingia","uleana","SPECIES","ACCEPTED","none","SOUTH_AMERICA","Bahia",1980,3,26,"1980-03-26T00:00:00","","2018-12-05T23:32:25.998+0000","http://creativecommons.org/publicdomain/zero/1.0/legalcode","none","none","none","WGS84","Magnoliopsida","BR","Brazil","The New York Botanical Garden","12e83e29-29cf-4c6c-884f-8732fa5da926","20990","Vascular plants","","Serra do SincorÃ¡, ca. 15 km NW of MucugÃ© on the road to GuinÃ© & Palmeiras","en","NY",1928035410,"12e83e29-29cf-4c6c-884f-8732fa5da926","PhysicalObject","R. M. Harley","542079","NY","","","G. L. Webster","",1400,100,NA,"sheet",NA,"http://sweetgum.nybg.org/science/vh/specimen_details.php?irn=542186","Sandstone serra with campo rupestre vegetation with small streams, marsh & rock outcrops","http://biocol.org/urn:lsid:biocol.org:col:15556","MucugÃª","ICN","26 Mar 1980","",86,86,"http://biocol.org/urn:lsid:biocol.org:col:15556","","4265-4921 ft","","","",NA,"","","","",NA,"",NA,"","","","","Bahia","brazil",NA,"",NA,NA,NA,"","","Bahia",-41.72018023,-12.47295682,"Bahia","ba",-12.97,-41.47,"original coordinates","original coordinates outside municipality original in  falls in mucuge"
"47","Stillingia uleana",1139245448,-12.6,-41.483333,"","15f819bd-6612-4447-854b-14d12ee1022d","396d5f30-dea9-11db-8ab4-b8a03c50a862","none","65eb93af-41b8-4917-a5fc-cfe2a45aa4bf","NL","DWC_ARCHIVE","2018-12-11T19:21:22.172+0000","2018-01-23T11:27:35.834+0000",81,"none","PRESERVED_SPECIMEN",3055122,6,7707728,220,1414,4691,3055103,3055122,3055122,"Stillingia uleana Pax & K.Hoffm.","Stillingia uleana Pax & K.Hoffm.","Plantae","Tracheophyta","Malpighiales","Euphorbiaceae","Stillingia","Stillingia uleana","Stillingia","uleana","SPECIES","ACCEPTED","none","SOUTH_AMERICA","",1980,5,25,"1980-05-25T00:00:00","","2018-07-07T00:24:28.443+0000","http://creativecommons.org/publicdomain/zero/1.0/legalcode","none","none","none","WGS84","Magnoliopsida","BR","Brazil","","U.1261514","","","","Estado da Bahia. Serras dos Lencois. Serra da Larguinha, ca. 2 km N.E. of Caete-Acu (Capao Grande). West facing ridge with sandstone outcrops & summit plateau.","","Botany",1139245448,"http://data.biodiversitydata.nl/naturalis/specimen/U.1261514","","Harley RM; et al.","U.1261514","","","","","",NA,NA,NA,"",NA,"","","","","ICN","1980/05/25","",NA,NA,"","","","","Plantae|Magnoliopsidae|Malpighiales|Euphorbiaceae","",NA,"","","","species",NA,"",NA,"","","","","","brazil",NA,"",NA,NA,NA,"","","",NA,NA,NA,"",-12.6,-41.483333,"original coordinates","original coordinates outside municipality original in  falls in palmeiras"
"48","Stillingia uleana",1929725377,-12.6,-41.48,"gass84","d415c253-4d61-4459-9d25-4015b9084fb0","ae447c50-b8a8-11d8-92a4-b8a03c50a862","none","17017c2c-036b-45d9-b045-606d21b00771","US","DWC_ARCHIVE","2018-11-18T15:25:29.909+0000","2018-11-18T15:25:29.927+0000",96,"none","PRESERVED_SPECIMEN",3055122,6,7707728,220,1414,4691,3055103,3055122,3055122,"Stillingia uleana Pax & K.Hoffm.","Stillingia uleana Pax & K.Hoffm.","Plantae","Tracheophyta","Malpighiales","Euphorbiaceae","Stillingia","Stillingia uleana","Stillingia","uleana","SPECIES","ACCEPTED","none","SOUTH_AMERICA","Bahia",1980,5,25,"1980-05-25T00:00:00","","2018-12-08T11:53:44.742+0000","http://creativecommons.org/publicdomain/zero/1.0/legalcode","none","none","none","WGS84","Magnoliopsida","BR","Brazil","The New York Botanical Garden","8a9f1bc3-b2ac-4624-92a7-7930c7b3d75d","22596","Vascular plants","","Serras dos Lencois. Serra da Larguinha, ca. 2 km NE of CaetÃ©-AÃ§u (Capao Grande)","en","NY",1929725377,"8a9f1bc3-b2ac-4624-92a7-7930c7b3d75d","PhysicalObject","R. M. Harley","542077","NY","","","G. L. Webster","",1200,200,NA,"sheet",NA,"http://sweetgum.nybg.org/science/vh/specimen_details.php?irn=542184","West facing ridge with sandstone outcrops & summit plateau. Open scrub, low woodland & marsh","http://biocol.org/urn:lsid:biocol.org:col:15556","Palmeiras","ICN","25 May 1980","",146,146,"http://biocol.org/urn:lsid:biocol.org:col:15556","","3281-4593 ft","","","",NA,"","","","",NA,"",NA,"","","","","Bahia","brazil",NA,"",NA,NA,NA,"","","Bahia",-41.72018023,-12.47295682,"Bahia","ba",-12.6,-41.48,"original coordinates","original coordinates outside municipality original in  falls in palmeiras"
"49","Stillingia uleana",1090430935,-11.633333,-41.033333,"gass84","bc81e05b-ed51-46ba-a0a4-90fbae9b5545","c6aacf9d-a5a7-4d7f-a6fc-ea0a4b8ec450","none","b38ff2b7-c8af-454e-b5af-ee760f0d5bca","BR","DWC_ARCHIVE","2018-11-24T12:33:24.033+0000","2018-11-24T12:33:24.065+0000",122,"none","PRESERVED_SPECIMEN",3055122,6,7707728,220,1414,4691,3055103,3055122,3055122,"Stillingia uleana Pax & K.Hoffm.","Stillingia uleana Pax & K.Hoffm.","Plantae","Tracheophyta","Malpighiales","Euphorbiaceae","Stillingia","Stillingia uleana","Stillingia","uleana","SPECIES","ACCEPTED","none","","Bahia",1980,5,31,"1980-05-31T00:00:00","2018-11-14T18:09:08.000+0000","2018-12-08T04:42:24.002+0000","http://creativecommons.org/licenses/by-nc/4.0/legalcode","none","none","none","WGS84","Magnoliopsida","BR","Brazil","CEPEC - Herbário do Centro de Pesquisas do Cacau","BRA:CEPLAC:CEPEC:0000030664","22849","CEPEC - Herbário do Centro de Pesquisas do Cacau","MORRO DO CHAPÉU","19.5Km SE cidade, BA-052, estr. p/ povoado de Mato Grosso. Rio do Ferro Doido.","pt","CEPEC",1090430935,"BRA:CEPLAC:CEPEC:0000030664","Collection","R. M. Harley","30664","Comissão Executiva do Plano da Lavoura Cacaueira (CEPLAC)","Comissão Executiva do Plano da Lavoura Cacaueira (CEPLAC)","","G. Bromley","30/12/1983",NA,NA,NA,"",NA,"","","","","","","",NA,NA,"","","","","","",NA,"","","","",NA,"",NA,"","","","MORRO DO CHAPÉU","Bahia","brazil",3674,"Morro do Chapéu",2921708,-41.151587,-11.472221,"BAHIA","BA","Bahia",-41.72018023,-12.47295682,"Bahia","ba",-11.633333,-41.033333,"original coordinates","original coordinates OK"
"50","Stillingia uleana",1077195241,-12.65,-41.316667,"gass84","5b5cf455-a448-4c0a-aecd-3e0956f27f10","afdd8e93-b4e3-491c-88f0-8a22834ac1a9","none","b38ff2b7-c8af-454e-b5af-ee760f0d5bca","BR","DWC_ARCHIVE","2018-12-03T14:06:06.820+0000","2018-12-03T16:16:01.389+0000",122,"none","PRESERVED_SPECIMEN",3055122,6,7707728,220,1414,4691,3055103,3055122,3055122,"Stillingia uleana Pax & K.Hoffm.","Stillingia uleana Pax & K.Hoffm.","Plantae","Tracheophyta","Malpighiales","Euphorbiaceae","Stillingia","Stillingia uleana","Stillingia","uleana","SPECIES","ACCEPTED","1980-09-01T00:00:00","SOUTH_AMERICA","Bahia",1979,4,24,"1979-04-24T00:00:00","2018-08-28T19:04:42.000+0000","2018-12-06T14:16:18.458+0000","http://creativecommons.org/licenses/by-nc/4.0/legalcode","none","none","none","WGS84","Magnoliopsida","BR","Brazil","ALCB - Herbário Alexandre Leal Costa","BRA:UFBA:ALCB:000002287A","1141","ALCB - Herbário Alexandre Leal Costa","Lençóis","Chapada Diamantina","pt","ALCB",1077195241,"BRA:UFBA:ALCB:000002287A","Collection","Noblick, LR","02287A","Universidade Federal da Bahia (UFBA)","Universidade Federal da Bahia (UFBA)","ca. 1 m alt. Planta laticífera.","Noblick, LR","",NA,NA,NA,"",NA,"","","","","","","",NA,NA,"","","","","","",NA,"","","","",NA,"",NA,"","","","Lençóis","Bahia","brazil",3540,"Lençóis",2919306,-41.334774,-12.419573,"BAHIA","BA","Bahia",-41.72018023,-12.47295682,"Bahia","ba",-12.65,-41.316667,"original coordinates","original coordinates outside municipality original in lencois falls in andarai"
"51","Stillingia uleana",1930108356,-13,-41.4,"gass84","d415c253-4d61-4459-9d25-4015b9084fb0","ae447c50-b8a8-11d8-92a4-b8a03c50a862","none","17017c2c-036b-45d9-b045-606d21b00771","US","DWC_ARCHIVE","2018-11-18T15:45:24.046+0000","2018-11-18T15:45:24.052+0000",96,"none","PRESERVED_SPECIMEN",3055122,6,7707728,220,1414,4691,3055103,3055122,3055122,"Stillingia uleana Pax & K.Hoffm.","Stillingia uleana Pax & K.Hoffm.","Plantae","Tracheophyta","Malpighiales","Euphorbiaceae","Stillingia","Stillingia uleana","Stillingia","uleana","SPECIES","ACCEPTED","2012-01-01T00:00:00","SOUTH_AMERICA","Bahia",1979,7,26,"1979-07-26T00:00:00","","2018-12-08T12:59:05.837+0000","http://creativecommons.org/publicdomain/zero/1.0/legalcode","none","none","none","WGS84","Magnoliopsida","BR","Brazil","The New York Botanical Garden","a58f62d4-1364-418a-9d02-606e6f297fe6","12595","Vascular plants","","3 km ao S de MucujÃ©, na estrada para Jussiape","en","NY",1930108356,"a58f62d4-1364-418a-9d02-606e6f297fe6","PhysicalObject","S. A. Mori","542057","NY","","","S. AthiÃª de Souza","",1000,0,NA,"sheet",NA,"http://sweetgum.nybg.org/science/vh/specimen_details.php?irn=142987","Campo rupestre","http://biocol.org/urn:lsid:biocol.org:col:15556","MucugÃª","ICN","26 Jul 1979","",207,207,"http://biocol.org/urn:lsid:biocol.org:col:15556","","3281 ft","","","",NA,"","","","",NA,"",NA,"","","","","Bahia","brazil",NA,"",NA,NA,NA,"","","Bahia",-41.72018023,-12.47295682,"Bahia","ba",-13,-41.4,"original coordinates","original coordinates outside municipality original in  falls in mucuge"
"52","Stillingia uleana",1929101731,-13.0092666818479,-41.3706393848679,"cdrep","d415c253-4d61-4459-9d25-4015b9084fb0","ae447c50-b8a8-11d8-92a4-b8a03c50a862","none","17017c2c-036b-45d9-b045-606d21b00771","US","DWC_ARCHIVE","2018-11-18T15:02:11.637+0000","2018-10-19T14:12:30.948+0000",96,"none","PRESERVED_SPECIMEN",3055122,6,7707728,220,1414,4691,3055103,3055122,3055122,"Stillingia uleana Pax & K.Hoffm.","Stillingia uleana Pax & K.Hoffm.","Plantae","Tracheophyta","Malpighiales","Euphorbiaceae","Stillingia","Stillingia uleana","Stillingia","uleana","SPECIES","ACCEPTED","1983-01-01T00:00:00","SOUTH_AMERICA","Bahia",1979,12,22,"1979-12-22T00:00:00","","2018-12-08T13:24:40.126+0000","http://creativecommons.org/publicdomain/zero/1.0/legalcode","none","none","none","WGS84","Magnoliopsida","BR","Brazil","The New York Botanical Garden","5e5193aa-77c9-41b9-af8a-1f7f427a07a0","13161","Vascular plants","","A 3 km ao S de Mucuje, na estrada que vai para Jussiape","en","NY",1929101731,"5e5193aa-77c9-41b9-af8a-1f7f427a07a0","PhysicalObject","S. A. Mori","540508","NY","","","G. L. Webster","",1000,0,NA,"sheet",52493,"http://sweetgum.nybg.org/science/vh/specimen_details.php?irn=542183","Campo rupestre","http://biocol.org/urn:lsid:biocol.org:col:15556","MucugÃª","ICN","22 Dec 1979","Other source",356,356,"http://biocol.org/urn:lsid:biocol.org:col:15556","CRIA (Centro de ReferÃªncia em InformaÃ§Ã£o Ambiental)","3281 ft","","","",NA,"","","","",NA,"",NA,"","","","","Bahia","brazil",NA,"",NA,NA,NA,"","","Bahia",-41.72018023,-12.47295682,"Bahia","ba",-13.0092666818479,-41.3706393848679,"original coordinates","original coordinates outside municipality original in  falls in mucuge"
"53","Stillingia uleana",1090421318,-11.633333,-41.033333,"gass84","bc81e05b-ed51-46ba-a0a4-90fbae9b5545","c6aacf9d-a5a7-4d7f-a6fc-ea0a4b8ec450","none","b38ff2b7-c8af-454e-b5af-ee760f0d5bca","BR","DWC_ARCHIVE","2018-11-24T12:33:14.320+0000","2018-11-24T12:33:14.430+0000",122,"none","PRESERVED_SPECIMEN",3055122,6,7707728,220,1414,4691,3055103,3055122,3055122,"Stillingia uleana Pax & K.Hoffm.","Stillingia uleana Pax & K.Hoffm.","Plantae","Tracheophyta","Malpighiales","Euphorbiaceae","Stillingia","Stillingia uleana","Stillingia","uleana","SPECIES","ACCEPTED","none","","Bahia",1977,3,1,"1977-03-01T00:00:00","2018-11-14T18:09:08.000+0000","2018-12-08T04:42:19.837+0000","http://creativecommons.org/licenses/by-nc/4.0/legalcode","none","none","none","WGS84","Magnoliopsida","BR","Brazil","CEPEC - Herbário do Centro de Pesquisas do Cacau","BRA:CEPLAC:CEPEC:0000020156","19195","CEPEC - Herbário do Centro de Pesquisas do Cacau","MORRO DO CHAPÉU","19.5Km SE cidade, BA-052, estr. p/ Mundo Novo. Rio do Ferro Doido.","pt","CEPEC",1090421318,"BRA:CEPLAC:CEPEC:0000020156","Collection","R. M. Harley","20156","Comissão Executiva do Plano da Lavoura Cacaueira (CEPLAC)","Comissão Executiva do Plano da Lavoura Cacaueira (CEPLAC)","","A. R. Smith","",NA,NA,NA,"",NA,"","","","","","","",NA,NA,"","","","","","",NA,"","","","",NA,"",NA,"","","","MORRO DO CHAPÉU","Bahia","brazil",3674,"Morro do Chapéu",2921708,-41.151587,-11.472221,"BAHIA","BA","Bahia",-41.72018023,-12.47295682,"Bahia","ba",-11.633333,-41.033333,"original coordinates","original coordinates OK"
"54","Stillingia uleana",1090421298,-13.483333,-41.816667,"gass84","bc81e05b-ed51-46ba-a0a4-90fbae9b5545","c6aacf9d-a5a7-4d7f-a6fc-ea0a4b8ec450","none","b38ff2b7-c8af-454e-b5af-ee760f0d5bca","BR","DWC_ARCHIVE","2018-11-24T12:33:14.297+0000","2018-11-24T12:33:14.331+0000",122,"none","PRESERVED_SPECIMEN",3055122,6,7707728,220,1414,4691,3055103,3055122,3055122,"Stillingia uleana Pax & K.Hoffm.","Stillingia uleana Pax & K.Hoffm.","Plantae","Tracheophyta","Malpighiales","Euphorbiaceae","Stillingia","Stillingia uleana","Stillingia","uleana","SPECIES","ACCEPTED","none","","Bahia",1977,3,24,"1977-03-24T00:00:00","2018-11-14T18:09:08.000+0000","2018-12-08T04:42:19.789+0000","http://creativecommons.org/licenses/by-nc/4.0/legalcode","none","none","none","WGS84","Magnoliopsida","BR","Brazil","CEPEC - Herbário do Centro de Pesquisas do Cacau","BRA:CEPLAC:CEPEC:0000020155","19912","CEPEC - Herbário do Centro de Pesquisas do Cacau","RIO DE CONTAS","Ca. 1Km S povoado de Mato Grosso. Rod. p/ Vila do Rio de Contas.","pt","CEPEC",1090421298,"BRA:CEPLAC:CEPEC:0000020155","Collection","R. M. Harley","20155","Comissão Executiva do Plano da Lavoura Cacaueira (CEPLAC)","Comissão Executiva do Plano da Lavoura Cacaueira (CEPLAC)","","A. R. Smith","",NA,NA,NA,"",NA,"","","","","","","",NA,NA,"","","","","","",NA,"","","","",NA,"",NA,"","","","RIO DE CONTAS","Bahia","brazil",3389,"Rio de Contas",2926707,-41.741571,-13.586451,"BAHIA","BA","Bahia",-41.72018023,-12.47295682,"Bahia","ba",-13.483333,-41.816667,"original coordinates","original coordinates OK"
"55","Stillingia uleana",1077532603,-13,-41.383333,"gass84","f45c5ee0-e5ec-42e3-a80a-07318144efa4","202d5f34-ff58-4ad7-964f-c947ce18078e","none","b38ff2b7-c8af-454e-b5af-ee760f0d5bca","BR","DWC_ARCHIVE","2018-11-23T15:40:48.396+0000","2018-08-03T12:04:45.522+0000",130,"none","PRESERVED_SPECIMEN",3055122,6,7707728,220,1414,4691,3055103,3055122,3055122,"Stillingia uleana Pax & K.Hoffm.","Stillingia uleana Pax & K.Hoffm.","Plantae","Tracheophyta","Malpighiales","Euphorbiaceae","Stillingia","Stillingia uleana","Stillingia","uleana","SPECIES","ACCEPTED","none","SOUTH_AMERICA","Bahia",1974,2,5,"1974-02-05T00:00:00","2018-07-10T14:12:00.000+0000","2018-12-09T10:54:28.370+0000","http://creativecommons.org/licenses/by-nc/4.0/legalcode","none","none","none","WGS84","Magnoliopsida","BR","Brazil","IPA - Herbário - IPA Dárdano de Andrade Lima","BRA:IPA:IPA:0000024015","16022","IPA - Herbário - IPA Dárdano de Andrade Lima","","Serra do Sincorá, by Rio Cumbuca, about 3km N of Mucugê on the Andaraí road.","pt","IPA",1077532603,"BRA:IPA:IPA:0000024015","Collection","Harley, R.M.","24015","IPA","Empresa Pernambucana de Pesquisa Agropecuária, IPA","Shrub white latex. Leaves fleshy, shiny; stem red.","Radcliffe-Smith, A.","",850,0,NA,"",NA,"","","","","","","",NA,NA,"","","","","","",NA,"","","","",NA,"",NA,"","","","","Bahia","brazil",NA,"",NA,NA,NA,"","","Bahia",-41.72018023,-12.47295682,"Bahia","ba",-13,-41.383333,"original coordinates","original coordinates outside municipality original in  falls in mucuge"
"56","Stillingia uleana",1424511994,-10.005,-40.25,"gass84","4300f8d5-1ae5-49e5-a101-63894b005868","838537fc-4aeb-4980-8b58-97fbdcd1d91a","none","da7fe11a-b42c-46cb-9e9d-02243edb738a","BR","DWC_ARCHIVE","2018-10-02T15:43:10.096+0000","2018-09-24T20:04:19.325+0000",207,"none","PRESERVED_SPECIMEN",3055122,6,7707728,220,1414,4691,3055103,3055122,3055122,"Stillingia uleana Pax & K.Hoffm.","Stillingia uleana Pax & K.Hoffm.","Plantae","Tracheophyta","Malpighiales","Euphorbiaceae","Stillingia","Stillingia uleana","Stillingia","uleana","SPECIES","ACCEPTED","1977-01-01T00:00:00","","Bahia",1974,2,28,"1974-02-28T00:00:00","2017-11-19T09:45:54.333+0000","2018-12-06T17:01:08.287+0000","http://creativecommons.org/licenses/by/4.0/legalcode","none","none","none","WGS84","Magnoliopsida","BR","Brazil","Rio de Janeiro Botanical Garden","urn:catalog:JBRJ:RB:97592","16563","RB - Rio de Janeiro Botanical Garden Herbarium Collection","Bahia","SERRA  DA  JACOBINA,  W.  OF  ESTICA,  CA.  12KM.  N.  OF  SENHOR  DO  BONFIM  ON  THE  BA  130  TO  JUAZEIRO.  UPPER  W.FACING  SLOPES  OF  SERRA  TO  THE  SUMMIT  WITH  TELEVISION  MAST.  .","","RB",1424511994,"urn:catalog:JBRJ:RB:97592","PhysicalObject","R.M. HARLEY","RB00097592","JBRJ","","SHRUB WITH WHITE LATEX. FLOWERS GREENISH-YELLOW.","A.R. SMITH","RB 252823",1100,NA,NA,"",NA,"","","","","","","",NA,NA,"","","","","","",NA,"","","DRY METAMORPHIC ROCKS, BURNT OVER SCRUB AND DAMP WOODLAND IN ROCKY DECLIVITIES.","",NA,"",NA,"","","","Bahia","Bahia","brazil",NA,"",NA,NA,NA,"","","Bahia",-41.72018023,-12.47295682,"Bahia","ba",-10.005,-40.25,"original coordinates","original coordinates outside municipality original in bahia falls in jaguarari"
"57","Stillingia uleana",730877034,-13,-41.38333,"gass84","b5cdf794-8fa4-4a85-8b26-755d087bf531","2cd829bb-b713-433d-99cf-64bef11e5b3e","none","86c2834b-fcd6-418d-9b32-aca45110a0fe","FR","DWC_ARCHIVE","2018-12-05T16:01:16.577+0000","2018-05-04T10:19:56.088+0000",189,"none","PRESERVED_SPECIMEN",3055122,6,7707728,220,1414,4691,3055103,3055122,3055122,"Stillingia uleana Pax & K.Hoffm.","Stillingia uleana Pax & K.Hoffm.","Plantae","Tracheophyta","Malpighiales","Euphorbiaceae","Stillingia","Stillingia uleana","Stillingia","uleana","SPECIES","ACCEPTED","none","","Bahia",1974,2,5,"1974-02-05T00:00:00","2015-09-05T07:57:51.000+0000","2018-12-08T05:19:03.882+0000","http://creativecommons.org/licenses/by/4.0/legalcode","none","none","none","WGS84","Magnoliopsida","BR","Brazil","","http://coldb.mnhn.fr/catalognumber/mnhn/p/p04811939","","","","","","P",730877034,"http://coldb.mnhn.fr/catalognumber/mnhn/p/p04811939","","Harley, R.M.|Pinheiro, R.|Renvoize, S.A.|Erskine, C.M.|Brighton, C.A.","P04811939","MNHN","","","","",NA,NA,NA,"hb",NA,"","","","","","","",NA,NA,"","","","","","",NA,"","","","",16022,"By Rio Cumbuca, about, 3 km N of Mucugê on the Andaraí road.",NA,"","","","","Bahia","brazil",NA,"",NA,NA,NA,"","","Bahia",-41.72018023,-12.47295682,"Bahia","ba",-13,-41.38333,"original coordinates","original coordinates outside municipality original in  falls in mucuge"
"58","Stillingia uleana",1260338361,-13,-41.38333,"gass84","7bd65a7a-f762-11e1-a439-00145eb45e9a","90fd6680-349f-11d8-aa2d-b8a03c50a862","none","c4e134d3-c68f-406d-a116-6a37895602e0","US","DWC_ARCHIVE","2018-06-20T08:02:05.946+0000","2016-03-21T15:56:32.362+0000",28,"none","PRESERVED_SPECIMEN",3055122,6,7707728,220,1414,4691,3055103,3055122,3055122,"Stillingia uleana Pax & K.Hoffm.","Stillingia uleana Pax & K.Hoffm.","Plantae","Tracheophyta","Malpighiales","Euphorbiaceae","Stillingia","Stillingia uleana","Stillingia","uleana","SPECIES","ACCEPTED","none","SOUTH_AMERICA","Bahia",1974,2,5,"1974-02-05T00:00:00","2015-08-23T05:45:00.000+0000","2018-12-09T00:34:58.800+0000","http://creativecommons.org/licenses/by/4.0/legalcode","none","none","none","WGS84","Magnoliopsida","BR","Brazil","Missouri Botanical Garden","urn:catalog:MO:Tropicos:2970162","Harley 16022","Tropicos","","Serra do Sincorá. By Rio Cumbuca, about 3km. N. of Mucugé on the Andarái road. On conglomerate sandstone rock with partly burnt-over vegetation among rocks by river and neighbouring hillside.","","MO",1260338361,"urn:catalog:MO:Tropicos:2970162","PhysicalObject","R.M. Harley|S.A. Renvoize|C.M. Erskine|Christine A. Brighton|R.S. Pinheiro","2970162","MO","MOBOT","","A. Radcliffe-Smith","",850,NA,NA,"",NA,"","","","","ICNafp","","",NA,NA,"http://biocol.org/urn:lsid:biocol.org:col:15859","","","","","No opinion",12801866,"http://www.tropicos.org/Specimen/2970162","","","",NA,"",NA,"","","","","Bahia","brazil",NA,"",NA,NA,NA,"","","Bahia",-41.72018023,-12.47295682,"Bahia","ba",-13,-41.38333,"original coordinates","original coordinates outside municipality original in  falls in mucuge"
"59","Stillingia uleana",912701068,-13,-41.38,"gass84","cd6e21c8-9e8a-493a-8a76-fbf7862069e5","061b4f20-f241-11da-a328-b8a03c50a862","none","996e30f8-f762-11e1-a439-00145eb45e9a","GB","DWC_ARCHIVE","2018-06-12T07:05:00.116+0000","2018-04-09T11:04:11.548+0000",96,"none","PRESERVED_SPECIMEN",3055122,6,7707728,220,1414,4691,3055103,3055122,3055122,"Stillingia uleana Pax & K.Hoffm.","Stillingia uleana Pax & K.Hoffm.","Plantae","Tracheophyta","Malpighiales","Euphorbiaceae","Stillingia","Stillingia uleana","Stillingia","uleana","SPECIES","ACCEPTED","none","","",1974,2,5,"1974-02-05T00:00:00","2013-12-03T00:00:00.000+0000","2018-12-07T23:26:25.907+0000","http://creativecommons.org/licenses/by/4.0/legalcode","none","none","none","WGS84","Magnoliopsida","BR","Brazil","","K000965489","16022","","","Serra do Sincorá. By Rio Cumbuca, about 3km. N. of Mucugé on the Andarai road.","","Herbarium",912701068,"http://specimens.kew.org/herbarium/K000965489","","Erskine, C.M.; Renvoize, S.A.; Pinheiro, R.; Brighton, C.A.; Harley, R.M.","K000965489","K","","Field work sponsored by the Royal Botanic Gardens, Kew, and the Academia Brasilieira de Ciências, and carried out with the collaboration of the Centro de Pesquisas do Cacau, Itabuna, Bahia, January-April, 1974","","",850,NA,NA,"",NA,"","","","","","","Label",NA,NA,"","","","","EUPHORBIACEAE","",NA,"","","","",NA,"",NA,"","","","","","brazil",NA,"",NA,NA,NA,"","","",NA,NA,NA,"",-13,-41.38,"original coordinates","original coordinates outside municipality original in  falls in mucuge"
"60","Stillingia uleana",1424513969,-10.333333,-41.333333,"cdround,gass84","4300f8d5-1ae5-49e5-a101-63894b005868","838537fc-4aeb-4980-8b58-97fbdcd1d91a","none","da7fe11a-b42c-46cb-9e9d-02243edb738a","BR","DWC_ARCHIVE","2018-10-02T15:43:11.272+0000","2018-09-24T20:04:20.404+0000",207,"none","PRESERVED_SPECIMEN",3055122,6,7707728,220,1414,4691,3055103,3055122,3055122,"Stillingia uleana Pax & K.Hoffm.","Stillingia uleana Pax & K.Hoffm.","Plantae","Tracheophyta","Malpighiales","Euphorbiaceae","Stillingia","Stillingia uleana","Stillingia","uleana","SPECIES","ACCEPTED","1977-01-01T00:00:00","","",1974,3,6,"1974-03-06T00:00:00","2017-10-19T01:30:46.218+0000","2018-12-06T17:01:09.548+0000","http://creativecommons.org/licenses/by/4.0/legalcode","none","none","none","WGS84","Magnoliopsida","BR","Brazil","Rio de Janeiro Botanical Garden","urn:catalog:JBRJ:RB:98777","16844","RB - Rio de Janeiro Botanical Garden Herbarium Collection","Brasil","22KM. NORTH-WEST OF LAGOINHA (WHICH IS 5.5KM. S.W. OF DELFINO) ON SIDE ROAD TO MINAS DO MIMOSO.","","RB",1424513969,"urn:catalog:JBRJ:RB:98777","PhysicalObject","R.M. HARLEY","RB00098777","JBRJ","","SHRUB TO 1.5M. WITH VISCID WHITE LATEX. LEAVES RATHER FLESHY. FLOWERS YELLOW-GREEN.","A.R. SMITH","RB 197219",980,NA,NA,"",NA,"","","","","","","",NA,NA,"","","","","","",NA,"","","CERRADO, OVER SANDSTONE ROCKS.","",NA,"",NA,"","","","Brasil","","brazil",NA,"",NA,NA,NA,"","","",NA,NA,NA,"",-10.333333,-41.333333,"original coordinates","original coordinates outside municipality original in brasil falls in sento se"
"61","Stillingia uleana",1090412045,-10.333333,-41.333333,"gass84","bc81e05b-ed51-46ba-a0a4-90fbae9b5545","c6aacf9d-a5a7-4d7f-a6fc-ea0a4b8ec450","none","b38ff2b7-c8af-454e-b5af-ee760f0d5bca","BR","DWC_ARCHIVE","2018-11-24T12:33:04.999+0000","2018-11-24T12:33:05.094+0000",122,"none","PRESERVED_SPECIMEN",3055122,6,7707728,220,1414,4691,3055103,3055122,3055122,"Stillingia uleana Pax & K.Hoffm.","Stillingia uleana Pax & K.Hoffm.","Plantae","Tracheophyta","Malpighiales","Euphorbiaceae","Stillingia","Stillingia uleana","Stillingia","uleana","SPECIES","ACCEPTED","none","","Bahia",1974,3,6,"1974-03-06T00:00:00","2018-11-14T18:09:08.000+0000","2018-12-08T04:42:15.636+0000","http://creativecommons.org/licenses/by-nc/4.0/legalcode","none","none","none","WGS84","Magnoliopsida","BR","Brazil","CEPEC - Herbário do Centro de Pesquisas do Cacau","BRA:CEPLAC:CEPEC:0000010157","16844","CEPEC - Herbário do Centro de Pesquisas do Cacau","SENTO SÉ","22Km NW Lagoinha. (5.5Km SW Delfino), Rod. p/ Minas do Mimoso.","pt","CEPEC",1090412045,"BRA:CEPLAC:CEPEC:0000010157","Collection","R. M. Harley","10157","Comissão Executiva do Plano da Lavoura Cacaueira (CEPLAC)","Comissão Executiva do Plano da Lavoura Cacaueira (CEPLAC)","","A. R. Smith","30/12/1977",NA,NA,NA,"",NA,"","","","","","","",NA,NA,"","","","","","",NA,"","","","",NA,"",NA,"","","","SENTO SÉ","Bahia","brazil",3892,"Sento Sé",2930204,-41.658076,-10.134058,"BAHIA","BA","Bahia",-41.72018023,-12.47295682,"Bahia","ba",-10.333333,-41.333333,"original coordinates","original coordinates OK"
"62","Stillingia uleana",1228534120,-10.8339,-52.8731,"gass84","90c853e6-56bd-480b-8e8f-6285c3f8d42b","7b8aff00-a9f8-11d8-944b-b8a03c50a862","none","3b84ff5b-79ce-427c-acb7-b4004e160f66","US","DWC_ARCHIVE","2018-11-22T21:38:13.904+0000","2018-11-22T21:38:14.044+0000",97,"none","PRESERVED_SPECIMEN",3055122,6,7707728,220,1414,4691,3055103,3055122,3055122,"Stillingia uleana Pax & K.Hoffm.","Stillingia uleana Pax & K.Hoffm.","Plantae","Tracheophyta","Malpighiales","Euphorbiaceae","Stillingia","Stillingia uleana","Stillingia","uleana","SPECIES","ACCEPTED","none","SOUTH_AMERICA","",NA,NA,NA,"none","","2018-12-07T20:12:27.916+0000","http://creativecommons.org/publicdomain/zero/1.0/legalcode","none","none","none","WGS84","Magnoliopsida","BR","Brazil","The Field Museum of Natural History","d398e5df-d8cf-482f-a7bc-2b352c3ac4cb","7135","Berlin Negatives","","","en","Botany",1228534120,"d398e5df-d8cf-482f-a7bc-2b352c3ac4cb","PhysicalObject","E. H. G. Ule",NA,"F","F","","","",NA,NA,NA,"",NA,"","","F","","ICBN","","",NA,NA,"Botany","","","South America, BRAZIL","Plantae Spermatophyta Dicotyledoneae Euphorbiaceae","",NA,"","","","",NA,"",238097,"seeds-20-nov-2018","http://fieldmuseum.org/about/copyright-information","HOLOTYPE","","","brazil",NA,"",NA,NA,NA,"","","",NA,NA,NA,"",-10.8339,-52.8731,"original coordinates","original coordinates outside municipality original in  falls in sao jose do xingu"
