"","name","key","decimalLatitude","decimalLongitude","issues","datasetKey","publishingOrgKey","networkKeys","installationKey","publishingCountry","protocol","lastCrawled","lastParsed","crawlId","extensions","basisOfRecord","taxonKey","kingdomKey","phylumKey","classKey","orderKey","familyKey","genusKey","speciesKey","acceptedTaxonKey","scientificName","acceptedScientificName","kingdom","phylum","order","family","genus","species","genericName","specificEpithet","taxonRank","taxonomicStatus","dateIdentified","stateProvince.original","year","month","day","eventDate","modified","lastInterpreted","license","identifiers","facts","relations","geodeticDatum","class","countryCode","country.original","rightsHolder","identifier","recordNumber","datasetName","municipality.original","locality","collectionCode","gbifID","occurrenceID","type","recordedBy","catalogNumber","otherCatalogNumbers","institutionCode","occurrenceRemarks","identifiedBy","language","ownerInstitutionCode","elevation","elevationAccuracy","fieldNotes","continent","references","habitat","nomenclaturalCode","institutionID","verbatimEventDate","endDayOfYear","county","preparations","startDayOfYear","verbatimElevation","collectionID","identificationRemarks","individualCount","nomenclaturalStatus","taxonID","bibliographicCitation","georeferenceSources","coordinateUncertaintyInMeters","georeferenceProtocol","georeferencedDate","higherGeography","organismID","datasetID","accessRights","higherClassification","fieldNumber","municipality","stateProvince","country","FID","NOME","GEOCODIGO","POINT_X","POINT_Y","NOMEUF","SIGLAUF","estados_shp","x_estado","y_estado","nome","sigla","new_Lat","new_Lon","notes","comments"
"1","Macrothumia kuhlmannii",1424465510,-19.441111,-40.425278,"cdround,gass84","4300f8d5-1ae5-49e5-a101-63894b005868","838537fc-4aeb-4980-8b58-97fbdcd1d91a","none","da7fe11a-b42c-46cb-9e9d-02243edb738a","BR","DWC_ARCHIVE","2018-10-02T15:42:38.644+0000","2018-09-24T20:03:52.594+0000",207,"none","PRESERVED_SPECIMEN",3804143,6,7707728,220,1414,6664,7266431,3804143,3804143,"Macrothumia kuhlmannii (Sleumer) M.H.Alford","Macrothumia kuhlmannii (Sleumer) M.H.Alford","Plantae","Tracheophyta","Malpighiales","Salicaceae","Macrothumia","Macrothumia kuhlmannii","Macrothumia","kuhlmannii","SPECIES","ACCEPTED","2013-07-20T00:00:00","Espírito Santo",2013,6,25,"2013-06-25T00:00:00","2017-10-18T17:47:48.943+0000","2018-12-06T17:00:39.299+0000","http://creativecommons.org/licenses/by/4.0/legalcode","none","none","none","WGS84","Magnoliopsida","BR","Brazil","Rio de Janeiro Botanical Garden","urn:catalog:JBRJ:RB:817549","869","RB - Rio de Janeiro Botanical Garden Herbarium Collection","Linhares","Parcela para os estudos do EIA do Mineroduto Morro do Pilar/MG - Linhares/ES.","RB",1424465510,"urn:catalog:JBRJ:RB:817549","PhysicalObject","E.M.Saddi; Joaquim Junior, Vinícius Cysneiros & João Henrique","RB00817549","RB 586662","JBRJ","Árvore com aproximadamente 12m de altura. Presente em mata de encosta no pé de inselbergues. Botões florais esverdeados.","E.M.Saddi","","",NA,NA,"","","","","","","",NA,"","",NA,"","","",NA,"",NA,"","",NA,"","","",NA,"","","",NA,"Linhares","Espírito Santo","brazil",2565,"Linhares",3203205,-40.028138,-19.38214,"ESPIRITO SANTO","ES","Espírito Santo",-40.6681057,-19.57475617,"Espírito Santo","es",-19.441111,-40.425278,"original coordinates","original coordinates OK"
"2","Macrothumia kuhlmannii",1424486578,-19,-40,"gass84","4300f8d5-1ae5-49e5-a101-63894b005868","838537fc-4aeb-4980-8b58-97fbdcd1d91a","none","da7fe11a-b42c-46cb-9e9d-02243edb738a","BR","DWC_ARCHIVE","2018-10-02T15:42:50.845+0000","2018-09-24T20:04:04.024+0000",207,"none","PRESERVED_SPECIMEN",3804143,6,7707728,220,1414,6664,7266431,3804143,3804143,"Macrothumia kuhlmannii (Sleumer) M.H.Alford","Macrothumia kuhlmannii (Sleumer) M.H.Alford","Plantae","Tracheophyta","Malpighiales","Salicaceae","Macrothumia","Macrothumia kuhlmannii","Macrothumia","kuhlmannii","SPECIES","ACCEPTED","none","Espírito Santo",2011,5,7,"2011-05-07T00:00:00","2014-10-17T15:48:02.881+0000","2018-12-06T17:00:53.958+0000","http://creativecommons.org/licenses/by/4.0/legalcode","none","none","none","WGS84","Magnoliopsida","BR","Brazil","Rio de Janeiro Botanical Garden","urn:catalog:JBRJ:RB:866313","4025","RB - Rio de Janeiro Botanical Garden Herbarium Collection","Linhares","Flona de Goytacazes: Trilha para as parcelas do Manoel. Bordo da trilha.","RB",1424486578,"urn:catalog:JBRJ:RB:866313","PhysicalObject","J.M.L. Gomes","RB00866313","RB 602101","JBRJ","Árvore, ca. 8,0 metros de altura","J.M.L. Gomes","","",NA,NA,"","","","","","","",NA,"","",NA,"","","",NA,"",NA,"","",NA,"","","",NA,"","","",NA,"Linhares","Espírito Santo","brazil",2565,"Linhares",3203205,-40.028138,-19.38214,"ESPIRITO SANTO","ES","Espírito Santo",-40.6681057,-19.57475617,"Espírito Santo","es",-19,-40,"original coordinates","original coordinates OK"
"3","Macrothumia kuhlmannii",1424486520,-19,-40,"gass84","4300f8d5-1ae5-49e5-a101-63894b005868","838537fc-4aeb-4980-8b58-97fbdcd1d91a","none","da7fe11a-b42c-46cb-9e9d-02243edb738a","BR","DWC_ARCHIVE","2018-10-02T15:42:50.871+0000","2018-09-24T20:04:04.025+0000",207,"none","PRESERVED_SPECIMEN",3804143,6,7707728,220,1414,6664,7266431,3804143,3804143,"Macrothumia kuhlmannii (Sleumer) M.H.Alford","Macrothumia kuhlmannii (Sleumer) M.H.Alford","Plantae","Tracheophyta","Malpighiales","Salicaceae","Macrothumia","Macrothumia kuhlmannii","Macrothumia","kuhlmannii","SPECIES","ACCEPTED","2010-08-15T00:00:00","Espírito Santo",2010,8,15,"2010-08-15T00:00:00","2014-10-17T15:48:03.204+0000","2018-12-06T17:00:53.933+0000","http://creativecommons.org/licenses/by/4.0/legalcode","none","none","none","WGS84","Magnoliopsida","BR","Brazil","Rio de Janeiro Botanical Garden","urn:catalog:JBRJ:RB:866316","3871","RB - Rio de Janeiro Botanical Garden Herbarium Collection","Linhares","Flona de Goytacazes.","RB",1424486520,"urn:catalog:JBRJ:RB:866316","PhysicalObject","J.M.L. Gomes","RB00866316","RB 602104","JBRJ","Árvore, ca. de 6,0 metros de altura; botões sericeos","J.M.L. Gomes","","",NA,NA,"","","","","","","",NA,"","",NA,"","","",NA,"",NA,"","",NA,"","","",NA,"","","",NA,"Linhares","Espírito Santo","brazil",2565,"Linhares",3203205,-40.028138,-19.38214,"ESPIRITO SANTO","ES","Espírito Santo",-40.6681057,-19.57475617,"Espírito Santo","es",-19,-40,"original coordinates","original coordinates OK"
"4","Macrothumia kuhlmannii",1424486560,-19,-39,"gass84","4300f8d5-1ae5-49e5-a101-63894b005868","838537fc-4aeb-4980-8b58-97fbdcd1d91a","none","da7fe11a-b42c-46cb-9e9d-02243edb738a","BR","DWC_ARCHIVE","2018-10-02T15:42:50.813+0000","2018-09-24T20:04:04.007+0000",207,"none","PRESERVED_SPECIMEN",3804143,6,7707728,220,1414,6664,7266431,3804143,3804143,"Macrothumia kuhlmannii (Sleumer) M.H.Alford","Macrothumia kuhlmannii (Sleumer) M.H.Alford","Plantae","Tracheophyta","Malpighiales","Salicaceae","Macrothumia","Macrothumia kuhlmannii","Macrothumia","kuhlmannii","SPECIES","ACCEPTED","none","Espírito Santo",2010,10,23,"2010-10-23T00:00:00","2015-10-27T12:10:49.996+0000","2018-12-06T17:00:53.985+0000","http://creativecommons.org/licenses/by/4.0/legalcode","none","none","none","WGS84","Magnoliopsida","BR","Brazil","Rio de Janeiro Botanical Garden","urn:catalog:JBRJ:RB:866314","912","RB - Rio de Janeiro Botanical Garden Herbarium Collection","Linhares","Reserva Natural Vale: Estrada Jacarandá.","RB",1424486560,"urn:catalog:JBRJ:RB:866314","PhysicalObject","T.B. Flores; G. Siqueira","RB00866314","RB 602102","JBRJ","Árvore, ca. de 8,0 metros de altura; flores amarelas","","","",NA,NA,"","","","","","","",NA,"","",NA,"","","",NA,"",NA,"","",NA,"","","",NA,"","","",NA,"Linhares","Espírito Santo","brazil",2565,"Linhares",3203205,-40.028138,-19.38214,"ESPIRITO SANTO","ES","Espírito Santo",-40.6681057,-19.57475617,"Espírito Santo","es",-19,-39,"original coordinates","original coordinates outside Brazil"
"5","Macrothumia kuhlmannii",1099312728,-19.119111,-39.944472,"gass84,txmatfuz","e153bbae-f9cd-46a6-a4dd-db74983c7075","3046e6a6-6218-4880-9544-98f6c6ace34a","none","b38ff2b7-c8af-454e-b5af-ee760f0d5bca","BR","DWC_ARCHIVE","2018-11-14T17:15:47.153+0000","2017-12-16T12:23:59.943+0000",146,"none","PRESERVED_SPECIMEN",3804143,6,7707728,220,1414,6664,7266431,3804143,3804143,"Macrothumia kuhlmannii (Sleumer) M.H.Alford","Macrothumia kuhlmannii (Sleumer) M.H.Alford","Plantae","Tracheophyta","Malpighiales","Salicaceae","Macrothumia","Macrothumia kuhlmannii","Macrothumia","kuhlmannii","SPECIES","ACCEPTED","none","Espírito Santo",2010,10,23,"2010-10-23T00:00:00","","2018-07-07T09:20:42.641+0000","http://creativecommons.org/licenses/by-nc/4.0/legalcode","none","none","none","WGS84","Magnoliopsida","BR","Brazil","HPL - Herbário do Jardim Botânico Plantarum","BRA:JBP:HPL:0000012726","912","HPL - Herbário do Jardim Botânico Plantarum","Linhares","Reserva Natural Vale - Estrada Jacarandá.","HPL",1099312728,"BRA:JBP:HPL:0000012726","Collection","T.B. Flores & G. Siqueira","12726","","Instituto Plantarum de Estudos da Flora Ltda (HPL)","","","pt","Instituto Plantarum de Estudos da Flora Ltda (HPL)",NA,NA,"","","","","","","",NA,"","",NA,"","","",NA,"",NA,"","",NA,"","","",NA,"","","",NA,"Linhares","Espírito Santo","brazil",2565,"Linhares",3203205,-40.028138,-19.38214,"ESPIRITO SANTO","ES","Espírito Santo",-40.6681057,-19.57475617,"Espírito Santo","es",-19.119111,-39.944472,"original coordinates","original coordinates OK"
"6","Macrothumia kuhlmannii",1844430430,-20.181111,-40.3075,"gass84","4d0fa690-1551-46f0-9a22-acfec0e00dd0","503e9b26-09b5-4c40-b42a-bb476319a8ad","none","b38ff2b7-c8af-454e-b5af-ee760f0d5bca","BR","DWC_ARCHIVE","2018-11-14T17:17:06.582+0000","2018-10-09T15:48:59.918+0000",142,"none","PRESERVED_SPECIMEN",3804143,6,7707728,220,1414,6664,7266431,3804143,3804143,"Macrothumia kuhlmannii (Sleumer) M.H.Alford","Macrothumia kuhlmannii (Sleumer) M.H.Alford","Plantae","Tracheophyta","Malpighiales","Salicaceae","Macrothumia","Macrothumia kuhlmannii","Macrothumia","kuhlmannii","SPECIES","ACCEPTED","2010-11-12T00:00:00","Espírito Santo",2010,11,12,"2010-11-12T00:00:00","2018-10-03T13:56:21.000+0000","2018-12-10T07:12:51.690+0000","http://creativecommons.org/licenses/by-nc/4.0/legalcode","none","none","none","WGS84","Magnoliopsida","BR","Brazil","VIES - Herbário Central da Universidade Federal do Espírito Santo VIES","BRA:UFES:VIES:0000023982","82","VIES - Herbário Central da Universidade Federal do Espírito Santo VIES","Serra","Vertente sudeste. Acesso pelo Bairro Jardim Tropical (Trilha de FURNAS). APA Mestre Álvaro","VIES",1844430430,"BRA:UFES:VIES:0000023982","Collection","Cribari, R.S.; Assis, A.M. & Santos, R.","23982","","UFES","","Assis, A.M.","pt","Universidade Federal do Espírito Santo, UFES",250,0,"","","","","","","",NA,"","",NA,"","","",NA,"",NA,"","",NA,"","","",NA,"","","",NA,"Serra","Espírito Santo","brazil",2378,"Serra",3205002,-40.302135,-20.127728,"ESPIRITO SANTO","ES","Espírito Santo",-40.6681057,-19.57475617,"Espírito Santo","es",-20.181111,-40.3075,"original coordinates","original coordinates OK"
"7","Macrothumia kuhlmannii",1424486521,-19,-40,"gass84","4300f8d5-1ae5-49e5-a101-63894b005868","838537fc-4aeb-4980-8b58-97fbdcd1d91a","none","da7fe11a-b42c-46cb-9e9d-02243edb738a","BR","DWC_ARCHIVE","2018-10-02T15:42:50.817+0000","2018-09-24T20:04:03.979+0000",207,"none","PRESERVED_SPECIMEN",3804143,6,7707728,220,1414,6664,7266431,3804143,3804143,"Macrothumia kuhlmannii (Sleumer) M.H.Alford","Macrothumia kuhlmannii (Sleumer) M.H.Alford","Plantae","Tracheophyta","Malpighiales","Salicaceae","Macrothumia","Macrothumia kuhlmannii","Macrothumia","kuhlmannii","SPECIES","ACCEPTED","none","Espírito Santo",2010,12,11,"2010-12-11T00:00:00","2014-10-17T15:48:02.560+0000","2018-12-06T17:00:53.940+0000","http://creativecommons.org/licenses/by/4.0/legalcode","none","none","none","WGS84","Magnoliopsida","BR","Brazil","Rio de Janeiro Botanical Garden","urn:catalog:JBRJ:RB:866312","3831","RB - Rio de Janeiro Botanical Garden Herbarium Collection","Linhares","Flona de Goytacazes.","RB",1424486521,"urn:catalog:JBRJ:RB:866312","PhysicalObject","J.M.L. Gomes","RB00866312","RB 602100","JBRJ","Folhas com nervuras curvinérveas","J.M.L. Gomes","","",NA,NA,"","","","","","","",NA,"","",NA,"","","",NA,"",NA,"","",NA,"","","",NA,"","","",NA,"Linhares","Espírito Santo","brazil",2565,"Linhares",3203205,-40.028138,-19.38214,"ESPIRITO SANTO","ES","Espírito Santo",-40.6681057,-19.57475617,"Espírito Santo","es",-19,-40,"original coordinates","original coordinates OK"
"8","Macrothumia kuhlmannii",1424430159,-14.131944,-39.754167,"cdround,gass84","4300f8d5-1ae5-49e5-a101-63894b005868","838537fc-4aeb-4980-8b58-97fbdcd1d91a","none","da7fe11a-b42c-46cb-9e9d-02243edb738a","BR","DWC_ARCHIVE","2018-10-02T15:42:18.352+0000","2018-09-24T20:03:34.269+0000",207,"none","PRESERVED_SPECIMEN",3804143,6,7707728,220,1414,6664,7266431,3804143,3804143,"Macrothumia kuhlmannii (Sleumer) M.H.Alford","Macrothumia kuhlmannii (Sleumer) M.H.Alford","Plantae","Tracheophyta","Malpighiales","Salicaceae","Macrothumia","Macrothumia kuhlmannii","Macrothumia","kuhlmannii","SPECIES","ACCEPTED","none","Bahia",2010,12,6,"2010-12-06T00:00:00","","2018-12-06T17:00:18.246+0000","http://creativecommons.org/licenses/by/4.0/legalcode","none","none","none","WGS84","Magnoliopsida","BR","Brazil","Rio de Janeiro Botanical Garden","urn:catalog:JBRJ:RB:739043","14","RB - Rio de Janeiro Botanical Garden Herbarium Collection","Ipiaú","Ipiau-Itajibá, entrada a a esquerda ca. De 1,5 Km de Ipiau, Fazenda Bom Sucesso, área limítrofe com a mineradora Mirabela.","RB",1424430159,"urn:catalog:JBRJ:RB:739043","PhysicalObject","T. Araújo; L. Daneu & P. Fiaschi","RB00739043","RB 560812","JBRJ","Frutos imaturos, verdes, com estrias longitudinais esverdeadas.","Ronalado Marquete","","",NA,NA,"Mata no alto do morro.","","","","","","",NA,"","",NA,"","","",NA,"",NA,"","",NA,"","","",NA,"","","",NA,"Ipiaú","Bahia","brazil",3340,"Ipiaú",2913903,-39.723606,-14.060579,"BAHIA","BA","Bahia",-41.72018023,-12.47295682,"Bahia","ba",-14.131944,-39.754167,"original coordinates","original coordinates OK"
"9","Macrothumia kuhlmannii",1094839108,-13.296111,-42.243611,"gass84,iddatunl","2e684fd6-09e2-4661-910a-0a188b610c04","60545be9-4f28-4245-b4b4-07635c8dfa54","none","b38ff2b7-c8af-454e-b5af-ee760f0d5bca","BR","DWC_ARCHIVE","2018-11-14T17:19:04.065+0000","2018-09-10T18:26:52.895+0000",124,"none","PRESERVED_SPECIMEN",3804143,6,7707728,220,1414,6664,7266431,3804143,3804143,"Macrothumia kuhlmannii (Sleumer) M.H.Alford","Macrothumia kuhlmannii (Sleumer) M.H.Alford","Plantae","Tracheophyta","Malpighiales","Salicaceae","Macrothumia","Macrothumia kuhlmannii","Macrothumia","kuhlmannii","SPECIES","ACCEPTED","2017-08-01T00:00:00","Bahia",2007,7,4,"2007-07-04T00:00:00","","2018-09-10T18:27:08.353+0000","http://creativecommons.org/licenses/by-nc/4.0/legalcode","none","none","none","WGS84","Magnoliopsida","BR","Brazil","HUEFS - Herbario da Universidade Estadual de Feira de Santana","BRA:UEFS:HUEFS:0000121563","2318","HUEFS - Herbario da Universidade Estadual de Feira de Santana","Caturama","Estrada para Caieiras, entrocamento para Mateus.","HUEFS",1094839108,"BRA:UEFS:HUEFS:0000121563","Collection","Conceição, A.A.","121563","","UEFS","Caatinga arbórea.","F.A.A.Nepomuceno","pt","Universidade Estadual de Feira de Santana (UEFS)",600,0,"","","","","","","",NA,"","",NA,"","","",NA,"",NA,"","",NA,"","","",NA,"","","",NA,"Caturama","Bahia","brazil",3430,"Caturama",2907558,-42.318196,-13.231552,"BAHIA","BA","Bahia",-41.72018023,-12.47295682,"Bahia","ba",-13.296111,-42.243611,"original coordinates","original coordinates OK"
"10","Macrothumia kuhlmannii",1090500482,-15.173611,-39.341667,"gass84","bc81e05b-ed51-46ba-a0a4-90fbae9b5545","c6aacf9d-a5a7-4d7f-a6fc-ea0a4b8ec450","none","b38ff2b7-c8af-454e-b5af-ee760f0d5bca","BR","DWC_ARCHIVE","2018-11-24T12:34:20.638+0000","2018-11-24T12:34:20.652+0000",122,"none","PRESERVED_SPECIMEN",3804143,6,7707728,220,1414,6664,7266431,3804143,3804143,"Macrothumia kuhlmannii (Sleumer) M.H.Alford","Macrothumia kuhlmannii (Sleumer) M.H.Alford","Plantae","Tracheophyta","Malpighiales","Salicaceae","Macrothumia","Macrothumia kuhlmannii","Macrothumia","kuhlmannii","SPECIES","ACCEPTED","none","Bahia",2006,2,15,"2006-02-15T00:00:00","2018-11-14T14:31:57.000+0000","2018-12-08T04:42:53.615+0000","http://creativecommons.org/licenses/by-nc/4.0/legalcode","none","none","none","WGS84","Magnoliopsida","BR","Brazil","CEPEC - Herbário do Centro de Pesquisas do Cacau","BRA:CEPLAC:CEPEC:0000109862","561","CEPEC - Herbário do Centro de Pesquisas do Cacau","arataca","Serra do Peito-de-Moça - Serra das Lontras. Estrada Arataca-Una, ramal 22,4 km de Arataca, assentamento Sto. Antônio. RPPN ""Caminho das Pedras"".","CEPEC",1090500482,"BRA:CEPLAC:CEPEC:0000109862","Collection","Lopes, M. M. M.","109862","","Comissão Executiva do Plano da Lavoura Cacaueira (CEPLAC)","Coletada no meio da serra.","Sem Informação","pt","Comissão Executiva do Plano da Lavoura Cacaueira (CEPLAC)",1000,0,"","","","","","","",NA,"","",NA,"","","",NA,"",NA,"","",NA,"","","",NA,"","","",NA,"arataca","Bahia","brazil",3183,"Arataca",2902252,-39.412334,-15.243448,"BAHIA","BA","Bahia",-41.72018023,-12.47295682,"Bahia","ba",-15.173611,-39.341667,"original coordinates","original coordinates OK"
"11","Macrothumia kuhlmannii",1090576350,-20.8083,-42.0297,"gass84","1064b787-c882-493e-b17d-4ffba363b776","c47cd3b0-2178-4a4b-87a6-740b482970a9","none","b38ff2b7-c8af-454e-b5af-ee760f0d5bca","BR","DWC_ARCHIVE","2018-11-23T18:20:27.715+0000","2018-09-24T19:21:10.425+0000",129,"none","PRESERVED_SPECIMEN",3879738,6,7707728,220,1414,6664,7266431,3804143,3804143,"Banara kuhlmannii (H.Sleum.) H.Sleum.","Macrothumia kuhlmannii (Sleumer) M.H.Alford","Plantae","Tracheophyta","Malpighiales","Salicaceae","Macrothumia","Macrothumia kuhlmannii","Banara","kuhlmannii","SPECIES","SYNONYM","2006-11-24T00:00:00","Minas Gerais",2006,11,24,"2006-11-24T00:00:00","2018-08-07T17:36:17.000+0000","2018-12-08T04:43:28.080+0000","http://creativecommons.org/licenses/by-nc/4.0/legalcode","none","none","none","WGS84","Magnoliopsida","BR","Brazil","IAC - Herbário do Instituto Agronômico de Campinas","BRA:IAC:IAC:0000049509","676","IAC - Herbário do Instituto Agronômico de Campinas","Faria Lemos","Fazenda Fortaleza","IAC",1090576350,"BRA:IAC:IAC:0000049509","Collection","E.J. Lucas; F.F. Mazine-Capelo; L.S. Leoni; N.A. Brummitt; O.R. Campos; T.B. Flores L.V.S.; Jennings & D. Sampaio","49509","","IAC","Coordenadas medidas: 20º31`78""S; 42º7`97""W; 730m de altitude.&nf;Material prensado em álcool.","E.J. Lucas et al.","pt","Instituto Agronômico de Campinas, IAC",NA,NA,"","","","","","","",NA,"","",NA,"","","",NA,"",NA,"","",NA,"","","",NA,"","","",NA,"Faria Lemos","Minas Gerais","brazil",2156,"Faria Lemos",3125309,-42.037539,-20.780967,"MINAS GERAIS","MG","Minas Gerais",-44.67333254,-18.45539008,"Minas Gerais","mg",-20.8083,-42.0297,"original coordinates","original coordinates OK"
"12","Macrothumia kuhlmannii",1087532369,-13.944722,-41.058333,"gass84","d031156d-6ff8-4eb5-b91a-a50861e98be9","3a2b60a6-5c60-413a-8bff-a9740e774c09","none","b38ff2b7-c8af-454e-b5af-ee760f0d5bca","BR","DWC_ARCHIVE","2018-11-24T12:31:31.264+0000","2018-11-24T12:31:31.344+0000",126,"none","PRESERVED_SPECIMEN",3879738,6,7707728,220,1414,6664,7266431,3804143,3804143,"Banara kuhlmannii (H.Sleum.) H.Sleum.","Macrothumia kuhlmannii (Sleumer) M.H.Alford","Plantae","Tracheophyta","Malpighiales","Salicaceae","Macrothumia","Macrothumia kuhlmannii","Banara","kuhlmannii","SPECIES","SYNONYM","2005-11-01T00:00:00","Bahia",2004,12,9,"2004-12-09T00:00:00","2018-11-22T19:52:23.000+0000","2018-12-08T13:05:00.099+0000","http://creativecommons.org/licenses/by-nc/4.0/legalcode","none","none","none","WGS84","Magnoliopsida","BR","Brazil","HUESB - Herbário da Universidade Estadual do Sudoeste da Bahia","BRA:UESB:HUESB:0000001699","1645","HUESB - Herbário da Universidade Estadual do Sudoeste da Bahia","Jequié","Fazenda Brejo Novo., Fazenda Brejo Novo, a 10,5 Km da Av. Otávio Mangabeira entrando pela Av. Exupério Miranda no Bairro do Mandacarú.","HUESB",1087532369,"BRA:UESB:HUESB:0000001699","Collection","Macedo, G.E.L.; Paixão, J.L.; Paixão, J.L.","1699","","UESB","Localizado em solo areno argiloso-pedregoso. Habitat:Terrestre no interior da mata. Ind. 2252. Parcela 47.; Árvore de 8,0 m. Folhas novas com glândulas na base.; Floresta Estacional (Mata de Cipó) em zona de transição. ; HA","I.Cordeiro","pt","Universidade Estadual do Sudoeste da Bahia (UESB)",736,0,"","","","","","","",NA,"","",NA,"","","",NA,"",NA,"","",NA,"","","",NA,"","","",NA,"Jequié","Bahia","brazil",3357,"Jequié",2918001,-40.159646,-13.871669,"BAHIA","BA","Bahia",-41.72018023,-12.47295682,"Bahia","ba",-13.944722,-41.058333,"original coordinates","original coordinates outside municipality original in jequie falls in contendas do sincora"
"13","Macrothumia kuhlmannii",1087532418,-13.944722,-41.058333,"gass84","d031156d-6ff8-4eb5-b91a-a50861e98be9","3a2b60a6-5c60-413a-8bff-a9740e774c09","none","b38ff2b7-c8af-454e-b5af-ee760f0d5bca","BR","DWC_ARCHIVE","2018-11-24T12:31:31.340+0000","2018-11-24T12:31:31.433+0000",126,"none","PRESERVED_SPECIMEN",3879738,6,7707728,220,1414,6664,7266431,3804143,3804143,"Banara kuhlmannii (H.Sleum.) H.Sleum.","Macrothumia kuhlmannii (Sleumer) M.H.Alford","Plantae","Tracheophyta","Malpighiales","Salicaceae","Macrothumia","Macrothumia kuhlmannii","Banara","kuhlmannii","SPECIES","SYNONYM","2005-11-01T00:00:00","Bahia",2003,11,22,"2003-11-22T00:00:00","2018-11-22T19:52:23.000+0000","2018-12-08T13:05:00.126+0000","http://creativecommons.org/licenses/by-nc/4.0/legalcode","none","none","none","WGS84","Magnoliopsida","BR","Brazil","HUESB - Herbário da Universidade Estadual do Sudoeste da Bahia","BRA:UESB:HUESB:0000001727","381","HUESB - Herbário da Universidade Estadual do Sudoeste da Bahia","Jequié","Fazenda Brejo Novo., Fazenda Brejo Novo, a 10,5 Km da Av. Otávio Mangabeira entrando pela Av. Exupério Miranda no Bairro do Mandacarú.","HUESB",1087532418,"BRA:UESB:HUESB:0000001727","Collection","Macedo, G.E.L.; A.F. Souza, MF Souza; N. Souza.; A.F. Souza, MF Souza; N. Souza.","1727","","UESB","Localizado em solo areno argiloso-pedregoso. Habitat:Terrestre na borda da mata.; Árvore. Folhas alternas, dísticas, membranáceas, pilosa na parte abaxial e pecíolo. Frutos pequenos.; Floresta Estacional (Mata de Cipó) em zona de transição. ; HA","I.Cordeiro","pt","Universidade Estadual do Sudoeste da Bahia (UESB)",683.5,66.5,"","","","","","","",NA,"","",NA,"","","",NA,"",NA,"","",NA,"","","",NA,"","","",NA,"Jequié","Bahia","brazil",3357,"Jequié",2918001,-40.159646,-13.871669,"BAHIA","BA","Bahia",-41.72018023,-12.47295682,"Bahia","ba",-13.944722,-41.058333,"original coordinates","original coordinates outside municipality original in jequie falls in contendas do sincora"
"14","Macrothumia kuhlmannii",1090569385,-20.8083,-42.0297,"gass84","1064b787-c882-493e-b17d-4ffba363b776","c47cd3b0-2178-4a4b-87a6-740b482970a9","none","b38ff2b7-c8af-454e-b5af-ee760f0d5bca","BR","DWC_ARCHIVE","2018-11-23T18:20:23.244+0000","2017-12-29T14:14:12.336+0000",129,"none","PRESERVED_SPECIMEN",3879738,6,7707728,220,1414,6664,7266431,3804143,3804143,"Banara kuhlmannii (H.Sleum.) H.Sleum.","Macrothumia kuhlmannii (Sleumer) M.H.Alford","Plantae","Tracheophyta","Malpighiales","Salicaceae","Macrothumia","Macrothumia kuhlmannii","Banara","kuhlmannii","SPECIES","SYNONYM","2002-10-15T00:00:00","Minas Gerais",2002,8,15,"2002-08-15T00:00:00","2017-08-10T17:08:43.000+0000","2018-12-08T04:43:24.749+0000","http://creativecommons.org/licenses/by-nc/4.0/legalcode","none","none","none","WGS84","Magnoliopsida","BR","Brazil","IAC - Herbário do Instituto Agronômico de Campinas","BRA:IAC:IAC:0000042505","5116","IAC - Herbário do Instituto Agronômico de Campinas","Faria Lemos","Fazenda Santa Rita","IAC",1090569385,"BRA:IAC:IAC:0000042505","Collection","L.S. Leoni & Ademar E. Silva","42505","","IAC","","R.B. Torres","pt","Instituto Agronômico de Campinas, IAC",NA,NA,"","","","","","","",NA,"","",NA,"","","",NA,"",NA,"","",NA,"","","",NA,"","","",NA,"Faria Lemos","Minas Gerais","brazil",2156,"Faria Lemos",3125309,-42.037539,-20.780967,"MINAS GERAIS","MG","Minas Gerais",-44.67333254,-18.45539008,"Minas Gerais","mg",-20.8083,-42.0297,"original coordinates","original coordinates OK"
"15","Macrothumia kuhlmannii",1928957785,-14.6,-39.27,"gass84","d415c253-4d61-4459-9d25-4015b9084fb0","ae447c50-b8a8-11d8-92a4-b8a03c50a862","none","17017c2c-036b-45d9-b045-606d21b00771","US","DWC_ARCHIVE","2018-11-18T14:53:21.539+0000","2018-11-18T14:53:21.556+0000",96,"none","PRESERVED_SPECIMEN",3804143,6,7707728,220,1414,6664,7266431,3804143,3804143,"Macrothumia kuhlmannii (Sleumer) M.H.Alford","Macrothumia kuhlmannii (Sleumer) M.H.Alford","Plantae","Tracheophyta","Malpighiales","Salicaceae","Macrothumia","Macrothumia kuhlmannii","Macrothumia","kuhlmannii","SPECIES","ACCEPTED","none","Bahia",2002,11,4,"2002-11-04T00:00:00","","2018-12-08T19:30:36.486+0000","http://creativecommons.org/publicdomain/zero/1.0/legalcode","none","none","none","WGS84","Magnoliopsida","BR","Brazil","The New York Botanical Garden","542d14eb-7177-4cdb-a418-9295da6428dc","13306","Vascular plants","","Uruçuca, Escola Média de Agropecuária Regional da CEPLAC (EMARC), Reserva Florestal Gregorio Bondar","NY",1928957785,"542d14eb-7177-4cdb-a418-9295da6428dc","PhysicalObject","W. W. Thomas","01807037","","NY","","P. Fiaschi","en","",0,0,"","SOUTH_AMERICA","http://sweetgum.nybg.org/science/vh/specimen_details.php?irn=358346","Disturbed Southern Atlantic Wet Forest with cacau","ICN","http://biocol.org/urn:lsid:biocol.org:col:15556","04 Nov 2002",308,"Uruçuca","sheet",308,"","http://biocol.org/urn:lsid:biocol.org:col:15556","[Determination from SpeciesLink (CEPLAC), Jun. 2015];+dups in CR / ! R. Liesner, 2015 [det. at MO]",NA,"",NA,"","",NA,"","","",NA,"","","",NA,"","Bahia","brazil",NA,"",NA,NA,NA,"","","Bahia",-41.72018023,-12.47295682,"Bahia","ba",-14.6,-39.27,"original coordinates","original coordinates outside municipality original in  falls in urucuca"
"16","Macrothumia kuhlmannii",1094904022,-14.6,-39.266667,"gass84,iddatunl","2e684fd6-09e2-4661-910a-0a188b610c04","60545be9-4f28-4245-b4b4-07635c8dfa54","none","b38ff2b7-c8af-454e-b5af-ee760f0d5bca","BR","DWC_ARCHIVE","2018-11-14T17:19:45.005+0000","2018-09-10T18:27:27.515+0000",124,"none","PRESERVED_SPECIMEN",3804143,6,7707728,220,1414,6664,7266431,3804143,3804143,"Macrothumia kuhlmannii (Sleumer) M.H.Alford","Macrothumia kuhlmannii (Sleumer) M.H.Alford","Plantae","Tracheophyta","Malpighiales","Salicaceae","Macrothumia","Macrothumia kuhlmannii","Macrothumia","kuhlmannii","SPECIES","ACCEPTED","2017-08-01T00:00:00","Bahia",2002,11,4,"2002-11-04T00:00:00","","2018-09-10T18:27:53.361+0000","http://creativecommons.org/licenses/by-nc/4.0/legalcode","none","none","none","WGS84","Magnoliopsida","BR","Brazil","HUEFS - Herbario da Universidade Estadual de Feira de Santana","BRA:UEFS:HUEFS:0000187084","CEPEC13306","HUEFS - Herbario da Universidade Estadual de Feira de Santana","Uruçuca","Escola Média de Agropecuária Regional da CEPLAC (EMARC), Reserva Florestal Gregório Bondar.","HUEFS",1094904022,"BRA:UEFS:HUEFS:0000187084","Collection","Thomas, W.W.","187084","","UEFS","","F.A.A.Nepomuceno","pt","Universidade Estadual de Feira de Santana (UEFS)",NA,NA,"","","","","","","",NA,"","",NA,"","","",NA,"",NA,"","",NA,"","","",NA,"","","",NA,"Uruçuca","Bahia","brazil",3281,"Uruçuca",2932705,-39.232321,-14.527691,"BAHIA","BA","Bahia",-41.72018023,-12.47295682,"Bahia","ba",-14.6,-39.266667,"original coordinates","original coordinates OK"
"17","Macrothumia kuhlmannii",1258164764,-14.6,-39.266667,"cdround,gass84,iddatunl","7bd65a7a-f762-11e1-a439-00145eb45e9a","90fd6680-349f-11d8-aa2d-b8a03c50a862","none","c4e134d3-c68f-406d-a116-6a37895602e0","US","DWC_ARCHIVE","2018-06-20T07:54:40.820+0000","2016-03-21T14:32:19.927+0000",28,"none","PRESERVED_SPECIMEN",3804143,6,7707728,220,1414,6664,7266431,3804143,3804143,"Macrothumia kuhlmannii (Sleumer) M.H.Alford","Macrothumia kuhlmannii (Sleumer) M.H.Alford","Plantae","Tracheophyta","Malpighiales","Salicaceae","Macrothumia","Macrothumia kuhlmannii","Macrothumia","kuhlmannii","SPECIES","ACCEPTED","2015-01-01T00:00:00","Bahia",2002,11,4,"2002-11-04T00:00:00","2015-08-20T14:25:00.000+0000","2018-07-07T19:44:10.321+0000","http://creativecommons.org/licenses/by/4.0/legalcode","none","none","none","WGS84","Magnoliopsida","BR","Brazil","Missouri Botanical Garden","urn:catalog:MO:Tropicos:100837723","Thomas 13306","Tropicos","","Uruçuca, Escola Média de Agropecuária Regional da CEPLAC (EMARC), Reserva Florestal Gregorio Bondar.","MO",1258164764,"urn:catalog:MO:Tropicos:100837723","PhysicalObject","W. Wayt Thomas|M.R. Barbosa|Talmon S. dos Santos|J. Lima Paixão","100837723","","MO","","(1 st Fl. at  MO) R.Liesner(MO)","","MOBOT",NA,NA,"","SOUTH_AMERICA","","","ICNafp","","",NA,"Uruçuca","",NA,"","http://biocol.org/urn:lsid:biocol.org:col:15859","",1,"No opinion",50302712,"http://www.tropicos.org/Specimen/100837723","",NA,"","","",NA,"","","",NA,"","Bahia","brazil",NA,"",NA,NA,NA,"","","Bahia",-41.72018023,-12.47295682,"Bahia","ba",-14.6,-39.266667,"original coordinates","original coordinates outside municipality original in  falls in urucuca"
"18","Macrothumia kuhlmannii",1424429908,-14.781944,-39.069167,"cdround,gass84","4300f8d5-1ae5-49e5-a101-63894b005868","838537fc-4aeb-4980-8b58-97fbdcd1d91a","none","da7fe11a-b42c-46cb-9e9d-02243edb738a","BR","DWC_ARCHIVE","2018-10-02T15:42:18.175+0000","2018-09-24T20:03:34.153+0000",207,"none","PRESERVED_SPECIMEN",3804143,6,7707728,220,1414,6664,7266431,3804143,3804143,"Macrothumia kuhlmannii (Sleumer) M.H.Alford","Macrothumia kuhlmannii (Sleumer) M.H.Alford","Plantae","Tracheophyta","Malpighiales","Salicaceae","Macrothumia","Macrothumia kuhlmannii","Macrothumia","kuhlmannii","SPECIES","ACCEPTED","2017-03-17T00:00:00","Bahia",2001,1,2,"2001-01-02T00:00:00","2017-03-21T12:37:23.383+0000","2018-12-06T17:00:17.907+0000","http://creativecommons.org/licenses/by/4.0/legalcode","none","none","none","WGS84","Magnoliopsida","BR","Brazil","Rio de Janeiro Botanical Garden","urn:catalog:JBRJ:RB:738762","3170","RB - Rio de Janeiro Botanical Garden Herbarium Collection","Ilhéus","APA municipal Mata da Esperança. Ca. 3 Km ao N do Terminal Rodoviário.","RB",1424429908,"urn:catalog:JBRJ:RB:738762","PhysicalObject","J.G. Jardim; H.S. Brito","RB00738762","RB 560552","JBRJ","Árvore ca. 26 m alt. (Arv. No. 1097, Parcela 28). Folhas verde-brilhantes com a face inferior mais clara. Flores com pétalas e estames esverdeados, visitadas por abelhas. Flores em álcool 70%","F.A.A. Nepomuceno","","",NA,NA,"Mata Higrófila Sul Baiana","","","","","","",NA,"","",NA,"","","",NA,"",NA,"","",NA,"","","",NA,"","","",NA,"Ilhéus","Bahia","brazil",3250,"Ilhéus",2913606,-39.190761,-14.766458,"BAHIA","BA","Bahia",-41.72018023,-12.47295682,"Bahia","ba",-14.781944,-39.069167,"original coordinates","original coordinates OK"
"19","Macrothumia kuhlmannii",1094177924,-14.726944,-39.164167,"gass84","fffdea53-c113-4cdc-896e-a9c5fd726591","1c72778c-05de-4f31-b83a-ff541ce5dff7","none","b38ff2b7-c8af-454e-b5af-ee760f0d5bca","BR","DWC_ARCHIVE","2018-11-24T12:32:27.112+0000","2018-09-25T15:14:49.623+0000",81,"none","PRESERVED_SPECIMEN",3879738,6,7707728,220,1414,6664,7266431,3804143,3804143,"Banara kuhlmannii (H.Sleum.) H.Sleum.","Macrothumia kuhlmannii (Sleumer) M.H.Alford","Plantae","Tracheophyta","Malpighiales","Salicaceae","Macrothumia","Macrothumia kuhlmannii","Banara","kuhlmannii","SPECIES","SYNONYM","none","Bahia",2001,1,31,"2001-01-31T00:00:00","2018-08-22T12:18:01.000+0000","2018-12-09T06:20:47.466+0000","http://creativecommons.org/licenses/by-nc/4.0/legalcode","none","none","none","WGS84","Magnoliopsida","BR","Brazil","UESC - Herbário Universidade Estadual de Santa Cruz","BRA:UESC:UESC:0000017248","1145","UESC - Herbário Universidade Estadual de Santa Cruz","Ilhéus","","UESC",1094177924,"BRA:UESC:UESC:0000017248","Collection","R.H.R.Sambuichi","17248","","UESC","Floresta higrófila raleada sobre plantação de cacau, cabruca.; Árvore DAP 29,6 cm.","","pt","Universidade Estadual de Santa Cruz (UESC)",NA,NA,"","","","","","","",NA,"","",NA,"","","",NA,"",NA,"","",NA,"","","",NA,"","","",NA,"Ilhéus","Bahia","brazil",3250,"Ilhéus",2913606,-39.190761,-14.766458,"BAHIA","BA","Bahia",-41.72018023,-12.47295682,"Bahia","ba",-14.726944,-39.164167,"original coordinates","original coordinates OK"
"20","Macrothumia kuhlmannii",1260446038,-15.15638,-39.52916,"gass84","7bd65a7a-f762-11e1-a439-00145eb45e9a","90fd6680-349f-11d8-aa2d-b8a03c50a862","none","c4e134d3-c68f-406d-a116-6a37895602e0","US","DWC_ARCHIVE","2018-06-20T08:02:28.599+0000","2016-03-21T16:00:27.124+0000",28,"none","PRESERVED_SPECIMEN",3804143,6,7707728,220,1414,6664,7266431,3804143,3804143,"Macrothumia kuhlmannii (Sleumer) M.H.Alford","Macrothumia kuhlmannii (Sleumer) M.H.Alford","Plantae","Tracheophyta","Malpighiales","Salicaceae","Macrothumia","Macrothumia kuhlmannii","Macrothumia","kuhlmannii","SPECIES","ACCEPTED","2003-01-01T00:00:00","Bahia",2001,10,20,"2001-10-20T00:00:00","2008-05-27T22:02:00.000+0000","2018-12-09T00:35:53.904+0000","http://creativecommons.org/licenses/by/4.0/legalcode","none","none","none","WGS84","Magnoliopsida","BR","Brazil","Missouri Botanical Garden","urn:catalog:MO:Tropicos:3067524","Thomas 12530","Tropicos","","Mun. Jussari: Serra do Teimoso, 7.5 km N of Jussari on road to Palmira, then 2 km W to RPPN Serra do Teimoso. Southern Bahian moist forest transitional to semi-deciduous forest.","MO",1260446038,"urn:catalog:MO:Tropicos:3067524","PhysicalObject","W. Wayt Thomas","3067524","","MO","","Mac H Alford (BH)","","MOBOT",350,NA,"","SOUTH_AMERICA","","","ICNafp","","",NA,"","",NA,"","http://biocol.org/urn:lsid:biocol.org:col:15859","",NA,"No opinion",50302712,"http://www.tropicos.org/Specimen/3067524","",NA,"","","",NA,"","","",NA,"","Bahia","brazil",NA,"",NA,NA,NA,"","","Bahia",-41.72018023,-12.47295682,"Bahia","ba",-15.15638,-39.52916,"original coordinates","original coordinates outside municipality original in  falls in jussari"
"21","Macrothumia kuhlmannii",1094903994,-15.15,-39.516667,"gass84,iddatunl","2e684fd6-09e2-4661-910a-0a188b610c04","60545be9-4f28-4245-b4b4-07635c8dfa54","none","b38ff2b7-c8af-454e-b5af-ee760f0d5bca","BR","DWC_ARCHIVE","2018-11-14T17:19:45.040+0000","2018-09-10T18:27:27.507+0000",124,"none","PRESERVED_SPECIMEN",3804143,6,7707728,220,1414,6664,7266431,3804143,3804143,"Macrothumia kuhlmannii (Sleumer) M.H.Alford","Macrothumia kuhlmannii (Sleumer) M.H.Alford","Plantae","Tracheophyta","Malpighiales","Salicaceae","Macrothumia","Macrothumia kuhlmannii","Macrothumia","kuhlmannii","SPECIES","ACCEPTED","2017-08-01T00:00:00","Bahia",2001,10,20,"2001-10-20T00:00:00","","2018-09-10T18:27:53.372+0000","http://creativecommons.org/licenses/by-nc/4.0/legalcode","none","none","none","WGS84","Magnoliopsida","BR","Brazil","HUEFS - Herbario da Universidade Estadual de Feira de Santana","BRA:UEFS:HUEFS:0000187086","CEPEC12530","HUEFS - Herbario da Universidade Estadual de Feira de Santana","Jussari","Serra do Teimoso, 7,5 Km N of Jussari on road to Palmira then 2 Km W to RPPN Serra do teimoso.","HUEFS",1094903994,"BRA:UEFS:HUEFS:0000187086","Collection","Thomas, W.W.","187086","","UEFS","Southern Bahian moist forest trasitional to semi-deciduous forest.","F.A.A.Nepomuceno","pt","Universidade Estadual de Feira de Santana (UEFS)",350,0,"","","","","","","",NA,"","",NA,"","","",NA,"",NA,"","",NA,"","","",NA,"","","",NA,"Jussari","Bahia","brazil",3197,"Jussari",2918555,-39.499726,-15.131669,"BAHIA","BA","Bahia",-41.72018023,-12.47295682,"Bahia","ba",-15.15,-39.516667,"original coordinates","original coordinates OK"
"22","Macrothumia kuhlmannii",1929749558,-15.156283,-39.52908,"gass84","d415c253-4d61-4459-9d25-4015b9084fb0","ae447c50-b8a8-11d8-92a4-b8a03c50a862","none","17017c2c-036b-45d9-b045-606d21b00771","US","DWC_ARCHIVE","2018-11-18T15:25:42.572+0000","2018-11-18T15:25:42.614+0000",96,"none","PRESERVED_SPECIMEN",3804143,6,7707728,220,1414,6664,7266431,3804143,3804143,"Macrothumia kuhlmannii (Sleumer) M.H.Alford","Macrothumia kuhlmannii (Sleumer) M.H.Alford","Plantae","Tracheophyta","Malpighiales","Salicaceae","Macrothumia","Macrothumia kuhlmannii","Macrothumia","kuhlmannii","SPECIES","ACCEPTED","2003-01-01T00:00:00","Bahia",2001,10,20,"2001-10-20T00:00:00","","2018-12-07T21:17:55.638+0000","http://creativecommons.org/publicdomain/zero/1.0/legalcode","none","none","none","WGS84","Magnoliopsida","BR","Brazil","The New York Botanical Garden","8c556b49-bffc-404a-bdc0-5ee132175694","12530","Vascular plants","","Serra do Teimoso, 7.5 km N of Jussari on road to Palmira, then 2 km W to RPPN Serra do Teimoso","NY",1929749558,"8c556b49-bffc-404a-bdc0-5ee132175694","PhysicalObject","W. W. Thomas","00749549","","NY","","M. H. Alford","en","",350,0,"","SOUTH_AMERICA","http://sweetgum.nybg.org/science/vh/specimen_details.php?irn=538284","Southern Bahian moist forest transitional to semi-deciduous forest","ICN","http://biocol.org/urn:lsid:biocol.org:col:15556","20 Oct 2001",293,"Jussari","sheet",293,"1148 ft","http://biocol.org/urn:lsid:biocol.org:col:15556","",NA,"",NA,"","Label",NA,"","","",NA,"","","",NA,"","Bahia","brazil",NA,"",NA,NA,NA,"","","Bahia",-41.72018023,-12.47295682,"Bahia","ba",-15.156283,-39.52908,"original coordinates","original coordinates outside municipality original in  falls in jussari"
"23","Macrothumia kuhlmannii",1090478529,-15.160278,-39.536111,"gass84,txmatfuz","bc81e05b-ed51-46ba-a0a4-90fbae9b5545","c6aacf9d-a5a7-4d7f-a6fc-ea0a4b8ec450","none","b38ff2b7-c8af-454e-b5af-ee760f0d5bca","BR","DWC_ARCHIVE","2018-11-24T12:34:02.957+0000","2018-11-24T12:34:02.992+0000",122,"none","PRESERVED_SPECIMEN",3879738,6,7707728,220,1414,6664,7266431,3804143,3804143,"Banara kuhlmannii (H.Sleum.) H.Sleum.","Macrothumia kuhlmannii (Sleumer) M.H.Alford","Plantae","Tracheophyta","Malpighiales","Salicaceae","Macrothumia","Macrothumia kuhlmannii","Banara","kuhlmannii","SPECIES","SYNONYM","none","Bahia",2000,1,14,"2000-01-14T00:00:00","2018-11-14T14:17:00.000+0000","2018-12-08T04:42:44.704+0000","http://creativecommons.org/licenses/by-nc/4.0/legalcode","none","none","none","WGS84","Magnoliopsida","BR","Brazil","CEPEC - Herbário do Centro de Pesquisas do Cacau","BRA:CEPLAC:CEPEC:0000084814","2330","CEPEC - Herbário do Centro de Pesquisas do Cacau","JUSSARÍ","ntrada a 7,5Km Rod. Jussari/Palmira. Faz. Teimoso, 1,7Km da entrada. RPPN Serra do Teimoso. Parcela 24. Árvore 660a.","CEPEC",1090478529,"BRA:CEPLAC:CEPEC:0000084814","Collection","J. G. Jardim","84814","30/12/2003","Comissão Executiva do Plano da Lavoura Cacaueira (CEPLAC)","","B. Clifton","pt","Comissão Executiva do Plano da Lavoura Cacaueira (CEPLAC)",NA,NA,"","","","","","","",NA,"","",NA,"","","",NA,"",NA,"","",NA,"","","",NA,"","","",NA,"JUSSARÍ","Bahia","brazil",3197,"Jussari",2918555,-39.499726,-15.131669,"BAHIA","BA","Bahia",-41.72018023,-12.47295682,"Bahia","ba",-15.160278,-39.536111,"original coordinates","original coordinates OK"
"24","Macrothumia kuhlmannii",1944969564,-14.735,-39.696111,"gass84,txmatfuz","bc81e05b-ed51-46ba-a0a4-90fbae9b5545","c6aacf9d-a5a7-4d7f-a6fc-ea0a4b8ec450","none","b38ff2b7-c8af-454e-b5af-ee760f0d5bca","BR","DWC_ARCHIVE","2018-11-24T12:34:08.827+0000","2018-11-24T12:34:08.912+0000",122,"none","PRESERVED_SPECIMEN",3804143,6,7707728,220,1414,6664,7266431,3804143,3804143,"Macrothumia kuhlmannii (Sleumer) M.H.Alford","Macrothumia kuhlmannii (Sleumer) M.H.Alford","Plantae","Tracheophyta","Malpighiales","Salicaceae","Macrothumia","Macrothumia kuhlmannii","Macrothumia","kuhlmannii","SPECIES","ACCEPTED","none","Bahia",1998,1,21,"1998-01-21T00:00:00","","2018-11-24T12:35:17.392+0000","http://creativecommons.org/licenses/by-nc/4.0/legalcode","none","none","none","WGS84","Magnoliopsida","BR","Brazil","CEPEC - Herbário do Centro de Pesquisas do Cacau","BRA:CEPLAC:CEPEC:0000093555","1280","CEPEC - Herbário do Centro de Pesquisas do Cacau","URUÇUCA","Rod. Almadina/Ibitupã, entrada a ca. 5Km a W da sede do município. Fazenda Cruzeiro do Sul. ""Serra dos Sete-paus"", ca. 8Km da entrada. Inventário Florestal e Fitossociológico.","CEPEC",1944969564,"BRA:CEPLAC:CEPEC:0000093555","Collection","J. G. Jardim","93555","","Comissão Executiva do Plano da Lavoura Cacaueira (CEPLAC)","<ll>dwc_commonname:</ll>","F. A. A. Nepomuceno","pt","Comissão Executiva do Plano da Lavoura Cacaueira (CEPLAC)",NA,NA,"","","","","","","",NA,"","",NA,"","","",NA,"",NA,"","",NA,"","","",NA,"","","",NA,"URUÇUCA","Bahia","brazil",3281,"Uruçuca",2932705,-39.232321,-14.527691,"BAHIA","BA","Bahia",-41.72018023,-12.47295682,"Bahia","ba",-14.735,-39.696111,"original coordinates","original coordinates outside municipality original in urucuca falls in almadina"
"25","Macrothumia kuhlmannii",1090473647,-15.166667,-39.583333,"gass84,txmatfuz","bc81e05b-ed51-46ba-a0a4-90fbae9b5545","c6aacf9d-a5a7-4d7f-a6fc-ea0a4b8ec450","none","b38ff2b7-c8af-454e-b5af-ee760f0d5bca","BR","DWC_ARCHIVE","2018-11-24T12:33:58.916+0000","2018-11-24T12:33:58.949+0000",122,"none","PRESERVED_SPECIMEN",3879738,6,7707728,220,1414,6664,7266431,3804143,3804143,"Banara kuhlmannii (H.Sleum.) H.Sleum.","Macrothumia kuhlmannii (Sleumer) M.H.Alford","Plantae","Tracheophyta","Malpighiales","Salicaceae","Macrothumia","Macrothumia kuhlmannii","Banara","kuhlmannii","SPECIES","SYNONYM","none","Bahia",1998,2,9,"1998-02-09T00:00:00","2018-11-14T17:45:21.000+0000","2018-12-08T04:42:42.044+0000","http://creativecommons.org/licenses/by-nc/4.0/legalcode","none","none","none","WGS84","Magnoliopsida","BR","Brazil","CEPEC - Herbário do Centro de Pesquisas do Cacau","BRA:CEPLAC:CEPEC:0000079371","11763","CEPEC - Herbário do Centro de Pesquisas do Cacau","JUSSARÍ","Serra do Teimoso, 7,5Km ao N de Jussari, Rod. P/ Palmira, depois 2Km ao W Faz. Teimoso,depois 45min. Ao W p/ Reserva da","CEPEC",1090473647,"BRA:CEPLAC:CEPEC:0000079371","Collection","W. W. Thomas","79371","30/12/2003","Comissão Executiva do Plano da Lavoura Cacaueira (CEPLAC)","","B. Clifton","pt","Comissão Executiva do Plano da Lavoura Cacaueira (CEPLAC)",NA,NA,"","","","","","","",NA,"","",NA,"","","",NA,"",NA,"","",NA,"","","",NA,"","","",NA,"JUSSARÍ","Bahia","brazil",3197,"Jussari",2918555,-39.499726,-15.131669,"BAHIA","BA","Bahia",-41.72018023,-12.47295682,"Bahia","ba",-15.166667,-39.583333,"original coordinates","original coordinates outside municipality original in jussari falls in itaju do colonia"
"26","Macrothumia kuhlmannii",1090481838,-15.166667,-39.583333,"gass84,txmatfuz","bc81e05b-ed51-46ba-a0a4-90fbae9b5545","c6aacf9d-a5a7-4d7f-a6fc-ea0a4b8ec450","none","b38ff2b7-c8af-454e-b5af-ee760f0d5bca","BR","DWC_ARCHIVE","2018-11-24T12:34:05.406+0000","2018-11-24T12:34:05.433+0000",122,"none","PRESERVED_SPECIMEN",3879738,6,7707728,220,1414,6664,7266431,3804143,3804143,"Banara kuhlmannii (H.Sleum.) H.Sleum.","Macrothumia kuhlmannii (Sleumer) M.H.Alford","Plantae","Tracheophyta","Malpighiales","Salicaceae","Macrothumia","Macrothumia kuhlmannii","Banara","kuhlmannii","SPECIES","SYNONYM","none","Bahia",1998,2,18,"1998-02-18T00:00:00","2018-11-14T17:45:21.000+0000","2018-12-08T04:42:46.133+0000","http://creativecommons.org/licenses/by-nc/4.0/legalcode","none","none","none","WGS84","Magnoliopsida","BR","Brazil","CEPEC - Herbário do Centro de Pesquisas do Cacau","BRA:CEPLAC:CEPEC:0000088583","1606","CEPEC - Herbário do Centro de Pesquisas do Cacau","JUSSARÍ","Rod. Jussari/Palmira. Entrada ca. 7,5Km depois mais 1,7Km ate a sede Faz. Teimoso. Árvore 156.","CEPEC",1090481838,"BRA:CEPLAC:CEPEC:0000088583","Collection","J. G. Jardim","88583","30/12/2003","Comissão Executiva do Plano da Lavoura Cacaueira (CEPLAC)","","P. Fiaschi","pt","Comissão Executiva do Plano da Lavoura Cacaueira (CEPLAC)",NA,NA,"","","","","","","",NA,"","",NA,"","","",NA,"",NA,"","",NA,"","","",NA,"","","",NA,"JUSSARÍ","Bahia","brazil",3197,"Jussari",2918555,-39.499726,-15.131669,"BAHIA","BA","Bahia",-41.72018023,-12.47295682,"Bahia","ba",-15.166667,-39.583333,"original coordinates","original coordinates outside municipality original in jussari falls in itaju do colonia"
"27","Macrothumia kuhlmannii",1090481804,-15.166667,-39.583333,"gass84,txmatfuz","bc81e05b-ed51-46ba-a0a4-90fbae9b5545","c6aacf9d-a5a7-4d7f-a6fc-ea0a4b8ec450","none","b38ff2b7-c8af-454e-b5af-ee760f0d5bca","BR","DWC_ARCHIVE","2018-11-24T12:34:05.420+0000","2018-11-24T12:34:05.431+0000",122,"none","PRESERVED_SPECIMEN",3879738,6,7707728,220,1414,6664,7266431,3804143,3804143,"Banara kuhlmannii (H.Sleum.) H.Sleum.","Macrothumia kuhlmannii (Sleumer) M.H.Alford","Plantae","Tracheophyta","Malpighiales","Salicaceae","Macrothumia","Macrothumia kuhlmannii","Banara","kuhlmannii","SPECIES","SYNONYM","none","Bahia",1998,2,18,"1998-02-18T00:00:00","2018-11-14T17:45:21.000+0000","2018-12-08T04:42:46.112+0000","http://creativecommons.org/licenses/by-nc/4.0/legalcode","none","none","none","WGS84","Magnoliopsida","BR","Brazil","CEPEC - Herbário do Centro de Pesquisas do Cacau","BRA:CEPLAC:CEPEC:0000088571","1618","CEPEC - Herbário do Centro de Pesquisas do Cacau","JUSSARÍ","Rod. Jussari/Palmira. Ntrada ca. 7,5Km depois mais 1,7Km ate a sede da Faz. Teimoso. RPPN Serra do Teimoso. Árvore 179.","CEPEC",1090481804,"BRA:CEPLAC:CEPEC:0000088571","Collection","J. G. Jardim","88571","30/12/2003","Comissão Executiva do Plano da Lavoura Cacaueira (CEPLAC)","","B. Clifton","pt","Comissão Executiva do Plano da Lavoura Cacaueira (CEPLAC)",NA,NA,"","","","","","","",NA,"","",NA,"","","",NA,"",NA,"","",NA,"","","",NA,"","","",NA,"JUSSARÍ","Bahia","brazil",3197,"Jussari",2918555,-39.499726,-15.131669,"BAHIA","BA","Bahia",-41.72018023,-12.47295682,"Bahia","ba",-15.166667,-39.583333,"original coordinates","original coordinates outside municipality original in jussari falls in itaju do colonia"
"28","Macrothumia kuhlmannii",1260526634,-15.16666,-39.58333,"gass84","7bd65a7a-f762-11e1-a439-00145eb45e9a","90fd6680-349f-11d8-aa2d-b8a03c50a862","none","c4e134d3-c68f-406d-a116-6a37895602e0","US","DWC_ARCHIVE","2018-06-20T08:02:45.621+0000","2016-03-21T16:04:39.278+0000",28,"none","PRESERVED_SPECIMEN",3804143,6,7707728,220,1414,6664,7266431,3804143,3804143,"Macrothumia kuhlmannii (Sleumer) M.H.Alford","Macrothumia kuhlmannii (Sleumer) M.H.Alford","Plantae","Tracheophyta","Malpighiales","Salicaceae","Macrothumia","Macrothumia kuhlmannii","Macrothumia","kuhlmannii","SPECIES","ACCEPTED","2003-01-01T00:00:00","Bahia",1998,12,20,"1998-12-20T00:00:00","2008-07-01T03:33:00.000+0000","2018-12-09T00:36:34.160+0000","http://creativecommons.org/licenses/by/4.0/legalcode","none","none","none","WGS84","Magnoliopsida","BR","Brazil","Missouri Botanical Garden","urn:catalog:MO:Tropicos:3140465","Carvalho 6689","Tropicos","","Mun. de Jussari. Rod. Jussari-Palmira, entrada ca. 7.5 km percorrendo mais 1.7 km até a sede da Faz. Teimoso. Serra do Teimoso. RPPN Serra do Teimoso.","MO",1260526634,"urn:catalog:MO:Tropicos:3140465","PhysicalObject","A.M. de Carvalho","3140465","","MO","","Mac Alford (BH)","","MOBOT",450,NA,"","SOUTH_AMERICA","","","ICNafp","","",NA,"","",NA,"","http://biocol.org/urn:lsid:biocol.org:col:15859","",NA,"No opinion",50302712,"http://www.tropicos.org/Specimen/3140465","",NA,"","","",NA,"","","",NA,"","Bahia","brazil",NA,"",NA,NA,NA,"","","Bahia",-41.72018023,-12.47295682,"Bahia","ba",-15.16666,-39.58333,"original coordinates","original coordinates outside municipality original in  falls in itaju do colonia"
"29","Macrothumia kuhlmannii",1928157790,-15.17,-39.58,"gass84","d415c253-4d61-4459-9d25-4015b9084fb0","ae447c50-b8a8-11d8-92a4-b8a03c50a862","none","17017c2c-036b-45d9-b045-606d21b00771","US","DWC_ARCHIVE","2018-11-18T14:47:26.537+0000","2018-11-18T14:47:26.692+0000",96,"none","PRESERVED_SPECIMEN",3804143,6,7707728,220,1414,6664,7266431,3804143,3804143,"Macrothumia kuhlmannii (Sleumer) M.H.Alford","Macrothumia kuhlmannii (Sleumer) M.H.Alford","Plantae","Tracheophyta","Malpighiales","Salicaceae","Macrothumia","Macrothumia kuhlmannii","Macrothumia","kuhlmannii","SPECIES","ACCEPTED","none","Bahia",1998,12,20,"1998-12-20T00:00:00","","2018-12-05T23:33:33.857+0000","http://creativecommons.org/publicdomain/zero/1.0/legalcode","none","none","none","WGS84","Magnoliopsida","BR","Brazil","The New York Botanical Garden","1b7f9ab8-4d7a-4129-af7f-74b726acf18a","6689","Vascular plants","","Rod. Jussari - Palmira, entrada ca. 7.5 km percorrendo mais 1.7 km atÃ© a sede da Fazenda Teimoso, Serra do Teimoso. RPPN Serra do Teimoso","NY",1928157790,"1b7f9ab8-4d7a-4129-af7f-74b726acf18a","PhysicalObject","A. M. V. de Carvalho","02714710","","NY","","M. H. Alford","en","",375,75,"","SOUTH_AMERICA","http://sweetgum.nybg.org/science/vh/specimen_details.php?irn=538286","","ICN","http://biocol.org/urn:lsid:biocol.org:col:15556","20 Dec 1998",354,"Jussari","sheet",354,"984-1476 ft","http://biocol.org/urn:lsid:biocol.org:col:15556","[Determination from SpeciesLink (CEPEC 81215), Sep. 2016]",NA,"",NA,"","",NA,"","","",NA,"","","",NA,"","Bahia","brazil",NA,"",NA,NA,NA,"","","Bahia",-41.72018023,-12.47295682,"Bahia","ba",-15.17,-39.58,"original coordinates","original coordinates outside municipality original in  falls in itaju do colonia"
"30","Macrothumia kuhlmannii",1090475733,-15.158056,-39.528611,"gass84,preswcd","bc81e05b-ed51-46ba-a0a4-90fbae9b5545","c6aacf9d-a5a7-4d7f-a6fc-ea0a4b8ec450","none","b38ff2b7-c8af-454e-b5af-ee760f0d5bca","BR","DWC_ARCHIVE","2018-11-24T12:34:00.451+0000","2018-11-24T12:34:00.465+0000",122,"none","PRESERVED_SPECIMEN",3879738,6,7707728,220,1414,6664,7266431,3804143,3804143,"Banara kuhlmannii (H.Sleum.) H.Sleum.","Macrothumia kuhlmannii (Sleumer) M.H.Alford","Plantae","Tracheophyta","Malpighiales","Salicaceae","Macrothumia","Macrothumia kuhlmannii","Banara","kuhlmannii","SPECIES","SYNONYM","none","Bahia",1995,8,30,"1995-08-30T00:00:00","2018-11-14T14:17:00.000+0000","2018-12-08T04:42:43.176+0000","http://creativecommons.org/licenses/by-nc/4.0/legalcode","none","none","none","WGS84","Magnoliopsida","BR","Brazil","CEPEC - Herbário do Centro de Pesquisas do Cacau","BRA:CEPLAC:CEPEC:0000081750","2680","CEPEC - Herbário do Centro de Pesquisas do Cacau","JUSSARÍ","Entrada a ca. 7,5Km da Rod. Jussari/Palmira. Faz. Teimoso. RPPN Serra do Teimoso. Árvore 538.","CEPEC",1090475733,"BRA:CEPLAC:CEPEC:0000081750","Collection","A. M. Amorim","81750","30/12/1998","Comissão Executiva do Plano da Lavoura Cacaueira (CEPLAC)","","A. M. Amorim","pt","Comissão Executiva do Plano da Lavoura Cacaueira (CEPLAC)",NA,NA,"","","","","","","",NA,"","",NA,"","","",NA,"",NA,"","",NA,"","","",NA,"","","",NA,"JUSSARÍ","Bahia","brazil",3197,"Jussari",2918555,-39.499726,-15.131669,"BAHIA","BA","Bahia",-41.72018023,-12.47295682,"Bahia","ba",-15.158056,-39.528611,"original coordinates","original coordinates OK"
"31","Macrothumia kuhlmannii",1423924034,-20.766667,-42.033333,"cdround,gass84","4300f8d5-1ae5-49e5-a101-63894b005868","838537fc-4aeb-4980-8b58-97fbdcd1d91a","none","da7fe11a-b42c-46cb-9e9d-02243edb738a","BR","DWC_ARCHIVE","2018-10-02T15:35:23.924+0000","2018-09-24T19:58:00.663+0000",207,"none","PRESERVED_SPECIMEN",3804143,6,7707728,220,1414,6664,7266431,3804143,3804143,"Macrothumia kuhlmannii (Sleumer) M.H.Alford","Macrothumia kuhlmannii (Sleumer) M.H.Alford","Plantae","Tracheophyta","Malpighiales","Salicaceae","Macrothumia","Macrothumia kuhlmannii","Macrothumia","kuhlmannii","SPECIES","ACCEPTED","none","Minas Gerais",1995,10,1,"1995-10-01T00:00:00","2017-03-24T16:32:10.851+0000","2018-12-06T16:55:33.190+0000","http://creativecommons.org/licenses/by/4.0/legalcode","none","none","none","WGS84","Magnoliopsida","BR","Brazil","Rio de Janeiro Botanical Garden","urn:catalog:JBRJ:RB:1164609","3101","RB - Rio de Janeiro Botanical Garden Herbarium Collection","Carangola","Fazenda Santa Rita.","RB",1423924034,"urn:catalog:JBRJ:RB:1164609","PhysicalObject","L.S. Leoni; J. Lombardi","RB01164609","RB 658132","JBRJ","","F.A.A. Nepomuceno","","",NA,NA,"Surge ao lado da trilha.","","","","","","",NA,"","",NA,"","","",NA,"",NA,"","",NA,"","","",NA,"","","",NA,"Carangola","Minas Gerais","brazil",2187,"Carangola",3113305,-42.088972,-20.703232,"MINAS GERAIS","MG","Minas Gerais",-44.67333254,-18.45539008,"Minas Gerais","mg",-20.766667,-42.033333,"original coordinates","original coordinates outside municipality original in carangola falls in faria lemos"
"32","Macrothumia kuhlmannii",1931105793,-19.4169007116929,-40.5416847206305,"cdrep","d415c253-4d61-4459-9d25-4015b9084fb0","ae447c50-b8a8-11d8-92a4-b8a03c50a862","none","17017c2c-036b-45d9-b045-606d21b00771","US","DWC_ARCHIVE","2018-11-18T16:24:38.070+0000","2018-11-18T16:24:38.167+0000",96,"none","PRESERVED_SPECIMEN",3804143,6,7707728,220,1414,6664,7266431,3804143,3804143,"Macrothumia kuhlmannii (Sleumer) M.H.Alford","Macrothumia kuhlmannii (Sleumer) M.H.Alford","Plantae","Tracheophyta","Malpighiales","Salicaceae","Macrothumia","Macrothumia kuhlmannii","Macrothumia","kuhlmannii","SPECIES","ACCEPTED","2003-01-01T00:00:00","EspÃ­rito Santo",1994,12,5,"1994-12-05T00:00:00","","2018-12-08T04:58:40.003+0000","http://creativecommons.org/publicdomain/zero/1.0/legalcode","none","none","none","WGS84","Magnoliopsida","BR","Brazil","The New York Botanical Garden","ec2c61e6-dc6e-4dce-88f3-4726d8a440eb","3384","Vascular plants","","Na propriedade do Sr. Euclides Canal e familia","NY",1931105793,"ec2c61e6-dc6e-4dce-88f3-4726d8a440eb","PhysicalObject","J. R. Pirani","374676","","NY","","M. H. Alford","en","",0,0,"","SOUTH_AMERICA","http://sweetgum.nybg.org/science/vh/specimen_details.php?irn=650455","","ICN","http://biocol.org/urn:lsid:biocol.org:col:15556","05 Dec 1994",339,"MarilÃ¢ndia","sheet",339,"","http://biocol.org/urn:lsid:biocol.org:col:15556","= Neosprucea kuhlmannii Sleumer",NA,"",NA,"","CRIA (Centro de ReferÃªncia em InformaÃ§Ã£o Ambiental)",21644,"Other source","","",NA,"","","",NA,"","EspÃ­rito Santo","brazil",NA,"",NA,NA,NA,"","","Espírito Santo",-40.6681057,-19.57475617,"Espírito Santo","es",-19.4169007116929,-40.5416847206305,"original coordinates","original coordinates outside municipality original in  falls in marilandia"
"33","Macrothumia kuhlmannii",1944967962,-14.416667,-39.016667,"gass84,txmatfuz","bc81e05b-ed51-46ba-a0a4-90fbae9b5545","c6aacf9d-a5a7-4d7f-a6fc-ea0a4b8ec450","none","b38ff2b7-c8af-454e-b5af-ee760f0d5bca","BR","DWC_ARCHIVE","2018-11-24T12:33:40.879+0000","2018-11-24T12:33:40.929+0000",122,"none","PRESERVED_SPECIMEN",3804143,6,7707728,220,1414,6664,7266431,3804143,3804143,"Macrothumia kuhlmannii (Sleumer) M.H.Alford","Macrothumia kuhlmannii (Sleumer) M.H.Alford","Plantae","Tracheophyta","Malpighiales","Salicaceae","Macrothumia","Macrothumia kuhlmannii","Macrothumia","kuhlmannii","SPECIES","ACCEPTED","none","Bahia",1991,7,1,"1991-07-01T00:00:00","","2018-11-24T12:34:37.990+0000","http://creativecommons.org/licenses/by-nc/4.0/legalcode","none","none","none","WGS84","Magnoliopsida","BR","Brazil","CEPEC - Herbário do Centro de Pesquisas do Cacau","BRA:CEPLAC:CEPEC:0000052797","7013","CEPEC - Herbário do Centro de Pesquisas do Cacau","URUÇUCA","7.3KM ao N de Serra Grande na Rod. para Itacaré. Fazenda Lagoa. Parcela 7. Árvore #258","CEPEC",1944967962,"BRA:CEPLAC:CEPEC:0000052797","Collection","W. W. Thomas","52797","","Comissão Executiva do Plano da Lavoura Cacaueira (CEPLAC)","<ll>dwc_commonname:</ll>","F. A. A. Nepomuceno","pt","Comissão Executiva do Plano da Lavoura Cacaueira (CEPLAC)",NA,NA,"","","","","","","",NA,"","",NA,"","","",NA,"",NA,"","",NA,"","","",NA,"","","",NA,"URUÇUCA","Bahia","brazil",3281,"Uruçuca",2932705,-39.232321,-14.527691,"BAHIA","BA","Bahia",-41.72018023,-12.47295682,"Bahia","ba",-14.416667,-39.016667,"original coordinates","original coordinates outside Brazil"
"34","Macrothumia kuhlmannii",1944967953,-14.416667,-39.016667,"gass84,txmatfuz","bc81e05b-ed51-46ba-a0a4-90fbae9b5545","c6aacf9d-a5a7-4d7f-a6fc-ea0a4b8ec450","none","b38ff2b7-c8af-454e-b5af-ee760f0d5bca","BR","DWC_ARCHIVE","2018-11-24T12:33:40.858+0000","2018-11-24T12:33:40.908+0000",122,"none","PRESERVED_SPECIMEN",3804143,6,7707728,220,1414,6664,7266431,3804143,3804143,"Macrothumia kuhlmannii (Sleumer) M.H.Alford","Macrothumia kuhlmannii (Sleumer) M.H.Alford","Plantae","Tracheophyta","Malpighiales","Salicaceae","Macrothumia","Macrothumia kuhlmannii","Macrothumia","kuhlmannii","SPECIES","ACCEPTED","none","Bahia",1991,7,1,"1991-07-01T00:00:00","","2018-11-24T12:34:38.030+0000","http://creativecommons.org/licenses/by-nc/4.0/legalcode","none","none","none","WGS84","Magnoliopsida","BR","Brazil","CEPEC - Herbário do Centro de Pesquisas do Cacau","BRA:CEPLAC:CEPEC:0000052624","7444","CEPEC - Herbário do Centro de Pesquisas do Cacau","URUÇUCA","7.3KM ao N de Serra Grande na Rod. para Itacaré. Fazenda Lagoa. Parcela, 20. Árvore #858.","CEPEC",1944967953,"BRA:CEPLAC:CEPEC:0000052624","Collection","W. W. Thomas","52624","","Comissão Executiva do Plano da Lavoura Cacaueira (CEPLAC)","<ll>dwc_commonname:</ll>","F. A. A. Nepomuceno","pt","Comissão Executiva do Plano da Lavoura Cacaueira (CEPLAC)",NA,NA,"","","","","","","",NA,"","",NA,"","","",NA,"",NA,"","",NA,"","","",NA,"","","",NA,"URUÇUCA","Bahia","brazil",3281,"Uruçuca",2932705,-39.232321,-14.527691,"BAHIA","BA","Bahia",-41.72018023,-12.47295682,"Bahia","ba",-14.416667,-39.016667,"original coordinates","original coordinates outside Brazil"
"35","Macrothumia kuhlmannii",1944967949,-14.416667,-39.016667,"gass84,txmatfuz","bc81e05b-ed51-46ba-a0a4-90fbae9b5545","c6aacf9d-a5a7-4d7f-a6fc-ea0a4b8ec450","none","b38ff2b7-c8af-454e-b5af-ee760f0d5bca","BR","DWC_ARCHIVE","2018-11-24T12:33:40.842+0000","2018-11-24T12:33:40.877+0000",122,"none","PRESERVED_SPECIMEN",3804143,6,7707728,220,1414,6664,7266431,3804143,3804143,"Macrothumia kuhlmannii (Sleumer) M.H.Alford","Macrothumia kuhlmannii (Sleumer) M.H.Alford","Plantae","Tracheophyta","Malpighiales","Salicaceae","Macrothumia","Macrothumia kuhlmannii","Macrothumia","kuhlmannii","SPECIES","ACCEPTED","none","Bahia",1991,7,1,"1991-07-01T00:00:00","","2018-11-24T12:34:37.974+0000","http://creativecommons.org/licenses/by-nc/4.0/legalcode","none","none","none","WGS84","Magnoliopsida","BR","Brazil","CEPEC - Herbário do Centro de Pesquisas do Cacau","BRA:CEPLAC:CEPEC:0000052669","7063","CEPEC - Herbário do Centro de Pesquisas do Cacau","URUÇUCA","7.3KM ao N de Serra Grande na Rod. para Itacaré. Fazenda Lagoa. Parcela 8. Árvore #295.","CEPEC",1944967949,"BRA:CEPLAC:CEPEC:0000052669","Collection","W. W. Thomas","52669","","Comissão Executiva do Plano da Lavoura Cacaueira (CEPLAC)","<ll>dwc_commonname:</ll>","F. A. A. Nepomuceno","pt","Comissão Executiva do Plano da Lavoura Cacaueira (CEPLAC)",NA,NA,"","","","","","","",NA,"","",NA,"","","",NA,"",NA,"","",NA,"","","",NA,"","","",NA,"URUÇUCA","Bahia","brazil",3281,"Uruçuca",2932705,-39.232321,-14.527691,"BAHIA","BA","Bahia",-41.72018023,-12.47295682,"Bahia","ba",-14.416667,-39.016667,"original coordinates","original coordinates outside Brazil"
"36","Macrothumia kuhlmannii",1928307885,-17.3448603941362,-39.2204967846911,"cdrep","d415c253-4d61-4459-9d25-4015b9084fb0","ae447c50-b8a8-11d8-92a4-b8a03c50a862","none","17017c2c-036b-45d9-b045-606d21b00771","US","DWC_ARCHIVE","2018-11-18T14:48:33.271+0000","2018-11-18T14:48:33.358+0000",96,"none","PRESERVED_SPECIMEN",3804143,6,7707728,220,1414,6664,7266431,3804143,3804143,"Macrothumia kuhlmannii (Sleumer) M.H.Alford","Macrothumia kuhlmannii (Sleumer) M.H.Alford","Plantae","Tracheophyta","Malpighiales","Salicaceae","Macrothumia","Macrothumia kuhlmannii","Macrothumia","kuhlmannii","SPECIES","ACCEPTED","2003-01-01T00:00:00","Bahia",1978,9,18,"1978-09-18T00:00:00","","2018-12-05T23:34:57.040+0000","http://creativecommons.org/publicdomain/zero/1.0/legalcode","none","none","none","WGS84","Magnoliopsida","BR","Brazil","The New York Botanical Garden","261a6153-44bf-46e5-824c-ed5a1bdf9246","10640","Vascular plants","","Rod. BA 284, trecho Prado/Itamaraju, ca. de 65 km a NW de Prado. Folha SE - 24 (17-39c)","NY",1928307885,"261a6153-44bf-46e5-824c-ed5a1bdf9246","PhysicalObject","S. A. Mori","374681","","NY","","M. H. Alford","en","",0,0,"","SOUTH_AMERICA","http://sweetgum.nybg.org/science/vh/specimen_details.php?irn=650454","Regiao de Mata Higrofila Sul Baiana. Mata em fase de destruiÃ§ao","ICN","http://biocol.org/urn:lsid:biocol.org:col:15556","18 Sep 1978",261,"Prado","sheet",261,"","http://biocol.org/urn:lsid:biocol.org:col:15556","= Neosprucea kuhlmannii Sleumer",NA,"",NA,"","CRIA (Centro de ReferÃªncia em InformaÃ§Ã£o Ambiental)",53161,"Other source","","",NA,"","","",NA,"","Bahia","brazil",NA,"",NA,NA,NA,"","","Bahia",-41.72018023,-12.47295682,"Bahia","ba",-17.3448603941362,-39.2204967846911,"original coordinates","original coordinates outside municipality original in  falls in prado"
"37","Macrothumia kuhlmannii",1928079293,-17.3448603941362,-39.2204967846911,"cdrep","d415c253-4d61-4459-9d25-4015b9084fb0","ae447c50-b8a8-11d8-92a4-b8a03c50a862","none","17017c2c-036b-45d9-b045-606d21b00771","US","DWC_ARCHIVE","2018-11-18T14:46:52.178+0000","2018-11-18T14:46:52.192+0000",96,"none","PRESERVED_SPECIMEN",3804143,6,7707728,220,1414,6664,7266431,3804143,3804143,"Macrothumia kuhlmannii (Sleumer) M.H.Alford","Macrothumia kuhlmannii (Sleumer) M.H.Alford","Plantae","Tracheophyta","Malpighiales","Salicaceae","Macrothumia","Macrothumia kuhlmannii","Macrothumia","kuhlmannii","SPECIES","ACCEPTED","2003-01-01T00:00:00","Bahia",1978,9,18,"1978-09-18T00:00:00","","2018-12-05T23:32:50.567+0000","http://creativecommons.org/publicdomain/zero/1.0/legalcode","none","none","none","WGS84","Magnoliopsida","BR","Brazil","The New York Botanical Garden","1613664f-9c5f-4332-be99-98c3af1afecd","10641","Vascular plants","","Rod. BA 284, trecho Prado/Itamaraju, ca. de 65 km a NW de Prado. Folha SE - 24 (17-39c)","NY",1928079293,"1613664f-9c5f-4332-be99-98c3af1afecd","PhysicalObject","S. A. Mori","374678","","NY","","M. H. Alford","en","",0,0,"","SOUTH_AMERICA","http://sweetgum.nybg.org/science/vh/specimen_details.php?irn=650452","Regiao de Mata Higrofila Sul Baiana. Mata em fase de destruiÃ§ao","ICN","http://biocol.org/urn:lsid:biocol.org:col:15556","18 Sep 1978",261,"Prado","sheet",261,"","http://biocol.org/urn:lsid:biocol.org:col:15556","= Neosprucea kuhlmannii Sleumer",NA,"",NA,"","CRIA (Centro de ReferÃªncia em InformaÃ§Ã£o Ambiental)",53161,"Other source","","",NA,"","","",NA,"","Bahia","brazil",NA,"",NA,NA,NA,"","","Bahia",-41.72018023,-12.47295682,"Bahia","ba",-17.3448603941362,-39.2204967846911,"original coordinates","original coordinates outside municipality original in  falls in prado"
"38","Macrothumia kuhlmannii",1929749317,-15.146936,-39.254089,"cdround","d415c253-4d61-4459-9d25-4015b9084fb0","ae447c50-b8a8-11d8-92a4-b8a03c50a862","none","17017c2c-036b-45d9-b045-606d21b00771","US","DWC_ARCHIVE","2018-11-18T15:25:41.914+0000","2018-11-18T15:25:41.941+0000",96,"none","PRESERVED_SPECIMEN",3804143,6,7707728,220,1414,6664,7266431,3804143,3804143,"Macrothumia kuhlmannii (Sleumer) M.H.Alford","Macrothumia kuhlmannii (Sleumer) M.H.Alford","Plantae","Tracheophyta","Malpighiales","Salicaceae","Macrothumia","Macrothumia kuhlmannii","Macrothumia","kuhlmannii","SPECIES","ACCEPTED","2003-01-01T00:00:00","Bahia",1978,10,29,"1978-10-29T00:00:00","","2018-12-08T14:16:43.814+0000","http://creativecommons.org/publicdomain/zero/1.0/legalcode","none","none","none","WGS84","Magnoliopsida","BR","Brazil","The New York Botanical Garden","8c43543a-2546-4a5f-9b3e-9cfd1fbc18b3","11016","Vascular plants","","Km 17 da estrada que liga a Rod. BR-101 (Sao Jose) Ã  Rod. BA-215. Folha SE-24 (15-39c)","NY",1929749317,"8c43543a-2546-4a5f-9b3e-9cfd1fbc18b3","PhysicalObject","S. A. Mori","374679","","NY","","M. H. Alford","en","",0,0,"","SOUTH_AMERICA","http://sweetgum.nybg.org/science/vh/specimen_details.php?irn=650453","","ICN","http://biocol.org/urn:lsid:biocol.org:col:15556","29 Oct 1978",302,"Una","",302,"","http://biocol.org/urn:lsid:biocol.org:col:15556","= Neosprucea kuhlmannii Sleumer",NA,"",NA,"","Google Maps (map data 2014), Manis Georef. Calculator",454.37,"Georeferencing Quick Reference Guide, Version 2012","2014-02-21","",NA,"","","",NA,"","Bahia","brazil",NA,"",NA,NA,NA,"","","Bahia",-41.72018023,-12.47295682,"Bahia","ba",-15.146936,-39.254089,"original coordinates","original coordinates outside municipality original in  falls in una"
"39","Macrothumia kuhlmannii",1930769818,-15.9545319822605,-39.5338182700265,"cdrep","d415c253-4d61-4459-9d25-4015b9084fb0","ae447c50-b8a8-11d8-92a4-b8a03c50a862","none","17017c2c-036b-45d9-b045-606d21b00771","US","DWC_ARCHIVE","2018-11-18T16:01:35.685+0000","2018-11-18T16:01:35.717+0000",96,"none","PRESERVED_SPECIMEN",3804143,6,7707728,220,1414,6664,7266431,3804143,3804143,"Macrothumia kuhlmannii (Sleumer) M.H.Alford","Macrothumia kuhlmannii (Sleumer) M.H.Alford","Plantae","Tracheophyta","Malpighiales","Salicaceae","Macrothumia","Macrothumia kuhlmannii","Macrothumia","kuhlmannii","SPECIES","ACCEPTED","2003-01-01T00:00:00","Bahia",1967,11,11,"1967-11-11T00:00:00","","2018-12-08T20:46:05.095+0000","http://creativecommons.org/publicdomain/zero/1.0/legalcode","none","none","none","WGS84","Magnoliopsida","BR","Brazil","The New York Botanical Garden","d46ee48f-68e0-40fe-ae93-85bd6a43bfc5","2878","Vascular plants","","Itapebi","NY",1930769818,"d46ee48f-68e0-40fe-ae93-85bd6a43bfc5","PhysicalObject","R. P. BelÃ©m","685992","","NY","","M. H. Alford","en","",0,0,"","SOUTH_AMERICA","http://sweetgum.nybg.org/science/vh/specimen_details.php?irn=823286","PlantaÃ§Ã£o de cacau. ColeÃ§Ã£ de madeira.","ICN","http://biocol.org/urn:lsid:biocol.org:col:15556","11 Nov 1967",315,"Itapebi","sheet",315,"","http://biocol.org/urn:lsid:biocol.org:col:15556","= Neosprucea kuhlmannii Sleumer",NA,"",NA,"","CRIA (Centro de ReferÃªncia em InformaÃ§Ã£o Ambiental)",43726,"Other source","","",NA,"","","",NA,"","Bahia","brazil",NA,"",NA,NA,NA,"","","Bahia",-41.72018023,-12.47295682,"Bahia","ba",-15.9545319822605,-39.5338182700265,"original coordinates","original coordinates outside municipality original in  falls in itapebi"
"40","Macrothumia kuhlmannii",1440658071,-12.166667,-37.966667,"gass84","2e684fd6-09e2-4661-910a-0a188b610c04","60545be9-4f28-4245-b4b4-07635c8dfa54","none","b38ff2b7-c8af-454e-b5af-ee760f0d5bca","BR","DWC_ARCHIVE","2018-11-14T17:20:00.482+0000","2018-09-10T18:27:47.926+0000",124,"none","PRESERVED_SPECIMEN",3804143,6,7707728,220,1414,6664,7266431,3804143,3804143,"Macrothumia kuhlmannii (Sleumer) M.H.Alford","Macrothumia kuhlmannii (Sleumer) M.H.Alford","Plantae","Tracheophyta","Malpighiales","Salicaceae","Macrothumia","Macrothumia kuhlmannii","Macrothumia","kuhlmannii","SPECIES","ACCEPTED","none","Bahia",NA,NA,NA,"none","2018-09-06T20:05:52.000+0000","2018-12-09T10:45:54.068+0000","http://creativecommons.org/licenses/by-nc/4.0/legalcode","none","none","none","WGS84","Magnoliopsida","BR","Brazil","HUEFS - Herbario da Universidade Estadual de Feira de Santana","BRA:UEFS:HUEFS:0000226040","1987","HUEFS - Herbario da Universidade Estadual de Feira de Santana","Entre Rios","Algodâo","HUEFS",1440658071,"BRA:UEFS:HUEFS:0000226040","Collection","Popovkin, A.V.","226040","","UEFS","","","pt","Universidade Estadual de Feira de Santana (UEFS)",100,0,"","","","","","","",NA,"","",NA,"","","",NA,"",NA,"","",NA,"","","",NA,"","","",NA,"Entre Rios","Bahia","brazil",3584,"Entre Rios",2910503,-38.042945,-12.073204,"BAHIA","BA","Bahia",-41.72018023,-12.47295682,"Bahia","ba",-12.166667,-37.966667,"original coordinates","original coordinates OK"
"41","Macrothumia kuhlmannii",1570748917,-14.706944,-39.189722,"gass84","fffdea53-c113-4cdc-896e-a9c5fd726591","1c72778c-05de-4f31-b83a-ff541ce5dff7","none","b38ff2b7-c8af-454e-b5af-ee760f0d5bca","BR","DWC_ARCHIVE","2018-11-24T12:32:23.494+0000","2018-09-25T15:14:06.309+0000",81,"none","PRESERVED_SPECIMEN",3879738,6,7707728,220,1414,6664,7266431,3804143,3804143,"Banara kuhlmannii (H.Sleum.) H.Sleum.","Macrothumia kuhlmannii (Sleumer) M.H.Alford","Plantae","Tracheophyta","Malpighiales","Salicaceae","Macrothumia","Macrothumia kuhlmannii","Banara","kuhlmannii","SPECIES","SYNONYM","none","Bahia",NA,NA,NA,"none","2018-08-22T12:18:01.000+0000","2018-12-08T17:16:15.470+0000","http://creativecommons.org/licenses/by-nc/4.0/legalcode","none","none","none","WGS84","Magnoliopsida","BR","Brazil","UESC - Herbário Universidade Estadual de Santa Cruz","BRA:UESC:UESC:0000010005","349","UESC - Herbário Universidade Estadual de Santa Cruz","Ilhéus","","UESC",1570748917,"BRA:UESC:UESC:0000010005","Collection","Sambuichi, R.","10005","","UESC","Floresta higrófila sobre plantação de cacau abandonada.; Árvore, DAP 27,5. Indivíduo 39A.","","pt","Universidade Estadual de Santa Cruz (UESC)",NA,NA,"","","","","","","",NA,"","",NA,"","","",NA,"",NA,"","",NA,"","","",NA,"","","",NA,"Ilhéus","Bahia","brazil",3250,"Ilhéus",2913606,-39.190761,-14.766458,"BAHIA","BA","Bahia",-41.72018023,-12.47295682,"Bahia","ba",-14.706944,-39.189722,"original coordinates","original coordinates OK"
"42","Macrothumia kuhlmannii",1090511947,-14.499722,-39.115,"gass84","bc81e05b-ed51-46ba-a0a4-90fbae9b5545","c6aacf9d-a5a7-4d7f-a6fc-ea0a4b8ec450","none","b38ff2b7-c8af-454e-b5af-ee760f0d5bca","BR","DWC_ARCHIVE","2018-11-24T12:34:29.829+0000","2018-11-24T12:34:29.843+0000",122,"none","PRESERVED_SPECIMEN",3879738,6,7707728,220,1414,6664,7266431,3804143,3804143,"Banara kuhlmannii (H.Sleum.) H.Sleum.","Macrothumia kuhlmannii (Sleumer) M.H.Alford","Plantae","Tracheophyta","Malpighiales","Salicaceae","Macrothumia","Macrothumia kuhlmannii","Banara","kuhlmannii","SPECIES","SYNONYM","none","Bahia",NA,NA,NA,"none","2018-11-14T14:31:57.000+0000","2018-12-08T04:42:58.673+0000","http://creativecommons.org/licenses/by-nc/4.0/legalcode","none","none","none","WGS84","Magnoliopsida","BR","Brazil","CEPEC - Herbário do Centro de Pesquisas do Cacau","BRA:CEPLAC:CEPEC:0000122681","","CEPEC - Herbário do Centro de Pesquisas do Cacau","URUÇUCA","Estrada de Serra Grande para Uruçuca. Área do inventário do plano manejo do Parque Estadual da Serra do Conduru. Mata da Torre do Celular.","CEPEC",1090511947,"BRA:CEPLAC:CEPEC:0000122681","Collection","Martini, A.","122681","","Comissão Executiva do Plano da Lavoura Cacaueira (CEPLAC)","Individuo B 23.","Sem Informação","pt","Comissão Executiva do Plano da Lavoura Cacaueira (CEPLAC)",380,0,"","","","","","","",NA,"","",NA,"","","",NA,"",NA,"","",NA,"","","",NA,"","","",NA,"URUÇUCA","Bahia","brazil",3281,"Uruçuca",2932705,-39.232321,-14.527691,"BAHIA","BA","Bahia",-41.72018023,-12.47295682,"Bahia","ba",-14.499722,-39.115,"original coordinates","original coordinates OK"
"43","Macrothumia kuhlmannii",1228244597,-11,-42,"gass84","90c853e6-56bd-480b-8e8f-6285c3f8d42b","7b8aff00-a9f8-11d8-944b-b8a03c50a862","none","3b84ff5b-79ce-427c-acb7-b4004e160f66","US","DWC_ARCHIVE","2018-11-22T21:37:56.171+0000","2018-11-22T21:37:56.238+0000",97,"none","PRESERVED_SPECIMEN",3804143,6,7707728,220,1414,6664,7266431,3804143,3804143,"Macrothumia kuhlmannii (Sleumer) M.H.Alford","Macrothumia kuhlmannii (Sleumer) M.H.Alford","Plantae","Tracheophyta","Malpighiales","Salicaceae","Macrothumia","Macrothumia kuhlmannii","Macrothumia","kuhlmannii","SPECIES","ACCEPTED","1976-01-01T00:00:00","Bahia",NA,NA,NA,"none","","2018-12-07T20:09:41.817+0000","http://creativecommons.org/publicdomain/zero/1.0/legalcode","none","none","none","WGS84","Magnoliopsida","BR","Brazil","The Field Museum of Natural History","c584b263-2d64-448d-a498-ba1b86412317","2161","Rapid Reference Collection","","","Botany",1228244597,"c584b263-2d64-448d-a498-ba1b86412317","PhysicalObject","G. G. Bondar",NA,"","F","","RRC ID Flag","en","F",NA,NA,"","SOUTH_AMERICA","","","ICBN","F","",NA,"","",NA,"","Botany","",NA,"",NA,"","",NA,"","","South America, Brazil, Bahia",291111,"seeds-20-nov-2018","http://fieldmuseum.org/about/copyright-information","Plantae Spermatophyta Dicotyledoneae Flacourtiaceae",2161,"","Bahia","brazil",NA,"",NA,NA,NA,"","","Bahia",-41.72018023,-12.47295682,"Bahia","ba",-11,-42,"original coordinates","original coordinates outside municipality original in  falls in jussara"
