"","name","key","decimalLatitude","decimalLongitude","issues","datasetKey","publishingOrgKey","networkKeys","installationKey","publishingCountry","protocol","lastCrawled","lastParsed","crawlId","extensions","basisOfRecord","taxonKey","kingdomKey","phylumKey","classKey","orderKey","familyKey","genusKey","speciesKey","acceptedTaxonKey","scientificName","acceptedScientificName","kingdom","phylum","order","family","genus","species","genericName","specificEpithet","taxonRank","taxonomicStatus","dateIdentified","elevation","stateProvince.original","year","month","day","eventDate","modified","lastInterpreted","license","identifiers","facts","relations","geodeticDatum","class","countryCode","country.original","rightsHolder","identifier","recordNumber","datasetName","municipality.original","locality","collectionCode","gbifID","occurrenceID","type","recordedBy","catalogNumber","otherCatalogNumbers","institutionCode","occurrenceRemarks","identifiedBy","fieldNotes","language","ownerInstitutionCode","elevationAccuracy","continent","institutionID","nomenclaturalCode","higherGeography","organismID","datasetID","accessRights","collectionID","higherClassification","references","habitat","verbatimEventDate","endDayOfYear","county","preparations","startDayOfYear","verbatimElevation","coordinateUncertaintyInMeters","georeferenceProtocol","georeferenceSources","georeferencedDate","nomenclaturalStatus","taxonID","bibliographicCitation","infraspecificEpithet","typeStatus","typifiedName","municipality","stateProvince","country","FID","NOME","GEOCODIGO","POINT_X","POINT_Y","NOMEUF","SIGLAUF","estados_shp","x_estado","y_estado","nome","sigla","new_Lat","new_Lon","notes","comments"
"1","Erythroxylum gonoclados",1423927868,-21.850278,-41.871389,"cdround,gass84","4300f8d5-1ae5-49e5-a101-63894b005868","838537fc-4aeb-4980-8b58-97fbdcd1d91a","none","da7fe11a-b42c-46cb-9e9d-02243edb738a","BR","DWC_ARCHIVE","2018-10-02T15:35:30.051+0000","2018-09-24T19:58:02.452+0000",207,"none","PRESERVED_SPECIMEN",7284863,6,7707728,220,1414,6686,2873937,7284863,7284863,"Erythroxylum gonoclados (Mart.) O.E.Schulz","Erythroxylum gonoclados (Mart.) O.E.Schulz","Plantae","Tracheophyta","Malpighiales","Erythroxylaceae","Erythroxylum","Erythroxylum gonoclados","Erythroxylum","gonoclados","SPECIES","ACCEPTED","2016-10-19T00:00:00",1455,"Rio de Janeiro",2016,8,31,"2016-08-31T00:00:00","2017-10-15T11:55:26.271+0000","2018-12-06T16:55:35.487+0000","http://creativecommons.org/licenses/by/4.0/legalcode","none","none","none","WGS84","Magnoliopsida","BR","Brazil","Rio de Janeiro Botanical Garden","urn:catalog:JBRJ:RB:1177012","1047","RB - Rio de Janeiro Botanical Garden Herbarium Collection","São Fidélis","Serra do Itacolomi. Floresta de altitude após a Pedra do Macaco. Parque Estadual do Desengano","RB",1423927868,"urn:catalog:JBRJ:RB:1177012","PhysicalObject","C. Baez; Thalis Lima, Patrícia da Rosa, João Marins e Aurênio Perrute","RB01177012","RB 659984","JBRJ","Terrícola, semi-heliófila. Folhas glabras discolores. Cálice verde. Corola alva. Estípulas castanhas.","L. J. S. Pinto","","","",NA,"","","","",NA,"","","","","","","",NA,"","",NA,"",NA,"","","","",NA,"","","","","São Fidélis","Rio de Janeiro","brazil",1830,"São Fidélis",3304805,-41.787598,-21.660121,"RIO DE JANEIRO","RJ","Rio de Janeiro",-42.66307908,-22.19581555,"Rio de Janeiro","rj",-21.850278,-41.871389,"original coordinates","original coordinates OK"
"2","Erythroxylum gonoclados",1423899671,-17.923889,-44.241944,"cdround,gass84","4300f8d5-1ae5-49e5-a101-63894b005868","838537fc-4aeb-4980-8b58-97fbdcd1d91a","none","da7fe11a-b42c-46cb-9e9d-02243edb738a","BR","DWC_ARCHIVE","2018-10-02T15:34:36.499+0000","2018-09-24T19:57:48.447+0000",207,"none","PRESERVED_SPECIMEN",7284863,6,7707728,220,1414,6686,2873937,7284863,7284863,"Erythroxylum gonoclados (Mart.) O.E.Schulz","Erythroxylum gonoclados (Mart.) O.E.Schulz","Plantae","Tracheophyta","Malpighiales","Erythroxylaceae","Erythroxylum","Erythroxylum gonoclados","Erythroxylum","gonoclados","SPECIES","ACCEPTED","none",632,"Minas Gerais",2015,11,28,"2015-11-28T00:00:00","2017-10-15T10:55:26.829+0000","2018-12-06T16:55:18.851+0000","http://creativecommons.org/licenses/by/4.0/legalcode","none","none","none","WGS84","Magnoliopsida","BR","Brazil","Rio de Janeiro Botanical Garden","urn:catalog:JBRJ:RB:1063576","4533","RB - Rio de Janeiro Botanical Garden Herbarium Collection","Buenópolis","Região do bim barra, após a passagem Dantas. Parque Estadual da Serra do Cabral","RB",1423899671,"urn:catalog:JBRJ:RB:1063576","PhysicalObject","R. Marquete; Marli P. Morim, Lucas Jordão & Luciano E. Santos (IEF-MG)","RB01063576","RB 639171","JBRJ","Arbusto heliófito com cerca de 60 centímetros de altura, crescendo em touceiras. Tronco de casca lisa, marrom, com lenticelas. Folhas cartáceas, discolores verdes, opacas nas duas faces. Frutos imaturos amarelos-avermelhados, maduros vermelhos com cálice verde persistentes e pedúnculo verde.","Ronaldo Marquete","Relevo plano; solo arenoso; vegetação savana arborizada próxima ao afloramento rochoso.","","",NA,"","","","",NA,"","","","","","","",NA,"","",NA,"",NA,"","","","",NA,"","","","","Buenópolis","Minas Gerais","brazil",2805,"Buenópolis",3109204,-44.040923,-17.882313,"MINAS GERAIS","MG","Minas Gerais",-44.67333254,-18.45539008,"Minas Gerais","mg",-17.923889,-44.241944,"original coordinates","original coordinates OK"
"3","Erythroxylum gonoclados",1423899668,-17.748611,-44.196389,"cdround,gass84","4300f8d5-1ae5-49e5-a101-63894b005868","838537fc-4aeb-4980-8b58-97fbdcd1d91a","none","da7fe11a-b42c-46cb-9e9d-02243edb738a","BR","DWC_ARCHIVE","2018-10-02T15:34:36.696+0000","2018-09-24T19:57:48.466+0000",207,"none","PRESERVED_SPECIMEN",7284863,6,7707728,220,1414,6686,2873937,7284863,7284863,"Erythroxylum gonoclados (Mart.) O.E.Schulz","Erythroxylum gonoclados (Mart.) O.E.Schulz","Plantae","Tracheophyta","Malpighiales","Erythroxylaceae","Erythroxylum","Erythroxylum gonoclados","Erythroxylum","gonoclados","SPECIES","ACCEPTED","none",NA,"Minas Gerais",2015,11,27,"2015-11-27T00:00:00","2016-01-28T08:59:11.631+0000","2018-12-06T16:55:19.057+0000","http://creativecommons.org/licenses/by/4.0/legalcode","none","none","none","WGS84","Magnoliopsida","BR","Brazil","Rio de Janeiro Botanical Garden","urn:catalog:JBRJ:RB:1063567","4525","RB - Rio de Janeiro Botanical Garden Herbarium Collection","Joaquim Felício","Estrada para Bocaina. Parque Estadual da Serra do Cabral","RB",1423899668,"urn:catalog:JBRJ:RB:1063567","PhysicalObject","R. Marquete; Marli P. Morim, Lucas Jordão & Rodrigo (IEF-MG)","RB01063567","RB 639163","JBRJ","Arbusto com cerca de 50 centímetros de altura, heliófito. Tronco de casca lisa, marrom. Folhas membranáceas, discolores, opacas nas duas faces. Flores de cálice verde, corola amarela-esverdeada.","Ronaldo Marquete","Relevo plano; solo argilo-arenoso; vegetação savana arborizada.","","",NA,"","","","",NA,"","","","","","","",NA,"","",NA,"",NA,"","","","",NA,"","","","","Joaquim Felício","Minas Gerais","brazil",2831,"Joaquim Felício",3136405,-44.111974,-17.676272,"MINAS GERAIS","MG","Minas Gerais",-44.67333254,-18.45539008,"Minas Gerais","mg",-17.748611,-44.196389,"original coordinates","original coordinates OK"
"4","Erythroxylum gonoclados",1848247664,-21.713611,-43.913333,"gass84","3b8e9d83-b2d4-4a97-973c-31d98b67b1e9","ab5c0b99-5af3-4958-b03c-0b7e85481cc1","none","b38ff2b7-c8af-454e-b5af-ee760f0d5bca","BR","DWC_ARCHIVE","2018-12-03T15:24:41.132+0000","2018-06-04T19:36:11.680+0000",118,"none","PRESERVED_SPECIMEN",7284863,6,7707728,220,1414,6686,2873937,7284863,7284863,"Erythroxylum gonoclados (Mart.) O.E.Schulz","Erythroxylum gonoclados (Mart.) O.E.Schulz","Plantae","Tracheophyta","Malpighiales","Erythroxylaceae","Erythroxylum","Erythroxylum gonoclados","Erythroxylum","gonoclados","SPECIES","ACCEPTED","2014-06-01T00:00:00",1368,"Minas Gerais",2014,5,14,"2014-05-14T00:00:00","2018-05-10T18:52:36.000+0000","2018-12-08T15:08:33.727+0000","http://creativecommons.org/licenses/by-nc/4.0/legalcode","none","none","none","WGS84","Magnoliopsida","BR","Brazil","MBM - Herbário do Museu Botânico Municipal","BRA:MBM:MBM:0000404996","4408","MBM - Herbário do Museu Botânico Municipal","Lima Duarte","Parque Estadual de Ibitipoca, Distrito de Conceição de Ibitipoca. Na estrada que da acesso a sede do parque","MBM",1848247664,"BRA:MBM:MBM:0000404996","Collection","Marquete, R; Freitas, MF; Luna, BN; Gonzaga, DR","404996","","MBM","Arbusto heliófito com 2 m de altura, tronco de casca lisa, marrom, ramos apicais acastanhados, folhas cartáceas, discolores opacas nas duas faces. Flores com cálice de sépalas verdes e corola de pétalas alva. Frutos maduros vermelhos","Marquete, R","","pt","Museu Botânico Municipal de Curitiba, MBM",0,"SOUTH_AMERICA","","","",NA,"","","","","","","",NA,"","",NA,"",NA,"","","","",NA,"","","","","Lima Duarte","Minas Gerais","brazil",1776,"Lima Duarte",3138609,-43.887694,-21.799694,"MINAS GERAIS","MG","Minas Gerais",-44.67333254,-18.45539008,"Minas Gerais","mg",-21.713611,-43.913333,"original coordinates","original coordinates OK"
"5","Erythroxylum gonoclados",1424470360,-19.247222,-43.510278,"cdround,gass84","4300f8d5-1ae5-49e5-a101-63894b005868","838537fc-4aeb-4980-8b58-97fbdcd1d91a","none","da7fe11a-b42c-46cb-9e9d-02243edb738a","BR","DWC_ARCHIVE","2018-10-02T15:42:41.558+0000","2018-09-24T20:03:55.008+0000",207,"none","PRESERVED_SPECIMEN",7284863,6,7707728,220,1414,6686,2873937,7284863,7284863,"Erythroxylum gonoclados (Mart.) O.E.Schulz","Erythroxylum gonoclados (Mart.) O.E.Schulz","Plantae","Tracheophyta","Malpighiales","Erythroxylaceae","Erythroxylum","Erythroxylum gonoclados","Erythroxylum","gonoclados","SPECIES","ACCEPTED","2015-03-19T00:00:00",1270,"Minas Gerais",2013,10,15,"2013-10-15T00:00:00","","2018-12-06T17:00:41.754+0000","http://creativecommons.org/licenses/by/4.0/legalcode","none","none","none","WGS84","Magnoliopsida","BR","Brazil","Rio de Janeiro Botanical Garden","urn:catalog:JBRJ:RB:826380","6601","RB - Rio de Janeiro Botanical Garden Herbarium Collection","Morro do Pilar","PARNA Serra do Cipó. Alto Palácio; região das Vellozia gigantea.","RB",1424470360,"urn:catalog:JBRJ:RB:826380","PhysicalObject","M. Verdi; N. Pougy, D. Maurenza, E. Martins, E. Dalcin","RB00826380","RB 590289","JBRJ","Folhas e flores verdes; frequente; encontrado em área de campo graminoso seco, com pequenos arbustos ou arvoretas, às vezes pedregoso ou arenoso; vegetando os afloramentos de rocha nas velozias gigantes; onde observou-se a ocorrência de turismo (visitação) e proximidade à rodovia MG-010","J.L. Costa-Lima","","","",NA,"","","","",NA,"","","","","","","",NA,"","",NA,"",NA,"","","","",NA,"","","","","Morro do Pilar","Minas Gerais","brazil",2589,"Morro do Pilar",3143708,-43.403052,-19.235919,"MINAS GERAIS","MG","Minas Gerais",-44.67333254,-18.45539008,"Minas Gerais","mg",-19.247222,-43.510278,"original coordinates","original coordinates OK"
"6","Erythroxylum gonoclados",1424378286,-20.364167,-43.517222,"cdround,gass84","4300f8d5-1ae5-49e5-a101-63894b005868","838537fc-4aeb-4980-8b58-97fbdcd1d91a","none","da7fe11a-b42c-46cb-9e9d-02243edb738a","BR","DWC_ARCHIVE","2018-10-02T15:41:47.986+0000","2018-09-24T20:02:55.598+0000",207,"none","PRESERVED_SPECIMEN",7284863,6,7707728,220,1414,6686,2873937,7284863,7284863,"Erythroxylum gonoclados (Mart.) O.E.Schulz","Erythroxylum gonoclados (Mart.) O.E.Schulz","Plantae","Tracheophyta","Malpighiales","Erythroxylaceae","Erythroxylum","Erythroxylum gonoclados","Erythroxylum","gonoclados","SPECIES","ACCEPTED","none",1538,"Minas Gerais",2011,5,17,"2011-05-17T00:00:00","2017-10-18T15:21:44.151+0000","2018-12-06T16:59:48.252+0000","http://creativecommons.org/licenses/by/4.0/legalcode","none","none","none","WGS84","Magnoliopsida","BR","Brazil","Rio de Janeiro Botanical Garden","urn:catalog:JBRJ:RB:674066","6346","RB - Rio de Janeiro Botanical Garden Herbarium Collection","Ouro Preto","Serra de Ouro Preto. Fazenda da Brigida. Campo rupestre arbustivo sobre canga.","RB",1424378286,"urn:catalog:JBRJ:RB:674066","PhysicalObject","R.C. Forzza; D.P. Saraiva; R.S. Ribeiro; L.A. Silva & J.L. Silva","RB00674066","RB 526586","JBRJ","Arbusto, muito frequente, 1,5-2,5 m alt. Flores com cálice verde; corola alva. Frutos verdes a vermelhos.","J.L. Costa-Lima","","","",NA,"","","","",NA,"","","","","","","",NA,"","",NA,"",NA,"","","","",NA,"","","","","Ouro Preto","Minas Gerais","brazil",2297,"Ouro Preto",3146107,-43.611642,-20.391209,"MINAS GERAIS","MG","Minas Gerais",-44.67333254,-18.45539008,"Minas Gerais","mg",-20.364167,-43.517222,"original coordinates","original coordinates OK"
"7","Erythroxylum gonoclados",1424416509,-20.139167,-44.236944,"cdround,gass84","4300f8d5-1ae5-49e5-a101-63894b005868","838537fc-4aeb-4980-8b58-97fbdcd1d91a","none","da7fe11a-b42c-46cb-9e9d-02243edb738a","BR","DWC_ARCHIVE","2018-10-02T15:42:10.644+0000","2018-09-24T20:03:27.317+0000",207,"none","PRESERVED_SPECIMEN",7284863,6,7707728,220,1414,6686,2873937,7284863,7284863,"Erythroxylum gonoclados (Mart.) O.E.Schulz","Erythroxylum gonoclados (Mart.) O.E.Schulz","Plantae","Tracheophyta","Malpighiales","Erythroxylaceae","Erythroxylum","Erythroxylum gonoclados","Erythroxylum","gonoclados","SPECIES","ACCEPTED","2012-10-30T00:00:00",870,"Minas Gerais",2008,1,22,"2008-01-22T00:00:00","2017-10-07T19:04:10.850+0000","2018-12-06T17:00:10.505+0000","http://creativecommons.org/licenses/by/4.0/legalcode","none","none","none","WGS84","Magnoliopsida","BR","Brazil","Rio de Janeiro Botanical Garden","urn:catalog:JBRJ:RB:717210","58","RB - Rio de Janeiro Botanical Garden Herbarium Collection","Brumadinho","Inhotim.","RB",1424416509,"urn:catalog:JBRJ:RB:717210","PhysicalObject","J.G. Oliveira; F.M. Rodrigues","RB00717210","RB 550322","JBRJ","Arbusto; flores branco-esverdeadas e frutos imaturos verdes.","James Lucas da Costa Lima","","","",NA,"","","","",NA,"","","","","","","",NA,"","",NA,"",NA,"","","","",NA,"","","","","Brumadinho","Minas Gerais","brazil",2367,"Brumadinho",3109006,-44.123298,-20.178103,"MINAS GERAIS","MG","Minas Gerais",-44.67333254,-18.45539008,"Minas Gerais","mg",-20.139167,-44.236944,"original coordinates","original coordinates OK"
"8","Erythroxylum gonoclados",1423911865,-19.246944,-43.510556,"cdround,gass84","4300f8d5-1ae5-49e5-a101-63894b005868","838537fc-4aeb-4980-8b58-97fbdcd1d91a","none","da7fe11a-b42c-46cb-9e9d-02243edb738a","BR","DWC_ARCHIVE","2018-10-02T15:35:01.224+0000","2018-09-24T19:57:54.524+0000",207,"none","PRESERVED_SPECIMEN",7284863,6,7707728,220,1414,6686,2873937,7284863,7284863,"Erythroxylum gonoclados (Mart.) O.E.Schulz","Erythroxylum gonoclados (Mart.) O.E.Schulz","Plantae","Tracheophyta","Malpighiales","Erythroxylaceae","Erythroxylum","Erythroxylum gonoclados","Erythroxylum","gonoclados","SPECIES","ACCEPTED","2009-01-01T00:00:00",1265,"Minas Gerais",2008,3,11,"2008-03-11T00:00:00","2017-10-15T11:22:09.197+0000","2018-12-06T16:55:26.582+0000","http://creativecommons.org/licenses/by/4.0/legalcode","none","none","none","WGS84","Magnoliopsida","BR","Brazil","Rio de Janeiro Botanical Garden","urn:catalog:JBRJ:RB:1129488","12c","RB - Rio de Janeiro Botanical Garden Herbarium Collection","Morro do Pilar","Parque Nacional da Serra do Cipó. Acesso pelo km 123 da rodovia MG 010","RB",1423911865,"urn:catalog:JBRJ:RB:1129488","PhysicalObject","M.A. Pena; M.C. Watanabe","RB01129488","RB 650716","JBRJ","","M.A. Pena","Afloramento das velózias gigantes","","",NA,"","","","",NA,"","","","","","","",NA,"","",NA,"",NA,"","","","",NA,"","","","","Morro do Pilar","Minas Gerais","brazil",2589,"Morro do Pilar",3143708,-43.403052,-19.235919,"MINAS GERAIS","MG","Minas Gerais",-44.67333254,-18.45539008,"Minas Gerais","mg",-19.246944,-43.510556,"original coordinates","original coordinates OK"
"9","Erythroxylum gonoclados",1086909750,-23.338056,-45.148056,"gass84","16ed67e5-fd70-4fd4-85c3-70ea2da627fe","52603cfd-d564-4e89-a466-5e71813677be","none","b38ff2b7-c8af-454e-b5af-ee760f0d5bca","BR","DWC_ARCHIVE","2018-11-24T08:56:55.946+0000","2018-11-24T08:56:56.020+0000",126,"none","PRESERVED_SPECIMEN",7284863,6,7707728,220,1414,6686,2873937,7284863,7284863,"Erythroxylum gonoclados (Mart.) O.E.Schulz","Erythroxylum gonoclados (Mart.) O.E.Schulz","Plantae","Tracheophyta","Malpighiales","Erythroxylaceae","Erythroxylum","Erythroxylum gonoclados","Erythroxylum","gonoclados","SPECIES","ACCEPTED","2008-11-13T00:00:00",900,"São Paulo",2008,8,12,"2008-08-12T00:00:00","2018-11-05T15:56:05.000+0000","2018-12-08T13:01:17.054+0000","http://creativecommons.org/licenses/by-nc/4.0/legalcode","none","none","none","WGS84","Magnoliopsida","BR","Brazil","SPSF - Herbário Dom Bento José Pickel","BRA:IF:SPSF:0000041193","1116","SPSF - Herbário Dom Bento José Pickel","São Luis do Paraitinga","Estação Ecológica de Santa Virginia","SPSF",1086909750,"BRA:IF:SPSF:0000041193","Collection","F.M.Souza & N.M.Ivanauskas & M.J.Robim","41193","","IF","","G.A.D.C. Franco","","pt","Instituto Florestal, IF",0,"SOUTH_AMERICA","","","",NA,"","","","","","","",NA,"","",NA,"",NA,"","","","",NA,"","","","","São Luis do Paraitinga","São Paulo","brazil",1258,"São Luís do Paraitinga",3550001,-45.253888,-23.239725,"SAO PAULO","SP","São Paulo",-48.72944932,-22.26440593,"São Paulo","sp",-23.338056,-45.148056,"original coordinates","original coordinates outside municipality original in sao luis do paraitinga falls in sao luiz do paraitinga"
"10","Erythroxylum gonoclados",1090656661,-19.217861,-43.507333,"gass84","03929cfc-82e3-4f21-97e3-7be4de285584","76dbcb10-efc5-4d5f-87a5-bcd409fc92c8","none","b38ff2b7-c8af-454e-b5af-ee760f0d5bca","BR","DWC_ARCHIVE","2018-11-24T12:32:48.207+0000","2017-12-29T14:06:08.246+0000",137,"none","PRESERVED_SPECIMEN",7284863,6,7707728,220,1414,6686,2873937,7284863,7284863,"Erythroxylum gonoclados (Mart.) O.E.Schulz","Erythroxylum gonoclados (Mart.) O.E.Schulz","Plantae","Tracheophyta","Malpighiales","Erythroxylaceae","Erythroxylum","Erythroxylum gonoclados","Erythroxylum","gonoclados","SPECIES","ACCEPTED","none",1313,"Minas Gerais",2004,1,1,"2004-01-01T00:00:00","2015-01-08T13:04:07.000+0000","2018-12-08T04:43:57.417+0000","http://creativecommons.org/licenses/by-nc/4.0/legalcode","none","none","none","WGS84","Magnoliopsida","BR","Brazil","SPFw - Xiloteca do Instituto de Biociências da Universidade de São Paulo","BRA:USP:SPFW:0000000902","2148","SPFw - Xiloteca do Instituto de Biociências da Universidade de São Paulo","Santana do Riacho","","SPFW",1090656661,"BRA:USP:SPFW:0000000902","Collection","Ceccantini, G.C.T. Locosselli, G.M.; Gussella, L.W.; Mota, L.B.; Amaral, M.M.","902","","USP","Capão B","J.R. Pirani 2004","","pt","Universidade de São Paulo, USP",0,"","","","",NA,"","","","","","","",NA,"","",NA,"",NA,"","","","",NA,"","","","","Santana do Riacho","Minas Gerais","brazil",2600,"Santana do Riacho",3159001,-43.645093,-19.189098,"MINAS GERAIS","MG","Minas Gerais",-44.67333254,-18.45539008,"Minas Gerais","mg",-19.217861,-43.507333,"original coordinates","original coordinates OK"
"11","Erythroxylum gonoclados",1424267451,-21.722222,-43.904444,"cdround,gass84","4300f8d5-1ae5-49e5-a101-63894b005868","838537fc-4aeb-4980-8b58-97fbdcd1d91a","none","da7fe11a-b42c-46cb-9e9d-02243edb738a","BR","DWC_ARCHIVE","2018-10-02T15:40:40.191+0000","2018-09-24T20:01:57.035+0000",207,"none","PRESERVED_SPECIMEN",7284863,6,7707728,220,1414,6686,2873937,7284863,7284863,"Erythroxylum gonoclados (Mart.) O.E.Schulz","Erythroxylum gonoclados (Mart.) O.E.Schulz","Plantae","Tracheophyta","Malpighiales","Erythroxylaceae","Erythroxylum","Erythroxylum gonoclados","Erythroxylum","gonoclados","SPECIES","ACCEPTED","2006-01-01T00:00:00",1200,"Minas Gerais",2004,3,9,"2004-03-09T00:00:00","2017-10-18T12:18:36.558+0000","2018-12-06T16:58:42.693+0000","http://creativecommons.org/licenses/by/4.0/legalcode","none","none","none","WGS84","Magnoliopsida","BR","Brazil","Rio de Janeiro Botanical Garden","urn:catalog:JBRJ:RB:552256","3021","RB - Rio de Janeiro Botanical Garden Herbarium Collection","Lima Duarte","Parque Estadual do Ibitipoca, proximidades do Rio do Salto.","RB",1424267451,"urn:catalog:JBRJ:RB:552256","PhysicalObject","R.C. Forzza; L.C.S. Assis; J. G. Jardim;  R. Lima; L. Menini Neto, E. Lucas; B.R. Silva; S. Edwards; D. Zappi´ - aqui","RB00552256","RB 399469","JBRJ","Arbusto esguio, com ramos subparalelos, atingindo 2 m alt., flores creme, frutos maduros vermelhos, 5 ex.","Forzza","","","",NA,"","","","",NA,"","","","","","","",NA,"","",NA,"",NA,"","","","",NA,"","","","","Lima Duarte","Minas Gerais","brazil",1776,"Lima Duarte",3138609,-43.887694,-21.799694,"MINAS GERAIS","MG","Minas Gerais",-44.67333254,-18.45539008,"Minas Gerais","mg",-21.722222,-43.904444,"original coordinates","original coordinates OK"
"12","Erythroxylum gonoclados",1424457475,-21.710278,-43.8775,"cdround,gass84","4300f8d5-1ae5-49e5-a101-63894b005868","838537fc-4aeb-4980-8b58-97fbdcd1d91a","none","da7fe11a-b42c-46cb-9e9d-02243edb738a","BR","DWC_ARCHIVE","2018-10-02T15:42:34.509+0000","2018-09-24T20:03:48.399+0000",207,"none","PRESERVED_SPECIMEN",7284863,6,7707728,220,1414,6686,2873937,7284863,7284863,"Erythroxylum gonoclados (Mart.) O.E.Schulz","Erythroxylum gonoclados (Mart.) O.E.Schulz","Plantae","Tracheophyta","Malpighiales","Erythroxylaceae","Erythroxylum","Erythroxylum gonoclados","Erythroxylum","gonoclados","SPECIES","ACCEPTED","none",1707,"Minas Gerais",2002,5,7,"2002-05-07T00:00:00","2017-10-19T01:34:51.865+0000","2018-12-06T17:00:35.422+0000","http://creativecommons.org/licenses/by/4.0/legalcode","none","none","none","WGS84","Magnoliopsida","BR","Brazil","Rio de Janeiro Botanical Garden","urn:catalog:JBRJ:RB:79673","3193","RB - Rio de Janeiro Botanical Garden Herbarium Collection","Lima Duarte","Distrito de Conceição de Ibitipoca, prox. do Pico do Peão.","RB",1424457475,"urn:catalog:JBRJ:RB:79673","PhysicalObject","R.Marquete; N.Marquete, M.da C.Valente, L.C.Giordano, Joel C.Silva e José G.Santos","RB00079673","RB 380342","JBRJ","Arbusto com ca 1,50 m de alt. heliofita, tronco com casca lisa, cor cinza, folhas cartáceas, discolores verdes, opacas em ambas as faces, frutos imaturos de cor vermelha","Forzza & Zappi","solo areno pedregoso, relevo íngreme, vegetação de campos de altitude","","",NA,"","","","",NA,"","","","","","","",NA,"","",NA,"",NA,"","","","",NA,"","","","","Lima Duarte","Minas Gerais","brazil",1776,"Lima Duarte",3138609,-43.887694,-21.799694,"MINAS GERAIS","MG","Minas Gerais",-44.67333254,-18.45539008,"Minas Gerais","mg",-21.710278,-43.8775,"original coordinates","original coordinates OK"
"13","Erythroxylum gonoclados",1228287733,-10.8339,-52.8731,"gass84","90c853e6-56bd-480b-8e8f-6285c3f8d42b","7b8aff00-a9f8-11d8-944b-b8a03c50a862","none","3b84ff5b-79ce-427c-acb7-b4004e160f66","US","DWC_ARCHIVE","2018-11-22T21:35:21.513+0000","2018-11-22T21:35:21.613+0000",97,"none","PRESERVED_SPECIMEN",7284863,6,7707728,220,1414,6686,2873937,7284863,7284863,"Erythroxylum gonoclados (Mart.) O.E.Schulz","Erythroxylum gonoclados (Mart.) O.E.Schulz","Plantae","Tracheophyta","Malpighiales","Erythroxylaceae","Erythroxylum","Erythroxylum gonoclados","Erythroxylum","gonoclados","SPECIES","ACCEPTED","none",NA,"",2001,3,2,"2001-03-02T00:00:00","","2018-12-07T20:10:07.568+0000","http://creativecommons.org/publicdomain/zero/1.0/legalcode","none","none","none","WGS84","Magnoliopsida","BR","Brazil","The Field Museum of Natural History","4861c5d0-0c0a-40f3-a769-baffb859dfb9","644","GDI 2013-2015 SAPP","","","Botany",1228287733,"4861c5d0-0c0a-40f3-a769-baffb859dfb9","PhysicalObject","M. Groppo","V0270002F","","F","","","","en","F",NA,"SOUTH_AMERICA","F","ICBN","South America, BRAZIL",2972518,"seeds-20-nov-2018","http://fieldmuseum.org/about/copyright-information","Botany","Plantae Spermatophyta Dicotyledoneae Erythroxylaceae","","","",NA,"","",NA,"",NA,"","","","",NA,"","","","","","","brazil",NA,"",NA,NA,NA,"","","",NA,NA,NA,"",-10.8339,-52.8731,"original coordinates","original coordinates outside municipality original in  falls in sao jose do xingu"
"14","Erythroxylum gonoclados",1089068356,-23.59,-46.42,"gass84","7741a517-ab3d-4b85-ae58-56322e44c8ce","d073b448-6b80-4364-8c38-18d08b88797f","none","b38ff2b7-c8af-454e-b5af-ee760f0d5bca","BR","DWC_ARCHIVE","2018-12-03T13:51:24.464+0000","2018-12-03T16:41:06.977+0000",122,"none","PRESERVED_SPECIMEN",7284863,6,7707728,220,1414,6686,2873937,7284863,7284863,"Erythroxylum gonoclados (Mart.) O.E.Schulz","Erythroxylum gonoclados (Mart.) O.E.Schulz","Plantae","Tracheophyta","Malpighiales","Erythroxylaceae","Erythroxylum","Erythroxylum gonoclados","Erythroxylum","gonoclados","SPECIES","ACCEPTED","none",750,"São Paulo",2001,4,12,"2001-04-12T00:00:00","2018-11-21T16:25:15.000+0000","2018-12-08T04:38:01.155+0000","http://creativecommons.org/licenses/by-nc/4.0/legalcode","none","none","none","WGS84","Magnoliopsida","BR","Brazil","UEC - Herbário da Universidade Estadual de Campinas","BRA:UNICAMP:UEC:0000121774","94","UEC - Herbário da Universidade Estadual de Campinas","São Paulo","Parque estadual da Serra do Mar, Núcleo Curucutu. Trilha do rio.","UEC",1089068356,"BRA:UNICAMP:UEC:0000121774","Collection","Souza, F.M.; Duarte, A.R.; Sampaio, D.; Bernhardt, R.; Rodrigues, R.R.; Souza, V.C.; et al.","121774","","UNICAMP","Arbusto, frutos vermelhos.; Transição floresta altomontana - floresta de encosta om campos acentes.","Souza, F.M.; Souza, V.C.","","pt","Universidade Estadual de Campinas, UNICAMP",50,"","","","",NA,"","","","","","","",NA,"","",NA,"",NA,"","","","",NA,"","","","","São Paulo","São Paulo","brazil",1130,"São Paulo",3550308,-46.647014,-23.64989,"SAO PAULO","SP","São Paulo",-48.72944932,-22.26440593,"São Paulo","sp",-23.59,-46.42,"original coordinates","original coordinates OK"
"15","Erythroxylum gonoclados",1929977261,-25.88,-48.58,"gass84","d415c253-4d61-4459-9d25-4015b9084fb0","ae447c50-b8a8-11d8-92a4-b8a03c50a862","none","17017c2c-036b-45d9-b045-606d21b00771","US","DWC_ARCHIVE","2018-11-18T15:27:42.495+0000","2018-11-18T15:27:42.506+0000",96,"none","PRESERVED_SPECIMEN",7284863,6,7707728,220,1414,6686,2873937,7284863,7284863,"Erythroxylum gonoclados (Mart.) O.E.Schulz","Erythroxylum gonoclados (Mart.) O.E.Schulz","Plantae","Tracheophyta","Malpighiales","Erythroxylaceae","Erythroxylum","Erythroxylum gonoclados","Erythroxylum","gonoclados","SPECIES","ACCEPTED","1998-01-01T00:00:00",1250,"ParanÃ¡",1997,12,5,"1997-12-05T00:00:00","","2018-12-06T11:23:50.735+0000","http://creativecommons.org/publicdomain/zero/1.0/legalcode","none","none","none","WGS84","Magnoliopsida","BR","Brazil","The New York Botanical Garden","9c7b4597-00f5-4556-a1d5-e8007ca6bf5f","60","Vascular plants","","Serra de AraÃ§atuba, Morro dos Perdidos","NY",1929977261,"9c7b4597-00f5-4556-a1d5-e8007ca6bf5f","PhysicalObject","H. M. Fernandes","387219","","NY","","E. P. dos Santos","","en","",0,"SOUTH_AMERICA","http://biocol.org/urn:lsid:biocol.org:col:15556","ICN","",NA,"","","http://biocol.org/urn:lsid:biocol.org:col:15556","","http://sweetgum.nybg.org/science/vh/specimen_details.php?irn=383317","Borda de mata nebular","05 Dec 1997",339,"Guaratuba","sheet",339,"4101 ft",NA,"","","","",NA,"","","","","","ParanÃ¡","brazil",NA,"",NA,NA,NA,"","","Paraná",-51.61693027,-24.63581955,"Paraná","pr",-25.88,-48.58,"original coordinates","original coordinates outside municipality original in  falls in guaratuba"
"16","Erythroxylum gonoclados",1089045555,-23.1422,-45.0017,"gass84","7741a517-ab3d-4b85-ae58-56322e44c8ce","d073b448-6b80-4364-8c38-18d08b88797f","none","b38ff2b7-c8af-454e-b5af-ee760f0d5bca","BR","DWC_ARCHIVE","2018-12-03T13:51:09.869+0000","2018-12-03T16:41:11.292+0000",122,"none","PRESERVED_SPECIMEN",7284863,6,7707728,220,1414,6686,2873937,7284863,7284863,"Erythroxylum gonoclados (Mart.) O.E.Schulz","Erythroxylum gonoclados (Mart.) O.E.Schulz","Plantae","Tracheophyta","Malpighiales","Erythroxylaceae","Erythroxylum","Erythroxylum gonoclados","Erythroxylum","gonoclados","SPECIES","ACCEPTED","none",NA,"São Paulo",1996,12,13,"1996-12-13T00:00:00","2018-11-21T16:25:15.000+0000","2018-12-08T04:37:48.967+0000","http://creativecommons.org/licenses/by-nc/4.0/legalcode","none","none","none","WGS84","Magnoliopsida","BR","Brazil","UEC - Herbário da Universidade Estadual de Campinas","BRA:UNICAMP:UEC:0000090619","6","UEC - Herbário da Universidade Estadual de Campinas","Cunha","PE da serra do Mar - Núcleo Cunha.","UEC",1089045555,"BRA:UNICAMP:UEC:0000090619","Collection","Bertani, D.F.; Yamamoto, L.F.; Franciosi, E.R.N.; Albuquerque, L.B.; Rodrigues, R.R.; Souza, V","90619","","UNICAMP","Arbusto de 1.7m alt., ramentas cobrindo os ramos.; Floresta ombrófila densa montana, floresta secundária com aprox. 15 anos de regeneração.","","","pt","Universidade Estadual de Campinas, UNICAMP",NA,"","","","",NA,"","","","","","","",NA,"","",NA,"",NA,"","","","",NA,"","","","","Cunha","São Paulo","brazil",1322,"Cunha",3513603,-44.939787,-23.050544,"SAO PAULO","SP","São Paulo",-48.72944932,-22.26440593,"São Paulo","sp",-23.1422,-45.0017,"original coordinates","original coordinates OK"
"17","Erythroxylum gonoclados",1930153904,-23.2238616509582,-45.3103143132683,"cdrep","d415c253-4d61-4459-9d25-4015b9084fb0","ae447c50-b8a8-11d8-92a4-b8a03c50a862","none","17017c2c-036b-45d9-b045-606d21b00771","US","DWC_ARCHIVE","2018-11-18T15:56:54.140+0000","2018-10-19T14:44:54.662+0000",96,"none","PRESERVED_SPECIMEN",7284863,6,7707728,220,1414,6686,2873937,7284863,7284863,"Erythroxylum gonoclados (Mart.) O.E.Schulz","Erythroxylum gonoclados (Mart.) O.E.Schulz","Plantae","Tracheophyta","Malpighiales","Erythroxylaceae","Erythroxylum","Erythroxylum gonoclados","Erythroxylum","gonoclados","SPECIES","ACCEPTED","none",900,"SÃ£o Paulo",1993,2,15,"1993-02-15T00:00:00","","2018-12-08T02:06:24.627+0000","http://creativecommons.org/publicdomain/zero/1.0/legalcode","none","none","none","WGS84","Magnoliopsida","BR","Brazil","The New York Botanical Garden","a8c57cca-f823-49d9-83ce-9c239e8158d1","150293","Vascular plants","","Alto da Serra de Ubatuba, Parque Estadual do Alto da Serra, + ou - 900 m.s.m. nas margens do Rio Ipiranga","NY",1930153904,"a8c57cca-f823-49d9-83ce-9c239e8158d1","PhysicalObject","A. Amaral","387209","","NY","","","","en","",0,"SOUTH_AMERICA","http://biocol.org/urn:lsid:biocol.org:col:15556","ICN","",NA,"","","http://biocol.org/urn:lsid:biocol.org:col:15556","","http://sweetgum.nybg.org/science/vh/specimen_details.php?irn=383319","","15 Feb 1993",46,"Sao LuÃ­s do Paraitinga","sheet",46,"2953 ft",27362,"Other source","CRIA (Centro de ReferÃªncia em InformaÃ§Ã£o Ambiental)","","",NA,"","","","","","SÃ£o Paulo","brazil",NA,"",NA,NA,NA,"","","São Paulo",-48.72944932,-22.26440593,"São Paulo","sp",-23.2238616509582,-45.3103143132683,"original coordinates","original coordinates outside municipality original in  falls in sao luiz do paraitinga"
"18","Erythroxylum gonoclados",1929074058,-19.1729945899495,-43.7143985170281,"cdrep","d415c253-4d61-4459-9d25-4015b9084fb0","ae447c50-b8a8-11d8-92a4-b8a03c50a862","none","17017c2c-036b-45d9-b045-606d21b00771","US","DWC_ARCHIVE","2018-11-18T14:58:41.594+0000","2018-11-18T14:58:41.600+0000",96,"none","PRESERVED_SPECIMEN",7284863,6,7707728,220,1414,6686,2873937,7284863,7284863,"Erythroxylum gonoclados (Mart.) O.E.Schulz","Erythroxylum gonoclados (Mart.) O.E.Schulz","Plantae","Tracheophyta","Malpighiales","Erythroxylaceae","Erythroxylum","Erythroxylum gonoclados","Erythroxylum","gonoclados","SPECIES","ACCEPTED","2000-08-01T00:00:00",0,"Minas Gerais",1993,5,1,"1993-05-01T00:00:00","","2018-12-08T02:10:00.829+0000","http://creativecommons.org/publicdomain/zero/1.0/legalcode","none","none","none","WGS84","Magnoliopsida","BR","Brazil","The New York Botanical Garden","5c64661a-29ca-48b6-ad46-2bb91afec1a2","CFSC13046","Vascular plants","","Parque Nacional da Serra do CipÃ³, afloramente rochoso com densa populaÃ§Ã£o de Vellozia gigantea a N da Base do IBAMA do Palacio.","NY",1929074058,"5c64661a-29ca-48b6-ad46-2bb91afec1a2","PhysicalObject","J. R. Pirani","00997200","","NY","","M. C. B. PatrÃ­cio","","en","",0,"SOUTH_AMERICA","http://biocol.org/urn:lsid:biocol.org:col:15556","ICN","",NA,"","","http://biocol.org/urn:lsid:biocol.org:col:15556","","http://sweetgum.nybg.org/science/vh/specimen_details.php?irn=1151079","","01 May 1993",121,"Santana do Riacho","sheet",121,"",26557,"Other source","CRIA (Centro de ReferÃªncia em InformaÃ§Ã£o Ambiental)","","",NA,"","","","","","Minas Gerais","brazil",NA,"",NA,NA,NA,"","","Minas Gerais",-44.67333254,-18.45539008,"Minas Gerais","mg",-19.1729945899495,-43.7143985170281,"original coordinates","original coordinates outside municipality original in  falls in santana do riacho"
"19","Erythroxylum gonoclados",1929358690,-19.1729945899495,-43.7143985170281,"cdrep,iddatunl","d415c253-4d61-4459-9d25-4015b9084fb0","ae447c50-b8a8-11d8-92a4-b8a03c50a862","none","17017c2c-036b-45d9-b045-606d21b00771","US","DWC_ARCHIVE","2018-11-18T15:22:16.886+0000","2018-11-18T15:22:16.948+0000",96,"none","PRESERVED_SPECIMEN",7284863,6,7707728,220,1414,6686,2873937,7284863,7284863,"Erythroxylum gonoclados (Mart.) O.E.Schulz","Erythroxylum gonoclados (Mart.) O.E.Schulz","Plantae","Tracheophyta","Malpighiales","Erythroxylaceae","Erythroxylum","Erythroxylum gonoclados","Erythroxylum","gonoclados","SPECIES","ACCEPTED","1990-01-01T00:00:00",0,"Minas Gerais",1986,1,27,"1986-01-27T00:00:00","","2018-11-18T15:24:35.740+0000","http://creativecommons.org/publicdomain/zero/1.0/legalcode","none","none","none","WGS84","Magnoliopsida","BR","Brazil","The New York Botanical Garden","709cdd59-2562-4fab-a7f7-30e6a29a855e","CFSC9580","Vascular plants","","Km 138 ao longo da rodovia Belo Horizonte - ConceiÃ§Ã£o do Mato Dentro.","NY",1929358690,"709cdd59-2562-4fab-a7f7-30e6a29a855e","PhysicalObject","N. L. de Menezes","00997201","","NY","","M. C. B. PatrÃ­cio; J. R. Pirani","","en","",0,"SOUTH_AMERICA","http://biocol.org/urn:lsid:biocol.org:col:15556","ICN","",NA,"","","http://biocol.org/urn:lsid:biocol.org:col:15556","","http://sweetgum.nybg.org/science/vh/specimen_details.php?irn=1151212","Beira de capÃ£o.","27 Jan 1986",27,"Santana do Riacho","sheet",27,"",26557,"Other source","CRIA (Centro de ReferÃªncia em InformaÃ§Ã£o Ambiental)","","",NA,"","","","","","Minas Gerais","brazil",NA,"",NA,NA,NA,"","","Minas Gerais",-44.67333254,-18.45539008,"Minas Gerais","mg",-19.1729945899495,-43.7143985170281,"original coordinates","original coordinates outside municipality original in  falls in santana do riacho"
"20","Erythroxylum gonoclados",1929276744,-22.950259,-44.493733,"","d415c253-4d61-4459-9d25-4015b9084fb0","ae447c50-b8a8-11d8-92a4-b8a03c50a862","none","17017c2c-036b-45d9-b045-606d21b00771","US","DWC_ARCHIVE","2018-11-18T15:21:33.524+0000","2018-10-19T14:17:33.155+0000",96,"none","PRESERVED_SPECIMEN",7284863,6,7707728,220,1414,6686,2873937,7284863,7284863,"Erythroxylum gonoclados (Mart.) O.E.Schulz","Erythroxylum gonoclados (Mart.) O.E.Schulz","Plantae","Tracheophyta","Malpighiales","Erythroxylaceae","Erythroxylum","Erythroxylum gonoclados","Erythroxylum","gonoclados","SPECIES","ACCEPTED","1986-01-01T00:00:00",1300,"Rio de Janeiro",1985,8,7,"1985-08-07T00:00:00","","2018-12-08T08:32:25.089+0000","http://creativecommons.org/publicdomain/zero/1.0/legalcode","none","none","none","WGS84","Magnoliopsida","BR","Brazil","The New York Botanical Garden","6ac34257-a252-41b5-a8b9-da4814e4ca08","45","Vascular plants","","Pico do Frade de MacaÃ©.","NY",1929276744,"6ac34257-a252-41b5-a8b9-da4814e4ca08","PhysicalObject","S. de V. A. PessÃ´a","1018133","","NY","","C. Farney","","en","",0,"SOUTH_AMERICA","http://biocol.org/urn:lsid:biocol.org:col:15556","ICN","",NA,"","","http://biocol.org/urn:lsid:biocol.org:col:15556","","http://sweetgum.nybg.org/science/vh/specimen_details.php?irn=1249432","","07 Aug 1985",219,"MacaÃ©","sheet",219,"Â± 4265 ft",883.27,"Georeferencing Quick Reference Guide, Version 2012","Google Maps (map data 2015), Manis Georef. Calculator","2015-11-02","",NA,"","","","","","Rio de Janeiro","brazil",NA,"",NA,NA,NA,"","","Rio de Janeiro",-42.66307908,-22.19581555,"Rio de Janeiro","rj",-22.950259,-44.493733,"original coordinates","original coordinates outside municipality original in  falls in angra dos reis"
"21","Erythroxylum gonoclados",1931240848,-22.959284,-44.489261,"","d415c253-4d61-4459-9d25-4015b9084fb0","ae447c50-b8a8-11d8-92a4-b8a03c50a862","none","17017c2c-036b-45d9-b045-606d21b00771","US","DWC_ARCHIVE","2018-11-18T16:25:40.338+0000","2018-10-19T15:15:09.439+0000",96,"none","PRESERVED_SPECIMEN",7284863,6,7707728,220,1414,6686,2873937,7284863,7284863,"Erythroxylum gonoclados (Mart.) O.E.Schulz","Erythroxylum gonoclados (Mart.) O.E.Schulz","Plantae","Tracheophyta","Malpighiales","Erythroxylaceae","Erythroxylum","Erythroxylum gonoclados","Erythroxylum","gonoclados","SPECIES","ACCEPTED","1998-01-01T00:00:00",1100,"Rio de Janeiro",1983,2,9,"1983-02-09T00:00:00","","2018-12-07T05:42:42.536+0000","http://creativecommons.org/publicdomain/zero/1.0/legalcode","none","none","none","WGS84","Magnoliopsida","BR","Brazil","The New York Botanical Garden","f5c019de-a915-46f4-9531-4a701da6dffd","9102","Vascular plants","","Pico do Frade de MacaÃ©","NY",1931240848,"f5c019de-a915-46f4-9531-4a701da6dffd","PhysicalObject","G. Martinelli","387213","","NY","","J. A. Kallunki","","en","",100,"SOUTH_AMERICA","http://biocol.org/urn:lsid:biocol.org:col:15556","ICN","",NA,"","","http://biocol.org/urn:lsid:biocol.org:col:15556","","http://sweetgum.nybg.org/science/vh/specimen_details.php?irn=383318","Mata higrÃ³fila","09 Feb 1983",40,"MacaÃ©","sheet",40,"3281-3937 ft",3046.57,"Georeferencing Quick Reference Guide, Version 2012","Google Maps (map data 2015), Manis Georef. Calculator","2015-11-02","",NA,"","","","","","Rio de Janeiro","brazil",NA,"",NA,NA,NA,"","","Rio de Janeiro",-42.66307908,-22.19581555,"Rio de Janeiro","rj",-22.959284,-44.489261,"original coordinates","original coordinates outside municipality original in  falls in angra dos reis"
"22","Erythroxylum gonoclados",1930410157,-19.92,-43.75,"gass84","d415c253-4d61-4459-9d25-4015b9084fb0","ae447c50-b8a8-11d8-92a4-b8a03c50a862","none","17017c2c-036b-45d9-b045-606d21b00771","US","DWC_ARCHIVE","2018-11-18T15:58:49.886+0000","2018-11-18T15:58:49.940+0000",96,"none","PRESERVED_SPECIMEN",7284863,6,7707728,220,1414,6686,2873937,7284863,7284863,"Erythroxylum gonoclados (Mart.) O.E.Schulz","Erythroxylum gonoclados (Mart.) O.E.Schulz","Plantae","Tracheophyta","Malpighiales","Erythroxylaceae","Erythroxylum","Erythroxylum gonoclados","Erythroxylum","gonoclados","SPECIES","ACCEPTED","1984-01-01T00:00:00",1450,"Minas Gerais",1982,2,2,"1982-02-02T00:00:00","","2018-12-08T10:21:00.668+0000","http://creativecommons.org/publicdomain/zero/1.0/legalcode","none","none","none","WGS84","Magnoliopsida","BR","Brazil","The New York Botanical Garden","baee1833-f33e-446e-8839-dc08c5d7f7fd","4264","Vascular plants","","CaetÃ©, Serra da Piedade, km 1-5 on road to top of Serra","NY",1930410157,"baee1833-f33e-446e-8839-dc08c5d7f7fd","PhysicalObject","L. R. Landrum","387208","","NY","","T. C. Plowman","","en","",250,"SOUTH_AMERICA","http://biocol.org/urn:lsid:biocol.org:col:15556","ICN","",NA,"","","http://biocol.org/urn:lsid:biocol.org:col:15556","","http://sweetgum.nybg.org/science/vh/specimen_details.php?irn=383315","","02 Feb 1982",33,"CaetÃ©","sheet",33,"3937-5577 ft",NA,"","","","",NA,"","","","","","Minas Gerais","brazil",NA,"",NA,NA,NA,"","","Minas Gerais",-44.67333254,-18.45539008,"Minas Gerais","mg",-19.92,-43.75,"original coordinates","original coordinates outside municipality original in  falls in sabara"
"23","Erythroxylum gonoclados",1260149669,-19.91666,-43.75,"gass84","7bd65a7a-f762-11e1-a439-00145eb45e9a","90fd6680-349f-11d8-aa2d-b8a03c50a862","none","c4e134d3-c68f-406d-a116-6a37895602e0","US","DWC_ARCHIVE","2018-06-20T08:01:26.139+0000","2016-03-21T15:49:40.904+0000",28,"none","PRESERVED_SPECIMEN",7284863,6,7707728,220,1414,6686,2873937,7284863,7284863,"Erythroxylum gonoclados (Mart.) O.E.Schulz","Erythroxylum gonoclados (Mart.) O.E.Schulz","Plantae","Tracheophyta","Malpighiales","Erythroxylaceae","Erythroxylum","Erythroxylum gonoclados","Erythroxylum","gonoclados","SPECIES","ACCEPTED","1984-01-01T00:00:00",1450,"Minas Gerais",1982,2,2,"1982-02-02T00:00:00","2008-05-27T22:02:00.000+0000","2018-12-09T16:36:03.719+0000","http://creativecommons.org/licenses/by/4.0/legalcode","none","none","none","WGS84","Magnoliopsida","BR","Brazil","Missouri Botanical Garden","urn:catalog:MO:Tropicos:2798896","Landrum 4264","Tropicos","","Caeté, Serra da Piedade, km 1-5 on road to top of Serra. Mainly shrubby vegetation in very rocky, iron rich substrate.","MO",1260149669,"urn:catalog:MO:Tropicos:2798896","PhysicalObject","Leslie R. Landrum","2798896","","MO","","T. Plowman","","","MOBOT",250,"SOUTH_AMERICA","","ICNafp","",NA,"","","http://biocol.org/urn:lsid:biocol.org:col:15859","","","","",NA,"","",NA,"",NA,"","","","No opinion",12500120,"http://www.tropicos.org/Specimen/2798896","","","","","Minas Gerais","brazil",NA,"",NA,NA,NA,"","","Minas Gerais",-44.67333254,-18.45539008,"Minas Gerais","mg",-19.91666,-43.75,"original coordinates","original coordinates outside municipality original in  falls in sabara"
"24","Erythroxylum gonoclados",1929758572,-25.4807848457141,-48.8347668975131,"cdrep","d415c253-4d61-4459-9d25-4015b9084fb0","ae447c50-b8a8-11d8-92a4-b8a03c50a862","none","17017c2c-036b-45d9-b045-606d21b00771","US","DWC_ARCHIVE","2018-11-18T15:25:46.884+0000","2018-11-18T15:25:46.890+0000",96,"none","PRESERVED_SPECIMEN",7284863,6,7707728,220,1414,6686,2873937,7284863,7284863,"Erythroxylum gonoclados (Mart.) O.E.Schulz","Erythroxylum gonoclados (Mart.) O.E.Schulz","Plantae","Tracheophyta","Malpighiales","Erythroxylaceae","Erythroxylum","Erythroxylum gonoclados","Erythroxylum","gonoclados","SPECIES","ACCEPTED","1983-01-01T00:00:00",0,"ParanÃ¡",1982,12,10,"1982-12-10T00:00:00","","2018-12-08T11:08:12.844+0000","http://creativecommons.org/publicdomain/zero/1.0/legalcode","none","none","none","WGS84","Magnoliopsida","BR","Brazil","The New York Botanical Garden","8ceeb2fb-7eb8-4cd8-97ab-f7b011e5be30","714","Vascular plants","","Rio dos Padres","NY",1929758572,"8ceeb2fb-7eb8-4cd8-97ab-f7b011e5be30","PhysicalObject","P. I. Oliveira","387215","","NY","","T. C. Plowman","","en","",0,"SOUTH_AMERICA","http://biocol.org/urn:lsid:biocol.org:col:15556","ICN","",NA,"","","http://biocol.org/urn:lsid:biocol.org:col:15556","","http://sweetgum.nybg.org/science/vh/specimen_details.php?irn=383314","Mata pluvial ao longo de rio encachoeirado","10 Dec 1982",344,"Morretes","sheet",344,"",30514,"Other source","CRIA (Centro de ReferÃªncia em InformaÃ§Ã£o Ambiental)","","",NA,"","","","","","ParanÃ¡","brazil",NA,"",NA,NA,NA,"","","Paraná",-51.61693027,-24.63581955,"Paraná","pr",-25.4807848457141,-48.8347668975131,"original coordinates","original coordinates outside municipality original in  falls in morretes"
"25","Erythroxylum gonoclados",1931035964,-20.2916151948885,-43.5082859302814,"cdrep","d415c253-4d61-4459-9d25-4015b9084fb0","ae447c50-b8a8-11d8-92a4-b8a03c50a862","none","17017c2c-036b-45d9-b045-606d21b00771","US","DWC_ARCHIVE","2018-11-18T16:24:05.259+0000","2018-10-19T15:08:58.209+0000",96,"none","PRESERVED_SPECIMEN",7284863,6,7707728,220,1414,6686,2873937,7284863,7284863,"Erythroxylum gonoclados (Mart.) O.E.Schulz","Erythroxylum gonoclados (Mart.) O.E.Schulz","Plantae","Tracheophyta","Malpighiales","Erythroxylaceae","Erythroxylum","Erythroxylum gonoclados","Erythroxylum","gonoclados","SPECIES","ACCEPTED","1980-01-01T00:00:00",1330,"Minas Gerais",1980,8,7,"1980-08-07T00:00:00","","2018-12-08T04:57:57.122+0000","http://creativecommons.org/publicdomain/zero/1.0/legalcode","none","none","none","WGS84","Magnoliopsida","BR","Brazil","The New York Botanical Garden","e72d858a-8093-461a-be90-d460d8a01b25","1375","Vascular plants","","Serra do Antonio Pereira.","NY",1931035964,"e72d858a-8093-461a-be90-d460d8a01b25","PhysicalObject","H. C. de Lima","00997205","","NY","","T. C. Plowman","","en","",0,"SOUTH_AMERICA","http://biocol.org/urn:lsid:biocol.org:col:15556","ICN","",NA,"","","http://biocol.org/urn:lsid:biocol.org:col:15556","","http://sweetgum.nybg.org/science/vh/specimen_details.php?irn=1151226","","07 Aug 1980",220,"Ouro Preto","sheet",220,"4364 ft",44599,"Other source","CRIA (Centro de ReferÃªncia em InformaÃ§Ã£o Ambiental)","","",NA,"","","","","","Minas Gerais","brazil",NA,"",NA,NA,NA,"","","Minas Gerais",-44.67333254,-18.45539008,"Minas Gerais","mg",-20.2916151948885,-43.5082859302814,"original coordinates","original coordinates outside municipality original in  falls in ouro preto"
"26","Erythroxylum gonoclados",1929203708,-19.9632093958864,-43.4154792631713,"cdrep","d415c253-4d61-4459-9d25-4015b9084fb0","ae447c50-b8a8-11d8-92a4-b8a03c50a862","none","17017c2c-036b-45d9-b045-606d21b00771","US","DWC_ARCHIVE","2018-11-18T15:20:53.264+0000","2018-11-18T15:20:53.293+0000",96,"none","PRESERVED_SPECIMEN",7284863,6,7707728,220,1414,6686,2873937,7284863,7284863,"Erythroxylum gonoclados (Mart.) O.E.Schulz","Erythroxylum gonoclados (Mart.) O.E.Schulz","Plantae","Tracheophyta","Malpighiales","Erythroxylaceae","Erythroxylum","Erythroxylum gonoclados","Erythroxylum","gonoclados","SPECIES","ACCEPTED","1984-01-01T00:00:00",0,"Minas Gerais",1978,12,12,"1978-12-12T00:00:00","","2018-12-08T14:08:50.522+0000","http://creativecommons.org/publicdomain/zero/1.0/legalcode","none","none","none","WGS84","Magnoliopsida","BR","Brazil","The New York Botanical Garden","65741d8e-5fb2-4976-9167-2cd62541c528","9561","Vascular plants","","Serra do CaraÃ§a.","NY",1929203708,"65741d8e-5fb2-4976-9167-2cd62541c528","PhysicalObject","H. de F. LeitÃ£o Filho","00997203","","NY","","T. C. Plowman","","en","",0,"SOUTH_AMERICA","http://biocol.org/urn:lsid:biocol.org:col:15556","ICN","",NA,"","","http://biocol.org/urn:lsid:biocol.org:col:15556","","http://sweetgum.nybg.org/science/vh/specimen_details.php?irn=1151221","Em campo rupestre e matas de altitude.","12 Dec 1978",346,"Santa BÃ¡rbara","sheet",346,"",33136,"Other source","CRIA (Centro de ReferÃªncia em InformaÃ§Ã£o Ambiental)","","",NA,"","","","","","Minas Gerais","brazil",NA,"",NA,NA,NA,"","","Minas Gerais",-44.67333254,-18.45539008,"Minas Gerais","mg",-19.9632093958864,-43.4154792631713,"original coordinates","original coordinates outside municipality original in  falls in santa barbara"
"27","Erythroxylum gonoclados",1929098568,-18.4489,-43.351,"","d415c253-4d61-4459-9d25-4015b9084fb0","ae447c50-b8a8-11d8-92a4-b8a03c50a862","none","17017c2c-036b-45d9-b045-606d21b00771","US","DWC_ARCHIVE","2018-11-18T15:01:50.502+0000","2018-10-19T14:12:29.651+0000",96,"none","PRESERVED_SPECIMEN",7284863,6,7707728,220,1414,6686,2873937,7284863,7284863,"Erythroxylum gonoclados (Mart.) O.E.Schulz","Erythroxylum gonoclados (Mart.) O.E.Schulz","Plantae","Tracheophyta","Malpighiales","Erythroxylaceae","Erythroxylum","Erythroxylum gonoclados","Erythroxylum","gonoclados","SPECIES","ACCEPTED","1985-01-01T00:00:00",950,"Minas Gerais",1972,2,9,"1972-02-09T00:00:00","","2018-12-08T17:11:22.619+0000","http://creativecommons.org/publicdomain/zero/1.0/legalcode","none","none","none","WGS84","Magnoliopsida","BR","Brazil","The New York Botanical Garden","5e1a4267-6367-4feb-a003-88765119e0ce","35687","Vascular plants","","Serra do EspinhaÃ§o, South-eastern drainage of Pico do ItambÃ©, about 5 km directly west and north of Santo Antonio do ItambÃ©","NY",1929098568,"5e1a4267-6367-4feb-a003-88765119e0ce","PhysicalObject","W. R. Anderson","00997198","","NY","","T. C. Plowman","","en","",0,"SOUTH_AMERICA","http://biocol.org/urn:lsid:biocol.org:col:15556","ICN","",NA,"","","http://biocol.org/urn:lsid:biocol.org:col:15556","","http://sweetgum.nybg.org/science/vh/specimen_details.php?irn=1151077","River bank.  Hillsides with second growth forest and bracken-covered campo, sloping down to river with blocky sandstone and sandy soil.","09 Feb 1972",40,"","sheet",40,"3117 ft",10000,"","Google Earth (map data 2006)","","",NA,"","","","","","Minas Gerais","brazil",NA,"",NA,NA,NA,"","","Minas Gerais",-44.67333254,-18.45539008,"Minas Gerais","mg",-18.4489,-43.351,"original coordinates","original coordinates outside municipality original in  falls in santo antonio do itambe"
"28","Erythroxylum gonoclados",1928220732,-25.5385841735685,-49.2069931547032,"cdrep","d415c253-4d61-4459-9d25-4015b9084fb0","ae447c50-b8a8-11d8-92a4-b8a03c50a862","none","17017c2c-036b-45d9-b045-606d21b00771","US","DWC_ARCHIVE","2018-11-18T14:47:54.153+0000","2018-11-18T14:47:54.195+0000",96,"none","PRESERVED_SPECIMEN",7284863,6,7707728,220,1414,6686,2873937,7284863,7284863,"Erythroxylum gonoclados (Mart.) O.E.Schulz","Erythroxylum gonoclados (Mart.) O.E.Schulz","Plantae","Tracheophyta","Malpighiales","Erythroxylaceae","Erythroxylum","Erythroxylum gonoclados","Erythroxylum","gonoclados","SPECIES","ACCEPTED","none",0,"ParanÃ¡",1972,12,28,"1972-12-28T00:00:00","","2018-12-05T23:34:08.618+0000","http://creativecommons.org/publicdomain/zero/1.0/legalcode","none","none","none","WGS84","Magnoliopsida","BR","Brazil","The New York Botanical Garden","1fdbd25c-7ddb-4164-85ac-541795cdd957","31067","Vascular plants","","Rod. BR-277, rio Itaqui","NY",1928220732,"1fdbd25c-7ddb-4164-85ac-541795cdd957","PhysicalObject","G. G. Hatschbach","387211","","NY","","T. C. Plowman","","en","",0,"SOUTH_AMERICA","http://biocol.org/urn:lsid:biocol.org:col:15556","ICN","",NA,"","","http://biocol.org/urn:lsid:biocol.org:col:15556","","http://sweetgum.nybg.org/science/vh/specimen_details.php?irn=383316","Interior matinha beira campo acido","28 Dec 1972",363,"Sao JosÃ© dos Pinhais","sheet",363,"",45291,"Other source","CRIA (Centro de ReferÃªncia em InformaÃ§Ã£o Ambiental)","","",NA,"","","","","","ParanÃ¡","brazil",NA,"",NA,NA,NA,"","","Paraná",-51.61693027,-24.63581955,"Paraná","pr",-25.5385841735685,-49.2069931547032,"original coordinates","original coordinates outside municipality original in  falls in sao jose dos pinhais"
"29","Erythroxylum gonoclados",1930084920,-20.1263,-43.492778,"cdround","d415c253-4d61-4459-9d25-4015b9084fb0","ae447c50-b8a8-11d8-92a4-b8a03c50a862","none","17017c2c-036b-45d9-b045-606d21b00771","US","DWC_ARCHIVE","2018-11-18T15:36:08.945+0000","2018-10-19T14:44:27.403+0000",96,"none","PRESERVED_SPECIMEN",7284863,6,7707728,220,1414,6686,2873937,7284863,7284863,"Erythroxylum gonoclados (Mart.) O.E.Schulz","Erythroxylum gonoclados (Mart.) O.E.Schulz","Plantae","Tracheophyta","Malpighiales","Erythroxylaceae","Erythroxylum","Erythroxylum gonoclados","Erythroxylum","gonoclados","SPECIES","ACCEPTED","1977-01-01T00:00:00",1400,"Minas Gerais",1971,1,22,"1971-01-22T00:00:00","","2018-12-08T18:02:55.900+0000","http://creativecommons.org/publicdomain/zero/1.0/legalcode","none","none","none","WGS84","Magnoliopsida","BR","Brazil","The New York Botanical Garden","a3c65582-ba5f-466a-810d-8ebe74710094","28886","Vascular plants","","Serra do EspinhaÃ§o, lower cut over slopes of Serra da CaraÃ§a, sandy slopes near riacho, ca. 10 km W. of BarÃ£o de Cocais.","NY",1930084920,"a3c65582-ba5f-466a-810d-8ebe74710094","PhysicalObject","H. S. Irwin","00997195","","NY","","T. C. Plowman","","en","",0,"SOUTH_AMERICA","http://biocol.org/urn:lsid:biocol.org:col:15556","ICN","",NA,"","","http://biocol.org/urn:lsid:biocol.org:col:15556","","http://sweetgum.nybg.org/science/vh/specimen_details.php?irn=1151074","Recently cut-over woodland.","22 Jan 1971",22,"","sheet",22,"4593 ft",10000,"","Google Earth (map data 2006)","","",NA,"","","","","","Minas Gerais","brazil",NA,"",NA,NA,NA,"","","Minas Gerais",-44.67333254,-18.45539008,"Minas Gerais","mg",-20.1263,-43.492778,"original coordinates","original coordinates outside municipality original in  falls in catas altas"
"30","Erythroxylum gonoclados",1930044575,-19.82237,-43.67613,"","d415c253-4d61-4459-9d25-4015b9084fb0","ae447c50-b8a8-11d8-92a4-b8a03c50a862","none","17017c2c-036b-45d9-b045-606d21b00771","US","DWC_ARCHIVE","2018-11-18T15:31:23.803+0000","2018-10-19T14:24:43.560+0000",96,"none","PRESERVED_SPECIMEN",7284863,6,7707728,220,1414,6686,2873937,7284863,7284863,"Erythroxylum gonoclados (Mart.) O.E.Schulz","Erythroxylum gonoclados (Mart.) O.E.Schulz","Plantae","Tracheophyta","Malpighiales","Erythroxylaceae","Erythroxylum","Erythroxylum gonoclados","Erythroxylum","gonoclados","SPECIES","ACCEPTED","1977-01-01T00:00:00",1800,"Minas Gerais",1971,1,16,"1971-01-16T00:00:00","","2018-12-06T11:24:30.013+0000","http://creativecommons.org/publicdomain/zero/1.0/legalcode","none","none","none","WGS84","Magnoliopsida","BR","Brazil","The New York Botanical Garden","a1442d4c-7885-43af-870f-aeccf87ea45d","30445","Vascular plants","","Serra do EspinhaÃ§o, middle slopes of Serra da Piedade, ca. 40 km E. of Belo Horizonte, BR-31","NY",1930044575,"a1442d4c-7885-43af-870f-aeccf87ea45d","PhysicalObject","H. S. Irwin","00997197","","NY","","T. C. Plowman","","en","",0,"SOUTH_AMERICA","http://biocol.org/urn:lsid:biocol.org:col:15556","ICN","",NA,"","","http://biocol.org/urn:lsid:biocol.org:col:15556","","http://sweetgum.nybg.org/science/vh/specimen_details.php?irn=1151076","Low dense woodland on iron-rich soil interspersed with many outcrops.","16 Jan 1971",16,"","sheet",16,"ca. 5906 ft",498,"Georeferencing Quick Reference Guide, Version 2012","Google Maps (map data 2015), Manis Georef. Calculator","2015-06-18","",NA,"","","","","","Minas Gerais","brazil",NA,"",NA,NA,NA,"","","Minas Gerais",-44.67333254,-18.45539008,"Minas Gerais","mg",-19.82237,-43.67613,"original coordinates","original coordinates outside municipality original in  falls in sabara"
"31","Erythroxylum gonoclados",1931056995,-20.3874,-43.505833,"cdround","d415c253-4d61-4459-9d25-4015b9084fb0","ae447c50-b8a8-11d8-92a4-b8a03c50a862","none","17017c2c-036b-45d9-b045-606d21b00771","US","DWC_ARCHIVE","2018-11-18T16:24:14.841+0000","2018-11-18T16:24:14.917+0000",96,"none","PRESERVED_SPECIMEN",7284863,6,7707728,220,1414,6686,2873937,7284863,7284863,"Erythroxylum gonoclados (Mart.) O.E.Schulz","Erythroxylum gonoclados (Mart.) O.E.Schulz","Plantae","Tracheophyta","Malpighiales","Erythroxylaceae","Erythroxylum","Erythroxylum gonoclados","Erythroxylum","gonoclados","SPECIES","ACCEPTED","1977-01-01T00:00:00",1850,"Minas Gerais",1971,1,30,"1971-01-30T00:00:00","","2018-12-08T04:58:09.968+0000","http://creativecommons.org/publicdomain/zero/1.0/legalcode","none","none","none","WGS84","Magnoliopsida","BR","Brazil","The New York Botanical Garden","e8b57248-283a-4bd9-b6d6-bfdd01975bd1","29434","Vascular plants","","Serra do Espinhaço, on summit of Pico de Itacolomi, ca. 3 km S. of Ouro Preto","NY",1931056995,"e8b57248-283a-4bd9-b6d6-bfdd01975bd1","PhysicalObject","H. S. Irwin","00997196","","NY","","T. C. Plowman","","en","",0,"SOUTH_AMERICA","http://biocol.org/urn:lsid:biocol.org:col:15556","ICN","",NA,"","","http://biocol.org/urn:lsid:biocol.org:col:15556","","http://sweetgum.nybg.org/science/vh/specimen_details.php?irn=1151075","Campo.","30 Jan 1971",30,"Ouro Preto","sheet",30,"ca. 6070 ft",NA,"","Google Earth (map data 2006)","","",NA,"","","","","","Minas Gerais","brazil",NA,"",NA,NA,NA,"","","Minas Gerais",-44.67333254,-18.45539008,"Minas Gerais","mg",-20.3874,-43.505833,"original coordinates","original coordinates outside municipality original in  falls in ouro preto"
"32","Erythroxylum gonoclados",1930433926,-18.55,-43.55,"gass84","d415c253-4d61-4459-9d25-4015b9084fb0","ae447c50-b8a8-11d8-92a4-b8a03c50a862","none","17017c2c-036b-45d9-b045-606d21b00771","US","DWC_ARCHIVE","2018-11-18T15:59:00.221+0000","2018-10-19T14:47:50.336+0000",96,"none","PRESERVED_SPECIMEN",7284863,6,7707728,220,1414,6686,2873937,7284863,7284863,"Erythroxylum gonoclados (Mart.) O.E.Schulz","Erythroxylum gonoclados (Mart.) O.E.Schulz","Plantae","Tracheophyta","Malpighiales","Erythroxylaceae","Erythroxylum","Erythroxylum gonoclados","Erythroxylum","gonoclados","SPECIES","ACCEPTED","1977-01-01T00:00:00",1200,"Minas Gerais",1968,2,24,"1968-02-24T00:00:00","","2018-12-08T19:25:54.111+0000","http://creativecommons.org/publicdomain/zero/1.0/legalcode","none","none","none","WGS84","Magnoliopsida","BR","Brazil","The New York Botanical Garden","bc937ae8-c376-4fb3-80f2-bb9c6b0b18c7","20779","Vascular plants","","Serra do EspinhaÃ§o, at Lapinha, ca. 18km N. of SÃªrro on road (MG 2) to Diamantina.","NY",1930433926,"bc937ae8-c376-4fb3-80f2-bb9c6b0b18c7","PhysicalObject","H. S. Irwin","00997193","","NY","","T. C. Plowman","","en","",0,"SOUTH_AMERICA","http://biocol.org/urn:lsid:biocol.org:col:15556","ICN","",NA,"","","http://biocol.org/urn:lsid:biocol.org:col:15556","","http://sweetgum.nybg.org/science/vh/specimen_details.php?irn=1150874","Shade of disturbed woods.  Disturbed slope forest.","24 Feb 1968",55,"","sheet",55,"3937 ft",10000,"","Carta do Brasil ao MilionÃ©simo (Instituto Brasileiro de Geografia e EstatÃ­stica) S.E. 23.  ""Belo Horizonte"" 1Âª ed.  1972.  1:  1,000,000.","","",NA,"","","","","","Minas Gerais","brazil",NA,"",NA,NA,NA,"","","Minas Gerais",-44.67333254,-18.45539008,"Minas Gerais","mg",-18.55,-43.55,"original coordinates","original coordinates outside municipality original in  falls in serro"
"33","Erythroxylum gonoclados",1931221777,-18.55,-43.58,"gass84","d415c253-4d61-4459-9d25-4015b9084fb0","ae447c50-b8a8-11d8-92a4-b8a03c50a862","none","17017c2c-036b-45d9-b045-606d21b00771","US","DWC_ARCHIVE","2018-11-18T16:25:32.094+0000","2018-10-19T15:15:02.813+0000",96,"none","PRESERVED_SPECIMEN",7284863,6,7707728,220,1414,6686,2873937,7284863,7284863,"Erythroxylum gonoclados (Mart.) O.E.Schulz","Erythroxylum gonoclados (Mart.) O.E.Schulz","Plantae","Tracheophyta","Malpighiales","Erythroxylaceae","Erythroxylum","Erythroxylum gonoclados","Erythroxylum","gonoclados","SPECIES","ACCEPTED","1977-01-01T00:00:00",1200,"Minas Gerais",1968,2,25,"1968-02-25T00:00:00","","2018-12-07T05:39:19.710+0000","http://creativecommons.org/publicdomain/zero/1.0/legalcode","none","none","none","WGS84","Magnoliopsida","BR","Brazil","The New York Botanical Garden","f473637b-fccb-4ff7-b319-69d4837c8959","20871a","Vascular plants","","Serra do EspinhaÃ§o, at Lapinha, ca. 21 km N. of SÃªrro on road (MG 2) to Diamantina.","NY",1931221777,"f473637b-fccb-4ff7-b319-69d4837c8959","PhysicalObject","H. S. Irwin","00997194","","NY","","T. C. Plowman","","en","",0,"SOUTH_AMERICA","http://biocol.org/urn:lsid:biocol.org:col:15556","ICN","",NA,"","","http://biocol.org/urn:lsid:biocol.org:col:15556","","http://sweetgum.nybg.org/science/vh/specimen_details.php?irn=1151073","Gallery forest and adjacent wet campo.","25 Feb 1968",56,"","sheet",56,"3937 ft",10000,"","Carta do Brasil ao MilionÃ©simo (Instituto Brasileiro de Geografia e EstatÃ­stica) S.E. 23.  ""Belo Horizonte"" 1Âª ed.  1972.  1:  1,000,000.","","",NA,"","","","","","Minas Gerais","brazil",NA,"",NA,NA,NA,"","","Minas Gerais",-44.67333254,-18.45539008,"Minas Gerais","mg",-18.55,-43.58,"original coordinates","original coordinates outside municipality original in  falls in serro"
"34","Erythroxylum gonoclados",1260149528,-20.35611,-43.47472,"gass84","7bd65a7a-f762-11e1-a439-00145eb45e9a","90fd6680-349f-11d8-aa2d-b8a03c50a862","none","c4e134d3-c68f-406d-a116-6a37895602e0","US","DWC_ARCHIVE","2018-06-20T08:01:26.077+0000","2016-03-21T15:49:40.654+0000",28,"none","PRESERVED_SPECIMEN",7284863,6,7707728,220,1414,6686,2873937,7284863,7284863,"Erythroxylum gonoclados (Mart.) O.E.Schulz","Erythroxylum gonoclados (Mart.) O.E.Schulz","Plantae","Tracheophyta","Malpighiales","Erythroxylaceae","Erythroxylum","Erythroxylum gonoclados","Erythroxylum","gonoclados","SPECIES","ACCEPTED","1982-01-01T00:00:00",1200,"Minas Gerais",1965,11,29,"1965-11-29T00:00:00","2009-10-24T06:44:00.000+0000","2018-12-09T16:36:03.712+0000","http://creativecommons.org/licenses/by/4.0/legalcode","none","none","none","WGS84","Magnoliopsida","BR","Brazil","Missouri Botanical Garden","urn:catalog:MO:Tropicos:2798782","Eiten 6993-B","Tropicos","","Município de Ouro Prèto: ca. 4 km NE of city of OURO PRÉTO, at south base of Serra da Brígida, about 1/2 km upstream from the waterfall, ""Cachoeira das Andorinhas"". Open rocky field with quartzitized sandstone pavements & projecting slabs, patches of thin soil, temporary pools. etc.","MO",1260149528,"urn:catalog:MO:Tropicos:2798782","PhysicalObject","George Eiten","2798782","","MO","","T. Plowman","","","MOBOT",NA,"SOUTH_AMERICA","","ICNafp","",NA,"","","http://biocol.org/urn:lsid:biocol.org:col:15859","","","","",NA,"","",NA,"",NA,"","","","No opinion",12500120,"http://www.tropicos.org/Specimen/2798782","","","","","Minas Gerais","brazil",NA,"",NA,NA,NA,"","","Minas Gerais",-44.67333254,-18.45539008,"Minas Gerais","mg",-20.35611,-43.47472,"original coordinates","original coordinates outside municipality original in  falls in ouro preto"
"35","Erythroxylum gonoclados",1927882187,-26.0307923106657,-48.8552709520685,"cdrep","d415c253-4d61-4459-9d25-4015b9084fb0","ae447c50-b8a8-11d8-92a4-b8a03c50a862","none","17017c2c-036b-45d9-b045-606d21b00771","US","DWC_ARCHIVE","2018-11-18T14:45:22.502+0000","2018-10-19T13:45:43.439+0000",96,"none","PRESERVED_SPECIMEN",7284863,6,7707728,220,1414,6686,2873937,7284863,7284863,"Erythroxylum gonoclados (Mart.) O.E.Schulz","Erythroxylum gonoclados (Mart.) O.E.Schulz","Plantae","Tracheophyta","Malpighiales","Erythroxylaceae","Erythroxylum","Erythroxylum gonoclados","Erythroxylum","gonoclados","SPECIES","ACCEPTED","1978-01-01T00:00:00",700,"Santa Catarina",1960,11,3,"1960-11-03T00:00:00","","2018-12-05T23:30:57.896+0000","http://creativecommons.org/publicdomain/zero/1.0/legalcode","none","none","none","WGS84","Magnoliopsida","BR","Brazil","The New York Botanical Garden","0814d49d-85c4-425b-b127-2747e2e25e8b","10309","Vascular plants","","Monte Crista, Garuva, Sao Francisco do Sul","NY",1927882187,"0814d49d-85c4-425b-b127-2747e2e25e8b","PhysicalObject","R. Reitz","387210","","NY","","T. C. Plowman","","en","",0,"SOUTH_AMERICA","http://biocol.org/urn:lsid:biocol.org:col:15556","ICN","",NA,"","","http://biocol.org/urn:lsid:biocol.org:col:15556","","http://sweetgum.nybg.org/science/vh/specimen_details.php?irn=383308","Matinha","03 Nov 1960",308,"Garuva","sheet",308,"2297 ft",22441,"Other source","CRIA (Centro de ReferÃªncia em InformaÃ§Ã£o Ambiental)","","",NA,"","","","","","Santa Catarina","brazil",NA,"",NA,NA,NA,"","","Santa Catarina",-50.48226937,-27.24592878,"Santa Catarina","sc",-26.0307923106657,-48.8552709520685,"original coordinates","original coordinates outside municipality original in  falls in garuva"
"36","Erythroxylum gonoclados",1930045145,-26.1963928715053,-49.2662006010121,"cdrep","d415c253-4d61-4459-9d25-4015b9084fb0","ae447c50-b8a8-11d8-92a4-b8a03c50a862","none","17017c2c-036b-45d9-b045-606d21b00771","US","DWC_ARCHIVE","2018-11-18T15:31:27.943+0000","2018-10-19T14:24:43.749+0000",96,"none","PRESERVED_SPECIMEN",7284863,6,7707728,220,1414,6686,2873937,7284863,7284863,"Erythroxylum gonoclados (Mart.) O.E.Schulz","Erythroxylum gonoclados (Mart.) O.E.Schulz","Plantae","Tracheophyta","Malpighiales","Erythroxylaceae","Erythroxylum","Erythroxylum gonoclados","Erythroxylum","gonoclados","SPECIES","ACCEPTED","1978-01-01T00:00:00",1400,"Santa Catarina",1958,1,9,"1958-01-09T00:00:00","","2018-12-06T11:24:30.302+0000","http://creativecommons.org/publicdomain/zero/1.0/legalcode","none","none","none","WGS84","Magnoliopsida","BR","Brazil","The New York Botanical Garden","a14fa7ea-d782-4c9f-b722-9991b92e98ba","6053","Vascular plants","","Morro do Iquererim, Campo Alegre","NY",1930045145,"a14fa7ea-d782-4c9f-b722-9991b92e98ba","PhysicalObject","R. Reitz","387217","","NY","","T. C. Plowman","","en","",0,"SOUTH_AMERICA","http://biocol.org/urn:lsid:biocol.org:col:15556","ICN","",NA,"","","http://biocol.org/urn:lsid:biocol.org:col:15556","","http://sweetgum.nybg.org/science/vh/specimen_details.php?irn=383311","Mata","09 Jan 1958",9,"Campo Alegre","sheet",9,"4593 ft",37493,"Other source","CRIA (Centro de ReferÃªncia em InformaÃ§Ã£o Ambiental)","","",NA,"","","","","","Santa Catarina","brazil",NA,"",NA,NA,NA,"","","Santa Catarina",-50.48226937,-27.24592878,"Santa Catarina","sc",-26.1963928715053,-49.2662006010121,"original coordinates","original coordinates outside municipality original in  falls in campo alegre"
"37","Erythroxylum gonoclados",1928829825,-26.1963928715053,-49.2662006010121,"cdrep","d415c253-4d61-4459-9d25-4015b9084fb0","ae447c50-b8a8-11d8-92a4-b8a03c50a862","none","17017c2c-036b-45d9-b045-606d21b00771","US","DWC_ARCHIVE","2018-11-18T14:52:23.540+0000","2018-10-19T13:53:30.328+0000",96,"none","PRESERVED_SPECIMEN",7284863,6,7707728,220,1414,6686,2873937,7284863,7284863,"Erythroxylum gonoclados (Mart.) O.E.Schulz","Erythroxylum gonoclados (Mart.) O.E.Schulz","Plantae","Tracheophyta","Malpighiales","Erythroxylaceae","Erythroxylum","Erythroxylum gonoclados","Erythroxylum","gonoclados","SPECIES","ACCEPTED","1978-01-01T00:00:00",950,"Santa Catarina",1957,2,1,"1957-02-01T00:00:00","","2018-12-08T19:29:26.111+0000","http://creativecommons.org/publicdomain/zero/1.0/legalcode","none","none","none","WGS84","Magnoliopsida","BR","Brazil","The New York Botanical Garden","4b0a869b-0134-40d3-a71c-d1dadf7f6864","10583","Vascular plants","","Pinheiral, 4 km south of Campo Alegre on the road ro JaraguÃ¡ do Sul","NY",1928829825,"4b0a869b-0134-40d3-a71c-d1dadf7f6864","PhysicalObject","L. B. Smith","387216","","NY","","T. C. Plowman","","en","",50,"SOUTH_AMERICA","http://biocol.org/urn:lsid:biocol.org:col:15556","ICN","",NA,"","","http://biocol.org/urn:lsid:biocol.org:col:15556","","http://sweetgum.nybg.org/science/vh/specimen_details.php?irn=383310","","01 Feb 1957",32,"Campo Alegre","sheet",32,"2953-3281 ft",37493,"Other source","CRIA (Centro de ReferÃªncia em InformaÃ§Ã£o Ambiental)","","",NA,"","","","","","Santa Catarina","brazil",NA,"",NA,NA,NA,"","","Santa Catarina",-50.48226937,-27.24592878,"Santa Catarina","sc",-26.1963928715053,-49.2662006010121,"original coordinates","original coordinates outside municipality original in  falls in campo alegre"
"38","Erythroxylum gonoclados",1929920575,-25.4807848457141,-48.8347668975131,"cdrep","d415c253-4d61-4459-9d25-4015b9084fb0","ae447c50-b8a8-11d8-92a4-b8a03c50a862","none","17017c2c-036b-45d9-b045-606d21b00771","US","DWC_ARCHIVE","2018-11-18T15:27:12.853+0000","2018-10-19T14:23:49.722+0000",96,"none","PRESERVED_SPECIMEN",7284863,6,7707728,220,1414,6686,2873937,7284863,7284863,"Erythroxylum gonoclados (Mart.) O.E.Schulz","Erythroxylum gonoclados (Mart.) O.E.Schulz","Plantae","Tracheophyta","Malpighiales","Erythroxylaceae","Erythroxylum","Erythroxylum gonoclados","Erythroxylum","gonoclados","SPECIES","ACCEPTED","1982-06-01T00:00:00",800,"ParanÃ¡",1914,1,15,"1914-01-15T00:00:00","","2018-12-06T11:23:16.060+0000","http://creativecommons.org/publicdomain/zero/1.0/legalcode","none","none","none","WGS84","Magnoliopsida","BR","Brazil","The New York Botanical Garden","987378fc-929c-4886-bf08-5a80a2b7820e","14371","Vascular plants","","Serra do Mar, in silva primaeva","NY",1929920575,"987378fc-929c-4886-bf08-5a80a2b7820e","PhysicalObject","P. K. H. DusÃ©n","387218","","NY","","T. C. Plowman","","en","",0,"SOUTH_AMERICA","http://biocol.org/urn:lsid:biocol.org:col:15556","ICN","",NA,"","","http://biocol.org/urn:lsid:biocol.org:col:15556","","http://sweetgum.nybg.org/science/vh/specimen_details.php?irn=383313","","15 Jan 1914",15,"Morretes","sheet",15,"2625 ft",30514,"Other source","CRIA (Centro de ReferÃªncia em InformaÃ§Ã£o Ambiental)","","",NA,"","","","","","ParanÃ¡","brazil",NA,"",NA,NA,NA,"","","Paraná",-51.61693027,-24.63581955,"Paraná","pr",-25.4807848457141,-48.8347668975131,"original coordinates","original coordinates outside municipality original in  falls in morretes"
"39","Erythroxylum gonoclados",1228209660,-22,-42.5,"gass84","90c853e6-56bd-480b-8e8f-6285c3f8d42b","7b8aff00-a9f8-11d8-944b-b8a03c50a862","none","3b84ff5b-79ce-427c-acb7-b4004e160f66","US","DWC_ARCHIVE","2018-11-22T21:35:09.427+0000","2018-11-22T21:35:09.490+0000",97,"none","PRESERVED_SPECIMEN",3694176,6,7707728,220,1414,6686,2873937,7284863,3694176,"Erythroxylum gonoclados var. macrophyllum O.E.Schulz","Erythroxylum gonoclados var. macrophyllum O.E.Schulz","Plantae","Tracheophyta","Malpighiales","Erythroxylaceae","Erythroxylum","Erythroxylum gonoclados","Erythroxylum","gonoclados","VARIETY","DOUBTFUL","none",NA,"Rio de Janeiro",1883,NA,NA,"1883-01-01T00:00:00","","2018-12-07T20:09:19.897+0000","http://creativecommons.org/publicdomain/zero/1.0/legalcode","none","none","none","WGS84","Magnoliopsida","BR","Brazil","The Field Museum of Natural History","3eec1a66-3ac0-4e59-b546-9eea297c0b92","13589","Negatives/Types","","","Botany",1228209660,"3eec1a66-3ac0-4e59-b546-9eea297c0b92","PhysicalObject","A. F. M. Glaziou",NA,"","F","","","","en","F",NA,"SOUTH_AMERICA","F","ICBN","South America, Brazil, Rio de Janeiro, Sudeste",250847,"seeds-20-nov-2018","http://fieldmuseum.org/about/copyright-information","Botany","Plantae Spermatophyta Dicotyledoneae Erythroxylaceae","","","",NA,"","",NA,"",NA,"","","","",NA,"","macrophyllum","SYNTYPE","","","Rio de Janeiro","brazil",NA,"",NA,NA,NA,"","","Rio de Janeiro",-42.66307908,-22.19581555,"Rio de Janeiro","rj",-22,-42.5,"original coordinates","original coordinates outside municipality original in  falls in duas barras"
"40","Erythroxylum gonoclados",1930911551,-22.5088534051515,-43.1784660501561,"cdrep","d415c253-4d61-4459-9d25-4015b9084fb0","ae447c50-b8a8-11d8-92a4-b8a03c50a862","none","17017c2c-036b-45d9-b045-606d21b00771","US","DWC_ARCHIVE","2018-11-18T16:23:05.704+0000","2018-11-18T16:23:05.948+0000",96,"none","PRESERVED_SPECIMEN",7284863,6,7707728,220,1414,6686,2873937,7284863,7284863,"Erythroxylum gonoclados (Mart.) O.E.Schulz","Erythroxylum gonoclados (Mart.) O.E.Schulz","Plantae","Tracheophyta","Malpighiales","Erythroxylaceae","Erythroxylum","Erythroxylum gonoclados","Erythroxylum","gonoclados","SPECIES","ACCEPTED","1978-01-01T00:00:00",0,"Rio de Janeiro",1882,12,22,"1882-12-22T00:00:00","","2018-12-08T04:56:33.328+0000","http://creativecommons.org/publicdomain/zero/1.0/legalcode","none","none","none","WGS84","Magnoliopsida","BR","Brazil","The New York Botanical Garden","de60d48d-67a8-4d65-9206-64a8535d1643","13588","Vascular plants","","Morro da Carangola ao Retiro, Petropolis","NY",1930911551,"de60d48d-67a8-4d65-9206-64a8535d1643","PhysicalObject","A. F. M. Glaziou","387214","","NY","","T. C. Plowman","","en","",0,"SOUTH_AMERICA","http://biocol.org/urn:lsid:biocol.org:col:15556","ICN","",NA,"","","http://biocol.org/urn:lsid:biocol.org:col:15556","","http://sweetgum.nybg.org/science/vh/specimen_details.php?irn=383309","","22 Dec 1882",356,"PetrÃ³polis","sheet",356,"",36524,"Other source","CRIA (Centro de ReferÃªncia em InformaÃ§Ã£o Ambiental)","","",NA,"","","","","","Rio de Janeiro","brazil",NA,"",NA,NA,NA,"","","Rio de Janeiro",-42.66307908,-22.19581555,"Rio de Janeiro","rj",-22.5088534051515,-43.1784660501561,"original coordinates","original coordinates outside municipality original in  falls in petropolis"
"41","Erythroxylum gonoclados",1228385494,-10.8339,-52.8731,"gass84","90c853e6-56bd-480b-8e8f-6285c3f8d42b","7b8aff00-a9f8-11d8-944b-b8a03c50a862","none","3b84ff5b-79ce-427c-acb7-b4004e160f66","US","DWC_ARCHIVE","2018-11-22T21:38:39.582+0000","2018-11-22T21:38:39.695+0000",97,"none","PRESERVED_SPECIMEN",7284863,6,7707728,220,1414,6686,2873937,7284863,7284863,"Erythroxylum gonoclados (Mart.) O.E.Schulz","Erythroxylum gonoclados (Mart.) O.E.Schulz","Plantae","Tracheophyta","Malpighiales","Erythroxylaceae","Erythroxylum","Erythroxylum gonoclados","Erythroxylum","gonoclados","SPECIES","ACCEPTED","none",NA,"",1824,8,NA,"1824-08-01T00:00:00","","2018-12-07T20:11:05.815+0000","http://creativecommons.org/publicdomain/zero/1.0/legalcode","none","none","none","WGS84","Magnoliopsida","BR","Brazil","The Field Museum of Natural History","e77e43e9-4866-40b7-81b9-ad8ddae127df","s.n.","Negatives/Types","","","Botany",1228385494,"e77e43e9-4866-40b7-81b9-ad8ddae127df","PhysicalObject","L. Riedel",NA,"","F","","","","en","F",NA,"SOUTH_AMERICA","F","ICBN","South America, BRAZIL",250836,"seeds-20-nov-2018","http://fieldmuseum.org/about/copyright-information","Botany","Plantae Spermatophyta Dicotyledoneae Erythroxylaceae","","","",NA,"","",NA,"",NA,"","","","",NA,"","","","","","","brazil",NA,"",NA,NA,NA,"","","",NA,NA,NA,"",-10.8339,-52.8731,"original coordinates","original coordinates outside municipality original in  falls in sao jose do xingu"
"42","Erythroxylum gonoclados",1228394370,-10.8339,-52.8731,"gass84","90c853e6-56bd-480b-8e8f-6285c3f8d42b","7b8aff00-a9f8-11d8-944b-b8a03c50a862","none","3b84ff5b-79ce-427c-acb7-b4004e160f66","US","DWC_ARCHIVE","2018-11-22T21:36:57.510+0000","2018-11-22T21:36:57.527+0000",97,"none","PRESERVED_SPECIMEN",3694364,6,7707728,220,1414,6686,2873937,7284863,7284863,"Erythroxylum microphyllum var. gonoclados Mart.","Erythroxylum gonoclados (Mart.) O.E.Schulz","Plantae","Tracheophyta","Malpighiales","Erythroxylaceae","Erythroxylum","Erythroxylum gonoclados","Erythroxylum","microphyllum","VARIETY","SYNONYM","none",NA,"",NA,NA,NA,"none","","2018-12-07T20:11:10.840+0000","http://creativecommons.org/publicdomain/zero/1.0/legalcode","none","none","none","WGS84","Magnoliopsida","BR","Brazil","The Field Museum of Natural History","965cd7f3-05b7-40a4-b707-21f96e15f50a","s.n.","Negatives/Types","","","Botany",1228394370,"965cd7f3-05b7-40a4-b707-21f96e15f50a","PhysicalObject","A. Saint-Hilaire",NA,"","F","","","","en","F",NA,"SOUTH_AMERICA","F","ICBN","South America, BRAZIL",251035,"seeds-20-nov-2018","http://fieldmuseum.org/about/copyright-information","Botany","Plantae Spermatophyta Dicotyledoneae Erythroxylaceae","","","",NA,"","",NA,"",NA,"","","","",NA,"","gonoclados","SYNTYPE","","","","brazil",NA,"",NA,NA,NA,"","","",NA,NA,NA,"",-10.8339,-52.8731,"original coordinates","original coordinates outside municipality original in  falls in sao jose do xingu"
"43","Erythroxylum gonoclados",1144675847,-10.77306,-53.08972,"gass84,rdativ","f577c9f3-ae71-4278-b6bf-512ba1dfaa21","43a26bbf-466a-4335-96cc-01d0656c614a","none","6040a0d6-f762-11e1-a439-00145eb45e9a","CH","BIOCASE","2018-12-11T22:35:01.715+0000","2016-02-23T13:23:05.663+0000",43,"none","PRESERVED_SPECIMEN",7284863,6,7707728,220,1414,6686,2873937,7284863,7284863,"Erythroxylum gonoclados (Mart.) O.E.Schulz","Erythroxylum gonoclados (Mart.) O.E.Schulz","Plantae","Tracheophyta","Malpighiales","Erythroxylaceae","Erythroxylum","Erythroxylum gonoclados","Erythroxylum","gonoclados","SPECIES","ACCEPTED","none",NA,"",NA,NA,NA,"none","","2018-12-06T21:54:32.361+0000","http://creativecommons.org/licenses/by-nc/4.0/legalcode","none","none","none","WGS84","Magnoliopsida","BR","Brazil","","","","","","Brésil - Prov. de Rio de Janeiro","Geneva Herbarium – General Collection (G)",1144675847,"","","Glaziou, A. F. M. (Coll. Delessert)","G-G-256937/1","","G","","Plowman, T. C. (1981)","","","",NA,"","","","",NA,"","","","","","","",NA,"","",NA,"",NA,"","","","",NA,"","","ISOSYNTYPE","Erythroxylum gonoclados var. macrophyllum O. E. Schulz","","","brazil",NA,"",NA,NA,NA,"","","",NA,NA,NA,"",-10.77306,-53.08972,"original coordinates","original coordinates outside municipality original in  falls in sao jose do xingu"
"44","Erythroxylum gonoclados",1928929361,-19.1729945899495,-43.7143985170281,"cdrep,rdativ","d415c253-4d61-4459-9d25-4015b9084fb0","ae447c50-b8a8-11d8-92a4-b8a03c50a862","none","17017c2c-036b-45d9-b045-606d21b00771","US","DWC_ARCHIVE","2018-11-18T14:53:09.193+0000","2018-11-18T14:53:09.453+0000",96,"none","PRESERVED_SPECIMEN",7284863,6,7707728,220,1414,6686,2873937,7284863,7284863,"Erythroxylum gonoclados (Mart.) O.E.Schulz","Erythroxylum gonoclados (Mart.) O.E.Schulz","Plantae","Tracheophyta","Malpighiales","Erythroxylaceae","Erythroxylum","Erythroxylum gonoclados","Erythroxylum","gonoclados","SPECIES","ACCEPTED","2001-01-01T00:00:00",0,"Minas Gerais",NA,NA,NA,"none","","2018-12-08T19:30:20.193+0000","http://creativecommons.org/publicdomain/zero/1.0/legalcode","none","none","none","WGS84","Magnoliopsida","BR","Brazil","The New York Botanical Garden","522cfabc-576a-407d-979a-c5160247cbdd","644","Vascular plants","","Serra do CipÃ³, ca. 400m antes da bifurcaÃ§Ã£o Morro do Pilar ConceiÃ§Ã£o do Mato Dentro.  Grande capÃ£o de mata, ca. 1,8k da estrada.","NY",1928929361,"522cfabc-576a-407d-979a-c5160247cbdd","PhysicalObject","M. Groppo, Jr.","00997199","","NY","","J. R. Pirani","","en","",0,"SOUTH_AMERICA","http://biocol.org/urn:lsid:biocol.org:col:15556","ICN","",NA,"","","http://biocol.org/urn:lsid:biocol.org:col:15556","","http://sweetgum.nybg.org/science/vh/specimen_details.php?irn=1151078","Borda da mata.","2 Mar 200[blank]",0,"Santana do Riacho","sheet",0,"",26557,"Other source","CRIA (Centro de ReferÃªncia em InformaÃ§Ã£o Ambiental)","","",NA,"","","","","","Minas Gerais","brazil",NA,"",NA,NA,NA,"","","Minas Gerais",-44.67333254,-18.45539008,"Minas Gerais","mg",-19.1729945899495,-43.7143985170281,"original coordinates","original coordinates outside municipality original in  falls in santana do riacho"
"45","Erythroxylum gonoclados",1228388551,-20.35,-43,"gass84","90c853e6-56bd-480b-8e8f-6285c3f8d42b","7b8aff00-a9f8-11d8-944b-b8a03c50a862","none","3b84ff5b-79ce-427c-acb7-b4004e160f66","US","DWC_ARCHIVE","2018-11-22T21:36:55.697+0000","2018-11-22T21:36:55.770+0000",97,"none","PRESERVED_SPECIMEN",7284863,6,7707728,220,1414,6686,2873937,7284863,7284863,"Erythroxylum gonoclados (Mart.) O.E.Schulz","Erythroxylum gonoclados (Mart.) O.E.Schulz","Plantae","Tracheophyta","Malpighiales","Erythroxylaceae","Erythroxylum","Erythroxylum gonoclados","Erythroxylum","gonoclados","SPECIES","ACCEPTED","none",1200,"Minas Gerais",NA,NA,NA,"none","","2018-12-07T20:11:07.711+0000","http://creativecommons.org/publicdomain/zero/1.0/legalcode","none","none","none","WGS84","Magnoliopsida","BR","Brazil","The Field Museum of Natural History","94dbdda5-cc64-4909-aaf5-2e20209ebb7d","6993","Plowman Erythroxylum","","Ouro Preto, Ca. 4 Km NE of city of Ouro Preto, at S base of Serra da Brigida, about 1/2 Km upstream from the waterfall. Cachoeira das Andorinhas","Botany",1228388551,"94dbdda5-cc64-4909-aaf5-2e20209ebb7d","PhysicalObject","G. Eiten",NA,"","F","","","","en","F",NA,"SOUTH_AMERICA","F","ICBN","[ERY-BRAZ-1442] South America, Brazil, Minas Gerais, Ouro Preto: Ca. 4 Km NE of city of Ouro Preto, at S base of Serra da Brigida, about 1/2 Km upstream from the waterfall. Cachoeira das Andorinhas",177021,"seeds-20-nov-2018","http://fieldmuseum.org/about/copyright-information","Botany","Plantae Spermatophyta Dicotyledoneae Erythroxylaceae","","","",NA,"","",NA,"",NA,"","","","",NA,"","","","","","Minas Gerais","brazil",NA,"",NA,NA,NA,"","","Minas Gerais",-44.67333254,-18.45539008,"Minas Gerais","mg",-20.35,-43,"original coordinates","original coordinates outside municipality original in  falls in ponte nova"
