"","name","key","decimalLatitude","decimalLongitude","issues","datasetKey","publishingOrgKey","networkKeys","installationKey","publishingCountry","protocol","lastCrawled","lastParsed","crawlId","extensions","basisOfRecord","taxonKey","kingdomKey","phylumKey","classKey","orderKey","familyKey","genusKey","speciesKey","acceptedTaxonKey","scientificName","acceptedScientificName","kingdom","phylum","order","family","genus","species","genericName","specificEpithet","taxonRank","taxonomicStatus","dateIdentified","stateProvince.original","year","month","day","eventDate","modified","lastInterpreted","license","identifiers","facts","relations","geodeticDatum","class","countryCode","country.original","rightsHolder","identifier","datasetName","municipality.original","locality","language","collectionCode","gbifID","occurrenceID","type","recordedBy","catalogNumber","institutionCode","ownerInstitutionCode","identifiedBy","recordNumber","elevation","elevationAccuracy","occurrenceRemarks","otherCatalogNumbers","continent","nomenclaturalStatus","nomenclaturalCode","taxonID","bibliographicCitation","collectionID","county","fieldNotes","coordinateUncertaintyInMeters","references","habitat","institutionID","preparations","verbatimEventDate","georeferenceProtocol","endDayOfYear","startDayOfYear","georeferenceSources","verbatimElevation","verbatimTaxonRank","higherClassification","individualCount","georeferencedDate","typeStatus","typifiedName","higherGeography","organismID","datasetID","accessRights","municipality","stateProvince","country","FID","NOME","GEOCODIGO","POINT_X","POINT_Y","NOMEUF","SIGLAUF","estados_shp","x_estado","y_estado","nome","sigla","new_Lat","new_Lon","notes","comments"
"1","Salacia grandifolia",1135944110,-24.03141,-47.34417,"gass84","cbf8c968-37d6-45be-bf5c-e22914a384dc","a88bec5c-1cbf-47a2-8c3e-6081804d80a5","none","b38ff2b7-c8af-454e-b5af-ee760f0d5bca","BR","DWC_ARCHIVE","2018-12-03T15:21:41.744+0000","2018-01-05T16:39:50.343+0000",81,"none","PRESERVED_SPECIMEN",7922977,6,7707728,220,950,6715,3169160,7922977,7922977,"Salacia grandifolia (Mart.) G.Don","Salacia grandifolia (Mart.) G.Don","Plantae","Tracheophyta","Celastrales","Celastraceae","Salacia","Salacia grandifolia","Salacia","grandifolia","SPECIES","ACCEPTED","2013-03-31T00:00:00","São Paulo",2013,3,31,"2013-03-31T00:00:00","2015-08-18T19:24:12.000+0000","2018-12-06T21:48:28.170+0000","http://creativecommons.org/licenses/by-nc/4.0/legalcode","none","none","none","WGS84","Magnoliopsida","BR","Brazil","ESA - Herbário da Escola Superior de Agricultura Luiz de Queiroz","BRA:ESALQ:ESA:0ESA124829","ESA - Herbário da Escola Superior de Agricultura Luiz de Queiroz","Tapiraí","UHE Barra Trilha da Vila dos Moradores em direção à Caixa d#?#água (approx. 2km). Floresta Ombrófila Densa","pt","ESA",1135944110,"BRA:ESALQ:ESA:0ESA124829","Collection","Cabral, F.N.","ESA124829","Escola Superior de Agricultura Luiz de Queiroz, ESALQ","Escola Superior de Agricultura Luiz de Queiroz, ESALQ","Potascheff, C.M.; Liboni, A.P.; Fagundes, I.C.; Cabral, F.N.","",NA,NA,"","","","","",NA,"","","","",NA,"","","","","","",NA,NA,"","","","",NA,"","","",NA,NA,NA,NA,"Tapiraí","São Paulo","brazil",1050,"Tapiraí",3553500,-47.619531,-24.008322,"SAO PAULO","SP","São Paulo",-48.72944932,-22.26440593,"São Paulo","sp",-24.03141,-47.34417,"original coordinates","original coordinates outside municipality original in tapirai falls in miracatu"
"2","Salacia grandifolia",1135944297,-24.03332,-47.34483,"gass84","cbf8c968-37d6-45be-bf5c-e22914a384dc","a88bec5c-1cbf-47a2-8c3e-6081804d80a5","none","b38ff2b7-c8af-454e-b5af-ee760f0d5bca","BR","DWC_ARCHIVE","2018-12-03T15:21:41.888+0000","2018-01-05T16:39:50.444+0000",81,"none","PRESERVED_SPECIMEN",7922977,6,7707728,220,950,6715,3169160,7922977,7922977,"Salacia grandifolia (Mart.) G.Don","Salacia grandifolia (Mart.) G.Don","Plantae","Tracheophyta","Celastrales","Celastraceae","Salacia","Salacia grandifolia","Salacia","grandifolia","SPECIES","ACCEPTED","2013-04-18T00:00:00","São Paulo",2013,3,31,"2013-03-31T00:00:00","2015-08-18T19:24:12.000+0000","2018-12-06T21:48:28.247+0000","http://creativecommons.org/licenses/by-nc/4.0/legalcode","none","none","none","WGS84","Magnoliopsida","BR","Brazil","ESA - Herbário da Escola Superior de Agricultura Luiz de Queiroz","BRA:ESALQ:ESA:0ESA125363","ESA - Herbário da Escola Superior de Agricultura Luiz de Queiroz","Miracatu","Reserva Particular da Votorantim (CBA). UHE Barra Trilha da Vila dos Moradores em direção à Caixa d#?#água (aprox. 2km). Floresta Ombrófila Densa","pt","ESA",1135944297,"BRA:ESALQ:ESA:0ESA125363","Collection","Cabral, F.N.","ESA125363","Escola Superior de Agricultura Luiz de Queiroz, ESALQ","Escola Superior de Agricultura Luiz de Queiroz, ESALQ","Lombardi, J.A.","931",NA,NA,"","","","","",NA,"","","","",NA,"","","","","","",NA,NA,"","","","",NA,"","","",NA,NA,NA,NA,"Miracatu","São Paulo","brazil",1019,"Miracatu",3529906,-47.394869,-24.194935,"SAO PAULO","SP","São Paulo",-48.72944932,-22.26440593,"São Paulo","sp",-24.03332,-47.34483,"original coordinates","original coordinates OK"
"3","Salacia grandifolia",1090516299,-15.395833,-39.566111,"gass84","bc81e05b-ed51-46ba-a0a4-90fbae9b5545","c6aacf9d-a5a7-4d7f-a6fc-ea0a4b8ec450","none","b38ff2b7-c8af-454e-b5af-ee760f0d5bca","BR","DWC_ARCHIVE","2018-11-24T12:34:34.564+0000","2018-11-24T12:34:34.573+0000",122,"none","PRESERVED_SPECIMEN",7922977,6,7707728,220,950,6715,3169160,7922977,7922977,"Salacia grandifolia (Mart.) G.Don","Salacia grandifolia (Mart.) G.Don","Plantae","Tracheophyta","Celastrales","Celastraceae","Salacia","Salacia grandifolia","Salacia","grandifolia","SPECIES","ACCEPTED","none","Bahia",2010,5,18,"2010-05-18T00:00:00","2018-11-14T14:10:50.000+0000","2018-12-08T04:43:00.295+0000","http://creativecommons.org/licenses/by-nc/4.0/legalcode","none","none","none","WGS84","Magnoliopsida","BR","Brazil","CEPEC - Herbário do Centro de Pesquisas do Cacau","BRA:CEPLAC:CEPEC:0000128367","CEPEC - Herbário do Centro de Pesquisas do Cacau","CAMACAN","RPPN Serra Bonita, área da fitossociologia.","pt","CEPEC",1090516299,"BRA:CEPLAC:CEPEC:0000128367","Collection","D. Rocha","128367","Comissão Executiva do Plano da Lavoura Cacaueira (CEPLAC)","Comissão Executiva do Plano da Lavoura Cacaueira (CEPLAC)","Sem Informação","1115",500,0,"Coleta testemunho do inventário na RPPN Serra Bonita (Rocha & Amorim 2011). Indivíduo nº P42-23","","","","",NA,"","","","",NA,"","","","","","",NA,NA,"","","","",NA,"","","",NA,NA,NA,NA,"CAMACAN","Bahia","brazil",3149,"Camacan",2905602,-39.519116,-15.445393,"BAHIA","BA","Bahia",-41.72018023,-12.47295682,"Bahia","ba",-15.395833,-39.566111,"original coordinates","original coordinates OK"
"4","Salacia grandifolia",1089103663,-23.377,-45.3018,"gass84","7741a517-ab3d-4b85-ae58-56322e44c8ce","d073b448-6b80-4364-8c38-18d08b88797f","none","b38ff2b7-c8af-454e-b5af-ee760f0d5bca","BR","DWC_ARCHIVE","2018-12-03T13:51:44.907+0000","2018-12-03T16:41:22.394+0000",122,"none","PRESERVED_SPECIMEN",7922977,6,7707728,220,950,6715,3169160,7922977,7922977,"Salacia grandifolia (Mart.) G.Don","Salacia grandifolia (Mart.) G.Don","Plantae","Tracheophyta","Celastrales","Celastraceae","Salacia","Salacia grandifolia","Salacia","grandifolia","SPECIES","ACCEPTED","2010-12-01T00:00:00","São Paulo",2010,6,1,"2010-06-01T00:00:00","2018-11-21T16:29:49.000+0000","2018-12-08T04:38:21.221+0000","http://creativecommons.org/licenses/by-nc/4.0/legalcode","none","none","none","WGS84","Magnoliopsida","BR","Brazil","UEC - Herbário da Universidade Estadual de Campinas","BRA:UNICAMP:UEC:0000166867","UEC - Herbário da Universidade Estadual de Campinas","Caraguatatuba","Parque Estadual da Serra do Mar.","pt","UEC",1089103663,"BRA:UNICAMP:UEC:0000166867","Collection","Stefani, E.J.F.; Belinello, R.; Galvão, J.C.","166867","UNICAMP","Universidade Estadual de Campinas, UNICAMP","Stefani, E.J.F.","107",70,20,"Árvore com 4 m.; Mata Atlântica.","","","","",NA,"","","","",NA,"","","","","","",NA,NA,"","","","",NA,"","","",NA,NA,NA,NA,"Caraguatatuba","São Paulo","brazil",1134,"Caraguatatuba",3510500,-45.488504,-23.638724,"SAO PAULO","SP","São Paulo",-48.72944932,-22.26440593,"São Paulo","sp",-23.377,-45.3018,"original coordinates","original coordinates outside municipality original in caraguatatuba falls in natividade da serra"
"5","Salacia grandifolia",1424370946,-22.474444,-42.931944,"cdround,gass84","4300f8d5-1ae5-49e5-a101-63894b005868","838537fc-4aeb-4980-8b58-97fbdcd1d91a","none","da7fe11a-b42c-46cb-9e9d-02243edb738a","BR","DWC_ARCHIVE","2018-10-02T15:41:43.962+0000","2018-09-24T20:02:51.921+0000",207,"none","PRESERVED_SPECIMEN",7922977,6,7707728,220,950,6715,3169160,7922977,7922977,"Salacia grandifolia (Mart.) G.Don","Salacia grandifolia (Mart.) G.Don","Plantae","Tracheophyta","Celastrales","Celastraceae","Salacia","Salacia grandifolia","Salacia","grandifolia","SPECIES","ACCEPTED","none","Rio de Janeiro",2010,9,30,"2010-09-30T00:00:00","2017-10-19T13:21:25.831+0000","2018-12-06T16:59:44.779+0000","http://creativecommons.org/licenses/by/4.0/legalcode","none","none","none","WGS84","Magnoliopsida","BR","Brazil","Rio de Janeiro Botanical Garden","urn:catalog:JBRJ:RB:660783","RB - Rio de Janeiro Botanical Garden Herbarium Collection","Guapimirim","Estação Ecológica Estadual do Paraiso. near to the Centro de Primatologia.","","RB",1424370946,"urn:catalog:JBRJ:RB:660783","PhysicalObject","O. Thier; K. Baber, R. Engelmann, D. Sattler, J. Wesenberg","RB00660783","JBRJ","","O. Thier","OT 2130",155,NA,"Flowers with gristly, white to greenish petals, dbh = 5 cm","RB 518095","","","",NA,"","","","",NA,"","","","","","",NA,NA,"","","","",NA,"","","",NA,NA,NA,NA,"Guapimirim","Rio de Janeiro","brazil",1500,"Guapimirim",3301850,-42.963842,-22.584312,"RIO DE JANEIRO","RJ","Rio de Janeiro",-42.66307908,-22.19581555,"Rio de Janeiro","rj",-22.474444,-42.931944,"original coordinates","original coordinates OK"
"6","Salacia grandifolia",1090696373,-23.816667,-46.933333,"gass84","fdf55163-54d8-4bc7-862d-7e41068589e3","6215eac7-a176-4a7f-9bba-552b3f5ba9a3","none","b38ff2b7-c8af-454e-b5af-ee760f0d5bca","BR","DWC_ARCHIVE","2018-11-24T12:32:42.949+0000","2018-06-04T12:04:38.878+0000",126,"none","PRESERVED_SPECIMEN",7922977,6,7707728,220,950,6715,3169160,7922977,7922977,"Salacia grandifolia (Mart.) G.Don","Salacia grandifolia (Mart.) G.Don","Plantae","Tracheophyta","Celastrales","Celastraceae","Salacia","Salacia grandifolia","Salacia","grandifolia","SPECIES","ACCEPTED","2010-10-01T00:00:00","São Paulo",2010,10,19,"2010-10-19T00:00:00","2018-05-23T14:45:34.000+0000","2018-12-08T04:44:14.702+0000","http://creativecommons.org/licenses/by-nc/4.0/legalcode","none","none","none","WGS84","Magnoliopsida","BR","Brazil","HRCB - Herbário Rioclarense","BRA:UNESPRC:HRCB:0000053913","HRCB - Herbário Rioclarense","São Lourenço da Serra","Entorno da RPPN Paiol Maria","pt","HRCB",1090696373,"BRA:UNESPRC:HRCB:0000053913","Collection","Lombardi","53913","Universidade Estadual Paulista, UNESP","Universidade Estadual Paulista, UNESP","Lombardi, J.A.","7901",700,0,"Arvoreta até 5m, folhas coriáceas, flores ocre","","","","",NA,"","","","",NA,"","","","","","",NA,NA,"","","","",NA,"","","",NA,NA,NA,NA,"São Lourenço da Serra","São Paulo","brazil",1081,"São Lourenço da Serra",3549953,-46.936685,-23.852395,"SAO PAULO","SP","São Paulo",-48.72944932,-22.26440593,"São Paulo","sp",-23.816667,-46.933333,"original coordinates","original coordinates OK"
"7","Salacia grandifolia",1087384056,-23.775042,-46.295211,"gass84","17efa320-7312-4b55-bf0a-a4cfc4613169","2437c128-bf8c-4f53-b668-da95fb2e40b7","none","b38ff2b7-c8af-454e-b5af-ee760f0d5bca","BR","DWC_ARCHIVE","2018-11-24T12:35:42.127+0000","2018-09-25T13:56:43.922+0000",120,"none","PRESERVED_SPECIMEN",7922977,6,7707728,220,950,6715,3169160,7922977,7922977,"Salacia grandifolia (Mart.) G.Don","Salacia grandifolia (Mart.) G.Don","Plantae","Tracheophyta","Celastrales","Celastraceae","Salacia","Salacia grandifolia","Salacia","grandifolia","SPECIES","ACCEPTED","2009-05-12T00:00:00","São Paulo",2008,8,28,"2008-08-28T00:00:00","2018-09-10T11:03:19.000+0000","2018-12-08T13:04:28.055+0000","http://creativecommons.org/licenses/by-nc/4.0/legalcode","none","none","none","WGS84","Magnoliopsida","BR","Brazil","SP - Herbário do Estado ""Maria Eneyda P. Kaufmann Fidalgo"" - Coleção de Fanerógamas","BRA:IBt:SP:0000426692","SP - Herbário do Estado ""Maria Eneyda P. Kaufmann Fidalgo"" - Coleção de Fanerógamas","Santo André","Paranapiacaba, Trilha atrás da guarita da estrada do Taquaruçu","pt","SP",1087384056,"BRA:IBt:SP:0000426692","Collection","Búgola Silva, F; Garrido, CTR; Almeida Scabbia, RJ","426692","Instituto de Botânica, IBT","Instituto de Botânica, IBT","Almeida Scabbia, RJ","8296",NA,NA,"","","","","",NA,"","","","",NA,"","","","","","",NA,NA,"","","","",NA,"","","",NA,NA,NA,NA,"Santo André","São Paulo","brazil",1110,"Santo André",3547809,-46.443939,-23.726284,"SAO PAULO","SP","São Paulo",-48.72944932,-22.26440593,"São Paulo","sp",-23.775042,-46.295211,"original coordinates","original coordinates OK"
"8","Salacia grandifolia",1424275709,-19.949444,-40.554444,"cdround,gass84","4300f8d5-1ae5-49e5-a101-63894b005868","838537fc-4aeb-4980-8b58-97fbdcd1d91a","none","da7fe11a-b42c-46cb-9e9d-02243edb738a","BR","DWC_ARCHIVE","2018-10-02T15:40:45.472+0000","2018-09-24T20:02:01.386+0000",207,"none","PRESERVED_SPECIMEN",7922977,6,7707728,220,950,6715,3169160,7922977,7922977,"Salacia grandifolia (Mart.) G.Don","Salacia grandifolia (Mart.) G.Don","Plantae","Tracheophyta","Celastrales","Celastraceae","Salacia","Salacia grandifolia","Salacia","grandifolia","SPECIES","ACCEPTED","none","Espírito Santo",2007,1,30,"2007-01-30T00:00:00","2017-10-17T19:12:29.780+0000","2018-12-06T16:58:46.768+0000","http://creativecommons.org/licenses/by/4.0/legalcode","none","none","none","WGS84","Magnoliopsida","BR","Brazil","Rio de Janeiro Botanical Garden","urn:catalog:JBRJ:RB:561774","RB - Rio de Janeiro Botanical Garden Herbarium Collection","Santa Teresa","Goiapaba-açú, propriedade dos Buenos. Floresta Ombrófila Densa, Mata de Encosta. APA Goiapaba-açu","","RB",1424275709,"urn:catalog:JBRJ:RB:561774","PhysicalObject","A. P. Fontana; K.A. Brahim","RB00561774","JBRJ","","J.A.Lombardi","2779",550,50,"Arbusto, ca. 2m. Frutos verdes.","RB 481218","","","",NA,"","","","",NA,"","","","","","",NA,NA,"","","","",NA,"","","",NA,NA,NA,NA,"Santa Teresa","Espírito Santo","brazil",2456,"Santa Teresa",3204609,-40.635175,-19.877577,"ESPIRITO SANTO","ES","Espírito Santo",-40.6681057,-19.57475617,"Espírito Santo","es",-19.949444,-40.554444,"original coordinates","original coordinates OK"
"9","Salacia grandifolia",1123812911,-18.871944,-40.812778,"gass84","9129ec89-afa7-45af-8b73-509f1f8942ab","667644b9-7b93-4892-80c7-c4271735c515","none","b38ff2b7-c8af-454e-b5af-ee760f0d5bca","BR","DWC_ARCHIVE","2018-10-11T11:54:42.429+0000","2017-12-15T16:34:42.745+0000",129,"none","PRESERVED_SPECIMEN",7922977,6,7707728,220,950,6715,3169160,7922977,7922977,"Salacia grandifolia (Mart.) G.Don","Salacia grandifolia (Mart.) G.Don","Plantae","Tracheophyta","Celastrales","Celastraceae","Salacia","Salacia grandifolia","Salacia","grandifolia","SPECIES","ACCEPTED","none","Espírito Santo",2007,5,19,"2007-05-19T00:00:00","2017-09-14T14:44:04.000+0000","2018-12-08T12:04:56.290+0000","http://creativecommons.org/licenses/by-nc/4.0/legalcode","none","none","none","WGS84","Magnoliopsida","BR","Brazil","MBML-Herbario - Herbário Mello Leitão","BRA:MBML:MBML-HERBARIO:0000030215","MBML-Herbario - Herbário Mello Leitão","Águia Branca","Águas Claras, propr.: Zequinha","pt","MBML-HERBARIO",1123812911,"BRA:MBML:MBML-HERBARIO:0000030215","Collection","V. Demuner; T. Cruz, R. R. Vervloet e Elias Bausen.","30215","MBML","Museu de Biologia Professor Mello Leitão, MBML","J.A. Lombardi/XII-2012","4037",350,0,"Arbusto 4m botões florais e flores verdes. Interior de mata.","","","","",NA,"","","","",NA,"","","","","","",NA,NA,"","","","",NA,"","","",NA,NA,NA,NA,"Águia Branca","Espírito Santo","brazil",2639,"Águia Branca",3200136,-40.748582,-18.971321,"ESPIRITO SANTO","ES","Espírito Santo",-40.6681057,-19.57475617,"Espírito Santo","es",-18.871944,-40.812778,"original coordinates","original coordinates OK"
"10","Salacia grandifolia",1090694080,-23.336667,-44.834917,"gass84","fdf55163-54d8-4bc7-862d-7e41068589e3","6215eac7-a176-4a7f-9bba-552b3f5ba9a3","none","b38ff2b7-c8af-454e-b5af-ee760f0d5bca","BR","DWC_ARCHIVE","2018-11-24T12:32:40.883+0000","2018-06-04T12:04:37.453+0000",126,"none","PRESERVED_SPECIMEN",7922977,6,7707728,220,950,6715,3169160,7922977,7922977,"Salacia grandifolia (Mart.) G.Don","Salacia grandifolia (Mart.) G.Don","Plantae","Tracheophyta","Celastrales","Celastraceae","Salacia","Salacia grandifolia","Salacia","grandifolia","SPECIES","ACCEPTED","2007-09-01T00:00:00","São Paulo",2007,9,13,"2007-09-13T00:00:00","2018-05-23T14:45:34.000+0000","2018-12-08T04:44:13.568+0000","http://creativecommons.org/licenses/by-nc/4.0/legalcode","none","none","none","WGS84","Magnoliopsida","BR","Brazil","HRCB - Herbário Rioclarense","BRA:UNESPRC:HRCB:0000048401","HRCB - Herbário Rioclarense","Ubatuba","Trilha atrás da Casa de Farinha","pt","HRCB",1090694080,"BRA:UNESPRC:HRCB:0000048401","Collection","Lombardi","48401","Universidade Estadual Paulista, UNESP","Universidade Estadual Paulista, UNESP","Lombardi, J.A.","6851",NA,NA,"Arvoreta ca. 4 m, folhas cartáceas, corola marrom, com centro escuro, disco marrom","","","","",NA,"","","","",NA,"","","","","","",NA,NA,"","","","",NA,"","","",NA,NA,NA,NA,"Ubatuba","São Paulo","brazil",1216,"Ubatuba",3555406,-45.026117,-23.38322,"SAO PAULO","SP","São Paulo",-48.72944932,-22.26440593,"São Paulo","sp",-23.336667,-44.834917,"original coordinates","original coordinates OK"
"11","Salacia grandifolia",1090577126,-23.373315,-45.082151,"gass84","1064b787-c882-493e-b17d-4ffba363b776","c47cd3b0-2178-4a4b-87a6-740b482970a9","none","b38ff2b7-c8af-454e-b5af-ee760f0d5bca","BR","DWC_ARCHIVE","2018-11-23T18:20:28.378+0000","2017-12-29T14:14:15.645+0000",129,"none","PRESERVED_SPECIMEN",7922977,6,7707728,220,950,6715,3169160,7922977,7922977,"Salacia grandifolia (Mart.) G.Don","Salacia grandifolia (Mart.) G.Don","Plantae","Tracheophyta","Celastrales","Celastraceae","Salacia","Salacia grandifolia","Salacia","grandifolia","SPECIES","ACCEPTED","2007-10-01T00:00:00","São Paulo",2007,10,1,"2007-10-01T00:00:00","2017-10-31T16:17:52.000+0000","2018-12-08T04:43:29.194+0000","http://creativecommons.org/licenses/by-nc/4.0/legalcode","none","none","none","WGS84","Magnoliopsida","BR","Brazil","IAC - Herbário do Instituto Agronômico de Campinas","BRA:IAC:IAC:0000050270","IAC - Herbário do Instituto Agronômico de Campinas","Ubatuba","Fazenda Capricórnio, Núcleo Picinguaba/PESM, Parcela H","pt","IAC",1090577126,"BRA:IAC:IAC:0000050270","Collection","E. Ramos; H.R. Gonçalves & S. Santos","50270","IAC","Instituto Agronômico de Campinas, IAC","E. Ramos et al.","601",NA,NA,"Subparcela 58, Indivíduo H0867","","","","",NA,"","","","",NA,"","","","","","",NA,NA,"","","","",NA,"","","",NA,NA,NA,NA,"Ubatuba","São Paulo","brazil",1216,"Ubatuba",3555406,-45.026117,-23.38322,"SAO PAULO","SP","São Paulo",-48.72944932,-22.26440593,"São Paulo","sp",-23.373315,-45.082151,"original coordinates","original coordinates OK"
"12","Salacia grandifolia",1090573917,-23.4339,-45.0711,"gass84","1064b787-c882-493e-b17d-4ffba363b776","c47cd3b0-2178-4a4b-87a6-740b482970a9","none","b38ff2b7-c8af-454e-b5af-ee760f0d5bca","BR","DWC_ARCHIVE","2018-11-23T18:20:26.270+0000","2017-12-29T14:14:14.291+0000",129,"none","PRESERVED_SPECIMEN",7922977,6,7707728,220,950,6715,3169160,7922977,7922977,"Salacia grandifolia (Mart.) G.Don","Salacia grandifolia (Mart.) G.Don","Plantae","Tracheophyta","Celastrales","Celastraceae","Salacia","Salacia grandifolia","Salacia","grandifolia","SPECIES","ACCEPTED","2007-05-08T00:00:00","São Paulo",2006,5,18,"2006-05-18T00:00:00","2017-06-09T13:54:27.000+0000","2018-12-08T04:43:26.925+0000","http://creativecommons.org/licenses/by-nc/4.0/legalcode","none","none","none","WGS84","Magnoliopsida","BR","Brazil","IAC - Herbário do Instituto Agronômico de Campinas","BRA:IAC:IAC:0000047063","IAC - Herbário do Instituto Agronômico de Campinas","Ubatuba","Picinguaba, Casa da Farinha, parcela E47, linha 5x7","pt","IAC",1090573917,"BRA:IAC:IAC:0000047063","Collection","L.C. Bernacci & Y.V. Bakker","47063","IAC","Instituto Agronômico de Campinas, IAC","L.C. Bernacci","4241",NA,NA,"Indivíduo E0596","","","","",NA,"","","","",NA,"","","","","","",NA,NA,"","","","",NA,"","","",NA,NA,NA,NA,"Ubatuba","São Paulo","brazil",1216,"Ubatuba",3555406,-45.026117,-23.38322,"SAO PAULO","SP","São Paulo",-48.72944932,-22.26440593,"São Paulo","sp",-23.4339,-45.0711,"original coordinates","original coordinates OK"
"13","Salacia grandifolia",1090575819,-23.373498,-45.080223,"gass84","1064b787-c882-493e-b17d-4ffba363b776","c47cd3b0-2178-4a4b-87a6-740b482970a9","none","b38ff2b7-c8af-454e-b5af-ee760f0d5bca","BR","DWC_ARCHIVE","2018-11-23T18:20:27.403+0000","2017-12-29T14:14:15.072+0000",129,"none","PRESERVED_SPECIMEN",7922977,6,7707728,220,950,6715,3169160,7922977,7922977,"Salacia grandifolia (Mart.) G.Don","Salacia grandifolia (Mart.) G.Don","Plantae","Tracheophyta","Celastrales","Celastraceae","Salacia","Salacia grandifolia","Salacia","grandifolia","SPECIES","ACCEPTED","2006-09-11T00:00:00","São Paulo",2006,9,11,"2006-09-11T00:00:00","2017-10-31T16:17:52.000+0000","2018-12-08T04:43:27.846+0000","http://creativecommons.org/licenses/by-nc/4.0/legalcode","none","none","none","WGS84","Magnoliopsida","BR","Brazil","IAC - Herbário do Instituto Agronômico de Campinas","BRA:IAC:IAC:0000048959","IAC - Herbário do Instituto Agronômico de Campinas","Ubatuba","Fazenda Capricórnio, Parcela G (Parque Estadual da Serra do Mar, Núcleo Picinguaba)","pt","IAC",1090575819,"BRA:IAC:IAC:0000048959","Collection","J.A.M.A. Gomes; L.C. Bernacci; O.A. Santos; S. Santos & F.J. Benedetti","48959","IAC","Instituto Agronômico de Campinas, IAC","J.A.M.A. Gomes et al.","316",NA,NA,"subparcela 23, indivíduo G 378","","","","",NA,"","","","",NA,"","","","","","",NA,NA,"","","","",NA,"","","",NA,NA,NA,NA,"Ubatuba","São Paulo","brazil",1216,"Ubatuba",3555406,-45.026117,-23.38322,"SAO PAULO","SP","São Paulo",-48.72944932,-22.26440593,"São Paulo","sp",-23.373498,-45.080223,"original coordinates","original coordinates OK"
"14","Salacia grandifolia",1423946306,-15.488055,-44.829444,"cdround,gass84","4300f8d5-1ae5-49e5-a101-63894b005868","838537fc-4aeb-4980-8b58-97fbdcd1d91a","none","da7fe11a-b42c-46cb-9e9d-02243edb738a","BR","DWC_ARCHIVE","2018-10-02T15:36:13.956+0000","2018-09-24T19:58:16.990+0000",207,"none","PRESERVED_SPECIMEN",7922977,6,7707728,220,950,6715,3169160,7922977,7922977,"Salacia grandifolia (Mart.) G.Don","Salacia grandifolia (Mart.) G.Don","Plantae","Tracheophyta","Celastrales","Celastraceae","Salacia","Salacia grandifolia","Salacia","grandifolia","SPECIES","ACCEPTED","none","Minas Gerais",2003,9,14,"2003-09-14T00:00:00","2016-01-19T14:15:18.337+0000","2018-12-06T16:55:45.316+0000","http://creativecommons.org/licenses/by/4.0/legalcode","none","none","none","WGS84","Magnoliopsida","BR","Brazil","Rio de Janeiro Botanical Garden","urn:catalog:JBRJ:RB:123347","RB - Rio de Janeiro Botanical Garden Herbarium Collection","Januária","Januária. estrada pandeiros, sentido parque nacional grande sertao veredas.","","RB",1423946306,"urn:catalog:JBRJ:RB:123347","PhysicalObject","M.G. Bovini; R O Castelloes, R Ribeiro, J C Silva","RB00123347","JBRJ","","J.A. Lombardi","2370",NA,NA,"Arbusto escandente heliófilo. Folhas cartáceas discolores. Pétalas amareladas e estames amarelos.","RB 389701","","","",NA,"","","","",NA,"","","","","","",NA,NA,"","","","",NA,"","","",NA,NA,NA,NA,"Januária","Minas Gerais","brazil",3170,"Januária",3135209,-44.846873,-15.322006,"MINAS GERAIS","MG","Minas Gerais",-44.67333254,-18.45539008,"Minas Gerais","mg",-15.488055,-44.829444,"original coordinates","original coordinates OK"
"15","Salacia grandifolia",1090490112,-14.466667,-39.1,"gass84","bc81e05b-ed51-46ba-a0a4-90fbae9b5545","c6aacf9d-a5a7-4d7f-a6fc-ea0a4b8ec450","none","b38ff2b7-c8af-454e-b5af-ee760f0d5bca","BR","DWC_ARCHIVE","2018-11-24T12:34:12.496+0000","2018-11-24T12:34:12.508+0000",122,"none","PRESERVED_SPECIMEN",7922977,6,7707728,220,950,6715,3169160,7922977,7922977,"Salacia grandifolia (Mart.) G.Don","Salacia grandifolia (Mart.) G.Don","Plantae","Tracheophyta","Celastrales","Celastraceae","Salacia","Salacia grandifolia","Salacia","grandifolia","SPECIES","ACCEPTED","none","Bahia",2003,12,18,"2003-12-18T00:00:00","2018-11-14T17:45:37.000+0000","2018-12-08T04:42:49.410+0000","http://creativecommons.org/licenses/by-nc/4.0/legalcode","none","none","none","WGS84","Magnoliopsida","BR","Brazil","CEPEC - Herbário do Centro de Pesquisas do Cacau","BRA:CEPLAC:CEPEC:0000098299","CEPEC - Herbário do Centro de Pesquisas do Cacau","URUÇUCA","Rod. Serra Grande/Uruçuca, ca. 14Km ao W. Parque Est. Serra do Condurú. Serra do Condurú.","pt","CEPEC",1090490112,"BRA:CEPLAC:CEPEC:0000098299","Collection","J. G. Jardim","98299","Comissão Executiva do Plano da Lavoura Cacaueira (CEPLAC)","Comissão Executiva do Plano da Lavoura Cacaueira (CEPLAC)","J. A. Lombardi","4164",NA,NA,"","30/12/2011","","","",NA,"","","","",NA,"","","","","","",NA,NA,"","","","",NA,"","","",NA,NA,NA,NA,"URUÇUCA","Bahia","brazil",3281,"Uruçuca",2932705,-39.232321,-14.527691,"BAHIA","BA","Bahia",-41.72018023,-12.47295682,"Bahia","ba",-14.466667,-39.1,"original coordinates","original coordinates OK"
"16","Salacia grandifolia",1587302399,-19.925556,-40.635278,"gass84,iddatunl","1bb3cae3-b91f-4109-8a2d-a1f05f2d6fd3","76dbcb10-efc5-4d5f-87a5-bcd409fc92c8","none","b38ff2b7-c8af-454e-b5af-ee760f0d5bca","BR","DWC_ARCHIVE","2018-11-24T12:30:39.206+0000","2018-09-25T14:05:10.380+0000",126,"none","PRESERVED_SPECIMEN",7922977,6,7707728,220,950,6715,3169160,7922977,7922977,"Salacia grandifolia (Mart.) G.Don","Salacia grandifolia (Mart.) G.Don","Plantae","Tracheophyta","Celastrales","Celastraceae","Salacia","Salacia grandifolia","Salacia","grandifolia","SPECIES","ACCEPTED","2014-09-01T00:00:00","Espírito Santo",2002,1,29,"2002-01-29T00:00:00","","2018-09-25T14:05:10.391+0000","http://creativecommons.org/licenses/by-nc/4.0/legalcode","none","none","none","WGS84","Magnoliopsida","BR","Brazil","SPF - Herbário da Universidade de São Paulo","BRA:USP:SPF:0000151880","SPF - Herbário da Universidade de São Paulo","Santa Teresa","","pt","SPF",1587302399,"BRA:USP:SPF:0000151880","Collection","Fiaschi, P","151880","USP","Universidade de São Paulo, USP","Lombardi, JA","943",770,0,"","","","","",NA,"","","","",NA,"","","","","","",NA,NA,"","","","",NA,"","","",NA,NA,NA,NA,"Santa Teresa","Espírito Santo","brazil",2456,"Santa Teresa",3204609,-40.635175,-19.877577,"ESPIRITO SANTO","ES","Espírito Santo",-40.6681057,-19.57475617,"Espírito Santo","es",-19.925556,-40.635278,"original coordinates","original coordinates OK"
"17","Salacia grandifolia",1123799429,-19.931111,-40.620556,"gass84","9129ec89-afa7-45af-8b73-509f1f8942ab","667644b9-7b93-4892-80c7-c4271735c515","none","b38ff2b7-c8af-454e-b5af-ee760f0d5bca","BR","DWC_ARCHIVE","2018-10-11T11:54:28.927+0000","2017-12-15T16:34:32.749+0000",129,"none","PRESERVED_SPECIMEN",7922977,6,7707728,220,950,6715,3169160,7922977,7922977,"Salacia grandifolia (Mart.) G.Don","Salacia grandifolia (Mart.) G.Don","Plantae","Tracheophyta","Celastrales","Celastraceae","Salacia","Salacia grandifolia","Salacia","grandifolia","SPECIES","ACCEPTED","none","Espírito Santo",2002,4,20,"2002-04-20T00:00:00","2017-10-26T10:55:47.000+0000","2018-12-08T12:04:50.220+0000","http://creativecommons.org/licenses/by-nc/4.0/legalcode","none","none","none","WGS84","Magnoliopsida","BR","Brazil","MBML-Herbario - Herbário Mello Leitão","BRA:MBML:MBML-HERBARIO:0000016700","MBML-Herbario - Herbário Mello Leitão","Santa Teresa","São Lourenço","pt","MBML-HERBARIO",1123799429,"BRA:MBML:MBML-HERBARIO:0000016700","Collection","A. P. Fontana; et al","16700","MBML","Museu de Biologia Professor Mello Leitão, MBML","J. A. Lombardi/Fev.-2003","335",NA,NA,"Arbusto, folhas discolores, flores com cálice marrom e corola verde com base marrom, estames amarelos.","","","","",NA,"","","","",NA,"","","","","","",NA,NA,"","","","",NA,"","","",NA,NA,NA,NA,"Santa Teresa","Espírito Santo","brazil",2456,"Santa Teresa",3204609,-40.635175,-19.877577,"ESPIRITO SANTO","ES","Espírito Santo",-40.6681057,-19.57475617,"Espírito Santo","es",-19.931111,-40.620556,"original coordinates","original coordinates OK"
"18","Salacia grandifolia",1090492623,-14.386667,-39.079167,"gass84","bc81e05b-ed51-46ba-a0a4-90fbae9b5545","c6aacf9d-a5a7-4d7f-a6fc-ea0a4b8ec450","none","b38ff2b7-c8af-454e-b5af-ee760f0d5bca","BR","DWC_ARCHIVE","2018-11-24T12:34:14.238+0000","2018-11-24T12:34:14.323+0000",122,"none","PRESERVED_SPECIMEN",7922977,6,7707728,220,950,6715,3169160,7922977,7922977,"Salacia grandifolia (Mart.) G.Don","Salacia grandifolia (Mart.) G.Don","Plantae","Tracheophyta","Celastrales","Celastraceae","Salacia","Salacia grandifolia","Salacia","grandifolia","SPECIES","ACCEPTED","none","Bahia",2002,11,3,"2002-11-03T00:00:00","2018-11-14T17:45:37.000+0000","2018-12-08T04:42:50.596+0000","http://creativecommons.org/licenses/by-nc/4.0/legalcode","none","none","none","WGS84","Magnoliopsida","BR","Brazil","CEPEC - Herbário do Centro de Pesquisas do Cacau","BRA:CEPLAC:CEPEC:0000100864","CEPEC - Herbário do Centro de Pesquisas do Cacau","URUÇUCA","Estrada de Itacaré para Serra Grande, pouco após Km 43, ramal à direita após acesso para a cachoeira Tijuípe. Rumo a Tesouras.","pt","CEPEC",1090492623,"BRA:CEPLAC:CEPEC:0000100864","Collection","P. Fiaschi","100864","Comissão Executiva do Plano da Lavoura Cacaueira (CEPLAC)","Comissão Executiva do Plano da Lavoura Cacaueira (CEPLAC)","J. A. Lombardi","2223",NA,NA,"","30/12/2011","","","",NA,"","","","",NA,"","","","","","",NA,NA,"","","","",NA,"","","",NA,NA,NA,NA,"URUÇUCA","Bahia","brazil",3281,"Uruçuca",2932705,-39.232321,-14.527691,"BAHIA","BA","Bahia",-41.72018023,-12.47295682,"Bahia","ba",-14.386667,-39.079167,"original coordinates","original coordinates outside municipality original in urucuca falls in itacare"
"19","Salacia grandifolia",1424087326,-15.918056,-47.916111,"cdround,gass84","4300f8d5-1ae5-49e5-a101-63894b005868","838537fc-4aeb-4980-8b58-97fbdcd1d91a","none","da7fe11a-b42c-46cb-9e9d-02243edb738a","BR","DWC_ARCHIVE","2018-10-02T15:38:51.142+0000","2018-09-24T20:00:21.855+0000",207,"none","PRESERVED_SPECIMEN",7922977,6,7707728,220,950,6715,3169160,7922977,7922977,"Salacia grandifolia (Mart.) G.Don","Salacia grandifolia (Mart.) G.Don","Plantae","Tracheophyta","Celastrales","Celastraceae","Salacia","Salacia grandifolia","Salacia","grandifolia","SPECIES","ACCEPTED","none","Distrito Federal",2002,12,4,"2002-12-04T00:00:00","2017-10-19T03:06:08.451+0000","2018-12-06T16:56:59.308+0000","http://creativecommons.org/licenses/by/4.0/legalcode","none","none","none","WGS84","Magnoliopsida","BR","Brazil","Rio de Janeiro Botanical Garden","urn:catalog:JBRJ:RB:332850","RB - Rio de Janeiro Botanical Garden Herbarium Collection","Distrito Federal","APA Gma - Cabeça de Veado. Fazenda Água limpa (FAL-UnB) - Área da ""MOA""-RA do Lago Sul.","","RB",1424087326,"urn:catalog:JBRJ:RB:332850","PhysicalObject","M.L. Fonseca; D. Alvarenga","RB00332850","JBRJ","","J.A. Lombardi","3875",1025,NA,"Arbusto heliófito ca. 2,70 m altura; folhas discolores, cartáceas; frutos imaturos cor verde e maduros alaranjados, comestíveis. Comum.","RB 393592","","","",NA,"","","","Relevo: plano; Solo: latossolo vermelho; Vegetação: cerrado denso.",NA,"","","","","","",NA,NA,"","","","",NA,"","","",NA,NA,NA,NA,"Distrito Federal","Distrito Federal","brazil",NA,"",NA,NA,NA,"","","Distrito Federal",-47.79774208,-15.78050687,"Distrito Federal","df",-15.918056,-47.916111,"original coordinates","original coordinates outside municipality original in distrito federal falls in brasilia"
"20","Salacia grandifolia",1089068290,-24.0251,-46.49057,"gass84","7741a517-ab3d-4b85-ae58-56322e44c8ce","d073b448-6b80-4364-8c38-18d08b88797f","none","b38ff2b7-c8af-454e-b5af-ee760f0d5bca","BR","DWC_ARCHIVE","2018-12-03T13:51:24.254+0000","2018-12-03T16:41:06.987+0000",122,"none","PRESERVED_SPECIMEN",7922977,6,7707728,220,950,6715,3169160,7922977,7922977,"Salacia grandifolia (Mart.) G.Don","Salacia grandifolia (Mart.) G.Don","Plantae","Tracheophyta","Celastrales","Celastraceae","Salacia","Salacia grandifolia","Salacia","grandifolia","SPECIES","ACCEPTED","2009-06-01T00:00:00","São Paulo",2001,4,16,"2001-04-16T00:00:00","2018-11-21T16:29:49.000+0000","2018-12-08T04:38:01.040+0000","http://creativecommons.org/licenses/by-nc/4.0/legalcode","none","none","none","WGS84","Magnoliopsida","BR","Brazil","UEC - Herbário da Universidade Estadual de Campinas","BRA:UNICAMP:UEC:0000121655","UEC - Herbário da Universidade Estadual de Campinas","Itanhaém","Parque Estadual da Serra do Mar","pt","UEC",1089068290,"BRA:UNICAMP:UEC:0000121655","Collection","Souza, F.M.; Duarte, A.R.; Sampaio, D.; Bernhardt, R.; Rodrigues, R.R.; Souza, V.C.","121655","UNICAMP","Universidade Estadual de Campinas, UNICAMP","Lombardi, J.A.","157",NA,NA,"Árvora, ca. 3m alt; flores creme.; Floresta ombrófila densa baixomontana no entorno do vale.","","","","",NA,"","","","",NA,"","","","","","",NA,NA,"","","","",NA,"","","",NA,NA,NA,NA,"Itanhaém","São Paulo","brazil",1037,"Itanhaém",3522109,-46.835166,-24.091687,"SAO PAULO","SP","São Paulo",-48.72944932,-22.26440593,"São Paulo","sp",-24.0251,-46.49057,"original coordinates","original coordinates outside municipality original in itanhaem falls in praia grande"
"21","Salacia grandifolia",1123793408,-19.922222,-40.589167,"gass84","9129ec89-afa7-45af-8b73-509f1f8942ab","667644b9-7b93-4892-80c7-c4271735c515","none","b38ff2b7-c8af-454e-b5af-ee760f0d5bca","BR","DWC_ARCHIVE","2018-10-11T11:54:23.233+0000","2017-12-15T16:34:29.811+0000",129,"none","PRESERVED_SPECIMEN",7922977,6,7707728,220,950,6715,3169160,7922977,7922977,"Salacia grandifolia (Mart.) G.Don","Salacia grandifolia (Mart.) G.Don","Plantae","Tracheophyta","Celastrales","Celastraceae","Salacia","Salacia grandifolia","Salacia","grandifolia","SPECIES","ACCEPTED","none","Espírito Santo",1999,7,20,"1999-07-20T00:00:00","2017-09-14T14:44:04.000+0000","2018-12-08T12:04:47.527+0000","http://creativecommons.org/licenses/by-nc/4.0/legalcode","none","none","none","WGS84","Magnoliopsida","BR","Brazil","MBML-Herbario - Herbário Mello Leitão","BRA:MBML:MBML-HERBARIO:0000010698","MBML-Herbario - Herbário Mello Leitão","Santa Teresa","Santo Antônio","pt","MBML-HERBARIO",1123793408,"BRA:MBML:MBML-HERBARIO:0000010698","Collection","L. Kollmann; E. Bausen & W. Pizziolo","10698","MBML","Museu de Biologia Professor Mello Leitão, MBML","J. A. Lombardi/Fev.-2003","2717",NA,NA,"Arbusto 1m. Flores amarelas.","","","","",NA,"","","","",NA,"","","","","","",NA,NA,"","","","",NA,"","","",NA,NA,NA,NA,"Santa Teresa","Espírito Santo","brazil",2456,"Santa Teresa",3204609,-40.635175,-19.877577,"ESPIRITO SANTO","ES","Espírito Santo",-40.6681057,-19.57475617,"Espírito Santo","es",-19.922222,-40.589167,"original coordinates","original coordinates OK"
"22","Salacia grandifolia",1089109972,-23.2012,-44.5006,"gass84","7741a517-ab3d-4b85-ae58-56322e44c8ce","d073b448-6b80-4364-8c38-18d08b88797f","none","b38ff2b7-c8af-454e-b5af-ee760f0d5bca","BR","DWC_ARCHIVE","2018-12-03T13:51:47.926+0000","2018-12-03T16:41:24.862+0000",122,"none","PRESERVED_SPECIMEN",7922977,6,7707728,220,950,6715,3169160,7922977,7922977,"Salacia grandifolia (Mart.) G.Don","Salacia grandifolia (Mart.) G.Don","Plantae","Tracheophyta","Celastrales","Celastraceae","Salacia","Salacia grandifolia","Salacia","grandifolia","SPECIES","ACCEPTED","none","São Paulo",1998,1,24,"1998-01-24T00:00:00","2018-11-21T16:29:49.000+0000","2018-12-08T04:38:24.479+0000","http://creativecommons.org/licenses/by-nc/4.0/legalcode","none","none","none","WGS84","Magnoliopsida","BR","Brazil","UEC - Herbário da Universidade Estadual de Campinas","BRA:UNICAMP:UEC:0000174066","UEC - Herbário da Universidade Estadual de Campinas","Ubatuba","Picinguaba","pt","UEC",1089109972,"BRA:UNICAMP:UEC:0000174066","Collection","Pedroni, F.; Sanchez, M.","174066","UNICAMP","Universidade Estadual de Campinas, UNICAMP","Sanchez, M.","1852",120,0,"Árvore 987 com 7 m de altura, vegetativo.; Mata Atlântica de Encosta, próximo à trilha do corisco.","","","","",NA,"","","","",NA,"","","","","","",NA,NA,"","","","",NA,"","","",NA,NA,NA,NA,"Ubatuba","São Paulo","brazil",1216,"Ubatuba",3555406,-45.026117,-23.38322,"SAO PAULO","SP","São Paulo",-48.72944932,-22.26440593,"São Paulo","sp",-23.2012,-44.5006,"original coordinates","original coordinates outside Brazil"
"23","Salacia grandifolia",1123791344,-19.931389,-40.6075,"gass84","9129ec89-afa7-45af-8b73-509f1f8942ab","667644b9-7b93-4892-80c7-c4271735c515","none","b38ff2b7-c8af-454e-b5af-ee760f0d5bca","BR","DWC_ARCHIVE","2018-10-11T11:54:21.150+0000","2017-12-15T16:34:28.866+0000",129,"none","PRESERVED_SPECIMEN",7922977,6,7707728,220,950,6715,3169160,7922977,7922977,"Salacia grandifolia (Mart.) G.Don","Salacia grandifolia (Mart.) G.Don","Plantae","Tracheophyta","Celastrales","Celastraceae","Salacia","Salacia grandifolia","Salacia","grandifolia","SPECIES","ACCEPTED","none","Espírito Santo",1998,9,22,"1998-09-22T00:00:00","2017-09-14T14:44:04.000+0000","2018-12-08T12:04:46.794+0000","http://creativecommons.org/licenses/by-nc/4.0/legalcode","none","none","none","WGS84","Magnoliopsida","BR","Brazil","MBML-Herbario - Herbário Mello Leitão","BRA:MBML:MBML-HERBARIO:0000008635","MBML-Herbario - Herbário Mello Leitão","Santa Teresa","Estação Biológica Caixa D'Água","pt","MBML-HERBARIO",1123791344,"BRA:MBML:MBML-HERBARIO:0000008635","Collection","L. Kollmann; E. Bausen & W. Pizziolo","8635","MBML","Museu de Biologia Professor Mello Leitão, MBML","J. A. Lombardi/Fev.-2003","597",NA,NA,"Mata de encosta. Trepadeira 8m. Botões marrons.","","","","",NA,"","","","",NA,"","","","","","",NA,NA,"","","","",NA,"","","",NA,NA,NA,NA,"Santa Teresa","Espírito Santo","brazil",2456,"Santa Teresa",3204609,-40.635175,-19.877577,"ESPIRITO SANTO","ES","Espírito Santo",-40.6681057,-19.57475617,"Espírito Santo","es",-19.931389,-40.6075,"original coordinates","original coordinates OK"
"24","Salacia grandifolia",1089109991,-23.2012,-44.5006,"gass84","7741a517-ab3d-4b85-ae58-56322e44c8ce","d073b448-6b80-4364-8c38-18d08b88797f","none","b38ff2b7-c8af-454e-b5af-ee760f0d5bca","BR","DWC_ARCHIVE","2018-12-03T13:51:47.867+0000","2018-12-03T16:41:24.856+0000",122,"none","PRESERVED_SPECIMEN",7922977,6,7707728,220,950,6715,3169160,7922977,7922977,"Salacia grandifolia (Mart.) G.Don","Salacia grandifolia (Mart.) G.Don","Plantae","Tracheophyta","Celastrales","Celastraceae","Salacia","Salacia grandifolia","Salacia","grandifolia","SPECIES","ACCEPTED","none","São Paulo",1997,1,10,"1997-01-10T00:00:00","2018-11-21T16:29:49.000+0000","2018-12-08T04:38:24.446+0000","http://creativecommons.org/licenses/by-nc/4.0/legalcode","none","none","none","WGS84","Magnoliopsida","BR","Brazil","UEC - Herbário da Universidade Estadual de Campinas","BRA:UNICAMP:UEC:0000174061","UEC - Herbário da Universidade Estadual de Campinas","Ubatuba","Picinguaba. Próximo à trilha do corisco.","pt","UEC",1089109991,"BRA:UNICAMP:UEC:0000174061","Collection","Pedroni, F.; Belinello, R.; Sanchez, M.; Laps, R.R.","174061","UNICAMP","Universidade Estadual de Campinas, UNICAMP","Sanchez, M.","1455",120,0,"Árvore 987 com 7 m de altura, vegetativo.; Mata Atlântica de Encosta.","","","","",NA,"","","","",NA,"","","","","","",NA,NA,"","","","",NA,"","","",NA,NA,NA,NA,"Ubatuba","São Paulo","brazil",1216,"Ubatuba",3555406,-45.026117,-23.38322,"SAO PAULO","SP","São Paulo",-48.72944932,-22.26440593,"São Paulo","sp",-23.2012,-44.5006,"original coordinates","original coordinates outside Brazil"
"25","Salacia grandifolia",1423948438,-12.596111,-45.621111,"cdround,gass84","4300f8d5-1ae5-49e5-a101-63894b005868","838537fc-4aeb-4980-8b58-97fbdcd1d91a","none","da7fe11a-b42c-46cb-9e9d-02243edb738a","BR","DWC_ARCHIVE","2018-10-02T15:36:16.734+0000","2018-09-24T19:58:19.850+0000",207,"none","PRESERVED_SPECIMEN",7922977,6,7707728,220,950,6715,3169160,7922977,7922977,"Salacia grandifolia (Mart.) G.Don","Salacia grandifolia (Mart.) G.Don","Plantae","Tracheophyta","Celastrales","Celastraceae","Salacia","Salacia grandifolia","Salacia","grandifolia","SPECIES","ACCEPTED","none","Bahia",1997,9,7,"1997-09-07T00:00:00","2017-10-19T02:49:34.735+0000","2018-12-06T16:55:46.411+0000","http://creativecommons.org/licenses/by/4.0/legalcode","none","none","none","WGS84","Magnoliopsida","BR","Brazil","Rio de Janeiro Botanical Garden","urn:catalog:JBRJ:RB:125446","RB - Rio de Janeiro Botanical Garden Herbarium Collection","São Desidério","Estrada de chão entre Roda Velha e Estiva, ca. de 26,8km de Roda Velha; cerrado; solo com textura arenosa; relevo plano; alt. aproximada:.","","RB",1423948438,"urn:catalog:JBRJ:RB:125446","PhysicalObject","R. C. Mendonça; E> cardorso, D. Alvarenga, M> Aparecida da Silva, F.C.A Oliveira","RB00125446","JBRJ","","J.A.Lombardi","3243",745,NA,"Arbusto ca. 1m ha; heliófito: folha cartáceas discolores verdes, frutos indeiscentes: imaturos  de cor verde. Frutro com sabor adocicado, aliumento para a fauna","RB 327476","","","",NA,"","","","",NA,"","","","","","",NA,NA,"","","","",NA,"","","",NA,NA,NA,NA,"São Desidério","Bahia","brazil",3489,"São Desidério",2928901,-45.482902,-12.798637,"BAHIA","BA","Bahia",-41.72018023,-12.47295682,"Bahia","ba",-12.596111,-45.621111,"original coordinates","original coordinates OK"
"26","Salacia grandifolia",1930376410,-14.7929067831182,-39.0490868076529,"cdrep","d415c253-4d61-4459-9d25-4015b9084fb0","ae447c50-b8a8-11d8-92a4-b8a03c50a862","none","17017c2c-036b-45d9-b045-606d21b00771","US","DWC_ARCHIVE","2018-11-18T15:58:34.734+0000","2018-11-18T15:58:34.808+0000",96,"none","PRESERVED_SPECIMEN",7922977,6,7707728,220,950,6715,3169160,7922977,7922977,"Salacia grandifolia (Mart.) G.Don","Salacia grandifolia (Mart.) G.Don","Plantae","Tracheophyta","Celastrales","Celastraceae","Salacia","Salacia grandifolia","Salacia","grandifolia","SPECIES","ACCEPTED","2004-01-01T00:00:00","Bahia",1997,12,15,"1997-12-15T00:00:00","","2018-12-07T23:57:16.141+0000","http://creativecommons.org/publicdomain/zero/1.0/legalcode","none","none","none","WGS84","Magnoliopsida","BR","Brazil","The New York Botanical Garden","b888f355-58ac-4763-88c9-699adb5ae8db","Vascular plants","","CEPLAC/CEPEC. Ao NW do Centro de Pesquisas do Cacau - CEPEC.","en","NY",1930376410,"b888f355-58ac-4763-88c9-699adb5ae8db","PhysicalObject","J. G. Jardim","823421","NY","","J. A. Lombardi","1170",0,0,"","","SOUTH_AMERICA","","ICN",NA,"","http://biocol.org/urn:lsid:biocol.org:col:15556","IlhÃ©us","",61245,"http://sweetgum.nybg.org/science/vh/specimen_details.php?irn=949792","Ãrea de cultivo de cacau-cabruca.","http://biocol.org/urn:lsid:biocol.org:col:15556","sheet","15 Dec 1997","Other source",349,349,"CRIA (Centro de ReferÃªncia em InformaÃ§Ã£o Ambiental)","","","",NA,"","","",NA,NA,NA,NA,"","Bahia","brazil",NA,"",NA,NA,NA,"","","Bahia",-41.72018023,-12.47295682,"Bahia","ba",-14.7929067831182,-39.0490868076529,"original coordinates","original coordinates outside municipality original in  falls in ilheus"
"27","Salacia grandifolia",1089263692,-22.810169,-53.387908,"gass84","08a179fe-9cd1-4d33-afef-266dd55c59cf","6cfcf69e-9ec1-48e1-be34-5201bdb63bd7","none","b38ff2b7-c8af-454e-b5af-ee760f0d5bca","BR","DWC_ARCHIVE","2018-11-23T15:39:31.999+0000","2017-12-29T14:22:40.566+0000",131,"none","PRESERVED_SPECIMEN",7922977,6,7707728,220,950,6715,3169160,7922977,7922977,"Salacia grandifolia (Mart.) G.Don","Salacia grandifolia (Mart.) G.Don","Plantae","Tracheophyta","Celastrales","Celastraceae","Salacia","Salacia grandifolia","Salacia","grandifolia","SPECIES","ACCEPTED","1996-06-01T00:00:00","Mato Grosso do Sul",1996,4,2,"1996-04-02T00:00:00","2015-09-17T12:51:52.000+0000","2018-12-08T04:39:29.420+0000","http://creativecommons.org/licenses/by-nc/4.0/legalcode","none","none","none","WGS84","Magnoliopsida","BR","Brazil","HUEM - Herbário UEM","BRA:UEM:HUEM:0000003980","HUEM - Herbário UEM","Taquarussu","Rio Paraná, Margem direita (área 1).","pt","HUEM",1089263692,"BRA:UEM:HUEM:0000003980","Collection","M.B. Romagnolo","3980","UEM","Universidade Estadual de Maringá, UEM","Ma. C.Souza","191",NA,NA,"Material vegetativo; arbórea.","","","","",NA,"","","","",NA,"","","","","","",NA,NA,"","","","",NA,"","","",NA,NA,NA,NA,"Taquarussu","Mato Grosso do Sul","brazil",1471,"Taquarussu",5007976,-53.431186,-22.668958,"MATO GROSSO DO SUL","MS","Mato Grosso do Sul",-54.84600034,-20.32777902,"Mato Grosso do Sul","ms",-22.810169,-53.387908,"original coordinates","original coordinates outside municipality original in taquarussu falls in porto rico"
"28","Salacia grandifolia",1090464602,-14.423333,-39.060556,"gass84","bc81e05b-ed51-46ba-a0a4-90fbae9b5545","c6aacf9d-a5a7-4d7f-a6fc-ea0a4b8ec450","none","b38ff2b7-c8af-454e-b5af-ee760f0d5bca","BR","DWC_ARCHIVE","2018-11-24T12:33:51.637+0000","2018-11-24T12:33:51.694+0000",122,"none","PRESERVED_SPECIMEN",7922977,6,7707728,220,950,6715,3169160,7922977,7922977,"Salacia grandifolia (Mart.) G.Don","Salacia grandifolia (Mart.) G.Don","Plantae","Tracheophyta","Celastrales","Celastraceae","Salacia","Salacia grandifolia","Salacia","grandifolia","SPECIES","ACCEPTED","none","Bahia",1995,5,8,"1995-05-08T00:00:00","2018-11-14T14:17:40.000+0000","2018-12-08T04:42:38.427+0000","http://creativecommons.org/licenses/by-nc/4.0/legalcode","none","none","none","WGS84","Magnoliopsida","BR","Brazil","CEPEC - Herbário do Centro de Pesquisas do Cacau","BRA:CEPLAC:CEPEC:0000069098","CEPEC - Herbário do Centro de Pesquisas do Cacau","URUÇUCA","7.4Km ao N de Serra Grande na Rod. para Itacaré. Faz. Lagoa.","pt","CEPEC",1090464602,"BRA:CEPLAC:CEPEC:0000069098","Collection","W. W. Thomas","69098","Comissão Executiva do Plano da Lavoura Cacaueira (CEPLAC)","Comissão Executiva do Plano da Lavoura Cacaueira (CEPLAC)","J. A. Lombardi","10816",NA,NA,"","28/02/2004","","","",NA,"","","","",NA,"","","","","","",NA,NA,"","","","",NA,"","","",NA,NA,NA,NA,"URUÇUCA","Bahia","brazil",3281,"Uruçuca",2932705,-39.232321,-14.527691,"BAHIA","BA","Bahia",-41.72018023,-12.47295682,"Bahia","ba",-14.423333,-39.060556,"original coordinates","original coordinates OK"
"29","Salacia grandifolia",1423948347,-13.625,-45.379722,"cdround,gass84","4300f8d5-1ae5-49e5-a101-63894b005868","838537fc-4aeb-4980-8b58-97fbdcd1d91a","none","da7fe11a-b42c-46cb-9e9d-02243edb738a","BR","DWC_ARCHIVE","2018-10-02T15:36:16.758+0000","2018-09-24T19:58:19.879+0000",207,"none","PRESERVED_SPECIMEN",7922977,6,7707728,220,950,6715,3169160,7922977,7922977,"Salacia grandifolia (Mart.) G.Don","Salacia grandifolia (Mart.) G.Don","Plantae","Tracheophyta","Celastrales","Celastraceae","Salacia","Salacia grandifolia","Salacia","grandifolia","SPECIES","ACCEPTED","none","Bahia",1995,8,24,"1995-08-24T00:00:00","2015-01-23T09:43:43.961+0000","2018-12-06T16:55:46.386+0000","http://creativecommons.org/licenses/by/4.0/legalcode","none","none","none","WGS84","Magnoliopsida","BR","Brazil","Rio de Janeiro Botanical Garden","urn:catalog:JBRJ:RB:125464","RB - Rio de Janeiro Botanical Garden Herbarium Collection","Correntina","Velha da Galinham, trecho Aeroporto/ estrada p/ Estrela Galdina.","","RB",1423948347,"urn:catalog:JBRJ:RB:125464","PhysicalObject","M.L. Fonseca; R.C. mendonça, E. Cardoso","RB00125464","JBRJ","","J.A.Lombardi","470",NA,NA,"Arbusto ca. 1,60m de altura, botões e inflorescência verde folhas quebradiças","RB 325196","","","",NA,"","","","Solo arenoso, Cerrado",NA,"","","","","","",NA,NA,"","","","",NA,"","","",NA,NA,NA,NA,"Correntina","Bahia","brazil",3408,"Correntina",2909307,-45.407042,-13.477608,"BAHIA","BA","Bahia",-41.72018023,-12.47295682,"Bahia","ba",-13.625,-45.379722,"original coordinates","original coordinates OK"
"30","Salacia grandifolia",1423948608,-14.488611,-48.557222,"cdround,gass84","4300f8d5-1ae5-49e5-a101-63894b005868","838537fc-4aeb-4980-8b58-97fbdcd1d91a","none","da7fe11a-b42c-46cb-9e9d-02243edb738a","BR","DWC_ARCHIVE","2018-10-02T15:36:16.818+0000","2018-09-24T19:58:19.937+0000",207,"none","PRESERVED_SPECIMEN",7922977,6,7707728,220,950,6715,3169160,7922977,7922977,"Salacia grandifolia (Mart.) G.Don","Salacia grandifolia (Mart.) G.Don","Plantae","Tracheophyta","Celastrales","Celastraceae","Salacia","Salacia grandifolia","Salacia","grandifolia","SPECIES","ACCEPTED","none","Goiás",1995,8,8,"1995-08-08T00:00:00","2015-01-23T09:39:13.368+0000","2018-12-06T16:55:46.482+0000","http://creativecommons.org/licenses/by/4.0/legalcode","none","none","none","WGS84","Magnoliopsida","BR","Brazil","Rio de Janeiro Botanical Garden","urn:catalog:JBRJ:RB:125646","RB - Rio de Janeiro Botanical Garden Herbarium Collection","Niquelândia","estr. de chão com entrada no km 8 da rod. Niquelândia/Uruaçu. Morro cascalhento. Faz. Traíra.","","RB",1423948608,"urn:catalog:JBRJ:RB:125646","PhysicalObject","M. L. Fonseca; et al","RB00125646","JBRJ","","J.A.Lombardi","409",NA,NA,"Arb. ca. 1,50m de alt. Flores pequenas de cor alva.","RB 325220","","","",NA,"","","","",NA,"","","","","","",NA,NA,"","","","",NA,"","","",NA,NA,NA,NA,"Niquelândia","Goiás","brazil",3284,"Niquelândia",5214606,-48.401433,-14.498918,"GOIAS","GO","Goiás",-49.62349059,-16.04162242,"Goiás","go",-14.488611,-48.557222,"original coordinates","original coordinates OK"
"31","Salacia grandifolia",1423995421,-14.156389,-47.808889,"cdround,gass84","4300f8d5-1ae5-49e5-a101-63894b005868","838537fc-4aeb-4980-8b58-97fbdcd1d91a","none","da7fe11a-b42c-46cb-9e9d-02243edb738a","BR","DWC_ARCHIVE","2018-10-02T15:37:53.387+0000","2018-09-24T19:59:32.182+0000",207,"none","PRESERVED_SPECIMEN",7922977,6,7707728,220,950,6715,3169160,7922977,7922977,"Salacia grandifolia (Mart.) G.Don","Salacia grandifolia (Mart.) G.Don","Plantae","Tracheophyta","Celastrales","Celastraceae","Salacia","Salacia grandifolia","Salacia","grandifolia","SPECIES","ACCEPTED","none","Goiás",1995,8,17,"1995-08-17T00:00:00","2015-01-23T09:43:51.669+0000","2018-12-06T16:56:09.657+0000","http://creativecommons.org/licenses/by/4.0/legalcode","none","none","none","WGS84","Magnoliopsida","BR","Brazil","Rio de Janeiro Botanical Garden","urn:catalog:JBRJ:RB:182698","RB - Rio de Janeiro Botanical Garden Herbarium Collection","Goiás","MUN. ALTO PARAÍSO, CHAPADA DOS VEADEIROS, FAZENFA BONA ESPERO, ESTRADA ATRÁS DO MORRO DA BALEIA, CÓRREGO QUE DESÁGUA NO RIO PRETO.","","RB",1423995421,"urn:catalog:JBRJ:RB:182698","PhysicalObject","R. MARQUETE; R.C. MENDONÇA, M. CLAUDIO SILVA JR., M. AURÉLIO SILVA","RB00182698","JBRJ","","J.A.Lombardi","2328",NA,NA,"ARBUSTO, CA. 1M. DE ALTURA, HELIÓFILO, RIPÁRIA A CA. 20M DO RIO EM AMBIENTE ÚMIDO. TRONCO, CASCA LISA, MARROM; FOLHAS SEMI-CRASSAS, DISCOLORES VERDES, OPACAS EM AMBAS AS FACES. INFLORESCÊNCIAS AXILARES, FLORES AMARELADAS.","RB 325245","","","",NA,"","","","SOLO: PERIODICAMENTE ALAGADO; RELEVO: PLANO; CAMPO LIMPO COM VEREDA, (SAVANA).",NA,"","","","","","",NA,NA,"","","","",NA,"","","",NA,NA,NA,NA,"Goiás","Goiás","brazil",3095,"Goiás",5208905,-50.242411,-15.847211,"GOIAS","GO","Goiás",-49.62349059,-16.04162242,"Goiás","go",-14.156389,-47.808889,"original coordinates","original coordinates outside municipality original in goias falls in alto paraiso de goias"
"32","Salacia grandifolia",1423948393,-13.233333,-46.75,"cdround,gass84","4300f8d5-1ae5-49e5-a101-63894b005868","838537fc-4aeb-4980-8b58-97fbdcd1d91a","none","da7fe11a-b42c-46cb-9e9d-02243edb738a","BR","DWC_ARCHIVE","2018-10-02T15:36:16.776+0000","2018-09-24T19:58:19.850+0000",207,"none","PRESERVED_SPECIMEN",7922977,6,7707728,220,950,6715,3169160,7922977,7922977,"Salacia grandifolia (Mart.) G.Don","Salacia grandifolia (Mart.) G.Don","Plantae","Tracheophyta","Celastrales","Celastraceae","Salacia","Salacia grandifolia","Salacia","grandifolia","SPECIES","ACCEPTED","none","Bahia",1992,6,26,"1992-06-26T00:00:00","2015-01-23T09:43:49.039+0000","2018-12-06T16:55:46.381+0000","http://creativecommons.org/licenses/by/4.0/legalcode","none","none","none","WGS84","Magnoliopsida","BR","Brazil","Rio de Janeiro Botanical Garden","urn:catalog:JBRJ:RB:125496","RB - Rio de Janeiro Botanical Garden Herbarium Collection","Correntina","Fazenda Jatobá, .","","RB",1423948393,"urn:catalog:JBRJ:RB:125496","PhysicalObject","M. Aparecida da Silva; T.S. Filgueiras, A.L. Brochado, E. Cardoso","RB00125496","JBRJ","","J.A.Lombardi","1380",NA,NA,"Arbusto formado moita ca.1m de alatura , flores esverdeadas,","RB 312743","","","",NA,"","","","Cerrado próximo a parcela 14",NA,"","","","","","",NA,NA,"","","","",NA,"","","",NA,NA,NA,NA,"Correntina","Bahia","brazil",3408,"Correntina",2909307,-45.407042,-13.477608,"BAHIA","BA","Bahia",-41.72018023,-12.47295682,"Bahia","ba",-13.233333,-46.75,"original coordinates","original coordinates outside municipality original in correntina falls in monte alegre de goias"
"33","Salacia grandifolia",1424272541,-22.433333,-42.833333,"cdround,gass84","4300f8d5-1ae5-49e5-a101-63894b005868","838537fc-4aeb-4980-8b58-97fbdcd1d91a","none","da7fe11a-b42c-46cb-9e9d-02243edb738a","BR","DWC_ARCHIVE","2018-10-02T15:40:43.422+0000","2018-09-24T20:01:59.626+0000",207,"none","PRESERVED_SPECIMEN",7922977,6,7707728,220,950,6715,3169160,7922977,7922977,"Salacia grandifolia (Mart.) G.Don","Salacia grandifolia (Mart.) G.Don","Plantae","Tracheophyta","Celastrales","Celastraceae","Salacia","Salacia grandifolia","Salacia","grandifolia","SPECIES","ACCEPTED","none","Rio de Janeiro",1991,8,29,"1991-08-29T00:00:00","2017-10-19T11:25:28.069+0000","2018-12-06T16:58:45.267+0000","http://creativecommons.org/licenses/by/4.0/legalcode","none","none","none","WGS84","Magnoliopsida","BR","Brazil","Rio de Janeiro Botanical Garden","urn:catalog:JBRJ:RB:558734","RB - Rio de Janeiro Botanical Garden Herbarium Collection","Guapimirim","Estação Ecológica Estadual de Paraíso. Picada para a Serra dos Brejos.","","RB",1424272541,"urn:catalog:JBRJ:RB:558734","PhysicalObject","S.V.A.Pessoa; et al.","RB00558734","JBRJ","","M.P.M.de Lima","588",165,65,"Arvore, folhas dsicolores verdes, botoes florais verde-azulados.","RB 314457","","","",NA,"","","","",NA,"","","","","","",NA,NA,"","","","",NA,"","","",NA,NA,NA,NA,"Guapimirim","Rio de Janeiro","brazil",1500,"Guapimirim",3301850,-42.963842,-22.584312,"RIO DE JANEIRO","RJ","Rio de Janeiro",-42.66307908,-22.19581555,"Rio de Janeiro","rj",-22.433333,-42.833333,"original coordinates","original coordinates outside municipality original in guapimirim falls in cachoeiras de macacu"
"34","Salacia grandifolia",1424273387,-22.433333,-42.833333,"cdround,elmms,gass84","4300f8d5-1ae5-49e5-a101-63894b005868","838537fc-4aeb-4980-8b58-97fbdcd1d91a","none","da7fe11a-b42c-46cb-9e9d-02243edb738a","BR","DWC_ARCHIVE","2018-10-02T15:40:43.877+0000","2018-09-24T20:02:00.168+0000",207,"none","PRESERVED_SPECIMEN",7922977,6,7707728,220,950,6715,3169160,7922977,7922977,"Salacia grandifolia (Mart.) G.Don","Salacia grandifolia (Mart.) G.Don","Plantae","Tracheophyta","Celastrales","Celastraceae","Salacia","Salacia grandifolia","Salacia","grandifolia","SPECIES","ACCEPTED","none","Rio de Janeiro",1991,9,19,"1991-09-19T00:00:00","2017-10-19T21:25:57.555+0000","2018-12-06T16:58:45.742+0000","http://creativecommons.org/licenses/by/4.0/legalcode","none","none","none","WGS84","Magnoliopsida","BR","Brazil","Rio de Janeiro Botanical Garden","urn:catalog:JBRJ:RB:559524","RB - Rio de Janeiro Botanical Garden Herbarium Collection","Guapimirim","Estação Ecológica Estadual de Paraíso.","","RB",1424273387,"urn:catalog:JBRJ:RB:559524","PhysicalObject","R.Guedes; et al.","RB00559524","JBRJ","","","2252",150,150,"Arvore, em solo rochoso,proxima a veio de rio; folhas verdes. levemente discolores; inflorescencia ao longo dos ramos que mantem suas folhas  no terco terminal; flores com calice e colrola esverdeados c/ entumescimento pardo e ceroso na base dos lacinios da corola; anteras amarelas e gineceu alvo.","RB 314458","","","",NA,"","","","Mata de encosta",NA,"","","","","","",NA,NA,"","","","",NA,"","","",NA,NA,NA,NA,"Guapimirim","Rio de Janeiro","brazil",1500,"Guapimirim",3301850,-42.963842,-22.584312,"RIO DE JANEIRO","RJ","Rio de Janeiro",-42.66307908,-22.19581555,"Rio de Janeiro","rj",-22.433333,-42.833333,"original coordinates","original coordinates outside municipality original in guapimirim falls in cachoeiras de macacu"
"35","Salacia grandifolia",1424287687,-22.433333,-42.833333,"cdround,gass84","4300f8d5-1ae5-49e5-a101-63894b005868","838537fc-4aeb-4980-8b58-97fbdcd1d91a","none","da7fe11a-b42c-46cb-9e9d-02243edb738a","BR","DWC_ARCHIVE","2018-10-02T15:40:52.541+0000","2018-09-24T20:02:07.954+0000",207,"none","PRESERVED_SPECIMEN",7922977,6,7707728,220,950,6715,3169160,7922977,7922977,"Salacia grandifolia (Mart.) G.Don","Salacia grandifolia (Mart.) G.Don","Plantae","Tracheophyta","Celastrales","Celastraceae","Salacia","Salacia grandifolia","Salacia","grandifolia","SPECIES","ACCEPTED","none","Rio de Janeiro",1991,9,27,"1991-09-27T00:00:00","2017-10-19T14:08:40.739+0000","2018-12-06T16:58:54.256+0000","http://creativecommons.org/licenses/by/4.0/legalcode","none","none","none","WGS84","Magnoliopsida","BR","Brazil","Rio de Janeiro Botanical Garden","urn:catalog:JBRJ:RB:576818","RB - Rio de Janeiro Botanical Garden Herbarium Collection","Guapimirim","Estação ecológica Estadual de Paraíso. Parcela 3B.","","RB",1424287687,"urn:catalog:JBRJ:RB:576818","PhysicalObject","C.M.Vieira; et al.","RB00576818","JBRJ","","","128",NA,NA,"Arvore. Folhas discolores. Botoes verde-amarelados. Flores com calice verde, corola amarelo-esverdeada; disco marrom-alaranjado, estames amarelados. Ind.: 385.","RB 490175","","","",NA,"","","","",NA,"","","","","","",NA,NA,"","","","",NA,"","","",NA,NA,NA,NA,"Guapimirim","Rio de Janeiro","brazil",1500,"Guapimirim",3301850,-42.963842,-22.584312,"RIO DE JANEIRO","RJ","Rio de Janeiro",-42.66307908,-22.19581555,"Rio de Janeiro","rj",-22.433333,-42.833333,"original coordinates","original coordinates outside municipality original in guapimirim falls in cachoeiras de macacu"
"36","Salacia grandifolia",1424277359,-22.433333,-42.833333,"cdround,gass84","4300f8d5-1ae5-49e5-a101-63894b005868","838537fc-4aeb-4980-8b58-97fbdcd1d91a","none","da7fe11a-b42c-46cb-9e9d-02243edb738a","BR","DWC_ARCHIVE","2018-10-02T15:40:46.479+0000","2018-09-24T20:02:02.311+0000",207,"none","PRESERVED_SPECIMEN",7922977,6,7707728,220,950,6715,3169160,7922977,7922977,"Salacia grandifolia (Mart.) G.Don","Salacia grandifolia (Mart.) G.Don","Plantae","Tracheophyta","Celastrales","Celastraceae","Salacia","Salacia grandifolia","Salacia","grandifolia","SPECIES","ACCEPTED","none","Rio de Janeiro",1991,9,27,"1991-09-27T00:00:00","2017-10-19T13:54:12.193+0000","2018-12-06T16:58:47.688+0000","http://creativecommons.org/licenses/by/4.0/legalcode","none","none","none","WGS84","Magnoliopsida","BR","Brazil","Rio de Janeiro Botanical Garden","urn:catalog:JBRJ:RB:563435","RB - Rio de Janeiro Botanical Garden Herbarium Collection","Guapimirim","Estação Ecológica Estadual de Paraíso. Parcela 2D.","","RB",1424277359,"urn:catalog:JBRJ:RB:563435","PhysicalObject","C.M.Vieira; et al.","RB00563435","JBRJ","","","123",NA,NA,"Arvore; fuste na base. Folhas discolores. botoes verde-amarelados. Flores com calice verde, corola amarelo-esverdeada; disco marrom alaranjado; estames amarelados.","RB 482349","","","",NA,"","","","",NA,"","","","","","",NA,NA,"","","","",NA,"","","",NA,NA,NA,NA,"Guapimirim","Rio de Janeiro","brazil",1500,"Guapimirim",3301850,-42.963842,-22.584312,"RIO DE JANEIRO","RJ","Rio de Janeiro",-42.66307908,-22.19581555,"Rio de Janeiro","rj",-22.433333,-42.833333,"original coordinates","original coordinates outside municipality original in guapimirim falls in cachoeiras de macacu"
"37","Salacia grandifolia",1141006803,-22.483333,-42.883333,"","15f819bd-6612-4447-854b-14d12ee1022d","396d5f30-dea9-11db-8ab4-b8a03c50a862","none","65eb93af-41b8-4917-a5fc-cfe2a45aa4bf","NL","DWC_ARCHIVE","2018-12-11T19:23:36.287+0000","2018-01-23T11:32:39.871+0000",81,"none","PRESERVED_SPECIMEN",7922977,6,7707728,220,950,6715,3169160,7922977,7922977,"Salacia grandifolia (Mart.) G.Don","Salacia grandifolia (Mart.) G.Don","Plantae","Tracheophyta","Celastrales","Celastraceae","Salacia","Salacia grandifolia","Salacia","grandifolia","SPECIES","ACCEPTED","none","",1991,9,19,"1991-09-19T00:00:00","","2018-12-08T12:05:39.296+0000","http://creativecommons.org/publicdomain/zero/1.0/legalcode","none","none","none","WGS84","Magnoliopsida","BR","Brazil","","L.3812663","","","Brasil, Rio de Janeiro (RJ), Guapimirim. Estação Ecológica Estadual de Paraíso.","","Botany",1141006803,"http://data.biodiversitydata.nl/naturalis/specimen/L.3812663","","Guedes R; et al.","L.3812663","","","","",NA,NA,"","","SOUTH_AMERICA","","ICN",NA,"","","","",NA,"","","","","1991/09/19","",NA,NA,"","","species","Plantae|Magnoliopsidae|Celastrales|Celastraceae",NA,"","","",NA,NA,NA,NA,"","","brazil",NA,"",NA,NA,NA,"","","",NA,NA,NA,"",-22.483333,-42.883333,"original coordinates","original coordinates outside municipality original in  falls in cachoeiras de macacu"
"38","Salacia grandifolia",1257656621,-22.433333,-42.833333,"cdround,gass84","7bd65a7a-f762-11e1-a439-00145eb45e9a","90fd6680-349f-11d8-aa2d-b8a03c50a862","none","c4e134d3-c68f-406d-a116-6a37895602e0","US","DWC_ARCHIVE","2018-06-20T07:52:40.888+0000","2016-03-21T14:14:46.254+0000",28,"none","PRESERVED_SPECIMEN",7922977,6,7707728,220,950,6715,3169160,7922977,7922977,"Salacia grandifolia (Mart.) G.Don","Salacia grandifolia (Mart.) G.Don","Plantae","Tracheophyta","Celastrales","Celastraceae","Salacia","Salacia grandifolia","Salacia","grandifolia","SPECIES","ACCEPTED","none","Rio de Janeiro",1991,9,19,"1991-09-19T00:00:00","2010-09-27T13:46:00.000+0000","2018-07-07T19:47:28.309+0000","http://creativecommons.org/licenses/by/4.0/legalcode","none","none","none","WGS84","Magnoliopsida","BR","Brazil","Missouri Botanical Garden","urn:catalog:MO:Tropicos:100306957","Tropicos","","Estação Ecológica Estadual de Paraíso.","","MO",1257656621,"urn:catalog:MO:Tropicos:100306957","PhysicalObject","R. Guedes","100306957","MO","MOBOT","","Guedes 2252",300,NA,"","","SOUTH_AMERICA","No opinion","ICNafp",15600109,"http://www.tropicos.org/Specimen/100306957","http://biocol.org/urn:lsid:biocol.org:col:15859","Guapimirim","",NA,"","","","","","",NA,NA,"","","","",1,"","","",NA,NA,NA,NA,"","Rio de Janeiro","brazil",NA,"",NA,NA,NA,"","","Rio de Janeiro",-42.66307908,-22.19581555,"Rio de Janeiro","rj",-22.433333,-42.833333,"original coordinates","original coordinates outside municipality original in  falls in cachoeiras de macacu"
"39","Salacia grandifolia",1123785242,-19.948611,-40.603611,"gass84","9129ec89-afa7-45af-8b73-509f1f8942ab","667644b9-7b93-4892-80c7-c4271735c515","none","b38ff2b7-c8af-454e-b5af-ee760f0d5bca","BR","DWC_ARCHIVE","2018-10-11T11:54:15.154+0000","2017-12-15T16:34:25.618+0000",129,"none","PRESERVED_SPECIMEN",7922977,6,7707728,220,950,6715,3169160,7922977,7922977,"Salacia grandifolia (Mart.) G.Don","Salacia grandifolia (Mart.) G.Don","Plantae","Tracheophyta","Celastrales","Celastraceae","Salacia","Salacia grandifolia","Salacia","grandifolia","SPECIES","ACCEPTED","none","Espírito Santo",1985,6,25,"1985-06-25T00:00:00","2017-09-14T14:19:02.000+0000","2018-12-08T12:04:43.720+0000","http://creativecommons.org/licenses/by-nc/4.0/legalcode","none","none","none","WGS84","Magnoliopsida","BR","Brazil","MBML-Herbario - Herbário Mello Leitão","BRA:MBML:MBML-HERBARIO:0000002558","MBML-Herbario - Herbário Mello Leitão","Santa Teresa","Torre receptora de TV","pt","MBML-HERBARIO",1123785242,"BRA:MBML:MBML-HERBARIO:0000002558","Collection","H. Q. Boudet Fernandes","2558","MBML","Museu de Biologia Professor Mello Leitão, MBML","J. A. Lombardi/VI-1998","1292",NA,NA,"Arbusto com 3m, esguio, diâmetro de 3cm, flores amarelas, com anel vináceo no interior da corola, fruto verde claro com tomento esbranquiçado, semi-sombra, interior de capoeirão.","","","","",NA,"","","","",NA,"","","","","","",NA,NA,"","","","",NA,"","","",NA,NA,NA,NA,"Santa Teresa","Espírito Santo","brazil",2456,"Santa Teresa",3204609,-40.635175,-19.877577,"ESPIRITO SANTO","ES","Espírito Santo",-40.6681057,-19.57475617,"Espírito Santo","es",-19.948611,-40.603611,"original coordinates","original coordinates OK"
"40","Salacia grandifolia",1123785275,-19.925556,-40.635556,"gass84","9129ec89-afa7-45af-8b73-509f1f8942ab","667644b9-7b93-4892-80c7-c4271735c515","none","b38ff2b7-c8af-454e-b5af-ee760f0d5bca","BR","DWC_ARCHIVE","2018-10-11T11:54:15.112+0000","2017-12-15T16:34:25.589+0000",129,"none","PRESERVED_SPECIMEN",7922977,6,7707728,220,950,6715,3169160,7922977,7922977,"Salacia grandifolia (Mart.) G.Don","Salacia grandifolia (Mart.) G.Don","Plantae","Tracheophyta","Celastrales","Celastraceae","Salacia","Salacia grandifolia","Salacia","grandifolia","SPECIES","ACCEPTED","none","Espírito Santo",1985,7,9,"1985-07-09T00:00:00","2017-09-14T14:19:02.000+0000","2018-12-08T12:04:43.688+0000","http://creativecommons.org/licenses/by-nc/4.0/legalcode","none","none","none","WGS84","Magnoliopsida","BR","Brazil","MBML-Herbario - Herbário Mello Leitão","BRA:MBML:MBML-HERBARIO:0000002556","MBML-Herbario - Herbário Mello Leitão","Santa Teresa","Country Club","pt","MBML-HERBARIO",1123785275,"BRA:MBML:MBML-HERBARIO:0000002556","Collection","W. Boone","2556","MBML","Museu de Biologia Professor Mello Leitão, MBML","J. A. Lombardi/VI-1998","579",NA,NA,"Arbusto de 1,5m, flores de corola amarelada, ciófila, no interior da mata.","","","","",NA,"","","","",NA,"","","","","","",NA,NA,"","","","",NA,"","","",NA,NA,NA,NA,"Santa Teresa","Espírito Santo","brazil",2456,"Santa Teresa",3204609,-40.635175,-19.877577,"ESPIRITO SANTO","ES","Espírito Santo",-40.6681057,-19.57475617,"Espírito Santo","es",-19.925556,-40.635556,"original coordinates","original coordinates OK"
"41","Salacia grandifolia",1927780449,-16.980883,-39.567663,"cdround","d415c253-4d61-4459-9d25-4015b9084fb0","ae447c50-b8a8-11d8-92a4-b8a03c50a862","none","17017c2c-036b-45d9-b045-606d21b00771","US","DWC_ARCHIVE","2018-11-18T14:44:37.134+0000","2018-10-19T13:45:02.210+0000",96,"none","PRESERVED_SPECIMEN",7922977,6,7707728,220,950,6715,3169160,7922977,7922977,"Salacia grandifolia (Mart.) G.Don","Salacia grandifolia (Mart.) G.Don","Plantae","Tracheophyta","Celastrales","Celastraceae","Salacia","Salacia grandifolia","Salacia","grandifolia","SPECIES","ACCEPTED","2007-01-01T00:00:00","Bahia",1983,11,3,"1983-11-03T00:00:00","","2018-12-05T23:29:50.872+0000","http://creativecommons.org/publicdomain/zero/1.0/legalcode","none","none","none","WGS84","Magnoliopsida","BR","Brazil","The New York Botanical Garden","00e59704-6761-4671-9ee7-33828a06aeab","Vascular plants","","Fazenda Pau-Brasil. Entrada no km 5 da Rod. ItamarajÃº/EunÃ¡polis","en","NY",1927780449,"00e59704-6761-4671-9ee7-33828a06aeab","PhysicalObject","A. M. V. de Carvalho","777979","NY","","J. A. Lombardi","2050",160,0,"","","SOUTH_AMERICA","","ICN",NA,"","http://biocol.org/urn:lsid:biocol.org:col:15556","Itamaraju","",1042.06,"http://sweetgum.nybg.org/science/vh/specimen_details.php?irn=346431","Regiao da Mata HigrÃ³fila Sul Baiana","http://biocol.org/urn:lsid:biocol.org:col:15556","sheet","03 Nov 1983","Georeferencing Quick Reference Guide, Version 2012",307,307,"Google Maps (map data 2014), Manis Georef. Calculator","ca 525 ft","","",NA,"2014-07-16","","",NA,NA,NA,NA,"","Bahia","brazil",NA,"",NA,NA,NA,"","","Bahia",-41.72018023,-12.47295682,"Bahia","ba",-16.980883,-39.567663,"original coordinates","original coordinates outside municipality original in  falls in itamaraju"
"42","Salacia grandifolia",1928071207,-16.980883,-39.567663,"cdround","d415c253-4d61-4459-9d25-4015b9084fb0","ae447c50-b8a8-11d8-92a4-b8a03c50a862","none","17017c2c-036b-45d9-b045-606d21b00771","US","DWC_ARCHIVE","2018-11-18T14:46:47.982+0000","2018-11-18T14:46:48.051+0000",96,"none","PRESERVED_SPECIMEN",7922977,6,7707728,220,950,6715,3169160,7922977,7922977,"Salacia grandifolia (Mart.) G.Don","Salacia grandifolia (Mart.) G.Don","Plantae","Tracheophyta","Celastrales","Celastraceae","Salacia","Salacia grandifolia","Salacia","grandifolia","SPECIES","ACCEPTED","2007-01-01T00:00:00","Bahia",1981,12,5,"1981-12-05T00:00:00","","2018-12-05T23:32:45.733+0000","http://creativecommons.org/publicdomain/zero/1.0/legalcode","none","none","none","WGS84","Magnoliopsida","BR","Brazil","The New York Botanical Garden","156d3dac-7dd7-42a5-acff-3813d6db0714","Vascular plants","","Fazenda Pau-brasil.","en","NY",1928071207,"156d3dac-7dd7-42a5-acff-3813d6db0714","PhysicalObject","A. M. V. de Carvalho","885562","NY","","J. A. Lombardi","908",0,0,"","","SOUTH_AMERICA","","ICN",NA,"","http://biocol.org/urn:lsid:biocol.org:col:15556","Itamaraju","",1042.06,"http://sweetgum.nybg.org/science/vh/specimen_details.php?irn=1000873","Pedras.","http://biocol.org/urn:lsid:biocol.org:col:15556","sheet","05 Dec 1981","Georeferencing Quick Reference Guide, Version 2012",339,339,"Google Maps (map data 2014), Manis Georef. Calculator","","","",NA,"2014-07-16","","",NA,NA,NA,NA,"","Bahia","brazil",NA,"",NA,NA,NA,"","","Bahia",-41.72018023,-12.47295682,"Bahia","ba",-16.980883,-39.567663,"original coordinates","original coordinates outside municipality original in  falls in itamaraju"
"43","Salacia grandifolia",1423948514,-14.116667,-42.616667,"cdround,gass84,preswcd","4300f8d5-1ae5-49e5-a101-63894b005868","838537fc-4aeb-4980-8b58-97fbdcd1d91a","none","da7fe11a-b42c-46cb-9e9d-02243edb738a","BR","DWC_ARCHIVE","2018-10-02T15:36:16.821+0000","2018-09-24T19:58:19.850+0000",207,"none","PRESERVED_SPECIMEN",7922977,6,7707728,220,950,6715,3169160,7922977,7922977,"Salacia grandifolia (Mart.) G.Don","Salacia grandifolia (Mart.) G.Don","Plantae","Tracheophyta","Celastrales","Celastraceae","Salacia","Salacia grandifolia","Salacia","grandifolia","SPECIES","ACCEPTED","none","Bahia",1980,7,23,"1980-07-23T00:00:00","2015-10-27T12:07:39.950+0000","2018-12-06T16:55:46.512+0000","http://creativecommons.org/licenses/by/4.0/legalcode","none","none","none","WGS84","Magnoliopsida","BR","Brazil","Rio de Janeiro Botanical Garden","urn:catalog:JBRJ:RB:125595","RB - Rio de Janeiro Botanical Garden Herbarium Collection","Guanambi","Serraa do Espinhaço.","","RB",1423948514,"urn:catalog:JBRJ:RB:125595","PhysicalObject","C.A. Miranda","RB00125595","JBRJ","","J. A. lombardi","331",NA,NA,"Pequena árv. de 4 a 5m de alt. caule cinza-escuro, fol. veerde-claras botão verde-claro.","RB 203081","","","",NA,"","","","comom em área de cerrado (savana)",NA,"","","","","","",NA,NA,"","","","",NA,"","","",NA,NA,NA,NA,"Guanambi","Bahia","brazil",3321,"Guanambi",2911709,-42.821865,-14.205523,"BAHIA","BA","Bahia",-41.72018023,-12.47295682,"Bahia","ba",-14.116667,-42.616667,"original coordinates","original coordinates outside municipality original in guanambi falls in caetite"
"44","Salacia grandifolia",1423948486,-15.666667,-47.966667,"cdround,gass84","4300f8d5-1ae5-49e5-a101-63894b005868","838537fc-4aeb-4980-8b58-97fbdcd1d91a","none","da7fe11a-b42c-46cb-9e9d-02243edb738a","BR","DWC_ARCHIVE","2018-10-02T15:36:16.820+0000","2018-09-24T19:58:19.923+0000",207,"none","PRESERVED_SPECIMEN",7922977,6,7707728,220,950,6715,3169160,7922977,7922977,"Salacia grandifolia (Mart.) G.Don","Salacia grandifolia (Mart.) G.Don","Plantae","Tracheophyta","Celastrales","Celastraceae","Salacia","Salacia grandifolia","Salacia","grandifolia","SPECIES","ACCEPTED","none","Distrito Federal",1979,8,1,"1979-08-01T00:00:00","","2018-12-06T16:55:46.407+0000","http://creativecommons.org/licenses/by/4.0/legalcode","none","none","none","WGS84","Magnoliopsida","BR","Brazil","Rio de Janeiro Botanical Garden","urn:catalog:JBRJ:RB:125578","RB - Rio de Janeiro Botanical Garden Herbarium Collection","Brasília","","","RB",1423948486,"urn:catalog:JBRJ:RB:125578","PhysicalObject","J. G. Guimarães","RB00125578","JBRJ","","J. A. Lombardi","419",1050,50,"Àrv. de 4,0m de alt. e 0,40m de circunferencia do fuste, caule cinza com manchas escuras, com botões florais de cor verde. frequencia mediana, sem exsudato.","RB 203843","","","",NA,"","","","Campo cerrado, Solo LVA/médio",NA,"","","","","","",NA,NA,"","","","",NA,"","","",NA,NA,NA,NA,"Brasília","Distrito Federal","brazil",3101,"Brasília",5300108,-47.797394,-15.780212,"DISTRITO FEDERAL","DF","Distrito Federal",-47.79774208,-15.78050687,"Distrito Federal","df",-15.666667,-47.966667,"original coordinates","original coordinates OK"
"45","Salacia grandifolia",1423946078,-16.16,-46.621667,"cdround,gass84","4300f8d5-1ae5-49e5-a101-63894b005868","838537fc-4aeb-4980-8b58-97fbdcd1d91a","none","da7fe11a-b42c-46cb-9e9d-02243edb738a","BR","DWC_ARCHIVE","2018-10-02T15:36:13.132+0000","2018-09-24T19:58:16.379+0000",207,"none","PRESERVED_SPECIMEN",7922977,6,7707728,220,950,6715,3169160,7922977,7922977,"Salacia grandifolia (Mart.) G.Don","Salacia grandifolia (Mart.) G.Don","Plantae","Tracheophyta","Celastrales","Celastraceae","Salacia","Salacia grandifolia","Salacia","grandifolia","SPECIES","ACCEPTED","none","Minas Gerais",1979,9,22,"1979-09-22T00:00:00","2015-01-23T09:43:07.524+0000","2018-12-06T16:55:45.277+0000","http://creativecommons.org/licenses/by/4.0/legalcode","none","none","none","WGS84","Magnoliopsida","BR","Brazil","Rio de Janeiro Botanical Garden","urn:catalog:JBRJ:RB:123131","RB - Rio de Janeiro Botanical Garden Herbarium Collection","Minas Gerais","Mun. Guarapuava, Serra de Israel.","","RB",1423946078,"urn:catalog:JBRJ:RB:123131","PhysicalObject","E.de F. Almeida","RB00123131","JBRJ","","J.A.lombardi","68",NA,NA,"Árvore de folhas verdes, flores amarelas.","RB 211098","","","",NA,"","","","Savana arbórea aberta.",NA,"","","","","","",NA,NA,"","","","",NA,"","","",NA,NA,NA,NA,"Minas Gerais","Minas Gerais","brazil",NA,"",NA,NA,NA,"","","Minas Gerais",-44.67333254,-18.45539008,"Minas Gerais","mg",-16.16,-46.621667,"original coordinates","original coordinates outside municipality original in minas gerais falls in unai"
"46","Salacia grandifolia",1423946693,-15.033333,-59.783333,"cdround,gass84","4300f8d5-1ae5-49e5-a101-63894b005868","838537fc-4aeb-4980-8b58-97fbdcd1d91a","none","da7fe11a-b42c-46cb-9e9d-02243edb738a","BR","DWC_ARCHIVE","2018-10-02T15:36:15.221+0000","2018-09-24T19:58:18.442+0000",207,"none","PRESERVED_SPECIMEN",7922977,6,7707728,220,950,6715,3169160,7922977,7922977,"Salacia grandifolia (Mart.) G.Don","Salacia grandifolia (Mart.) G.Don","Plantae","Tracheophyta","Celastrales","Celastraceae","Salacia","Salacia grandifolia","Salacia","grandifolia","SPECIES","ACCEPTED","none","Mato Grosso",1979,10,5,"1979-10-05T00:00:00","2015-01-23T09:38:49.219+0000","2018-12-06T16:55:45.656+0000","http://creativecommons.org/licenses/by/4.0/legalcode","none","none","none","WGS84","Magnoliopsida","BR","Brazil","Rio de Janeiro Botanical Garden","urn:catalog:JBRJ:RB:123749","RB - Rio de Janeiro Botanical Garden Herbarium Collection","Mato Grosso","a 19 km de Vila Bela da Santíssima Trindade.","","RB",1423946693,"urn:catalog:JBRJ:RB:123749","PhysicalObject","Renato M.Becker F°","RB00123749","JBRJ","","J.A. Lombardi","100",NA,NA,"Árvore de 2,5 m de alt. e 20 cm de circ. do fuste, com frutos jovens de coloração verde.Freq. fraca","RB 198721","","","",NA,"","","","Campo cerrado. Solo argiloso.",NA,"","","","","","",NA,NA,"","","","",NA,"","","",NA,NA,NA,NA,"Mato Grosso","Mato Grosso","brazil",NA,"",NA,NA,NA,"","","Mato Grosso",-55.91290105,-12.94917881,"Mato Grosso","mt",-15.033333,-59.783333,"original coordinates","original coordinates outside municipality original in mato grosso falls in vila bela da santissima trindade"
"47","Salacia grandifolia",1423946676,-12.816667,-55.833333,"cdround,gass84,muluriiv","4300f8d5-1ae5-49e5-a101-63894b005868","838537fc-4aeb-4980-8b58-97fbdcd1d91a","none","da7fe11a-b42c-46cb-9e9d-02243edb738a","BR","DWC_ARCHIVE","2018-10-02T15:36:15.194+0000","2018-09-24T19:58:18.478+0000",207,"none","PRESERVED_SPECIMEN",7922977,6,7707728,220,950,6715,3169160,7922977,7922977,"Salacia grandifolia (Mart.) G.Don","Salacia grandifolia (Mart.) G.Don","Plantae","Tracheophyta","Celastrales","Celastraceae","Salacia","Salacia grandifolia","Salacia","grandifolia","SPECIES","ACCEPTED","none","Mato Grosso",1977,11,14,"1977-11-14T00:00:00","2015-01-23T09:43:28.023+0000","2018-12-06T16:55:45.512+0000","http://creativecommons.org/licenses/by/4.0/legalcode","none","none","none","WGS84","Magnoliopsida","BR","Brazil","Rio de Janeiro Botanical Garden","urn:catalog:JBRJ:RB:123740","RB - Rio de Janeiro Botanical Garden Herbarium Collection","Mato Grosso","Rod. Cuiabá- Santarem.","","RB",1423946676,"urn:catalog:JBRJ:RB:123740","PhysicalObject","João Martins Lemes","RB00123740","JBRJ","","J.A. Lombardi","4111",NA,NA,"Planta com frutos verdes.","RB 188326","","","",NA,"","","","",NA,"","","","","","",NA,NA,"","","","",NA,"","","",NA,NA,NA,NA,"Mato Grosso","Mato Grosso","brazil",NA,"",NA,NA,NA,"","","Mato Grosso",-55.91290105,-12.94917881,"Mato Grosso","mt",-12.816667,-55.833333,"original coordinates","original coordinates outside municipality original in mato grosso falls in sorriso"
"48","Salacia grandifolia",1929993879,-22.88,-43.22,"gass84","d415c253-4d61-4459-9d25-4015b9084fb0","ae447c50-b8a8-11d8-92a4-b8a03c50a862","none","17017c2c-036b-45d9-b045-606d21b00771","US","DWC_ARCHIVE","2018-11-18T15:27:52.063+0000","2018-11-18T15:27:52.104+0000",96,"none","PRESERVED_SPECIMEN",7922977,6,7707728,220,950,6715,3169160,7922977,7922977,"Salacia grandifolia (Mart.) G.Don","Salacia grandifolia (Mart.) G.Don","Plantae","Tracheophyta","Celastrales","Celastraceae","Salacia","Salacia grandifolia","Salacia","grandifolia","SPECIES","ACCEPTED","1999-09-13T00:00:00","Rio de Janeiro",1946,7,29,"1946-07-29T00:00:00","","2018-12-06T11:24:00.548+0000","http://creativecommons.org/publicdomain/zero/1.0/legalcode","none","none","none","WGS84","Magnoliopsida","BR","Brazil","The New York Botanical Garden","9da5542f-d02f-4c48-a1ad-38dd17c50907","Vascular plants","","Corcovado.","en","NY",1929993879,"9da5542f-d02f-4c48-a1ad-38dd17c50907","PhysicalObject","A. P. Duarte","626489","NY","","J. P. Hedin","184",0,0,"","","SOUTH_AMERICA","","ICN",NA,"","http://biocol.org/urn:lsid:biocol.org:col:15556","","",NA,"http://sweetgum.nybg.org/science/vh/specimen_details.php?irn=312191","","http://biocol.org/urn:lsid:biocol.org:col:15556","sheet","29 Jul 1946","Estimated using locality data",210,210,"","","","",NA,"","","",NA,NA,NA,NA,"","Rio de Janeiro","brazil",NA,"",NA,NA,NA,"","","Rio de Janeiro",-42.66307908,-22.19581555,"Rio de Janeiro","rj",-22.88,-43.22,"original coordinates","original coordinates outside municipality original in  falls in rio de janeiro"
"49","Salacia grandifolia",1099111785,-10,-55,"rdativ","7b9a08ea-f762-11e1-a439-00145eb45e9a","0674aea0-a7e1-11d8-9534-b8a03c50a862","none","6038e54e-f762-11e1-a439-00145eb45e9a","DE","BIOCASE","2018-10-16T15:20:19.715+0000","2017-12-31T03:40:35.967+0000",91,"none","PRESERVED_SPECIMEN",7922977,6,7707728,220,950,6715,3169160,7922977,7922977,"Salacia grandifolia (Mart.) G.Don","Salacia grandifolia (Mart.) G.Don","Plantae","Tracheophyta","Celastrales","Celastraceae","Salacia","Salacia grandifolia","Salacia","grandifolia","SPECIES","ACCEPTED","none","",NA,NA,NA,"none","","2018-12-10T03:58:07.351+0000","http://creativecommons.org/licenses/by/4.0/legalcode","none","none","none","WGS84","Magnoliopsida","BR","Brazil","","","","","Brasilia Provinc. Rio de Janeiro.","","BSMvplantscoll",1099111785,"http://id.snsb.info/snsb/collection/23570/32348/23141","","Martius, C.F.P. von","M-0111163 / 32348 / 23141","SNSB-M","","","",NA,NA,"","","","","",NA,"","","","",NA,"","","","","","",NA,NA,"","","","",NA,"","ISOLECTOTYPE","Anthodon grandifolius Mart. ex Schult.",NA,NA,NA,NA,"","","brazil",NA,"",NA,NA,NA,"","","",NA,NA,NA,"",-10,-55,"original coordinates","original coordinates outside municipality original in  falls in guaranta do norte"
"50","Salacia grandifolia",1928274393,-22.5309,-43.0084,"gass84,rdativ","d415c253-4d61-4459-9d25-4015b9084fb0","ae447c50-b8a8-11d8-92a4-b8a03c50a862","none","17017c2c-036b-45d9-b045-606d21b00771","US","DWC_ARCHIVE","2018-11-18T14:48:18.442+0000","2018-11-18T14:48:18.539+0000",96,"none","PRESERVED_SPECIMEN",7922977,6,7707728,220,950,6715,3169160,7922977,7922977,"Salacia grandifolia (Mart.) G.Don","Salacia grandifolia (Mart.) G.Don","Plantae","Tracheophyta","Celastrales","Celastraceae","Salacia","Salacia grandifolia","Salacia","grandifolia","SPECIES","ACCEPTED","1999-09-13T00:00:00","Rio de Janeiro",NA,NA,NA,"none","","2018-12-05T23:34:38.761+0000","http://creativecommons.org/publicdomain/zero/1.0/legalcode","none","none","none","WGS84","Magnoliopsida","BR","Brazil","The New York Botanical Garden","23bb9669-917d-4bbe-b186-c0bf7471dbbc","Vascular plants","","[This is not on the label: Prope Rio de Janeiro. Organ Mount. Protologue stated that the specific locality was not known]","en","NY",1928274393,"23bb9669-917d-4bbe-b186-c0bf7471dbbc","PhysicalObject","A. F. M. Glaziou","626490","NY","","J. P. Hedin","17485",0,0,"","","SOUTH_AMERICA","","ICN",NA,"","http://biocol.org/urn:lsid:biocol.org:col:15556","","",NA,"http://sweetgum.nybg.org/science/vh/specimen_details.php?irn=312192","","http://biocol.org/urn:lsid:biocol.org:col:15556","sheet","s.d.","",0,0,"Google Earth","","","",NA,"","","",NA,NA,NA,NA,"","Rio de Janeiro","brazil",NA,"",NA,NA,NA,"","","Rio de Janeiro",-42.66307908,-22.19581555,"Rio de Janeiro","rj",-22.5309,-43.0084,"original coordinates","original coordinates outside municipality original in  falls in mage"
"51","Salacia grandifolia",1928290847,-22.951842,-43.212076,"rdativ","d415c253-4d61-4459-9d25-4015b9084fb0","ae447c50-b8a8-11d8-92a4-b8a03c50a862","none","17017c2c-036b-45d9-b045-606d21b00771","US","DWC_ARCHIVE","2018-11-18T14:48:25.631+0000","2018-11-18T14:48:25.755+0000",96,"none","PRESERVED_SPECIMEN",7922977,6,7707728,220,950,6715,3169160,7922977,7922977,"Salacia grandifolia (Mart.) G.Don","Salacia grandifolia (Mart.) G.Don","Plantae","Tracheophyta","Celastrales","Celastraceae","Salacia","Salacia grandifolia","Salacia","grandifolia","SPECIES","ACCEPTED","none","Rio de Janeiro",NA,NA,NA,"none","","2018-12-05T23:34:47.767+0000","http://creativecommons.org/publicdomain/zero/1.0/legalcode","none","none","none","WGS84","Magnoliopsida","BR","Brazil","The New York Botanical Garden","24df6ea6-5362-47fb-8eaf-01dadb9cbd97","Vascular plants","","Corcovado","en","NY",1928290847,"24df6ea6-5362-47fb-8eaf-01dadb9cbd97","PhysicalObject","L. Riedel","02060375","NY","","","659",0,0,"","","SOUTH_AMERICA","","ICN",NA,"","http://biocol.org/urn:lsid:biocol.org:col:15556","","",959.16,"http://sweetgum.nybg.org/science/vh/specimen_details.php?irn=2491666","","http://biocol.org/urn:lsid:biocol.org:col:15556","sheet","Oct","Georeferencing Quick Reference Guide, Version 2012",0,0,"Google Maps (map data 2016), Manis Georef. Calculator","","","",NA,"2016-11-10","","",NA,NA,NA,NA,"","Rio de Janeiro","brazil",NA,"",NA,NA,NA,"","","Rio de Janeiro",-42.66307908,-22.19581555,"Rio de Janeiro","rj",-22.951842,-43.212076,"original coordinates","original coordinates outside municipality original in  falls in rio de janeiro"
