"","name","key","decimalLatitude","decimalLongitude","issues","datasetKey","publishingOrgKey","networkKeys","installationKey","publishingCountry","protocol","lastCrawled","lastParsed","crawlId","extensions","basisOfRecord","taxonKey","kingdomKey","phylumKey","classKey","orderKey","familyKey","genusKey","speciesKey","acceptedTaxonKey","scientificName","acceptedScientificName","kingdom","phylum","order","family","genus","species","genericName","specificEpithet","taxonRank","taxonomicStatus","dateIdentified","continent","stateProvince.original","year","month","day","eventDate","lastInterpreted","license","identifiers","facts","relations","geodeticDatum","class","countryCode","country.original","rightsHolder","identifier","recordNumber","datasetName","municipality.original","locality","language","collectionCode","gbifID","occurrenceID","type","recordedBy","catalogNumber","institutionCode","ownerInstitutionCode","identifiedBy","modified","occurrenceRemarks","elevation","otherCatalogNumbers","identificationQualifier","fieldNotes","elevationAccuracy","references","habitat","nomenclaturalCode","institutionID","verbatimEventDate","endDayOfYear","county","preparations","startDayOfYear","verbatimElevation","collectionID","individualCount","nomenclaturalStatus","taxonID","bibliographicCitation","higherGeography","organismID","datasetID","accessRights","higherClassification","municipality","stateProvince","country","FID","NOME","GEOCODIGO","POINT_X","POINT_Y","NOMEUF","SIGLAUF","estados_shp","x_estado","y_estado","nome","sigla","new_Lat","new_Lon","notes","comments"
"1","Fraunhofera multiflora",1889167876,-8.1,-39.96,"gass84","f45c5ee0-e5ec-42e3-a80a-07318144efa4","202d5f34-ff58-4ad7-964f-c947ce18078e","none","b38ff2b7-c8af-454e-b5af-ee760f0d5bca","BR","DWC_ARCHIVE","2018-11-23T15:41:09.509+0000","2018-08-03T12:05:13.896+0000",130,"none","PRESERVED_SPECIMEN",3792795,6,7707728,220,950,6715,7265616,3792795,3792795,"Fraunhofera multiflora Mart.","Fraunhofera multiflora Mart.","Plantae","Tracheophyta","Celastrales","Celastraceae","Fraunhofera","Fraunhofera multiflora","Fraunhofera","multiflora","SPECIES","ACCEPTED","2017-10-20T00:00:00","SOUTH_AMERICA","Pernambuco",2017,6,14,"2017-06-14T00:00:00","2018-08-03T12:05:21.165+0000","http://creativecommons.org/licenses/by-nc/4.0/legalcode","none","none","none","WGS84","Magnoliopsida","BR","Brazil","IPA - Herbário - IPA Dárdano de Andrade Lima","BRA:IPA:IPA:0000091857","614","IPA - Herbário - IPA Dárdano de Andrade Lima","Ouricuri","Conglomerado do Inventário Florestal Nacional.&nf; PE_73, 3-9-4","pt","IPA",1889167876,"BRA:IPA:IPA:0000091857","Collection","Moraes, T.M.","91857","IPA","Empresa Pernambucana de Pesquisa Agropecuária, IPA","Oliveira, M.A.","","",NA,"","","",NA,"","","","","",NA,"","",NA,"","",NA,"",NA,"",NA,NA,NA,NA,NA,"Ouricuri","Pernambuco","brazil",4277,"Ouricuri",2609907,-40.168295,-7.961939,"PERNAMBUCO","PE","Pernambuco",-37.99303622,-8.3240949,"Pernambuco","pe",-8.1,-39.96,"original coordinates","original coordinates OK"
"2","Fraunhofera multiflora",1264697555,-11.316667,-41.828333,"gass84","a8e78a51-12b2-4ca1-8945-6d909022ef6a","6cc5aff1-f24c-4d67-a827-a666dc680b66","none","b38ff2b7-c8af-454e-b5af-ee760f0d5bca","BR","DWC_ARCHIVE","2018-11-24T12:31:57.946+0000","2018-08-03T12:12:41.775+0000",121,"none","PRESERVED_SPECIMEN",3792795,6,7707728,220,950,6715,7265616,3792795,3792795,"Fraunhofera multiflora Mart.","Fraunhofera multiflora Mart.","Plantae","Tracheophyta","Celastrales","Celastraceae","Fraunhofera","Fraunhofera multiflora","Fraunhofera","multiflora","SPECIES","ACCEPTED","2016-12-20T00:00:00","","Bahia",2016,2,25,"2016-02-25T00:00:00","2018-12-08T13:34:53.163+0000","http://creativecommons.org/licenses/by-nc/4.0/legalcode","none","none","none","WGS84","Magnoliopsida","BR","Brazil","HURB - Herbário do Recôncavo da Bahia","BRA:UFRB:HURB:0000011442","1743","HURB - Herbário do Recôncavo da Bahia","Irecê","CETEP;","pt","HURB",1264697555,"BRA:UFRB:HURB:0000011442","Collection","Costa, G.; Moraes, A. C. S.","11442","UFRB","Universidade Federal do Recôncavo da Bahia (UFRB)","M.L.Guedes","2018-07-31T12:25:03.000+0000","Flores: passadas; Hábito: árvore",NA,"","","",NA,"","","","","",NA,"","",NA,"","",NA,"",NA,"",NA,NA,NA,NA,NA,"Irecê","Bahia","brazil",3699,"Irecê",2914604,-41.84098,-11.313161,"BAHIA","BA","Bahia",-41.72018023,-12.47295682,"Bahia","ba",-11.316667,-41.828333,"original coordinates","original coordinates OK"
"3","Fraunhofera multiflora",1571705132,-8.243056,-39.339167,"cdround,gass84","4300f8d5-1ae5-49e5-a101-63894b005868","838537fc-4aeb-4980-8b58-97fbdcd1d91a","none","da7fe11a-b42c-46cb-9e9d-02243edb738a","BR","DWC_ARCHIVE","2018-10-02T15:37:02.145+0000","2018-09-24T19:58:44.037+0000",207,"none","PRESERVED_SPECIMEN",3792795,6,7707728,220,950,6715,7265616,3792795,3792795,"Fraunhofera multiflora Mart.","Fraunhofera multiflora Mart.","Plantae","Tracheophyta","Celastrales","Celastraceae","Fraunhofera","Fraunhofera multiflora","Fraunhofera","multiflora","SPECIES","ACCEPTED","2015-05-25T00:00:00","","Pernambuco",2015,5,25,"2015-05-25T00:00:00","2018-12-08T17:22:57.764+0000","http://creativecommons.org/licenses/by/4.0/legalcode","none","none","none","WGS84","Magnoliopsida","BR","Brazil","Rio de Janeiro Botanical Garden","urn:catalog:JBRJ:RB:1326858","6128","RB - Rio de Janeiro Botanical Garden Herbarium Collection","Cabrobó","Margens do canal, próximo à estação elevatória","","RB",1571705132,"urn:catalog:JBRJ:RB:1326858","PhysicalObject","M. Oliveira; P.M. Ferreira","RB01326858","JBRJ","","M. Oliveira","2017-10-15T12:50:37.805+0000","",365,"RB 732571","cf.","Caatinga arbustiva aberta",NA,"","","","","",NA,"","",NA,"","",NA,"",NA,"",NA,NA,NA,NA,NA,"Cabrobó","Pernambuco","brazil",4199,"Cabrobó",2603009,-39.329096,-8.385034,"PERNAMBUCO","PE","Pernambuco",-37.99303622,-8.3240949,"Pernambuco","pe",-8.243056,-39.339167,"original coordinates","original coordinates OK"
"4","Fraunhofera multiflora",1571705175,-8.665278,-39.168611,"cdround,gass84","4300f8d5-1ae5-49e5-a101-63894b005868","838537fc-4aeb-4980-8b58-97fbdcd1d91a","none","da7fe11a-b42c-46cb-9e9d-02243edb738a","BR","DWC_ARCHIVE","2018-10-02T15:37:02.127+0000","2018-09-24T19:58:43.999+0000",207,"none","PRESERVED_SPECIMEN",3792795,6,7707728,220,950,6715,7265616,3792795,3792795,"Fraunhofera multiflora Mart.","Fraunhofera multiflora Mart.","Plantae","Tracheophyta","Celastrales","Celastraceae","Fraunhofera","Fraunhofera multiflora","Fraunhofera","multiflora","SPECIES","ACCEPTED","2015-06-18T00:00:00","","Pernambuco",2015,6,18,"2015-06-18T00:00:00","2018-12-08T17:22:57.817+0000","http://creativecommons.org/licenses/by/4.0/legalcode","none","none","none","WGS84","Magnoliopsida","BR","Brazil","Rio de Janeiro Botanical Garden","urn:catalog:JBRJ:RB:1326861","6204","RB - Rio de Janeiro Botanical Garden Herbarium Collection","Belém de São Francisco","","","RB",1571705175,"urn:catalog:JBRJ:RB:1326861","PhysicalObject","M. Oliveira; L.S. Lima","RB01326861","JBRJ","","M. Oliveira","2017-10-15T12:50:38.373+0000","",278,"RB 732572","","Caatinga arbórea aberto",NA,"","","","","",NA,"","",NA,"","",NA,"",NA,"",NA,NA,NA,NA,NA,"Belém de São Francisco","Pernambuco","brazil",4164,"Belém de São Francisco",2601607,-38.981149,-8.58252,"PERNAMBUCO","PE","Pernambuco",-37.99303622,-8.3240949,"Pernambuco","pe",-8.665278,-39.168611,"original coordinates","original coordinates outside municipality original in belem de sao francisco falls in belem do sao francisco"
"5","Fraunhofera multiflora",1252590961,-7.963333,-39.333333,"gass84","2e684fd6-09e2-4661-910a-0a188b610c04","60545be9-4f28-4245-b4b4-07635c8dfa54","none","b38ff2b7-c8af-454e-b5af-ee760f0d5bca","BR","DWC_ARCHIVE","2018-11-14T17:20:01.839+0000","2018-09-10T18:27:49.767+0000",124,"none","PRESERVED_SPECIMEN",3792795,6,7707728,220,950,6715,7265616,3792795,3792795,"Fraunhofera multiflora Mart.","Fraunhofera multiflora Mart.","Plantae","Tracheophyta","Celastrales","Celastraceae","Fraunhofera","Fraunhofera multiflora","Fraunhofera","multiflora","SPECIES","ACCEPTED","none","","Pernambuco",2014,3,20,"2014-03-20T00:00:00","2018-12-08T15:43:23.863+0000","http://creativecommons.org/licenses/by-nc/4.0/legalcode","none","none","none","WGS84","Magnoliopsida","BR","Brazil","HUEFS - Herbario da Universidade Estadual de Feira de Santana","BRA:UEFS:HUEFS:0000230030","7939","HUEFS - Herbario da Universidade Estadual de Feira de Santana","Serrita","Flona Negreiros","pt","HUEFS",1252590961,"BRA:UEFS:HUEFS:0000230030","Collection","Fontana, A.P.","230030","UEFS","Universidade Estadual de Feira de Santana (UEFS)","","2018-09-06T19:48:28.000+0000","Savana Estépica, Luvissolo Crômico Órtico",475,"","","",0,"","","","","",NA,"","",NA,"","",NA,"",NA,"",NA,NA,NA,NA,NA,"Serrita","Pernambuco","brazil",4305,"Serrita",2614006,-39.382268,-7.850088,"PERNAMBUCO","PE","Pernambuco",-37.99303622,-8.3240949,"Pernambuco","pe",-7.963333,-39.333333,"original coordinates","original coordinates OK"
"6","Fraunhofera multiflora",1252590986,-8.308056,-39.226111,"gass84","2e684fd6-09e2-4661-910a-0a188b610c04","60545be9-4f28-4245-b4b4-07635c8dfa54","none","b38ff2b7-c8af-454e-b5af-ee760f0d5bca","BR","DWC_ARCHIVE","2018-11-14T17:20:01.822+0000","2018-09-10T18:27:49.771+0000",124,"none","PRESERVED_SPECIMEN",3792795,6,7707728,220,950,6715,7265616,3792795,3792795,"Fraunhofera multiflora Mart.","Fraunhofera multiflora Mart.","Plantae","Tracheophyta","Celastrales","Celastraceae","Fraunhofera","Fraunhofera multiflora","Fraunhofera","multiflora","SPECIES","ACCEPTED","none","","Pernambuco",2014,4,9,"2014-04-09T00:00:00","2018-12-08T15:43:23.871+0000","http://creativecommons.org/licenses/by-nc/4.0/legalcode","none","none","none","WGS84","Magnoliopsida","BR","Brazil","HUEFS - Herbario da Universidade Estadual de Feira de Santana","BRA:UEFS:HUEFS:0000230050","7972","HUEFS - Herbario da Universidade Estadual de Feira de Santana","Cabrobó","Serra do Monte Santo. Adutora da Compesa. Residência do Sr. João Bosco-SP1.","pt","HUEFS",1252590986,"BRA:UEFS:HUEFS:0000230050","Collection","Fontana, A.P.","230050","UEFS","Universidade Estadual de Feira de Santana (UEFS)","","2018-09-06T19:48:28.000+0000","Savana Estépica, Neossolo Regolítico Eutrófico",644,"","","",0,"","","","","",NA,"","",NA,"","",NA,"",NA,"",NA,NA,NA,NA,NA,"Cabrobó","Pernambuco","brazil",4199,"Cabrobó",2603009,-39.329096,-8.385034,"PERNAMBUCO","PE","Pernambuco",-37.99303622,-8.3240949,"Pernambuco","pe",-8.308056,-39.226111,"original coordinates","original coordinates OK"
"7","Fraunhofera multiflora",1423904309,-6.728333,-38.682222,"cdround,gass84","4300f8d5-1ae5-49e5-a101-63894b005868","838537fc-4aeb-4980-8b58-97fbdcd1d91a","none","da7fe11a-b42c-46cb-9e9d-02243edb738a","BR","DWC_ARCHIVE","2018-10-02T15:34:46.389+0000","2018-09-24T19:57:50.856+0000",207,"none","PRESERVED_SPECIMEN",3792795,6,7707728,220,950,6715,7265616,3792795,3792795,"Fraunhofera multiflora Mart.","Fraunhofera multiflora Mart.","Plantae","Tracheophyta","Celastrales","Celastraceae","Fraunhofera","Fraunhofera multiflora","Fraunhofera","multiflora","SPECIES","ACCEPTED","none","","Ceará",2014,6,3,"2014-06-03T00:00:00","2018-12-06T16:55:21.985+0000","http://creativecommons.org/licenses/by/4.0/legalcode","none","none","none","WGS84","Magnoliopsida","BR","Brazil","Rio de Janeiro Botanical Garden","urn:catalog:JBRJ:RB:1098717","1290","RB - Rio de Janeiro Botanical Garden Herbarium Collection","Baixio","Ponto de Monitoramento Eixo Norte IV (PMN04), nas proximidades da parcela 3.","","RB",1423904309,"urn:catalog:JBRJ:RB:1098717","PhysicalObject","J.L. Costa-Lima; A.C.P. Oliveira; J.R. Silva; D.P. Silva","RB01098717","JBRJ","","D.P. Souza","2017-10-15T11:03:21.806+0000","Arborescente, ca. 5,0m alt. Folhas cartáceas, verde-escuras. Frutos imaturos verdes",394,"RB 643837","","Nativa; Savana Estépica; Planossolo Nátrico Órtico; Caatinga",NA,"","","","","",NA,"","",NA,"","",NA,"",NA,"",NA,NA,NA,NA,NA,"Baixio","Ceará","brazil",4676,"Baixio",2301802,-38.753557,-6.711149,"CEARA","CE","Ceará",-39.61556123,-5.09311398,"Ceará","ce",-6.728333,-38.682222,"original coordinates","original coordinates OK"
"8","Fraunhofera multiflora",1090910438,-8.121861,-39.219806,"cdround,gass84","b18aa640-0367-4956-a6a4-5f07141127f1","6bfada01-036d-455a-b332-081dbe226a05","none","b38ff2b7-c8af-454e-b5af-ee760f0d5bca","BR","DWC_ARCHIVE","2018-11-23T18:22:16.550+0000","2018-05-05T12:05:43.202+0000",121,"none","PRESERVED_SPECIMEN",3792795,6,7707728,220,950,6715,7265616,3792795,3792795,"Fraunhofera multiflora Mart.","Fraunhofera multiflora Mart.","Plantae","Tracheophyta","Celastrales","Celastraceae","Fraunhofera","Fraunhofera multiflora","Fraunhofera","multiflora","SPECIES","ACCEPTED","2012-05-22T00:00:00","SOUTH_AMERICA","Pernambuco",2012,5,22,"2012-05-22T00:00:00","2018-12-09T06:15:10.349+0000","http://creativecommons.org/licenses/by-nc/4.0/legalcode","none","none","none","WGS84","Magnoliopsida","BR","Brazil","HVASF - Herbário Vale do São Francisco","BRA:UNIVASF:HVASF:0000015735","79","HVASF - Herbário Vale do São Francisco","Salgueiro","Sítio Mulungu","pt","HVASF",1090910438,"BRA:UNIVASF:HVASF:0000015735","Collection","F. Socolowski","15735","UNIVASF","Universidade Federal do Vale do São Francisco (UNIVASF)","H.L.C. Silva","2018-04-13T18:48:57.000+0000","Árvore, ca. de 4 m de alt.. Folhas simples, alternas. Inflorescência racemosa, vinácea.",422,"","","",0,"","","","","",NA,"","",NA,"","",NA,"",NA,"",NA,NA,NA,NA,NA,"Salgueiro","Pernambuco","brazil",4246,"Salgueiro",2612208,-39.085041,-8.130201,"PERNAMBUCO","PE","Pernambuco",-37.99303622,-8.3240949,"Pernambuco","pe",-8.121861,-39.219806,"original coordinates","original coordinates OK"
"9","Fraunhofera multiflora",1090910104,-8.100783,-39.201386,"cdround,gass84","b18aa640-0367-4956-a6a4-5f07141127f1","6bfada01-036d-455a-b332-081dbe226a05","none","b38ff2b7-c8af-454e-b5af-ee760f0d5bca","BR","DWC_ARCHIVE","2018-11-23T18:22:16.388+0000","2018-05-05T12:05:42.986+0000",121,"none","PRESERVED_SPECIMEN",3792795,6,7707728,220,950,6715,7265616,3792795,3792795,"Fraunhofera multiflora Mart.","Fraunhofera multiflora Mart.","Plantae","Tracheophyta","Celastrales","Celastraceae","Fraunhofera","Fraunhofera multiflora","Fraunhofera","multiflora","SPECIES","ACCEPTED","2012-07-19T00:00:00","SOUTH_AMERICA","Pernambuco",2012,5,17,"2012-05-17T00:00:00","2018-12-09T06:15:10.213+0000","http://creativecommons.org/licenses/by-nc/4.0/legalcode","none","none","none","WGS84","Magnoliopsida","BR","Brazil","HVASF - Herbário Vale do São Francisco","BRA:UNIVASF:HVASF:0000015461","1964","HVASF - Herbário Vale do São Francisco","Salgueiro","Saindo da PMN 6.1","pt","HVASF",1090910104,"BRA:UNIVASF:HVASF:0000015461","Collection","R.A. Silva","15461","UNIVASF","Universidade Federal do Vale do São Francisco (UNIVASF)","R.A. Silva","2018-04-13T18:48:57.000+0000","Árvore com ca. de 10 m de altura. Inflorescências caducas verdes.",430,"","","",0,"","","","","",NA,"","",NA,"","",NA,"",NA,"",NA,NA,NA,NA,NA,"Salgueiro","Pernambuco","brazil",4246,"Salgueiro",2612208,-39.085041,-8.130201,"PERNAMBUCO","PE","Pernambuco",-37.99303622,-8.3240949,"Pernambuco","pe",-8.100783,-39.201386,"original coordinates","original coordinates OK"
"10","Fraunhofera multiflora",1090910096,-8.307528,-39.346222,"cdround,gass84","b18aa640-0367-4956-a6a4-5f07141127f1","6bfada01-036d-455a-b332-081dbe226a05","none","b38ff2b7-c8af-454e-b5af-ee760f0d5bca","BR","DWC_ARCHIVE","2018-11-23T18:22:16.406+0000","2018-05-05T12:05:42.985+0000",121,"none","PRESERVED_SPECIMEN",3792795,6,7707728,220,950,6715,7265616,3792795,3792795,"Fraunhofera multiflora Mart.","Fraunhofera multiflora Mart.","Plantae","Tracheophyta","Celastrales","Celastraceae","Fraunhofera","Fraunhofera multiflora","Fraunhofera","multiflora","SPECIES","ACCEPTED","2012-06-22T00:00:00","SOUTH_AMERICA","Pernambuco",2012,5,29,"2012-05-29T00:00:00","2018-12-09T06:15:10.293+0000","http://creativecommons.org/licenses/by-nc/4.0/legalcode","none","none","none","WGS84","Magnoliopsida","BR","Brazil","HVASF - Herbário Vale do São Francisco","BRA:UNIVASF:HVASF:0000015468","1971","HVASF - Herbário Vale do São Francisco","Cabrobó","Saindo da parcela PMN 2.5","pt","HVASF",1090910096,"BRA:UNIVASF:HVASF:0000015468","Collection","R.A. Silva","15468","UNIVASF","Universidade Federal do Vale do São Francisco (UNIVASF)","R.A. Silva","2018-04-13T18:48:57.000+0000","Árvore com ca. de 6,00m de altura. Inflorescências de flores vinho.",366,"","","",0,"","","","","",NA,"","",NA,"","",NA,"",NA,"",NA,NA,NA,NA,NA,"Cabrobó","Pernambuco","brazil",4199,"Cabrobó",2603009,-39.329096,-8.385034,"PERNAMBUCO","PE","Pernambuco",-37.99303622,-8.3240949,"Pernambuco","pe",-8.307528,-39.346222,"original coordinates","original coordinates OK"
"11","Fraunhofera multiflora",1094915506,-7.987222,-39.767222,"gass84,iddatunl","2e684fd6-09e2-4661-910a-0a188b610c04","60545be9-4f28-4245-b4b4-07635c8dfa54","none","b38ff2b7-c8af-454e-b5af-ee760f0d5bca","BR","DWC_ARCHIVE","2018-11-14T17:19:49.586+0000","2018-09-10T18:27:32.935+0000",124,"none","PRESERVED_SPECIMEN",3792795,6,7707728,220,950,6715,7265616,3792795,3792795,"Fraunhofera multiflora Mart.","Fraunhofera multiflora Mart.","Plantae","Tracheophyta","Celastrales","Celastraceae","Fraunhofera","Fraunhofera multiflora","Fraunhofera","multiflora","SPECIES","ACCEPTED","2016-04-01T00:00:00","","Pernambuco",2012,7,17,"2012-07-17T00:00:00","2018-09-10T18:28:00.067+0000","http://creativecommons.org/licenses/by-nc/4.0/legalcode","none","none","none","WGS84","Magnoliopsida","BR","Brazil","HUEFS - Herbario da Universidade Estadual de Feira de Santana","BRA:UEFS:HUEFS:0000198919","1939","HUEFS - Herbario da Universidade Estadual de Feira de Santana","Parnamirim","Barragem Caximbo, parede da barragem, seco no momento da coleta.","pt","HUEFS",1094915506,"BRA:UEFS:HUEFS:0000198919","Collection","Cotarelli, V.M.","198919","UEFS","Universidade Estadual de Feira de Santana (UEFS)","J.A.Siqueira Filho","","",416,"","","",0,"","","","","",NA,"","",NA,"","",NA,"",NA,"",NA,NA,NA,NA,NA,"Parnamirim","Pernambuco","brazil",4238,"Parnamirim",2610400,-39.771598,-8.160164,"PERNAMBUCO","PE","Pernambuco",-37.99303622,-8.3240949,"Pernambuco","pe",-7.987222,-39.767222,"original coordinates","original coordinates OK"
"12","Fraunhofera multiflora",1090905828,-8.100222,-39.204444,"cdround,gass84","b18aa640-0367-4956-a6a4-5f07141127f1","6bfada01-036d-455a-b332-081dbe226a05","none","b38ff2b7-c8af-454e-b5af-ee760f0d5bca","BR","DWC_ARCHIVE","2018-11-23T18:22:14.742+0000","2018-05-05T12:05:38.516+0000",121,"none","PRESERVED_SPECIMEN",3792795,6,7707728,220,950,6715,7265616,3792795,3792795,"Fraunhofera multiflora Mart.","Fraunhofera multiflora Mart.","Plantae","Tracheophyta","Celastrales","Celastraceae","Fraunhofera","Fraunhofera multiflora","Fraunhofera","multiflora","SPECIES","ACCEPTED","2011-03-24T00:00:00","SOUTH_AMERICA","Pernambuco",2011,3,24,"2011-03-24T00:00:00","2018-12-09T06:15:08.906+0000","http://creativecommons.org/licenses/by-nc/4.0/legalcode","none","none","none","WGS84","Magnoliopsida","BR","Brazil","HVASF - Herbário Vale do São Francisco","BRA:UNIVASF:HVASF:0000011191","5573","HVASF - Herbário Vale do São Francisco","Salgueiro","Projeto de Transposição do São Francisco, VPR Negreiros, Lote 3. Caatinga arbustivo-arbórea densa. Solo argiloso.","pt","HVASF",1090905828,"BRA:UNIVASF:HVASF:0000011191","Collection","Marcondes Oliveira","11191","UNIVASF","Universidade Federal do Vale do São Francisco (UNIVASF)","Marcondes Oliveira","2018-04-13T18:48:57.000+0000","Árvore cerca de 4 metros de altura. Frutos esverdeados. Freqüente.",463,"","","",0,"","","","","",NA,"","",NA,"","",NA,"",NA,"",NA,NA,NA,NA,NA,"Salgueiro","Pernambuco","brazil",4246,"Salgueiro",2612208,-39.085041,-8.130201,"PERNAMBUCO","PE","Pernambuco",-37.99303622,-8.3240949,"Pernambuco","pe",-8.100222,-39.204444,"original coordinates","original coordinates OK"
"13","Fraunhofera multiflora",1094889065,-9.132778,-39.668889,"gass84","2e684fd6-09e2-4661-910a-0a188b610c04","60545be9-4f28-4245-b4b4-07635c8dfa54","none","b38ff2b7-c8af-454e-b5af-ee760f0d5bca","BR","DWC_ARCHIVE","2018-11-14T17:19:35.897+0000","2018-09-10T18:27:17.714+0000",124,"none","PRESERVED_SPECIMEN",3792795,6,7707728,220,950,6715,7265616,3792795,3792795,"Fraunhofera multiflora Mart.","Fraunhofera multiflora Mart.","Plantae","Tracheophyta","Celastrales","Celastraceae","Fraunhofera","Fraunhofera multiflora","Fraunhofera","multiflora","SPECIES","ACCEPTED","none","","Bahia",2011,3,12,"2011-03-12T00:00:00","2018-09-10T18:27:43.197+0000","http://creativecommons.org/licenses/by-nc/4.0/legalcode","none","none","none","WGS84","Magnoliopsida","BR","Brazil","HUEFS - Herbario da Universidade Estadual de Feira de Santana","BRA:UEFS:HUEFS:0000171992","9284","HUEFS - Herbario da Universidade Estadual de Feira de Santana","Curaçá","Estrada para São Bento, proximidades da Serra da Natividade.","pt","HUEFS",1094889065,"BRA:UEFS:HUEFS:0000171992","Collection","Melo, E.","171992","UEFS","Universidade Estadual de Feira de Santana (UEFS)","","","Caatinga.",450,"","","",0,"","","","","",NA,"","",NA,"","",NA,"",NA,"",NA,NA,NA,NA,NA,"Curaçá","Bahia","brazil",4040,"Curaçá",2909901,-39.639566,-9.256296,"BAHIA","BA","Bahia",-41.72018023,-12.47295682,"Bahia","ba",-9.132778,-39.668889,"original coordinates","original coordinates OK"
"14","Fraunhofera multiflora",1094890740,-11.3025,-41.054167,"gass84","2e684fd6-09e2-4661-910a-0a188b610c04","60545be9-4f28-4245-b4b4-07635c8dfa54","none","b38ff2b7-c8af-454e-b5af-ee760f0d5bca","BR","DWC_ARCHIVE","2018-11-14T17:19:36.905+0000","2018-09-10T18:27:18.962+0000",124,"none","PRESERVED_SPECIMEN",3792795,6,7707728,220,950,6715,7265616,3792795,3792795,"Fraunhofera multiflora Mart.","Fraunhofera multiflora Mart.","Plantae","Tracheophyta","Celastrales","Celastraceae","Fraunhofera","Fraunhofera multiflora","Fraunhofera","multiflora","SPECIES","ACCEPTED","none","","Bahia",2011,4,17,"2011-04-17T00:00:00","2018-09-10T18:27:44.252+0000","http://creativecommons.org/licenses/by-nc/4.0/legalcode","none","none","none","WGS84","Magnoliopsida","BR","Brazil","HUEFS - Herbario da Universidade Estadual de Feira de Santana","BRA:UEFS:HUEFS:0000173668","3042","HUEFS - Herbario da Universidade Estadual de Feira de Santana","Morro do Chapéu","2 Km depois da Comunidade de Brejões, entrando por Icó.","pt","HUEFS",1094890740,"BRA:UEFS:HUEFS:0000173668","Collection","Carvalho-Sobrinho, J.G.de","173668","UEFS","Universidade Estadual de Feira de Santana (UEFS)","","","Caatinga com Commiphora, Myracroduon, Fraunhofera, Erythrina e Ceiba.",770,"","","",0,"","","","","",NA,"","",NA,"","",NA,"",NA,"",NA,NA,NA,NA,NA,"Morro do Chapéu","Bahia","brazil",3674,"Morro do Chapéu",2921708,-41.151587,-11.472221,"BAHIA","BA","Bahia",-41.72018023,-12.47295682,"Bahia","ba",-11.3025,-41.054167,"original coordinates","original coordinates OK"
"15","Fraunhofera multiflora",1090906076,-8.102194,-39.204278,"cdround,gass84","b18aa640-0367-4956-a6a4-5f07141127f1","6bfada01-036d-455a-b332-081dbe226a05","none","b38ff2b7-c8af-454e-b5af-ee760f0d5bca","BR","DWC_ARCHIVE","2018-11-23T18:22:14.864+0000","2018-05-05T12:05:38.678+0000",121,"none","PRESERVED_SPECIMEN",3792795,6,7707728,220,950,6715,7265616,3792795,3792795,"Fraunhofera multiflora Mart.","Fraunhofera multiflora Mart.","Plantae","Tracheophyta","Celastrales","Celastraceae","Fraunhofera","Fraunhofera multiflora","Fraunhofera","multiflora","SPECIES","ACCEPTED","2011-04-10T00:00:00","SOUTH_AMERICA","Pernambuco",2011,4,10,"2011-04-10T00:00:00","2018-12-09T06:15:08.984+0000","http://creativecommons.org/licenses/by-nc/4.0/legalcode","none","none","none","WGS84","Magnoliopsida","BR","Brazil","HVASF - Herbário Vale do São Francisco","BRA:UNIVASF:HVASF:0000011398","224","HVASF - Herbário Vale do São Francisco","Salgueiro","Reservatório Negreiros","pt","HVASF",1090906076,"BRA:UNIVASF:HVASF:0000011398","Collection","F.F.S. Silva","11398","UNIVASF","Universidade Federal do Vale do São Francisco (UNIVASF)","E.C.O. Chagas","2018-04-13T18:48:57.000+0000","Árvore ca.: 3m alt. Frutos imaturos verdes.",454,"","","",0,"","","","","",NA,"","",NA,"","",NA,"",NA,"",NA,NA,NA,NA,NA,"Salgueiro","Pernambuco","brazil",4246,"Salgueiro",2612208,-39.085041,-8.130201,"PERNAMBUCO","PE","Pernambuco",-37.99303622,-8.3240949,"Pernambuco","pe",-8.102194,-39.204278,"original coordinates","original coordinates OK"
"16","Fraunhofera multiflora",1094891384,-9.063333,-39.611111,"gass84","2e684fd6-09e2-4661-910a-0a188b610c04","60545be9-4f28-4245-b4b4-07635c8dfa54","none","b38ff2b7-c8af-454e-b5af-ee760f0d5bca","BR","DWC_ARCHIVE","2018-11-14T17:19:37.273+0000","2018-09-10T18:27:19.215+0000",124,"none","PRESERVED_SPECIMEN",3792795,6,7707728,220,950,6715,7265616,3792795,3792795,"Fraunhofera multiflora Mart.","Fraunhofera multiflora Mart.","Plantae","Tracheophyta","Celastrales","Celastraceae","Fraunhofera","Fraunhofera multiflora","Fraunhofera","multiflora","SPECIES","ACCEPTED","none","","Bahia",2011,6,25,"2011-06-25T00:00:00","2018-09-10T18:27:44.645+0000","http://creativecommons.org/licenses/by-nc/4.0/legalcode","none","none","none","WGS84","Magnoliopsida","BR","Brazil","HUEFS - Herbario da Universidade Estadual de Feira de Santana","BRA:UEFS:HUEFS:0000174307","9925","HUEFS - Herbario da Universidade Estadual de Feira de Santana","Curaçá","Estrada atrás da Serra da Natividade.","pt","HUEFS",1094891384,"BRA:UEFS:HUEFS:0000174307","Collection","Melo, E.","174307","UEFS","Universidade Estadual de Feira de Santana (UEFS)","","","",444,"","","",0,"","","","","",NA,"","",NA,"","",NA,"",NA,"",NA,NA,NA,NA,NA,"Curaçá","Bahia","brazil",4040,"Curaçá",2909901,-39.639566,-9.256296,"BAHIA","BA","Bahia",-41.72018023,-12.47295682,"Bahia","ba",-9.063333,-39.611111,"original coordinates","original coordinates OK"
"17","Fraunhofera multiflora",1090901441,-9.327861,-40.551344,"cdround,gass84","b18aa640-0367-4956-a6a4-5f07141127f1","6bfada01-036d-455a-b332-081dbe226a05","none","b38ff2b7-c8af-454e-b5af-ee760f0d5bca","BR","DWC_ARCHIVE","2018-11-23T18:22:11.311+0000","2018-05-05T12:05:33.539+0000",121,"none","PRESERVED_SPECIMEN",3792795,6,7707728,220,950,6715,7265616,3792795,3792795,"Fraunhofera multiflora Mart.","Fraunhofera multiflora Mart.","Plantae","Tracheophyta","Celastrales","Celastraceae","Fraunhofera","Fraunhofera multiflora","Fraunhofera","multiflora","SPECIES","ACCEPTED","2010-11-18T00:00:00","SOUTH_AMERICA","Pernambuco",2010,1,12,"2010-01-12T00:00:00","2018-12-09T06:15:07.364+0000","http://creativecommons.org/licenses/by-nc/4.0/legalcode","none","none","none","WGS84","Magnoliopsida","BR","Brazil","HVASF - Herbário Vale do São Francisco","BRA:UNIVASF:HVASF:0000006778","210","HVASF - Herbário Vale do São Francisco","Petrolina","Fazenda Experimental da UNIVASF, Parcela 07","pt","HVASF",1090901441,"BRA:UNIVASF:HVASF:0000006778","Collection","M.M. Coelho","6778","UNIVASF","Universidade Federal do Vale do São Francisco (UNIVASF)","Marcondes Oliveira","2018-04-13T18:48:57.000+0000","Árvore frequente com ca. de 4m de alt. Flores inconspícuas, verdes.",400,"","","",0,"","","","","",NA,"","",NA,"","",NA,"",NA,"",NA,NA,NA,NA,NA,"Petrolina","Pernambuco","brazil",4089,"Petrolina",2611101,-40.569782,-9.012947,"PERNAMBUCO","PE","Pernambuco",-37.99303622,-8.3240949,"Pernambuco","pe",-9.327861,-40.551344,"original coordinates","original coordinates OK"
"18","Fraunhofera multiflora",1424386501,-9.328056,-40.551944,"cdround,gass84","4300f8d5-1ae5-49e5-a101-63894b005868","838537fc-4aeb-4980-8b58-97fbdcd1d91a","none","da7fe11a-b42c-46cb-9e9d-02243edb738a","BR","DWC_ARCHIVE","2018-10-02T15:41:53.035+0000","2018-09-24T20:03:00.225+0000",207,"none","PRESERVED_SPECIMEN",3792795,6,7707728,220,950,6715,7265616,3792795,3792795,"Fraunhofera multiflora Mart.","Fraunhofera multiflora Mart.","Plantae","Tracheophyta","Celastrales","Celastraceae","Fraunhofera","Fraunhofera multiflora","Fraunhofera","multiflora","SPECIES","ACCEPTED","2010-11-18T00:00:00","","Pernambuco",2010,3,18,"2010-03-18T00:00:00","2018-12-06T16:59:55.235+0000","http://creativecommons.org/licenses/by/4.0/legalcode","none","none","none","WGS84","Magnoliopsida","BR","Brazil","Rio de Janeiro Botanical Garden","urn:catalog:JBRJ:RB:681836","274","RB - Rio de Janeiro Botanical Garden Herbarium Collection","Petrolina","Fazenda Experimental da UNIVASF, parcela permanente 08. Área prioritária para conservação: CA-418-Petrolina - 2- muito alta .","","RB",1424386501,"urn:catalog:JBRJ:RB:681836","PhysicalObject","M.M. Coelho ; M. Oliveira","RB00681836","JBRJ","","Marcondes Oliveira","2014-07-07T22:29:38.345+0000","Árvore ocasional com ca. de 4m de alt. Flores inconspícuas, verdes",NA,"RB 533158","","Bioma caatinga. Fitofisionomia Savana Estépica. Solo Latossolo Vermelho- Amarelo Eutrófico",NA,"","","","","",NA,"","",NA,"","",NA,"",NA,"",NA,NA,NA,NA,NA,"Petrolina","Pernambuco","brazil",4089,"Petrolina",2611101,-40.569782,-9.012947,"PERNAMBUCO","PE","Pernambuco",-37.99303622,-8.3240949,"Pernambuco","pe",-9.328056,-40.551944,"original coordinates","original coordinates OK"
"19","Fraunhofera multiflora",1090903299,-8.500972,-39.476611,"cdround,gass84","b18aa640-0367-4956-a6a4-5f07141127f1","6bfada01-036d-455a-b332-081dbe226a05","none","b38ff2b7-c8af-454e-b5af-ee760f0d5bca","BR","DWC_ARCHIVE","2018-11-23T18:22:12.589+0000","2018-05-05T12:05:35.850+0000",121,"none","PRESERVED_SPECIMEN",3792795,6,7707728,220,950,6715,7265616,3792795,3792795,"Fraunhofera multiflora Mart.","Fraunhofera multiflora Mart.","Plantae","Tracheophyta","Celastrales","Celastraceae","Fraunhofera","Fraunhofera multiflora","Fraunhofera","multiflora","SPECIES","ACCEPTED","2011-07-22T00:00:00","SOUTH_AMERICA","Pernambuco",2010,6,16,"2010-06-16T00:00:00","2018-12-09T06:15:08.142+0000","http://creativecommons.org/licenses/by-nc/4.0/legalcode","none","none","none","WGS84","Magnoliopsida","BR","Brazil","HVASF - Herbário Vale do São Francisco","BRA:UNIVASF:HVASF:0000008619","6853","HVASF - Herbário Vale do São Francisco","Cabrobó","Lote 1, caatinga arbórea","pt","HVASF",1090903299,"BRA:UNIVASF:HVASF:0000008619","Collection","A.P. Fontana","8619","UNIVASF","Universidade Federal do Vale do São Francisco (UNIVASF)","A. Joffily","2018-04-13T18:48:57.000+0000","Arbusto, ca. 2,5m. Frutos vermelhos.",348,"","","",0,"","","","","",NA,"","",NA,"","",NA,"",NA,"",NA,NA,NA,NA,NA,"Cabrobó","Pernambuco","brazil",4199,"Cabrobó",2603009,-39.329096,-8.385034,"PERNAMBUCO","PE","Pernambuco",-37.99303622,-8.3240949,"Pernambuco","pe",-8.500972,-39.476611,"original coordinates","original coordinates OK"
"20","Fraunhofera multiflora",1094883306,-11.183333,-41.85,"gass84","2e684fd6-09e2-4661-910a-0a188b610c04","60545be9-4f28-4245-b4b4-07635c8dfa54","none","b38ff2b7-c8af-454e-b5af-ee760f0d5bca","BR","DWC_ARCHIVE","2018-11-14T17:19:32.437+0000","2018-09-10T18:27:14.849+0000",124,"none","PRESERVED_SPECIMEN",3792795,6,7707728,220,950,6715,7265616,3792795,3792795,"Fraunhofera multiflora Mart.","Fraunhofera multiflora Mart.","Plantae","Tracheophyta","Celastrales","Celastraceae","Fraunhofera","Fraunhofera multiflora","Fraunhofera","multiflora","SPECIES","ACCEPTED","none","","Bahia",2010,7,4,"2010-07-04T00:00:00","2018-09-10T18:27:38.478+0000","http://creativecommons.org/licenses/by-nc/4.0/legalcode","none","none","none","WGS84","Magnoliopsida","BR","Brazil","HUEFS - Herbario da Universidade Estadual de Feira de Santana","BRA:UEFS:HUEFS:0000166235","568","HUEFS - Herbario da Universidade Estadual de Feira de Santana","São Gabriel","Alto da Jurema. Caatinga arbórea.","pt","HUEFS",1094883306,"BRA:UEFS:HUEFS:0000166235","Collection","Machado, R.F.","166235","UEFS","Universidade Estadual de Feira de Santana (UEFS)","","","Caatinga",NA,"","","",NA,"","","","","",NA,"","",NA,"","",NA,"",NA,"",NA,NA,NA,NA,NA,"São Gabriel","Bahia","brazil",3732,"São Gabriel",2929255,-41.69284,-11.062046,"BAHIA","BA","Bahia",-41.72018023,-12.47295682,"Bahia","ba",-11.183333,-41.85,"original coordinates","original coordinates OK"
"21","Fraunhofera multiflora",1090905351,-8.762556,-37.872806,"cdround,gass84","b18aa640-0367-4956-a6a4-5f07141127f1","6bfada01-036d-455a-b332-081dbe226a05","none","b38ff2b7-c8af-454e-b5af-ee760f0d5bca","BR","DWC_ARCHIVE","2018-11-23T18:22:14.419+0000","2018-05-05T12:05:38.050+0000",121,"none","PRESERVED_SPECIMEN",3792795,6,7707728,220,950,6715,7265616,3792795,3792795,"Fraunhofera multiflora Mart.","Fraunhofera multiflora Mart.","Plantae","Tracheophyta","Celastrales","Celastraceae","Fraunhofera","Fraunhofera multiflora","Fraunhofera","multiflora","SPECIES","ACCEPTED","2011-07-22T00:00:00","SOUTH_AMERICA","Pernambuco",2010,12,10,"2010-12-10T00:00:00","2018-12-09T06:15:08.859+0000","http://creativecommons.org/licenses/by-nc/4.0/legalcode","none","none","none","WGS84","Magnoliopsida","BR","Brazil","HVASF - Herbário Vale do São Francisco","BRA:UNIVASF:HVASF:0000010717","5347","HVASF - Herbário Vale do São Francisco","Custódia","Caatinga arbustivo-arbórea aberta. Lote 10.","pt","HVASF",1090905351,"BRA:UNIVASF:HVASF:0000010717","Collection","Marcondes Oliveira","10717","UNIVASF","Universidade Federal do Vale do São Francisco (UNIVASF)","A. Joffily","2018-04-13T18:48:57.000+0000","Árvore com cerca de 5 metros de altura. Ramos acinzentados, glabros. Folhas membranáceas. Flores inconspícuas esverdeadas. Freqüente.",460,"","","",0,"","","","","",NA,"","",NA,"","",NA,"",NA,"",NA,NA,NA,NA,NA,"Custódia","Pernambuco","brazil",4237,"Custódia",2605103,-37.681072,-8.174451,"PERNAMBUCO","PE","Pernambuco",-37.99303622,-8.3240949,"Pernambuco","pe",-8.762556,-37.872806,"original coordinates","original coordinates outside municipality original in custodia falls in inaja"
"22","Fraunhofera multiflora",1090897771,-8.205917,-39.34725,"cdround,gass84","b18aa640-0367-4956-a6a4-5f07141127f1","6bfada01-036d-455a-b332-081dbe226a05","none","b38ff2b7-c8af-454e-b5af-ee760f0d5bca","BR","DWC_ARCHIVE","2018-11-23T18:22:08.579+0000","2018-05-05T12:05:28.529+0000",121,"none","PRESERVED_SPECIMEN",3792795,6,7707728,220,950,6715,7265616,3792795,3792795,"Fraunhofera multiflora Mart.","Fraunhofera multiflora Mart.","Plantae","Tracheophyta","Celastrales","Celastraceae","Fraunhofera","Fraunhofera multiflora","Fraunhofera","multiflora","SPECIES","ACCEPTED","2011-04-11T00:00:00","SOUTH_AMERICA","Pernambuco",2009,2,17,"2009-02-17T00:00:00","2018-12-09T06:15:06.392+0000","http://creativecommons.org/licenses/by-nc/4.0/legalcode","none","none","none","WGS84","Magnoliopsida","BR","Brazil","HVASF - Herbário Vale do São Francisco","BRA:UNIVASF:HVASF:0000003102","1953","HVASF - Herbário Vale do São Francisco","Cabrobó","Distrito de Umãs, Vila Produtiva Rural Junco.","pt","HVASF",1090897771,"BRA:UNIVASF:HVASF:0000003102","Collection","J.G. Carvalho-Sobrinho","3102","UNIVASF","Universidade Federal do Vale do São Francisco (UNIVASF)","J.G. Carvalho-Sobrinho","2018-04-13T18:48:57.000+0000","Arvoreta ca. 2.5m alt. Frutos imaturos verdes. OBS.: Fotos. Mesmo indivíduo coletado com flor em dezembro de 2008.",387,"","","",0,"","","","","",NA,"","",NA,"","",NA,"",NA,"",NA,NA,NA,NA,NA,"Cabrobó","Pernambuco","brazil",4199,"Cabrobó",2603009,-39.329096,-8.385034,"PERNAMBUCO","PE","Pernambuco",-37.99303622,-8.3240949,"Pernambuco","pe",-8.205917,-39.34725,"original coordinates","original coordinates OK"
"23","Fraunhofera multiflora",1090898579,-7.995083,-39.128417,"cdround,gass84","b18aa640-0367-4956-a6a4-5f07141127f1","6bfada01-036d-455a-b332-081dbe226a05","none","b38ff2b7-c8af-454e-b5af-ee760f0d5bca","BR","DWC_ARCHIVE","2018-11-23T18:22:09.332+0000","2018-05-05T12:05:29.373+0000",121,"none","PRESERVED_SPECIMEN",3792795,6,7707728,220,950,6715,7265616,3792795,3792795,"Fraunhofera multiflora Mart.","Fraunhofera multiflora Mart.","Plantae","Tracheophyta","Celastrales","Celastraceae","Fraunhofera","Fraunhofera multiflora","Fraunhofera","multiflora","SPECIES","ACCEPTED","2009-03-31T00:00:00","SOUTH_AMERICA","Pernambuco",2009,3,31,"2009-03-31T00:00:00","2018-12-09T06:15:06.624+0000","http://creativecommons.org/licenses/by-nc/4.0/legalcode","none","none","none","WGS84","Magnoliopsida","BR","Brazil","HVASF - Herbário Vale do São Francisco","BRA:UNIVASF:HVASF:0000003883","2109","HVASF - Herbário Vale do São Francisco","Salgueiro","Entrada à direita na BR-116, sentido Penaforte (CE).","pt","HVASF",1090898579,"BRA:UNIVASF:HVASF:0000003883","Collection","J.G. Carvalho-Sobrinho","3883","UNIVASF","Universidade Federal do Vale do São Francisco (UNIVASF)","J.G. Carvalho-Sobrinho","2018-04-13T18:48:57.000+0000","Árvore ca. 4m alt., ritidoma cinza-claro com desprendimento em lâminas. Pétalas vináceas, anteras amarelas. Frutos imaturos verdes e maduros vináceos.",501,"","","",0,"","","","","",NA,"","",NA,"","",NA,"",NA,"",NA,NA,NA,NA,NA,"Salgueiro","Pernambuco","brazil",4246,"Salgueiro",2612208,-39.085041,-8.130201,"PERNAMBUCO","PE","Pernambuco",-37.99303622,-8.3240949,"Pernambuco","pe",-7.995083,-39.128417,"original coordinates","original coordinates OK"
"24","Fraunhofera multiflora",1090898341,-8.229889,-39.324972,"cdround,gass84","b18aa640-0367-4956-a6a4-5f07141127f1","6bfada01-036d-455a-b332-081dbe226a05","none","b38ff2b7-c8af-454e-b5af-ee760f0d5bca","BR","DWC_ARCHIVE","2018-11-23T18:22:09.212+0000","2018-05-05T12:05:29.171+0000",121,"none","PRESERVED_SPECIMEN",3792795,6,7707728,220,950,6715,7265616,3792795,3792795,"Fraunhofera multiflora Mart.","Fraunhofera multiflora Mart.","Plantae","Tracheophyta","Celastrales","Celastraceae","Fraunhofera","Fraunhofera multiflora","Fraunhofera","multiflora","SPECIES","ACCEPTED","2009-03-03T00:00:00","SOUTH_AMERICA","Pernambuco",2009,3,3,"2009-03-03T00:00:00","2018-12-09T06:15:06.473+0000","http://creativecommons.org/licenses/by-nc/4.0/legalcode","none","none","none","WGS84","Magnoliopsida","BR","Brazil","HVASF - Herbário Vale do São Francisco","BRA:UNIVASF:HVASF:0000003700","3784","HVASF - Herbário Vale do São Francisco","Cabrobó","Cabrobozinho, Serra do Livramento, Projeto de Transposição do São Francisco","pt","HVASF",1090898341,"BRA:UNIVASF:HVASF:0000003700","Collection","Marcondes Oliveira","3700","UNIVASF","Universidade Federal do Vale do São Francisco (UNIVASF)","Marcondes Oliveira","2018-04-13T18:48:57.000+0000","árvore ± 5m alt. Caule acinzentado. Inflorescência esverdeada. Ocasional.",386,"","","",0,"","","","","",NA,"","",NA,"","",NA,"",NA,"",NA,NA,NA,NA,NA,"Cabrobó","Pernambuco","brazil",4199,"Cabrobó",2603009,-39.329096,-8.385034,"PERNAMBUCO","PE","Pernambuco",-37.99303622,-8.3240949,"Pernambuco","pe",-8.229889,-39.324972,"original coordinates","original coordinates OK"
"25","Fraunhofera multiflora",1094865717,-9.848056,-40.301389,"gass84","2e684fd6-09e2-4661-910a-0a188b610c04","60545be9-4f28-4245-b4b4-07635c8dfa54","none","b38ff2b7-c8af-454e-b5af-ee760f0d5bca","BR","DWC_ARCHIVE","2018-11-14T17:19:21.309+0000","2018-09-10T18:27:06.140+0000",124,"none","PRESERVED_SPECIMEN",3792795,6,7707728,220,950,6715,7265616,3792795,3792795,"Fraunhofera multiflora Mart.","Fraunhofera multiflora Mart.","Plantae","Tracheophyta","Celastrales","Celastraceae","Fraunhofera","Fraunhofera multiflora","Fraunhofera","multiflora","SPECIES","ACCEPTED","none","","Bahia",2009,6,11,"2009-06-11T00:00:00","2018-09-10T18:27:25.498+0000","http://creativecommons.org/licenses/by-nc/4.0/legalcode","none","none","none","WGS84","Magnoliopsida","BR","Brazil","HUEFS - Herbario da Universidade Estadual de Feira de Santana","BRA:UEFS:HUEFS:0000148446","6319","HUEFS - Herbario da Universidade Estadual de Feira de Santana","Juazeiro","Distrito de Massaroca.","pt","HUEFS",1094865717,"BRA:UEFS:HUEFS:0000148446","Collection","Melo, E.","148446","UEFS","Universidade Estadual de Feira de Santana (UEFS)","","","Caatinga.",470,"","","",0,"","","","","",NA,"","",NA,"","",NA,"",NA,"",NA,NA,NA,NA,NA,"Juazeiro","Bahia","brazil",3989,"Juazeiro",2918407,-40.272812,-9.542468,"BAHIA","BA","Bahia",-41.72018023,-12.47295682,"Bahia","ba",-9.848056,-40.301389,"original coordinates","original coordinates OK"
"26","Fraunhofera multiflora",1090903691,-9.58675,-40.893,"gass84","b18aa640-0367-4956-a6a4-5f07141127f1","6bfada01-036d-455a-b332-081dbe226a05","none","b38ff2b7-c8af-454e-b5af-ee760f0d5bca","BR","DWC_ARCHIVE","2018-11-23T18:22:12.998+0000","2018-05-05T12:05:36.343+0000",121,"none","PRESERVED_SPECIMEN",3792795,6,7707728,220,950,6715,7265616,3792795,3792795,"Fraunhofera multiflora Mart.","Fraunhofera multiflora Mart.","Plantae","Tracheophyta","Celastrales","Celastraceae","Fraunhofera","Fraunhofera multiflora","Fraunhofera","multiflora","SPECIES","ACCEPTED","2009-08-25T00:00:00","SOUTH_AMERICA","Bahia",2009,7,25,"2009-07-25T00:00:00","2018-12-09T06:15:08.181+0000","http://creativecommons.org/licenses/by-nc/4.0/legalcode","none","none","none","WGS84","Magnoliopsida","BR","Brazil","HVASF - Herbário Vale do São Francisco","BRA:UNIVASF:HVASF:0000009031","10167","HVASF - Herbário Vale do São Francisco","Sobradinho","Estrada para Piçarrão","pt","HVASF",1090903691,"BRA:UNIVASF:HVASF:0000009031","Collection","J. Paula-Souza","9031","UNIVASF","Universidade Federal do Vale do São Francisco (UNIVASF)","J. Paula-Souza","2018-04-13T18:48:57.000+0000","Árvore, ca. 5m alt. Frutos imaturos verdes.",456,"","","",0,"","","","","",NA,"","",NA,"","",NA,"",NA,"",NA,NA,NA,NA,NA,"Sobradinho","Bahia","brazil",3960,"Sobradinho",2930774,-40.886076,-9.684588,"BAHIA","BA","Bahia",-41.72018023,-12.47295682,"Bahia","ba",-9.58675,-40.893,"original coordinates","original coordinates OK"
"27","Fraunhofera multiflora",1090900607,-8.222222,-39.305806,"cdround,gass84","b18aa640-0367-4956-a6a4-5f07141127f1","6bfada01-036d-455a-b332-081dbe226a05","none","b38ff2b7-c8af-454e-b5af-ee760f0d5bca","BR","DWC_ARCHIVE","2018-11-23T18:22:10.838+0000","2018-05-05T12:05:31.635+0000",121,"none","PRESERVED_SPECIMEN",3792795,6,7707728,220,950,6715,7265616,3792795,3792795,"Fraunhofera multiflora Mart.","Fraunhofera multiflora Mart.","Plantae","Tracheophyta","Celastrales","Celastraceae","Fraunhofera","Fraunhofera multiflora","Fraunhofera","multiflora","SPECIES","ACCEPTED","2009-07-10T00:00:00","SOUTH_AMERICA","Pernambuco",2009,7,10,"2009-07-10T00:00:00","2018-12-09T06:15:07.170+0000","http://creativecommons.org/licenses/by-nc/4.0/legalcode","none","none","none","WGS84","Magnoliopsida","BR","Brazil","HVASF - Herbário Vale do São Francisco","BRA:UNIVASF:HVASF:0000005957","4341","HVASF - Herbário Vale do São Francisco","Cabrobó","Topo da Serra do Livramento","pt","HVASF",1090900607,"BRA:UNIVASF:HVASF:0000005957","Collection","Marcondes Oliveira","5957","UNIVASF","Universidade Federal do Vale do São Francisco (UNIVASF)","Marcondes Oliveira","2018-04-13T18:48:57.000+0000","Árvore ± 4.0m alt. Flores inconspícuas. Frutos esverdeados. Freqüente.",530,"","","",0,"","","","","",NA,"","",NA,"","",NA,"",NA,"",NA,NA,NA,NA,NA,"Cabrobó","Pernambuco","brazil",4199,"Cabrobó",2603009,-39.329096,-8.385034,"PERNAMBUCO","PE","Pernambuco",-37.99303622,-8.3240949,"Pernambuco","pe",-8.222222,-39.305806,"original coordinates","original coordinates OK"
"28","Fraunhofera multiflora",1090900671,-8.22525,-39.326333,"cdround,gass84","b18aa640-0367-4956-a6a4-5f07141127f1","6bfada01-036d-455a-b332-081dbe226a05","none","b38ff2b7-c8af-454e-b5af-ee760f0d5bca","BR","DWC_ARCHIVE","2018-11-23T18:22:10.891+0000","2018-05-05T12:05:31.778+0000",121,"none","PRESERVED_SPECIMEN",3792795,6,7707728,220,950,6715,7265616,3792795,3792795,"Fraunhofera multiflora Mart.","Fraunhofera multiflora Mart.","Plantae","Tracheophyta","Celastrales","Celastraceae","Fraunhofera","Fraunhofera multiflora","Fraunhofera","multiflora","SPECIES","ACCEPTED","2009-07-22T00:00:00","SOUTH_AMERICA","Pernambuco",2009,7,22,"2009-07-22T00:00:00","2018-12-09T06:15:07.153+0000","http://creativecommons.org/licenses/by-nc/4.0/legalcode","none","none","none","WGS84","Magnoliopsida","BR","Brazil","HVASF - Herbário Vale do São Francisco","BRA:UNIVASF:HVASF:0000006037","4421","HVASF - Herbário Vale do São Francisco","Cabrobó","Reservatório Serra do Livramento","pt","HVASF",1090900671,"BRA:UNIVASF:HVASF:0000006037","Collection","Marcondes Oliveira","6037","UNIVASF","Universidade Federal do Vale do São Francisco (UNIVASF)","Marcondes Oliveira","2018-04-13T18:48:57.000+0000","Árvore cerca de 4m alt. Caule acinzentado. Botões florais esverdeados. Freqüente.",439,"","","",0,"","","","","",NA,"","",NA,"","",NA,"",NA,"",NA,NA,NA,NA,NA,"Cabrobó","Pernambuco","brazil",4199,"Cabrobó",2603009,-39.329096,-8.385034,"PERNAMBUCO","PE","Pernambuco",-37.99303622,-8.3240949,"Pernambuco","pe",-8.22525,-39.326333,"original coordinates","original coordinates OK"
"29","Fraunhofera multiflora",1587303035,-14.6,-41.333333,"gass84,iddatunl","1bb3cae3-b91f-4109-8a2d-a1f05f2d6fd3","76dbcb10-efc5-4d5f-87a5-bcd409fc92c8","none","b38ff2b7-c8af-454e-b5af-ee760f0d5bca","BR","DWC_ARCHIVE","2018-11-24T12:30:46.012+0000","2018-09-25T14:05:29.440+0000",126,"none","PRESERVED_SPECIMEN",3792795,6,7707728,220,950,6715,7265616,3792795,3792795,"Fraunhofera multiflora Mart.","Fraunhofera multiflora Mart.","Plantae","Tracheophyta","Celastrales","Celastraceae","Fraunhofera","Fraunhofera multiflora","Fraunhofera","multiflora","SPECIES","ACCEPTED","2008-01-01T00:00:00","","Bahia",2008,1,31,"2008-01-31T00:00:00","2018-09-25T14:05:29.468+0000","http://creativecommons.org/licenses/by-nc/4.0/legalcode","none","none","none","WGS84","Magnoliopsida","BR","Brazil","SPF - Herbário da Universidade de São Paulo","BRA:USP:SPF:0000188515","7218","SPF - Herbário da Universidade de São Paulo","Aracatu","","pt","SPF",1587303035,"BRA:USP:SPF:0000188515","Collection","Lombardi, JA","188515","USP","Universidade de São Paulo, USP","Lombardi, JA","","",400,"","","",0,"","","","","",NA,"","",NA,"","",NA,"",NA,"",NA,NA,NA,NA,NA,"Aracatu","Bahia","brazil",3303,"Aracatu",2902005,-41.374251,-14.364809,"BAHIA","BA","Bahia",-41.72018023,-12.47295682,"Bahia","ba",-14.6,-41.333333,"original coordinates","original coordinates outside municipality original in aracatu falls in caraibas"
"30","Fraunhofera multiflora",1094929256,-9.917222,-39.105556,"gass84,iddatunl","2e684fd6-09e2-4661-910a-0a188b610c04","60545be9-4f28-4245-b4b4-07635c8dfa54","none","b38ff2b7-c8af-454e-b5af-ee760f0d5bca","BR","DWC_ARCHIVE","2018-11-14T17:19:55.301+0000","2018-09-10T18:27:41.628+0000",124,"none","PRESERVED_SPECIMEN",3792795,6,7707728,220,950,6715,7265616,3792795,3792795,"Fraunhofera multiflora Mart.","Fraunhofera multiflora Mart.","Plantae","Tracheophyta","Celastrales","Celastraceae","Fraunhofera","Fraunhofera multiflora","Fraunhofera","multiflora","SPECIES","ACCEPTED","2016-04-01T00:00:00","","Bahia",2008,4,20,"2008-04-20T00:00:00","2018-09-10T18:28:08.086+0000","http://creativecommons.org/licenses/by-nc/4.0/legalcode","none","none","none","WGS84","Magnoliopsida","BR","Brazil","HUEFS - Herbario da Universidade Estadual de Feira de Santana","BRA:UEFS:HUEFS:0000212993","83","HUEFS - Herbario da Universidade Estadual de Feira de Santana","Canudos","Parque Estadual de Canudos, trilha da estrada de Jeremoabo, próximo a lagoa.","pt","HUEFS",1094929256,"BRA:UEFS:HUEFS:0000212993","Collection","Romão, M.V.V.","212993","UEFS","Universidade Estadual de Feira de Santana (UEFS)","J.A.Siqueira Filho","","",366,"","","",0,"","","","","",NA,"","",NA,"","",NA,"",NA,"",NA,NA,NA,NA,NA,"Canudos","Bahia","brazil",3901,"Canudos",2906824,-38.984245,-10.071358,"BAHIA","BA","Bahia",-41.72018023,-12.47295682,"Bahia","ba",-9.917222,-39.105556,"original coordinates","original coordinates OK"
"31","Fraunhofera multiflora",1090897220,-9.262844,-39.639792,"cdround,gass84","b18aa640-0367-4956-a6a4-5f07141127f1","6bfada01-036d-455a-b332-081dbe226a05","none","b38ff2b7-c8af-454e-b5af-ee760f0d5bca","BR","DWC_ARCHIVE","2018-11-23T18:22:08.294+0000","2018-05-05T12:05:27.690+0000",121,"none","PRESERVED_SPECIMEN",3792795,6,7707728,220,950,6715,7265616,3792795,3792795,"Fraunhofera multiflora Mart.","Fraunhofera multiflora Mart.","Plantae","Tracheophyta","Celastrales","Celastraceae","Fraunhofera","Fraunhofera multiflora","Fraunhofera","multiflora","SPECIES","ACCEPTED","2008-04-15T00:00:00","SOUTH_AMERICA","Bahia",2008,4,15,"2008-04-15T00:00:00","2018-12-09T06:15:06.277+0000","http://creativecommons.org/licenses/by-nc/4.0/legalcode","none","none","none","WGS84","Magnoliopsida","BR","Brazil","HVASF - Herbário Vale do São Francisco","BRA:UNIVASF:HVASF:0000002553","3415","HVASF - Herbário Vale do São Francisco","Curaçá","Riacho Seco. UTM: 24L 426338 - 9027 39.2","pt","HVASF",1090897220,"BRA:UNIVASF:HVASF:0000002553","Collection","Marcondes Oliveira","2553","UNIVASF","Universidade Federal do Vale do São Francisco (UNIVASF)","Marcondes Oliveira","2018-04-13T18:48:57.000+0000","árvore ± 4m altura; inflorescência vinácea. Ocasional pau-branco",515,"","","",0,"","","","","",NA,"","",NA,"","",NA,"",NA,"",NA,NA,NA,NA,NA,"Curaçá","Bahia","brazil",4040,"Curaçá",2909901,-39.639566,-9.256296,"BAHIA","BA","Bahia",-41.72018023,-12.47295682,"Bahia","ba",-9.262844,-39.639792,"original coordinates","original coordinates OK"
"32","Fraunhofera multiflora",1090897028,-8.129914,-39.084419,"cdround,gass84","b18aa640-0367-4956-a6a4-5f07141127f1","6bfada01-036d-455a-b332-081dbe226a05","none","b38ff2b7-c8af-454e-b5af-ee760f0d5bca","BR","DWC_ARCHIVE","2018-11-23T18:22:08.156+0000","2018-05-05T12:05:27.332+0000",121,"none","PRESERVED_SPECIMEN",3792795,6,7707728,220,950,6715,7265616,3792795,3792795,"Fraunhofera multiflora Mart.","Fraunhofera multiflora Mart.","Plantae","Tracheophyta","Celastrales","Celastraceae","Fraunhofera","Fraunhofera multiflora","Fraunhofera","multiflora","SPECIES","ACCEPTED","2010-11-18T00:00:00","SOUTH_AMERICA","Pernambuco",2008,12,11,"2008-12-11T00:00:00","2018-12-09T06:15:06.162+0000","http://creativecommons.org/licenses/by-nc/4.0/legalcode","none","none","none","WGS84","Magnoliopsida","BR","Brazil","HVASF - Herbário Vale do São Francisco","BRA:UNIVASF:HVASF:0000002354","619","HVASF - Herbário Vale do São Francisco","Salgueiro","Fazenda Junco, VPR.","pt","HVASF",1090897028,"BRA:UNIVASF:HVASF:0000002354","Collection","J.R. Maciel","2354","UNIVASF","Universidade Federal do Vale do São Francisco (UNIVASF)","Marcondes Oliveira","2018-04-13T18:48:57.000+0000","Arvoreta, ca. de 3m alt. Pétalas marrons a vermelhas, estames 5, amarelos.",490,"","","",0,"","","","","",NA,"","",NA,"","",NA,"",NA,"",NA,NA,NA,NA,NA,"Salgueiro","Pernambuco","brazil",4246,"Salgueiro",2612208,-39.085041,-8.130201,"PERNAMBUCO","PE","Pernambuco",-37.99303622,-8.3240949,"Pernambuco","pe",-8.129914,-39.084419,"original coordinates","original coordinates OK"
"33","Fraunhofera multiflora",1090896672,-8.294278,-39.360944,"cdround,gass84","b18aa640-0367-4956-a6a4-5f07141127f1","6bfada01-036d-455a-b332-081dbe226a05","none","b38ff2b7-c8af-454e-b5af-ee760f0d5bca","BR","DWC_ARCHIVE","2018-11-23T18:22:07.935+0000","2018-05-05T12:05:26.957+0000",121,"none","PRESERVED_SPECIMEN",3792795,6,7707728,220,950,6715,7265616,3792795,3792795,"Fraunhofera multiflora Mart.","Fraunhofera multiflora Mart.","Plantae","Tracheophyta","Celastrales","Celastraceae","Fraunhofera","Fraunhofera multiflora","Fraunhofera","multiflora","SPECIES","ACCEPTED","2011-04-11T00:00:00","SOUTH_AMERICA","Pernambuco",2008,12,2,"2008-12-02T00:00:00","2018-12-09T06:15:06.043+0000","http://creativecommons.org/licenses/by-nc/4.0/legalcode","none","none","none","WGS84","Magnoliopsida","BR","Brazil","HVASF - Herbário Vale do São Francisco","BRA:UNIVASF:HVASF:0000002015","66","HVASF - Herbário Vale do São Francisco","Cabrobó","Distrito de Cabrobózinho Fazenda Entre-Serras","pt","HVASF",1090896672,"BRA:UNIVASF:HVASF:0000002015","Collection","N.M.S. Ferraz","2015","UNIVASF","Universidade Federal do Vale do São Francisco (UNIVASF)","N.M.S. Ferraz","2018-04-13T18:48:57.000+0000","Árvore ca. 4m de altura. Caule acinzentado. Botões florais esverdeados. Ocasional. Popularmente conhecida como ""pau-branco"".",351,"","","",0,"","","","","",NA,"","",NA,"","",NA,"",NA,"",NA,NA,NA,NA,NA,"Cabrobó","Pernambuco","brazil",4199,"Cabrobó",2603009,-39.329096,-8.385034,"PERNAMBUCO","PE","Pernambuco",-37.99303622,-8.3240949,"Pernambuco","pe",-8.294278,-39.360944,"original coordinates","original coordinates OK"
"34","Fraunhofera multiflora",1090897240,-8.831961,-39.331328,"cdround,gass84","b18aa640-0367-4956-a6a4-5f07141127f1","6bfada01-036d-455a-b332-081dbe226a05","none","b38ff2b7-c8af-454e-b5af-ee760f0d5bca","BR","DWC_ARCHIVE","2018-11-23T18:22:08.324+0000","2018-05-05T12:05:27.726+0000",121,"none","PRESERVED_SPECIMEN",3792795,6,7707728,220,950,6715,7265616,3792795,3792795,"Fraunhofera multiflora Mart.","Fraunhofera multiflora Mart.","Plantae","Tracheophyta","Celastrales","Celastraceae","Fraunhofera","Fraunhofera multiflora","Fraunhofera","multiflora","SPECIES","ACCEPTED","2008-01-22T00:00:00","SOUTH_AMERICA","Bahia",2007,3,30,"2007-03-30T00:00:00","2018-12-09T06:15:06.204+0000","http://creativecommons.org/licenses/by-nc/4.0/legalcode","none","none","none","WGS84","Magnoliopsida","BR","Brazil","HVASF - Herbário Vale do São Francisco","BRA:UNIVASF:HVASF:0000002573","2788","HVASF - Herbário Vale do São Francisco","Abaré","Reserva Legal de Pedra Branca","pt","HVASF",1090897240,"BRA:UNIVASF:HVASF:0000002573","Collection","Marcondes Oliveira","2573","UNIVASF","Universidade Federal do Vale do São Francisco (UNIVASF)","Marcondes Oliveira","2018-04-13T18:48:57.000+0000","Arvoreta 3,5m de alt., flores alvas, frutos esverdeados. Ocasional.",326,"","","",0,"","","","","",NA,"","",NA,"","",NA,"",NA,"",NA,NA,NA,NA,NA,"Abaré","Bahia","brazil",4124,"Abaré",2900207,-39.330876,-8.831238,"BAHIA","BA","Bahia",-41.72018023,-12.47295682,"Bahia","ba",-8.831961,-39.331328,"original coordinates","original coordinates OK"
"35","Fraunhofera multiflora",1094835884,-13.586111,-44.32,"gass84,iddatunl","2e684fd6-09e2-4661-910a-0a188b610c04","60545be9-4f28-4245-b4b4-07635c8dfa54","none","b38ff2b7-c8af-454e-b5af-ee760f0d5bca","BR","DWC_ARCHIVE","2018-11-14T17:19:01.777+0000","2018-09-10T18:26:51.185+0000",124,"none","PRESERVED_SPECIMEN",3792795,6,7707728,220,950,6715,7265616,3792795,3792795,"Fraunhofera multiflora Mart.","Fraunhofera multiflora Mart.","Plantae","Tracheophyta","Celastrales","Celastraceae","Fraunhofera","Fraunhofera multiflora","Fraunhofera","multiflora","SPECIES","ACCEPTED","2007-08-01T00:00:00","","Bahia",2007,4,11,"2007-04-11T00:00:00","2018-09-10T18:27:06.443+0000","http://creativecommons.org/licenses/by-nc/4.0/legalcode","none","none","none","WGS84","Magnoliopsida","BR","Brazil","HUEFS - Herbario da Universidade Estadual de Feira de Santana","BRA:UEFS:HUEFS:0000118345","12847","HUEFS - Herbario da Universidade Estadual de Feira de Santana","Coribe","Ca, 5 Km S em estrada de terra que cruza pequeno ramal que sai a 5.1 km E de Ponto d'água, a 24,4 Km S de São Félix do Coribe na estrada para Coribe.","pt","HUEFS",1094835884,"BRA:UEFS:HUEFS:0000118345","Collection","Queiroz, L.P.de","118345","UEFS","Universidade Estadual de Feira de Santana (UEFS)","L.P.de Queiroz & R.M.Santos","","Floresta estacional.",545,"","","",0,"","","","","",NA,"","",NA,"","",NA,"",NA,"",NA,NA,NA,NA,NA,"Coribe","Bahia","brazil",3368,"Coribe",2909109,-44.375972,-13.814427,"BAHIA","BA","Bahia",-41.72018023,-12.47295682,"Bahia","ba",-13.586111,-44.32,"original coordinates","original coordinates OK"
"36","Fraunhofera multiflora",1094836577,-11.014722,-40.405278,"gass84,iddatunl","2e684fd6-09e2-4661-910a-0a188b610c04","60545be9-4f28-4245-b4b4-07635c8dfa54","none","b38ff2b7-c8af-454e-b5af-ee760f0d5bca","BR","DWC_ARCHIVE","2018-11-14T17:19:02.192+0000","2018-09-10T18:26:51.968+0000",124,"none","PRESERVED_SPECIMEN",3792795,6,7707728,220,950,6715,7265616,3792795,3792795,"Fraunhofera multiflora Mart.","Fraunhofera multiflora Mart.","Plantae","Tracheophyta","Celastrales","Celastraceae","Fraunhofera","Fraunhofera multiflora","Fraunhofera","multiflora","SPECIES","ACCEPTED","2007-06-01T00:00:00","","Bahia",2007,5,4,"2007-05-04T00:00:00","2018-09-10T18:27:06.952+0000","http://creativecommons.org/licenses/by-nc/4.0/legalcode","none","none","none","WGS84","Magnoliopsida","BR","Brazil","HUEFS - Herbario da Universidade Estadual de Feira de Santana","BRA:UEFS:HUEFS:0000119026","1823","HUEFS - Herbario da Universidade Estadual de Feira de Santana","Morro do Chapéu","Ca 2 Km da Comunidade Gruta dos Brejões.","pt","HUEFS",1094836577,"BRA:UEFS:HUEFS:0000119026","Collection","Cardoso, D.","119026","UEFS","Universidade Estadual de Feira de Santana (UEFS)","E.B.Miranda","","Caatinga arbórea-arbustiva sobre afloramento de calcário.",650,"","","",0,"","","","","",NA,"","",NA,"","",NA,"",NA,"",NA,NA,NA,NA,NA,"Morro do Chapéu","Bahia","brazil",3674,"Morro do Chapéu",2921708,-41.151587,-11.472221,"BAHIA","BA","Bahia",-41.72018023,-12.47295682,"Bahia","ba",-11.014722,-40.405278,"original coordinates","original coordinates outside municipality original in morro do chapeu falls in saude"
"37","Fraunhofera multiflora",1094840117,-9.945,-39.018056,"gass84,iddatunl","2e684fd6-09e2-4661-910a-0a188b610c04","60545be9-4f28-4245-b4b4-07635c8dfa54","none","b38ff2b7-c8af-454e-b5af-ee760f0d5bca","BR","DWC_ARCHIVE","2018-11-14T17:19:04.735+0000","2018-09-10T18:26:53.544+0000",124,"none","PRESERVED_SPECIMEN",3792795,6,7707728,220,950,6715,7265616,3792795,3792795,"Fraunhofera multiflora Mart.","Fraunhofera multiflora Mart.","Plantae","Tracheophyta","Celastrales","Celastraceae","Fraunhofera","Fraunhofera multiflora","Fraunhofera","multiflora","SPECIES","ACCEPTED","2007-09-01T00:00:00","","Bahia",2007,6,27,"2007-06-27T00:00:00","2018-09-10T18:27:09.028+0000","http://creativecommons.org/licenses/by-nc/4.0/legalcode","none","none","none","WGS84","Magnoliopsida","BR","Brazil","HUEFS - Herbario da Universidade Estadual de Feira de Santana","BRA:UEFS:HUEFS:0000122619","1682","HUEFS - Herbario da Universidade Estadual de Feira de Santana","Canudos","","pt","HUEFS",1094840117,"BRA:UEFS:HUEFS:0000122619","Collection","Santos, R.M.","122619","UEFS","Universidade Estadual de Feira de Santana (UEFS)","R.M.Santos","","Caatinga antropizada.",NA,"","","",NA,"","","","","",NA,"","",NA,"","",NA,"",NA,"",NA,NA,NA,NA,NA,"Canudos","Bahia","brazil",3901,"Canudos",2906824,-38.984245,-10.071358,"BAHIA","BA","Bahia",-41.72018023,-12.47295682,"Bahia","ba",-9.945,-39.018056,"original coordinates","original coordinates OK"
"38","Fraunhofera multiflora",1090930970,-10.023611,-42.804167,"gass84","b3769e61-c3d0-4046-81cf-bf4d6b23b444","06542f02-868b-4651-aed4-1ae6b2eb4eb7","none","b38ff2b7-c8af-454e-b5af-ee760f0d5bca","BR","DWC_ARCHIVE","2018-11-24T12:31:53.171+0000","2018-10-25T12:33:33.217+0000",124,"none","PRESERVED_SPECIMEN",3792795,6,7707728,220,950,6715,7265616,3792795,3792795,"Fraunhofera multiflora Mart.","Fraunhofera multiflora Mart.","Plantae","Tracheophyta","Celastrales","Celastraceae","Fraunhofera","Fraunhofera multiflora","Fraunhofera","multiflora","SPECIES","ACCEPTED","none","","Bahia",2006,3,18,"2006-03-18T00:00:00","2018-12-09T06:15:18.639+0000","http://creativecommons.org/licenses/by-nc/4.0/legalcode","none","none","none","WGS84","Magnoliopsida","BR","Brazil","HST - Herbário Sérgio Tavares","BRA:UFRPE:HST:0000014036","954","HST - Herbário Sérgio Tavares","Pilão Arcado","Barra do Iú","pt","HST",1090930970,"BRA:UFRPE:HST:0000014036","Collection","E.B.Miranda; E.B.Souza, D.C.Torres et M.M.S.Castro","14036","Universidade Federal Rural de Pernambuco, UFRPE","Universidade Federal Rural de Pernambuco, UFRPE","","2018-10-11T13:56:04.000+0000","Arbusto ca. 2 m alt. Folhas cartáceas. Flores vináceas. Frutos imaturos amarronzados",403,"","","",0,"","","","","",NA,"","",NA,"","",NA,"",NA,"",NA,NA,NA,NA,NA,"Pilão Arcado","Bahia","brazil",3913,"Pilão Arcado",2924405,-43.113591,-10.008905,"BAHIA","BA","Bahia",-41.72018023,-12.47295682,"Bahia","ba",-10.023611,-42.804167,"original coordinates","original coordinates OK"
"39","Fraunhofera multiflora",1086731588,-8.808889,-41.566944,"gass84","afae313d-2283-49fc-97fd-6825da4cb49b","903d4412-04a3-47c7-8584-7911a3d7e2d1","none","b38ff2b7-c8af-454e-b5af-ee760f0d5bca","BR","DWC_ARCHIVE","2018-11-23T18:22:03.951+0000","2017-12-29T15:08:07.597+0000",133,"none","PRESERVED_SPECIMEN",3792795,6,7707728,220,950,6715,7265616,3792795,3792795,"Fraunhofera multiflora Mart.","Fraunhofera multiflora Mart.","Plantae","Tracheophyta","Celastrales","Celastraceae","Fraunhofera","Fraunhofera multiflora","Fraunhofera","multiflora","SPECIES","ACCEPTED","none","","Bahia",2006,4,22,"2006-04-22T00:00:00","2018-12-06T13:39:05.602+0000","http://creativecommons.org/licenses/by-nc/4.0/legalcode","none","none","none","WGS84","Magnoliopsida","BR","Brazil","HTSA - Herbário do Trópico Semiárido","BRA:CPATSA:HTSA:0000003751","1616","HTSA - Herbário do Trópico Semiárido","Curaçá","Fazenda Ouricuri, Área nº 32 Curaçá, extrema importância biológica.","pt","HTSA",1086731588,"BRA:CPATSA:HTSA:0000003751","Collection","Siqueira-Filho, J.A.; Espírito-Santo, F.S.; Leite, H.S.R.N.; Seido, C.L. & Pequeno, I.D.","3751","Empresa Brasileira de Pesquisa Agropecuária (EMBRAPA)","Empresa Brasileira de Pesquisa Agropecuária (EMBRAPA)","","2012-05-10T17:13:03.000+0000","Árvore ca. de 10 m alt. Folhas opostas. Inflorescências tipo espiga, axilares. Flores incospícuas, sépalas persistentes.; Caatinga arbustiva-arbórea em bom estado de conservação.; HABITAT: Caatinga arbustiva-arbórea em bom estado de conservação.",515,"","","",0,"","","","","",NA,"","",NA,"","",NA,"",NA,"",NA,NA,NA,NA,NA,"Curaçá","Bahia","brazil",4040,"Curaçá",2909901,-39.639566,-9.256296,"BAHIA","BA","Bahia",-41.72018023,-12.47295682,"Bahia","ba",-8.808889,-41.566944,"original coordinates","original coordinates outside municipality original in curaca falls in dom inocencio"
"40","Fraunhofera multiflora",1090897226,-8.831961,-39.331328,"cdround,gass84","b18aa640-0367-4956-a6a4-5f07141127f1","6bfada01-036d-455a-b332-081dbe226a05","none","b38ff2b7-c8af-454e-b5af-ee760f0d5bca","BR","DWC_ARCHIVE","2018-11-23T18:22:08.339+0000","2018-05-05T12:05:27.607+0000",121,"none","PRESERVED_SPECIMEN",3792795,6,7707728,220,950,6715,7265616,3792795,3792795,"Fraunhofera multiflora Mart.","Fraunhofera multiflora Mart.","Plantae","Tracheophyta","Celastrales","Celastraceae","Fraunhofera","Fraunhofera multiflora","Fraunhofera","multiflora","SPECIES","ACCEPTED","2008-07-22T00:00:00","SOUTH_AMERICA","Bahia",2006,5,16,"2006-05-16T00:00:00","2018-12-09T06:15:06.240+0000","http://creativecommons.org/licenses/by-nc/4.0/legalcode","none","none","none","WGS84","Magnoliopsida","BR","Brazil","HVASF - Herbário Vale do São Francisco","BRA:UNIVASF:HVASF:0000002577","2356","HVASF - Herbário Vale do São Francisco","Abaré","Pedra Branca. Complexo Itaparica.","pt","HVASF",1090897226,"BRA:UNIVASF:HVASF:0000002577","Collection","Marcondes Oliveira","2577","UNIVASF","Universidade Federal do Vale do São Francisco (UNIVASF)","Marcondes Oliveira","2018-04-13T18:48:57.000+0000","Esverdeados. Arbusto.",326,"","","",0,"","","","","",NA,"","",NA,"","",NA,"",NA,"",NA,NA,NA,NA,NA,"Abaré","Bahia","brazil",4124,"Abaré",2900207,-39.330876,-8.831238,"BAHIA","BA","Bahia",-41.72018023,-12.47295682,"Bahia","ba",-8.831961,-39.331328,"original coordinates","original coordinates OK"
"41","Fraunhofera multiflora",1077225752,-11.332222,-40.598056,"gass84","5b5cf455-a448-4c0a-aecd-3e0956f27f10","afdd8e93-b4e3-491c-88f0-8a22834ac1a9","none","b38ff2b7-c8af-454e-b5af-ee760f0d5bca","BR","DWC_ARCHIVE","2018-12-03T14:13:36.169+0000","2018-12-03T16:16:17.562+0000",122,"none","PRESERVED_SPECIMEN",3792795,6,7707728,220,950,6715,7265616,3792795,3792795,"Fraunhofera multiflora Mart.","Fraunhofera multiflora Mart.","Plantae","Tracheophyta","Celastrales","Celastraceae","Fraunhofera","Fraunhofera multiflora","Fraunhofera","multiflora","SPECIES","ACCEPTED","2017-11-09T00:00:00","SOUTH_AMERICA","Bahia",2006,12,23,"2006-12-23T00:00:00","2018-12-06T14:16:32.497+0000","http://creativecommons.org/licenses/by-nc/4.0/legalcode","none","none","none","WGS84","Magnoliopsida","BR","Brazil","ALCB - Herbário Alexandre Leal Costa","BRA:UFBA:ALCB:0000075923","13274","ALCB - Herbário Alexandre Leal Costa","Miguel Calmon","Piemonte da Diamantina, Entorno do Parque de Sete passagens. Bagre 132","pt","ALCB",1077225752,"BRA:UFBA:ALCB:0000075923","Collection","Guedes, ML; Valadão, RM; Carvalho, G; Santos, JS","75923","Universidade Federal da Bahia (UFBA)","Universidade Federal da Bahia (UFBA)","Guedes, ML","2018-08-28T19:01:23.000+0000","de ca. 8m. de altura. Folhas membranáceas, discolores, vilosas. Inflorescência axilar do tipo espigas. Flores esverdeadas.",NA,"","","",NA,"","","","","",NA,"","",NA,"","",NA,"",NA,"",NA,NA,NA,NA,NA,"Miguel Calmon","Bahia","brazil",3683,"Miguel Calmon",2921203,-40.611424,-11.420733,"BAHIA","BA","Bahia",-41.72018023,-12.47295682,"Bahia","ba",-11.332222,-40.598056,"original coordinates","original coordinates OK"
"42","Fraunhofera multiflora",1090694499,-9.83,-39.691944,"gass84","fdf55163-54d8-4bc7-862d-7e41068589e3","6215eac7-a176-4a7f-9bba-552b3f5ba9a3","none","b38ff2b7-c8af-454e-b5af-ee760f0d5bca","BR","DWC_ARCHIVE","2018-11-24T12:32:41.309+0000","2018-06-04T12:04:37.747+0000",126,"none","PRESERVED_SPECIMEN",3792795,6,7707728,220,950,6715,7265616,3792795,3792795,"Fraunhofera multiflora Mart.","Fraunhofera multiflora Mart.","Plantae","Tracheophyta","Celastrales","Celastraceae","Fraunhofera","Fraunhofera multiflora","Fraunhofera","multiflora","SPECIES","ACCEPTED","2008-04-01T00:00:00","","Bahia",2004,2,7,"2004-02-07T00:00:00","2018-12-08T04:44:13.706+0000","http://creativecommons.org/licenses/by-nc/4.0/legalcode","none","none","none","WGS84","Magnoliopsida","BR","Brazil","HRCB - Herbário Rioclarense","BRA:UNESPRC:HRCB:0000049427","9051","HRCB - Herbário Rioclarense","","Estrada Uauá para Caraíba, ca. 10 km SW de Calderão da Serra","pt","HRCB",1090694499,"BRA:UNESPRC:HRCB:0000049427","Collection","Queiroz, L.P. de","49427","Universidade Estadual Paulista, UNESP","Universidade Estadual Paulista, UNESP","Lombardi, J.A.","2018-05-23T14:45:19.000+0000","Árvore 3 a 4 m alt. Copada. Folhas jovens papiráceas. Inflorecência pêndula, flores com cálice verde, corola creme com lobos amarronzados, disco nectarífero verde e estames verde claro. Fruto carnosos",512,"","","",0,"","","","","",NA,"","",NA,"","",NA,"",NA,"",NA,NA,NA,NA,NA,"","Bahia","brazil",NA,"",NA,NA,NA,"","","Bahia",-41.72018023,-12.47295682,"Bahia","ba",-9.83,-39.691944,"original coordinates","original coordinates outside municipality original in  falls in uaua"
"43","Fraunhofera multiflora",1090694507,-9.563056,-42.041944,"gass84","fdf55163-54d8-4bc7-862d-7e41068589e3","6215eac7-a176-4a7f-9bba-552b3f5ba9a3","none","b38ff2b7-c8af-454e-b5af-ee760f0d5bca","BR","DWC_ARCHIVE","2018-11-24T12:32:41.349+0000","2018-06-04T12:04:37.792+0000",126,"none","PRESERVED_SPECIMEN",3792795,6,7707728,220,950,6715,7265616,3792795,3792795,"Fraunhofera multiflora Mart.","Fraunhofera multiflora Mart.","Plantae","Tracheophyta","Celastrales","Celastraceae","Fraunhofera","Fraunhofera multiflora","Fraunhofera","multiflora","SPECIES","ACCEPTED","2003-10-01T00:00:00","","Bahia",2003,7,3,"2003-07-03T00:00:00","2018-12-08T04:44:13.715+0000","http://creativecommons.org/licenses/by-nc/4.0/legalcode","none","none","none","WGS84","Magnoliopsida","BR","Brazil","HRCB - Herbário Rioclarense","BRA:UNESPRC:HRCB:0000049429","7865","HRCB - Herbário Rioclarense","Remanso","Ca. 9 km E de Remanso na estrada para Casa Nova","pt","HRCB",1090694507,"BRA:UNESPRC:HRCB:0000049429","Collection","Queiroz, L.P. de","49429","Universidade Estadual Paulista, UNESP","Universidade Estadual Paulista, UNESP","Lombardi, J.A.","2018-05-23T14:45:19.000+0000","Arbusto ca. 2,5 m alt., muito ramificado. Folhas cartáceas. Flores vináceas. Frutos imaturos verdes passando a marrons. DNA",495,"","","",0,"","","","","",NA,"","",NA,"","",NA,"",NA,"",NA,NA,NA,NA,NA,"Remanso","Bahia","brazil",3981,"Remanso",2926004,-42.257652,-9.593475,"BAHIA","BA","Bahia",-41.72018023,-12.47295682,"Bahia","ba",-9.563056,-42.041944,"original coordinates","original coordinates OK"
"44","Fraunhofera multiflora",1094770608,-13.384722,-42.3,"gass84,iddatunl","2e684fd6-09e2-4661-910a-0a188b610c04","60545be9-4f28-4245-b4b4-07635c8dfa54","none","b38ff2b7-c8af-454e-b5af-ee760f0d5bca","BR","DWC_ARCHIVE","2018-11-14T17:18:20.398+0000","2018-09-10T18:26:17.102+0000",124,"none","PRESERVED_SPECIMEN",3792795,6,7707728,220,950,6715,7265616,3792795,3792795,"Fraunhofera multiflora Mart.","Fraunhofera multiflora Mart.","Plantae","Tracheophyta","Celastrales","Celastraceae","Fraunhofera","Fraunhofera multiflora","Fraunhofera","multiflora","SPECIES","ACCEPTED","2003-10-01T00:00:00","","Bahia",2001,4,18,"2001-04-18T00:00:00","2018-09-10T18:26:25.813+0000","http://creativecommons.org/licenses/by-nc/4.0/legalcode","none","none","none","WGS84","Magnoliopsida","BR","Brazil","HUEFS - Herbario da Universidade Estadual de Feira de Santana","BRA:UEFS:HUEFS:0000052578","72","HUEFS - Herbario da Universidade Estadual de Feira de Santana","Paramirim","Fazenda Curral Velho.","pt","HUEFS",1094770608,"BRA:UEFS:HUEFS:0000052578","Collection","Silva, T.R.S.","52578","UEFS","Universidade Estadual de Feira de Santana (UEFS)","J.A.Lombardi","","Caatinga. Mata.",NA,"","","",NA,"","","","","",NA,"","",NA,"","",NA,"",NA,"",NA,NA,NA,NA,NA,"Paramirim","Bahia","brazil",3401,"Paramirim",2923605,-42.257778,-13.515835,"BAHIA","BA","Bahia",-41.72018023,-12.47295682,"Bahia","ba",-13.384722,-42.3,"original coordinates","original coordinates OK"
"45","Fraunhofera multiflora",1094768776,-9.723056,-39.332222,"gass84,iddatunl","2e684fd6-09e2-4661-910a-0a188b610c04","60545be9-4f28-4245-b4b4-07635c8dfa54","none","b38ff2b7-c8af-454e-b5af-ee760f0d5bca","BR","DWC_ARCHIVE","2018-11-14T17:18:19.358+0000","2018-09-10T18:26:16.113+0000",124,"none","PRESERVED_SPECIMEN",3792795,6,7707728,220,950,6715,7265616,3792795,3792795,"Fraunhofera multiflora Mart.","Fraunhofera multiflora Mart.","Plantae","Tracheophyta","Celastrales","Celastraceae","Fraunhofera","Fraunhofera multiflora","Fraunhofera","multiflora","SPECIES","ACCEPTED","2003-10-01T00:00:00","","Bahia",2000,3,30,"2000-03-30T00:00:00","2018-09-10T18:26:24.495+0000","http://creativecommons.org/licenses/by-nc/4.0/legalcode","none","none","none","WGS84","Magnoliopsida","BR","Brazil","HUEFS - Herbario da Universidade Estadual de Feira de Santana","BRA:UEFS:HUEFS:0000050735","7341","HUEFS - Herbario da Universidade Estadual de Feira de Santana","Uauá","Serra do Jerônimo.","pt","HUEFS",1094768776,"BRA:UEFS:HUEFS:0000050735","Collection","Guedes, M.L.S.","50735","UEFS","Universidade Estadual de Feira de Santana (UEFS)","J.A.Lombardi","","Caatinga arbórea.",NA,"","","",NA,"","","","","",NA,"","",NA,"","",NA,"",NA,"",NA,NA,NA,NA,NA,"Uauá","Bahia","brazil",3931,"Uauá",2932002,-39.443622,-9.896033,"BAHIA","BA","Bahia",-41.72018023,-12.47295682,"Bahia","ba",-9.723056,-39.332222,"original coordinates","original coordinates OK"
"46","Fraunhofera multiflora",1077218750,-10.793889,-42.822222,"gass84","5b5cf455-a448-4c0a-aecd-3e0956f27f10","afdd8e93-b4e3-491c-88f0-8a22834ac1a9","none","b38ff2b7-c8af-454e-b5af-ee760f0d5bca","BR","DWC_ARCHIVE","2018-12-03T14:13:30.982+0000","2018-12-03T16:16:12.857+0000",122,"none","PRESERVED_SPECIMEN",3792795,6,7707728,220,950,6715,7265616,3792795,3792795,"Fraunhofera multiflora Mart.","Fraunhofera multiflora Mart.","Plantae","Tracheophyta","Celastrales","Celastraceae","Fraunhofera","Fraunhofera multiflora","Fraunhofera","multiflora","SPECIES","ACCEPTED","none","SOUTH_AMERICA","Bahia",2000,10,13,"2000-10-13T00:00:00","2018-12-06T14:16:29.490+0000","http://creativecommons.org/licenses/by-nc/4.0/legalcode","none","none","none","WGS84","Magnoliopsida","BR","Brazil","ALCB - Herbário Alexandre Leal Costa","BRA:UFBA:ALCB:0000064089","6413","ALCB - Herbário Alexandre Leal Costa","Ibiraba","Paraguaçu, Ca. 50 km NE de Barra","pt","ALCB",1077218750,"BRA:UFBA:ALCB:0000064089","Collection","Queiroz, LP de; Santos, CC dos; Sátiro, LN; Jesus, PNC; Rios, L","64089","Universidade Federal da Bahia (UFBA)","Universidade Federal da Bahia (UFBA)","","2018-08-28T19:01:23.000+0000","Perfilhos múltiplos. Folhas coriáceas. Frutps imaturos verdes.",432,"","","",0,"","","","","",NA,"","",NA,"","",NA,"",NA,"",NA,NA,NA,NA,NA,"Ibiraba","Bahia","brazil",NA,"",NA,NA,NA,"","","Bahia",-41.72018023,-12.47295682,"Bahia","ba",-10.793889,-42.822222,"original coordinates","original coordinates outside municipality original in ibiraba falls in barra"
"47","Fraunhofera multiflora",1928196345,-13.9,-41.72,"gass84","d415c253-4d61-4459-9d25-4015b9084fb0","ae447c50-b8a8-11d8-92a4-b8a03c50a862","none","17017c2c-036b-45d9-b045-606d21b00771","US","DWC_ARCHIVE","2018-11-18T14:47:43.237+0000","2018-11-18T14:47:43.354+0000",96,"none","PRESERVED_SPECIMEN",3792795,6,7707728,220,950,6715,7265616,3792795,3792795,"Fraunhofera multiflora Mart.","Fraunhofera multiflora Mart.","Plantae","Tracheophyta","Celastrales","Celastraceae","Fraunhofera","Fraunhofera multiflora","Fraunhofera","multiflora","SPECIES","ACCEPTED","1991-01-01T00:00:00","SOUTH_AMERICA","Bahia",1991,4,1,"1991-04-01T00:00:00","2018-12-05T23:33:54.873+0000","http://creativecommons.org/publicdomain/zero/1.0/legalcode","none","none","none","WGS84","Magnoliopsida","BR","Brazil","The New York Botanical Garden","1e2458ed-0e80-4cff-9ad3-08725e9eb9ff","1940","Vascular plants","","35 km S of LIvramento do Brumado on road to Brumado","en","NY",1928196345,"1e2458ed-0e80-4cff-9ad3-08725e9eb9ff","PhysicalObject","G. P. Lewis","821554","NY","","G. P. Lewis","","",0,"","","",0,"http://sweetgum.nybg.org/science/vh/specimen_details.php?irn=898358","Dry riacho in caatinga.","ICN","http://biocol.org/urn:lsid:biocol.org:col:15556","01 Apr 1991",91,"","sheet",91,"","http://biocol.org/urn:lsid:biocol.org:col:15556",NA,"",NA,"",NA,NA,NA,NA,NA,"","Bahia","brazil",NA,"",NA,NA,NA,"","","Bahia",-41.72018023,-12.47295682,"Bahia","ba",-13.9,-41.72,"original coordinates","original coordinates outside municipality original in  falls in dom basilio"
"48","Fraunhofera multiflora",1086948445,-10.416667,-40.618611,"gass84","78dcee36-b0a2-4679-802d-bc0b5016518b","eec37c7c-2dce-440e-8de1-966214931e74","none","b38ff2b7-c8af-454e-b5af-ee760f0d5bca","BR","DWC_ARCHIVE","2018-11-14T17:16:42.767+0000","2018-09-14T17:57:01.886+0000",126,"none","PRESERVED_SPECIMEN",3792795,6,7707728,220,950,6715,7265616,3792795,3792795,"Fraunhofera multiflora Mart.","Fraunhofera multiflora Mart.","Plantae","Tracheophyta","Celastrales","Celastraceae","Fraunhofera","Fraunhofera multiflora","Fraunhofera","multiflora","SPECIES","ACCEPTED","none","","Bahia",1985,4,19,"1985-04-19T00:00:00","2018-12-08T13:01:34.234+0000","http://creativecommons.org/licenses/by-nc/4.0/legalcode","none","none","none","WGS84","Magnoliopsida","BR","Brazil","FUEL - Herbário da Universidade Estadual de Londrina","BRA:UEL:FUEL:0000032264","3978","FUEL - Herbário da Universidade Estadual de Londrina","Juazeiro","Olho d' água, caatinga clara sobre terraço de riacho","pt","FUEL",1086948445,"BRA:UEL:FUEL:0000032264","Collection","Fotius, G","32264","Universidade Estadual de Londrina, UEL","Universidade Estadual de Londrina, UEL","Fotius, G","2018-09-12T15:50:22.000+0000","Arbusto, Fr 2. 6m altura. Folha verde clara, casca esbranquiçada. Fruto verde.",0,"","","",0,"","","","","",NA,"","",NA,"","",NA,"",NA,"",NA,NA,NA,NA,NA,"Juazeiro","Bahia","brazil",3989,"Juazeiro",2918407,-40.272812,-9.542468,"BAHIA","BA","Bahia",-41.72018023,-12.47295682,"Bahia","ba",-10.416667,-40.618611,"original coordinates","original coordinates outside municipality original in juazeiro falls in campo formoso"
"49","Fraunhofera multiflora",1086727988,-9.25,-40.666667,"gass84","afae313d-2283-49fc-97fd-6825da4cb49b","903d4412-04a3-47c7-8584-7911a3d7e2d1","none","b38ff2b7-c8af-454e-b5af-ee760f0d5bca","BR","DWC_ARCHIVE","2018-11-23T18:22:01.370+0000","2017-12-29T15:07:53.182+0000",133,"none","PRESERVED_SPECIMEN",3792795,6,7707728,220,950,6715,7265616,3792795,3792795,"Fraunhofera multiflora Mart.","Fraunhofera multiflora Mart.","Plantae","Tracheophyta","Celastrales","Celastraceae","Fraunhofera","Fraunhofera multiflora","Fraunhofera","multiflora","SPECIES","ACCEPTED","none","","Pernambuco",1984,1,3,"1984-01-03T00:00:00","2018-12-06T13:39:02.827+0000","http://creativecommons.org/licenses/by-nc/4.0/legalcode","none","none","none","WGS84","Magnoliopsida","BR","Brazil","HTSA - Herbário do Trópico Semiárido","BRA:CPATSA:HTSA:0000000130","3667","HTSA - Herbário do Trópico Semiárido","Petrolina","Serra do Boqueirão","pt","HTSA",1086727988,"BRA:CPATSA:HTSA:0000000130","Collection","Fotius, G.","130","Empresa Brasileira de Pesquisa Agropecuária (EMBRAPA)","Empresa Brasileira de Pesquisa Agropecuária (EMBRAPA)","Fotius, G.","2012-05-10T17:13:03.000+0000","Arv. Fl2. Alt. 5 a 8m. Casca rosea, galho novo avermelhado, folha verde acima e verde amarelada abaixo. Flor amarelo esverdeada.; Solo amarelo, arenoso na superfície.; HABITAT: Solo amarelo, arenoso na superfície.",0,"","","",0,"","","","","",NA,"","",NA,"","",NA,"",NA,"",NA,NA,NA,NA,NA,"Petrolina","Pernambuco","brazil",4089,"Petrolina",2611101,-40.569782,-9.012947,"PERNAMBUCO","PE","Pernambuco",-37.99303622,-8.3240949,"Pernambuco","pe",-9.25,-40.666667,"original coordinates","original coordinates OK"
"50","Fraunhofera multiflora",1095193524,-14.16667,-41.48333,"gass84","e38d4c95-3a1d-4594-9ae9-883b48042e6d","7ef169f9-81f8-46a2-a7f7-240df6a1889c","none","b38ff2b7-c8af-454e-b5af-ee760f0d5bca","BR","DWC_ARCHIVE","2018-11-23T18:20:43.738+0000","2018-11-23T18:20:43.845+0000",123,"none","PRESERVED_SPECIMEN",3792795,6,7707728,220,950,6715,7265616,3792795,3792795,"Fraunhofera multiflora Mart.","Fraunhofera multiflora Mart.","Plantae","Tracheophyta","Celastrales","Celastraceae","Fraunhofera","Fraunhofera multiflora","Fraunhofera","multiflora","SPECIES","ACCEPTED","none","","Bahia",1983,7,3,"1983-07-03T00:00:00","2018-11-23T18:21:03.177+0000","http://creativecommons.org/licenses/by-nc/4.0/legalcode","none","none","none","WGS84","Magnoliopsida","BR","Brazil","CEN - Herbário da Embrapa Recursos Genéticos e Biotecnologia","BRA:Cenargen:CEN:0000009468","6368","CEN - Herbário da Embrapa Recursos Genéticos e Biotecnologia","BRUMADO","Estrada Brumado - Sussuarana, km 20.","pt","CEN",1095193524,"BRA:Cenargen:CEN:0000009468","Collection","Lídio Coradin","9468","Cenargen","Empresa Brasileira de Pesquisa Agropecuária (EMBRAPA)","J. A. Lombardi","","Árvore de 8 m.",420,"","","",0,"","","","","",NA,"","Exsicatas",NA,"","",8,"",NA,"",NA,NA,NA,NA,NA,"BRUMADO","Bahia","brazil",3324,"Brumado",2904605,-41.681954,-14.170921,"BAHIA","BA","Bahia",-41.72018023,-12.47295682,"Bahia","ba",-14.16667,-41.48333,"original coordinates","original coordinates outside municipality original in brumado falls in aracatu"
"51","Fraunhofera multiflora",1257650966,-14.166667,-41.483333,"cdround,gass84,iddatunl","7bd65a7a-f762-11e1-a439-00145eb45e9a","90fd6680-349f-11d8-aa2d-b8a03c50a862","none","c4e134d3-c68f-406d-a116-6a37895602e0","US","DWC_ARCHIVE","2018-06-20T07:52:39.412+0000","2016-03-21T14:14:30.681+0000",28,"none","PRESERVED_SPECIMEN",3792795,6,7707728,220,950,6715,7265616,3792795,3792795,"Fraunhofera multiflora Mart.","Fraunhofera multiflora Mart.","Plantae","Tracheophyta","Celastrales","Celastraceae","Fraunhofera","Fraunhofera multiflora","Fraunhofera","multiflora","SPECIES","ACCEPTED","2009-01-01T00:00:00","SOUTH_AMERICA","Bahia",1983,7,3,"1983-07-03T00:00:00","2018-07-07T19:43:12.076+0000","http://creativecommons.org/licenses/by/4.0/legalcode","none","none","none","WGS84","Magnoliopsida","BR","Brazil","Missouri Botanical Garden","urn:catalog:MO:Tropicos:100301250","Coradín 6368","Tropicos","","Caatinga. Solo Areno-Argiloso. Ondulado. Hab: Ereto.","","MO",1257650966,"urn:catalog:MO:Tropicos:100301250","PhysicalObject","L. Coradín","100301250","MO","MOBOT","G.P. Lewis","2014-08-23T05:35:00.000+0000","",420,"","","",NA,"","","ICNafp","","",NA,"Brumado","",NA,"","http://biocol.org/urn:lsid:biocol.org:col:15859",1,"No opinion",100339579,"http://www.tropicos.org/Specimen/100301250",NA,NA,NA,NA,NA,"","Bahia","brazil",NA,"",NA,NA,NA,"","","Bahia",-41.72018023,-12.47295682,"Bahia","ba",-14.166667,-41.483333,"original coordinates","original coordinates outside municipality original in  falls in aracatu"
"52","Fraunhofera multiflora",1927893142,-14.17,-41.48,"gass84","d415c253-4d61-4459-9d25-4015b9084fb0","ae447c50-b8a8-11d8-92a4-b8a03c50a862","none","17017c2c-036b-45d9-b045-606d21b00771","US","DWC_ARCHIVE","2018-11-18T14:45:27.329+0000","2018-11-18T14:45:27.380+0000",96,"none","PRESERVED_SPECIMEN",3792795,6,7707728,220,950,6715,7265616,3792795,3792795,"Fraunhofera multiflora Mart.","Fraunhofera multiflora Mart.","Plantae","Tracheophyta","Celastrales","Celastraceae","Fraunhofera","Fraunhofera multiflora","Fraunhofera","multiflora","SPECIES","ACCEPTED","2009-01-01T00:00:00","SOUTH_AMERICA","Bahia",1983,7,3,"1983-07-03T00:00:00","2018-12-05T23:31:04.151+0000","http://creativecommons.org/publicdomain/zero/1.0/legalcode","none","none","none","WGS84","Magnoliopsida","BR","Brazil","The New York Botanical Garden","08d98017-1c12-4d1b-a35d-bcf7ff09caf1","6368","Vascular plants","","Estrada Brumado-Sussurana km 20.","en","NY",1927893142,"08d98017-1c12-4d1b-a35d-bcf7ff09caf1","PhysicalObject","L. Coradin","1183802","NY","","G. P. Lewis","","",420,"","","",0,"http://sweetgum.nybg.org/science/vh/specimen_details.php?irn=1453663","Caatinga, solo areno-argiloso.","ICN","http://biocol.org/urn:lsid:biocol.org:col:15556","03 Jul 1983",184,"Brumado","sheet",184,"1378 ft","http://biocol.org/urn:lsid:biocol.org:col:15556",NA,"",NA,"",NA,NA,NA,NA,NA,"","Bahia","brazil",NA,"",NA,NA,NA,"","","Bahia",-41.72018023,-12.47295682,"Bahia","ba",-14.17,-41.48,"original coordinates","original coordinates outside municipality original in  falls in aracatu"
"53","Fraunhofera multiflora",1090429951,-9,-42,"gass84","bc81e05b-ed51-46ba-a0a4-90fbae9b5545","c6aacf9d-a5a7-4d7f-a6fc-ea0a4b8ec450","none","b38ff2b7-c8af-454e-b5af-ee760f0d5bca","BR","DWC_ARCHIVE","2018-11-24T12:33:23.063+0000","2018-11-24T12:33:23.208+0000",122,"none","PRESERVED_SPECIMEN",3792795,6,7707728,220,950,6715,7265616,3792795,3792795,"Fraunhofera multiflora Mart.","Fraunhofera multiflora Mart.","Plantae","Tracheophyta","Celastrales","Celastraceae","Fraunhofera","Fraunhofera multiflora","Fraunhofera","multiflora","SPECIES","ACCEPTED","none","","Piauí",1982,1,20,"1982-01-20T00:00:00","2018-12-08T04:42:23.662+0000","http://creativecommons.org/licenses/by-nc/4.0/legalcode","none","none","none","WGS84","Magnoliopsida","BR","Brazil","CEPEC - Herbário do Centro de Pesquisas do Cacau","BRA:CEPLAC:CEPEC:0000029564","1136","CEPEC - Herbário do Centro de Pesquisas do Cacau","SÃO RAIMUNDO NONATO","Fundação Ruralista, 8-10Km NNE Curral Novo e 220Km ENE Petrolina.","pt","CEPEC",1090429951,"BRA:CEPLAC:CEPEC:0000029564","Collection","G. P. Lewis","29564","Comissão Executiva do Plano da Lavoura Cacaueira (CEPLAC)","Comissão Executiva do Plano da Lavoura Cacaueira (CEPLAC)","B. L. Stannard","2018-11-14T18:07:08.000+0000","",NA,"30/12/1982","","",NA,"","","","","",NA,"","",NA,"","",NA,"",NA,"",NA,NA,NA,NA,NA,"SÃO RAIMUNDO NONATO","Piauí","brazil",4095,"São Raimundo Nonato",2210607,-42.715282,-8.96647,"PIAUI","PI","Piauí",-42.9686162,-7.38798322,"Piauí","pi",-9,-42,"original coordinates","original coordinates outside municipality original in sao raimundo nonato falls in dom inocencio"
"54","Fraunhofera multiflora",1095185668,-8.126478,-41.133628,"gass84","a59636ef-6028-4fa4-8895-553ba8af3b02","9ceb2103-24bb-44db-9211-13712279a055","none","b38ff2b7-c8af-454e-b5af-ee760f0d5bca","BR","DWC_ARCHIVE","2018-11-24T12:29:21.971+0000","2017-12-29T14:57:21.723+0000",127,"none","PRESERVED_SPECIMEN",3792795,6,7707728,220,950,6715,7265616,3792795,3792795,"Fraunhofera multiflora Mart.","Fraunhofera multiflora Mart.","Plantae","Tracheophyta","Celastrales","Celastraceae","Fraunhofera","Fraunhofera multiflora","Fraunhofera","multiflora","SPECIES","ACCEPTED","1974-12-09T00:00:00","","Piauí",1974,11,4,"1974-11-04T00:00:00","2018-07-07T12:40:43.337+0000","http://creativecommons.org/licenses/by-nc/4.0/legalcode","none","none","none","WGS84","Magnoliopsida","BR","Brazil","HUCPE - Herbário da Universidade Católica de Pernambuco","BRA:UNICAP:HUCPE:0000000921","13301","HUCPE - Herbário da Universidade Católica de Pernambuco","Paulistana","Fazenda Poço da Pedra.","pt","HUCPE",1095185668,"BRA:UNICAP:HUCPE:0000000921","Collection","Lima, D. .P.","921","UNICAP","Universidade Católica de Pernambuco (UNICAP)","M. Haluli","","Árvore com mais ou menos 6 m de altura, flores esverdeadas, pouco perfumadas.",9999,"","","",0,"","","","","",NA,"","",NA,"","",NA,"",NA,"",NA,NA,NA,NA,NA,"Paulistana","Piauí","brazil",4248,"Paulistana",2207801,-41.147913,-8.117815,"PIAUI","PI","Piauí",-42.9686162,-7.38798322,"Piauí","pi",-8.126478,-41.133628,"original coordinates","original coordinates OK"
"55","Fraunhofera multiflora",1095185043,-9.168873,-40.933546,"gass84,iddatunl","a59636ef-6028-4fa4-8895-553ba8af3b02","9ceb2103-24bb-44db-9211-13712279a055","none","b38ff2b7-c8af-454e-b5af-ee760f0d5bca","BR","DWC_ARCHIVE","2018-11-24T12:29:21.675+0000","2017-12-29T14:57:17.620+0000",127,"none","PRESERVED_SPECIMEN",3792795,6,7707728,220,950,6715,7265616,3792795,3792795,"Fraunhofera multiflora Mart.","Fraunhofera multiflora Mart.","Plantae","Tracheophyta","Celastrales","Celastraceae","Fraunhofera","Fraunhofera multiflora","Fraunhofera","multiflora","SPECIES","ACCEPTED","1973-09-01T00:00:00","","Bahia",1973,4,4,"1973-04-04T00:00:00","2018-07-07T12:40:43.380+0000","http://creativecommons.org/licenses/by-nc/4.0/legalcode","none","none","none","WGS84","Magnoliopsida","BR","Brazil","HUCPE - Herbário da Universidade Católica de Pernambuco","BRA:UNICAP:HUCPE:0000000184","187","HUCPE - Herbário da Universidade Católica de Pernambuco","Casa Nova","Fazenda Varzinha.","pt","HUCPE",1095185043,"BRA:UNICAP:HUCPE:0000000184","Collection","Ramalho, F. .B.","184","UNICAP","Universidade Católica de Pernambuco (UNICAP)","E. Tavares","","Árvore com mais ou menos 8 m de altura. Flores esverdeadas, sem perfume. Madeira dura de casca esbranquiçadas.",9999,"","","",0,"","","","","",NA,"","",NA,"","",NA,"",NA,"",NA,NA,NA,NA,NA,"Casa Nova","Bahia","brazil",4049,"Casa Nova",2907202,-41.329552,-9.239354,"BAHIA","BA","Bahia",-41.72018023,-12.47295682,"Bahia","ba",-9.168873,-40.933546,"original coordinates","original coordinates OK"
"56","Fraunhofera multiflora",1095185197,-8.973,-39.848333,"gass84","a59636ef-6028-4fa4-8895-553ba8af3b02","9ceb2103-24bb-44db-9211-13712279a055","none","b38ff2b7-c8af-454e-b5af-ee760f0d5bca","BR","DWC_ARCHIVE","2018-11-24T12:29:21.796+0000","2017-12-29T14:57:17.902+0000",127,"none","PRESERVED_SPECIMEN",3792795,6,7707728,220,950,6715,7265616,3792795,3792795,"Fraunhofera multiflora Mart.","Fraunhofera multiflora Mart.","Plantae","Tracheophyta","Celastrales","Celastraceae","Fraunhofera","Fraunhofera multiflora","Fraunhofera","multiflora","SPECIES","ACCEPTED","1973-09-09T00:00:00","","Bahia",1973,5,30,"1973-05-30T00:00:00","2018-07-07T12:40:43.287+0000","http://creativecommons.org/licenses/by-nc/4.0/legalcode","none","none","none","WGS84","Magnoliopsida","BR","Brazil","HUCPE - Herbário da Universidade Católica de Pernambuco","BRA:UNICAP:HUCPE:0000000336","13153","HUCPE - Herbário da Universidade Católica de Pernambuco","Curaçá","Fazendo Arapuã.","pt","HUCPE",1095185197,"BRA:UNICAP:HUCPE:0000000336","Collection","Lima, D. .P.","336","UNICAP","Universidade Católica de Pernambuco (UNICAP)","E. Tavares","","Árvore com mais ou menos 10 m de altura por 25 cm de diâmetro. Flores esverdeadas.",9999,"","","",0,"","","","","",NA,"","",NA,"","",NA,"",NA,"",NA,NA,NA,NA,NA,"Curaçá","Bahia","brazil",4040,"Curaçá",2909901,-39.639566,-9.256296,"BAHIA","BA","Bahia",-41.72018023,-12.47295682,"Bahia","ba",-8.973,-39.848333,"original coordinates","original coordinates OK"
"57","Fraunhofera multiflora",1099313580,-14.379722,-41.121111,"gass84","e153bbae-f9cd-46a6-a4dd-db74983c7075","3046e6a6-6218-4880-9544-98f6c6ace34a","none","b38ff2b7-c8af-454e-b5af-ee760f0d5bca","BR","DWC_ARCHIVE","2018-11-14T17:15:47.675+0000","2017-12-16T12:24:01.295+0000",146,"none","PRESERVED_SPECIMEN",3792795,6,7707728,220,950,6715,7265616,3792795,3792795,"Fraunhofera multiflora Mart.","Fraunhofera multiflora Mart.","Plantae","Tracheophyta","Celastrales","Celastraceae","Fraunhofera","Fraunhofera multiflora","Fraunhofera","multiflora","SPECIES","ACCEPTED","none","","Minas Gerais",NA,NA,NA,"none","2018-07-07T09:19:20.238+0000","http://creativecommons.org/licenses/by-nc/4.0/legalcode","none","none","none","WGS84","Magnoliopsida","BR","Brazil","HPL - Herbário do Jardim Botânico Plantarum","BRA:JBP:HPL:0000013640","2570","HPL - Herbário do Jardim Botânico Plantarum","Aracatu","Fazenda Lagoa Grende, BR-407 sentido Sussuarana - Anajé, entrada da fazenda do Sossego ca. 26 km da BR-262.","pt","HPL",1099313580,"BRA:JBP:HPL:0000013640","Collection","R. Tsuji","13640","Instituto Plantarum de Estudos da Flora Ltda (HPL)","Instituto Plantarum de Estudos da Flora Ltda (HPL)","","","",NA,"","","",NA,"","","","","",NA,"","",NA,"","",NA,"",NA,"",NA,NA,NA,NA,NA,"Aracatu","Minas Gerais","brazil",NA,"",NA,NA,NA,"","","Minas Gerais",-44.67333254,-18.45539008,"Minas Gerais","mg",-14.379722,-41.121111,"original coordinates","original coordinates OK"
