"","name","key","decimalLatitude","decimalLongitude","issues","datasetKey","publishingOrgKey","networkKeys","installationKey","publishingCountry","protocol","lastCrawled","lastParsed","crawlId","extensions","basisOfRecord","individualCount","taxonKey","kingdomKey","phylumKey","classKey","orderKey","familyKey","genusKey","speciesKey","acceptedTaxonKey","scientificName","acceptedScientificName","kingdom","phylum","order","family","genus","species","genericName","specificEpithet","taxonRank","taxonomicStatus","dateIdentified","elevation","elevationAccuracy","stateProvince.original","year","month","day","eventDate","lastInterpreted","license","identifiers","facts","relations","geodeticDatum","class","countryCode","country.original","rightsHolder","identifier","recordNumber","datasetName","municipality.original","locality","language","collectionCode","gbifID","occurrenceID","type","preparations","recordedBy","catalogNumber","institutionCode","ownerInstitutionCode","occurrenceRemarks","identifiedBy","modified","otherCatalogNumbers","continent","coordinateUncertaintyInMeters","references","habitat","nomenclaturalCode","institutionID","verbatimEventDate","endDayOfYear","county","startDayOfYear","verbatimElevation","collectionID","georeferenceSources","fieldNotes","georeferenceProtocol","higherGeography","higherClassification","organismID","datasetID","accessRights","municipality","stateProvince","country","FID","NOME","GEOCODIGO","POINT_X","POINT_Y","NOMEUF","SIGLAUF","estados_shp","x_estado","y_estado","nome","sigla","new_Lat","new_Lon","notes","comments"
"1","Tachigali paratyensis",1944855108,-22.446666,-42.050555,"gass84","e38d4c95-3a1d-4594-9ae9-883b48042e6d","7ef169f9-81f8-46a2-a7f7-240df6a1889c","none","b38ff2b7-c8af-454e-b5af-ee760f0d5bca","BR","DWC_ARCHIVE","2018-11-23T18:21:45.528+0000","2018-11-23T18:21:45.557+0000",123,"none","PRESERVED_SPECIMEN",1,3932243,6,7707728,220,1370,5386,2945125,3932243,3932243,"Tachigali paratyensis (Vell.) H.C.Lima","Tachigali paratyensis (Vell.) H.C.Lima","Plantae","Tracheophyta","Fabales","Fabaceae","Tachigali","Tachigali paratyensis","Tachigali","paratyensis","SPECIES","ACCEPTED","none",29,0,"Rio de Janeiro",2018,3,2,"2018-03-02T00:00:00","2018-11-23T18:23:03.933+0000","http://creativecommons.org/licenses/by-nc/4.0/legalcode","none","none","none","WGS84","Magnoliopsida","BR","Brazil","CEN - Herbário da Embrapa Recursos Genéticos e Biotecnologia","BRA:Cenargen:CEN:0000105516","8624","CEN - Herbário da Embrapa Recursos Genéticos e Biotecnologia","CASIMIRO DE ABREU","Reserva Biologica União Rodovia BR-101 cerca de 3 km antes do portão principal","pt","CEN",1944855108,"BRA:Cenargen:CEN:0000105516","Collection","Exsicatas","Haroldo Cavalcante de Lima","105516","Cenargen","Empresa Brasileira de Pesquisa Agropecuária (EMBRAPA)","Tonco com casca escura, rugosa, inflorescência ereta, flores levemente perfumadas, calice fulvo com nuances rosadas, corola amarela. estames com filet","H. C. Lima","","","",NA,"","","","","",NA,"",NA,"","","","","","","",NA,NA,NA,"CASIMIRO DE ABREU","Rio de Janeiro","brazil",1539,"Casimiro de Abreu",3301306,-42.141929,-22.483079,"RIO DE JANEIRO","RJ","Rio de Janeiro",-42.66307908,-22.19581555,"Rio de Janeiro","rj",-22.446666,-42.050555,"original coordinates","original coordinates OK"
"2","Tachigali paratyensis",1835735903,-22.446667,-42.050556,"cdround,gass84","4300f8d5-1ae5-49e5-a101-63894b005868","838537fc-4aeb-4980-8b58-97fbdcd1d91a","none","da7fe11a-b42c-46cb-9e9d-02243edb738a","BR","DWC_ARCHIVE","2018-10-02T15:37:20.751+0000","2018-09-24T19:59:01.799+0000",207,"none","PRESERVED_SPECIMEN",NA,3932243,6,7707728,220,1370,5386,2945125,3932243,3932243,"Tachigali paratyensis (Vell.) H.C.Lima","Tachigali paratyensis (Vell.) H.C.Lima","Plantae","Tracheophyta","Fabales","Fabaceae","Tachigali","Tachigali paratyensis","Tachigali","paratyensis","SPECIES","ACCEPTED","none",NA,NA,"Rio de Janeiro",2018,3,2,"2018-03-02T00:00:00","2018-12-09T09:26:12.321+0000","http://creativecommons.org/licenses/by/4.0/legalcode","none","none","none","WGS84","Magnoliopsida","BR","Brazil","Rio de Janeiro Botanical Garden","urn:catalog:JBRJ:RB:1382693","8624","RB - Rio de Janeiro Botanical Garden Herbarium Collection","Casimiro de Abreu","Rodovia BR-101, cerca 3 km antes do portão principal. Mata de baixada. Reserva Biológica União","","RB",1835735903,"urn:catalog:JBRJ:RB:1382693","PhysicalObject","","Haroldo C. de Lima; G.A. de Queiroz","RB01382693","JBRJ","","Árvore ca. 15 m alt. Tronco com casca escura, rugosa, DAP ca. 40 cm. Inflorescência eréta; flores levemente perfumadas, cálice fulvo com nuances rosados, corola amarela, estames com filetes alvo-esverdeados, anteras alvo-amareladas e conectivo acastanhado, gineceu fulvo-tomentoso. Ocasional nas áreas em estado avançado de regeneração.  Fotos HCL, amostras em álcool 70 e sílica-gel.","H.C. de Lima","2018-03-07T13:22:21.158+0000","RB 760306","",NA,"","","","","",NA,"",NA,"","","","","","","",NA,NA,NA,"Casimiro de Abreu","Rio de Janeiro","brazil",1539,"Casimiro de Abreu",3301306,-42.141929,-22.483079,"RIO DE JANEIRO","RJ","Rio de Janeiro",-42.66307908,-22.19581555,"Rio de Janeiro","rj",-22.446667,-42.050556,"original coordinates","original coordinates OK"
"3","Tachigali paratyensis",1586074894,-22.945278,-43.205,"cdround,gass84","4300f8d5-1ae5-49e5-a101-63894b005868","838537fc-4aeb-4980-8b58-97fbdcd1d91a","none","da7fe11a-b42c-46cb-9e9d-02243edb738a","BR","DWC_ARCHIVE","2018-10-02T15:37:08.853+0000","2018-09-24T19:58:49.304+0000",207,"none","PRESERVED_SPECIMEN",NA,3932243,6,7707728,220,1370,5386,2945125,3932243,3932243,"Tachigali paratyensis (Vell.) H.C.Lima","Tachigali paratyensis (Vell.) H.C.Lima","Plantae","Tracheophyta","Fabales","Fabaceae","Tachigali","Tachigali paratyensis","Tachigali","paratyensis","SPECIES","ACCEPTED","none",NA,NA,"Rio de Janeiro",2017,2,7,"2017-02-07T00:00:00","2018-12-07T01:22:48.847+0000","http://creativecommons.org/licenses/by/4.0/legalcode","none","none","none","WGS84","Magnoliopsida","BR","Brazil","Rio de Janeiro Botanical Garden","urn:catalog:JBRJ:RB:1351232","8496","RB - Rio de Janeiro Botanical Garden Herbarium Collection","Rio de Janeiro","P.N.Tijuca, Estrada das Palmeiras, após o grupamento de Defesa Ambiental","","RB",1586074894,"urn:catalog:JBRJ:RB:1351232","PhysicalObject","","Haroldo C. de Lima","RB01351232","JBRJ","","Troco com casca lisa e pardo. Flores com cálice esverdeado e corola amarela, gineceu pardo-esverdeado. Fotos HCL. Material alcool 70.","","2018-03-07T12:50:01.105+0000","RB 741965","",NA,"","","","","",NA,"",NA,"","","","","","","",NA,NA,NA,"Rio de Janeiro","Rio de Janeiro","brazil",1360,"Rio de Janeiro",3304557,-43.45231,-22.924471,"RIO DE JANEIRO","RJ","Rio de Janeiro",-42.66307908,-22.19581555,"Rio de Janeiro","rj",-22.945278,-43.205,"original coordinates","original coordinates OK"
"4","Tachigali paratyensis",1586074938,-22.965556,-41.227778,"cdround,gass84","4300f8d5-1ae5-49e5-a101-63894b005868","838537fc-4aeb-4980-8b58-97fbdcd1d91a","none","da7fe11a-b42c-46cb-9e9d-02243edb738a","BR","DWC_ARCHIVE","2018-10-02T15:37:08.884+0000","2018-09-24T19:58:49.254+0000",207,"none","PRESERVED_SPECIMEN",NA,3932243,6,7707728,220,1370,5386,2945125,3932243,3932243,"Tachigali paratyensis (Vell.) H.C.Lima","Tachigali paratyensis (Vell.) H.C.Lima","Plantae","Tracheophyta","Fabales","Fabaceae","Tachigali","Tachigali paratyensis","Tachigali","paratyensis","SPECIES","ACCEPTED","none",NA,NA,"Rio de Janeiro",2017,2,7,"2017-02-07T00:00:00","2018-12-07T01:22:48.862+0000","http://creativecommons.org/licenses/by/4.0/legalcode","none","none","none","WGS84","Magnoliopsida","BR","Brazil","Rio de Janeiro Botanical Garden","urn:catalog:JBRJ:RB:1351224","8495","RB - Rio de Janeiro Botanical Garden Herbarium Collection","Rio de Janeiro","Aboreto, cant. XXXII-D","","RB",1586074938,"urn:catalog:JBRJ:RB:1351224","PhysicalObject","","Haroldo C. de Lima","RB01351224","JBRJ","","Flores com cálice creme-esverdeado, corola amarela, estames com filetes creme-alvacentos e anteras amarelas, estilete alvo-esverdeado. Cultivado","","2017-08-11T16:09:37.687+0000","RB 741964","",NA,"","","","","",NA,"",NA,"","","","","","","",NA,NA,NA,"Rio de Janeiro","Rio de Janeiro","brazil",1360,"Rio de Janeiro",3304557,-43.45231,-22.924471,"RIO DE JANEIRO","RJ","Rio de Janeiro",-42.66307908,-22.19581555,"Rio de Janeiro","rj",-22.965556,-41.227778,"original coordinates","original coordinates outside Brazil"
"5","Tachigali paratyensis",1944983606,-13.113333,-38.895556,"gass84","bc81e05b-ed51-46ba-a0a4-90fbae9b5545","c6aacf9d-a5a7-4d7f-a6fc-ea0a4b8ec450","none","b38ff2b7-c8af-454e-b5af-ee760f0d5bca","BR","DWC_ARCHIVE","2018-11-24T12:34:55.483+0000","2018-11-24T12:34:55.510+0000",122,"none","PRESERVED_SPECIMEN",NA,3932243,6,7707728,220,1370,5386,2945125,3932243,3932243,"Tachigali paratyensis (Vell.) H.C.Lima","Tachigali paratyensis (Vell.) H.C.Lima","Plantae","Tracheophyta","Fabales","Fabaceae","Tachigali","Tachigali paratyensis","Tachigali","paratyensis","SPECIES","ACCEPTED","none",NA,NA,"Bahia",2016,2,16,"2016-02-16T00:00:00","2018-11-24T12:36:01.899+0000","http://creativecommons.org/licenses/by-nc/4.0/legalcode","none","none","none","WGS84","Magnoliopsida","BR","Brazil","CEPEC - Herbário do Centro de Pesquisas do Cacau","BRA:CEPLAC:CEPEC:0000153568","1165","CEPEC - Herbário do Centro de Pesquisas do Cacau","JAGUARIPE","Conglomerado BA_946-4-10-59","pt","CEPEC",1944983606,"BRA:CEPLAC:CEPEC:0000153568","Collection","","Santos, E.A.","153568","Comissão Executiva do Plano da Lavoura Cacaueira (CEPLAC)","Comissão Executiva do Plano da Lavoura Cacaueira (CEPLAC)","<ll>dwc_commonname:</ll>","H.C. Lima","","7/6/2017","",NA,"","","","","",NA,"",NA,"","","","","","","",NA,NA,NA,"JAGUARIPE","Bahia","brazil",3444,"Jaguaripe",2917805,-38.980533,-13.115302,"BAHIA","BA","Bahia",-41.72018023,-12.47295682,"Bahia","ba",-13.113333,-38.895556,"original coordinates","original coordinates OK"
"6","Tachigali paratyensis",1226938844,-8.713983,-35.849954,"gass84","c9bc6b8d-a4ff-4a47-9cff-d0d1b9e548c7","f4cf14c8-58db-4947-a93c-e43f2b7fe171","none","b38ff2b7-c8af-454e-b5af-ee760f0d5bca","BR","DWC_ARCHIVE","2018-11-24T12:33:31.934+0000","2018-08-03T12:13:52.511+0000",128,"none","PRESERVED_SPECIMEN",NA,3932243,6,7707728,220,1370,5386,2945125,3932243,3932243,"Tachigali paratyensis (Vell.) H.C.Lima","Tachigali paratyensis (Vell.) H.C.Lima","Plantae","Tracheophyta","Fabales","Fabaceae","Tachigali","Tachigali paratyensis","Tachigali","paratyensis","SPECIES","ACCEPTED","2015-12-07T00:00:00",690,0,"Pernambuco",2015,10,30,"2015-10-30T00:00:00","2018-12-07T20:00:34.886+0000","http://creativecommons.org/licenses/by-nc/4.0/legalcode","none","none","none","WGS84","Magnoliopsida","BR","Brazil","JPB - Herbário Lauro Pires Xavier","BRA:UFPB:JPB:0000061412","4717","JPB - Herbário Lauro Pires Xavier","Jaqueira","Serra de Urubu, Localité de Jaqueira. Serra de Pedra d'Anta.","pt","JPB",1226938844,"BRA:UFPB:JPB:0000061412","Collection","","Nusbaumer, L; et al.","61412","UFPB","Universidade Federal da Paraíba, UFPB","arbre, 30 m, 1 m DBH; f. vert pâle à 1 seule graine beige sèche, les cotylédons vert-pâle entouré d'un manchon siliconeux, translucide; récolte photogr. in situ; récolté avec José Antônio V. Filho et Flávio dos Santos Pereira; échanti","Lima, HC","2018-07-26T14:07:37.000+0000","","SOUTH_AMERICA",NA,"","","","","",NA,"",NA,"","","","","","","",NA,NA,NA,"Jaqueira","Pernambuco","brazil",4139,"Jaqueira",2607950,-35.806933,-8.74261,"PERNAMBUCO","PE","Pernambuco",-37.99303622,-8.3240949,"Pernambuco","pe",-8.713983,-35.849954,"original coordinates","original coordinates outside municipality original in jaqueira falls in lagoa dos gatos"
"7","Tachigali paratyensis",1226938933,-9.253006,-36.421974,"gass84","c9bc6b8d-a4ff-4a47-9cff-d0d1b9e548c7","f4cf14c8-58db-4947-a93c-e43f2b7fe171","none","b38ff2b7-c8af-454e-b5af-ee760f0d5bca","BR","DWC_ARCHIVE","2018-11-24T12:33:31.952+0000","2018-08-03T12:13:52.448+0000",128,"none","PRESERVED_SPECIMEN",NA,3932243,6,7707728,220,1370,5386,2945125,3932243,3932243,"Tachigali paratyensis (Vell.) H.C.Lima","Tachigali paratyensis (Vell.) H.C.Lima","Plantae","Tracheophyta","Fabales","Fabaceae","Tachigali","Tachigali paratyensis","Tachigali","paratyensis","SPECIES","ACCEPTED","2015-12-07T00:00:00",670,0,"Alagoas",2015,11,10,"2015-11-10T00:00:00","2018-12-07T20:00:34.981+0000","http://creativecommons.org/licenses/by-nc/4.0/legalcode","none","none","none","WGS84","Magnoliopsida","BR","Brazil","JPB - Herbário Lauro Pires Xavier","BRA:UFPB:JPB:0000061472","4777","JPB - Herbário Lauro Pires Xavier","Quebrangulo","Reserva Biológica da Pedra Talhada, Localité de Quebrangulo.","pt","JPB",1226938933,"BRA:UFPB:JPB:0000061472","Collection","","Nusbaumer, L","61472","UFPB","Universidade Federal da Paraíba, UFPB","arbre, 37 m, 80 cm DBH; f. vert pâle à 1 seule graine beige, sèche, les cotylédons vert-pâle entouré d'un manchon siliconeux, trasparent; récolte photogr. in situ; récolté avec Flávio dos Santos Pereira; échantillon séché à l'air chau","Lima, HC","2018-07-26T14:07:37.000+0000","","SOUTH_AMERICA",NA,"","","","","",NA,"",NA,"","","","","","","",NA,NA,NA,"Quebrangulo","Alagoas","brazil",4031,"Quebrangulo",2707602,-36.468669,-9.311118,"ALAGOAS","AL","Alagoas",-36.62362821,-9.51494324,"Alagoas","al",-9.253006,-36.421974,"original coordinates","original coordinates OK"
"8","Tachigali paratyensis",1944976407,-15.155,-39.097222,"gass84,txmatfuz","bc81e05b-ed51-46ba-a0a4-90fbae9b5545","c6aacf9d-a5a7-4d7f-a6fc-ea0a4b8ec450","none","b38ff2b7-c8af-454e-b5af-ee760f0d5bca","BR","DWC_ARCHIVE","2018-11-24T12:34:44.577+0000","2018-11-24T12:34:44.612+0000",122,"none","PRESERVED_SPECIMEN",NA,3932243,6,7707728,220,1370,5386,2945125,3932243,3932243,"Tachigali paratyensis (Vell.) H.C.Lima","Tachigali paratyensis (Vell.) H.C.Lima","Plantae","Tracheophyta","Fabales","Fabaceae","Tachigali","Tachigali paratyensis","Tachigali","paratyensis","SPECIES","ACCEPTED","none",NA,NA,"Bahia",2012,1,13,"2012-01-13T00:00:00","2018-11-24T12:35:57.379+0000","http://creativecommons.org/licenses/by-nc/4.0/legalcode","none","none","none","WGS84","Magnoliopsida","BR","Brazil","CEPEC - Herbário do Centro de Pesquisas do Cacau","BRA:CEPLAC:CEPEC:0000140621","325","CEPEC - Herbário do Centro de Pesquisas do Cacau","UNA","","pt","CEPEC",1944976407,"BRA:CEPLAC:CEPEC:0000140621","Collection","","Lopes, L.C.M.","140621","Comissão Executiva do Plano da Lavoura Cacaueira (CEPLAC)","Comissão Executiva do Plano da Lavoura Cacaueira (CEPLAC)","","Sem Informação","","","",NA,"","","","","",NA,"",NA,"","","","","","","",NA,NA,NA,"UNA","Bahia","brazil",3186,"Una",2932507,-39.154571,-15.224128,"BAHIA","BA","Bahia",-41.72018023,-12.47295682,"Bahia","ba",-15.155,-39.097222,"original coordinates","original coordinates OK"
"9","Tachigali paratyensis",1930880277,-22.5088534048423,-43.1787660708117,"cdrep","d415c253-4d61-4459-9d25-4015b9084fb0","ae447c50-b8a8-11d8-92a4-b8a03c50a862","none","17017c2c-036b-45d9-b045-606d21b00771","US","DWC_ARCHIVE","2018-11-18T16:22:48.640+0000","2018-10-19T15:07:56.183+0000",96,"none","PRESERVED_SPECIMEN",NA,3932243,6,7707728,220,1370,5386,2945125,3932243,3932243,"Tachigali paratyensis (Vell.) H.C.Lima","Tachigali paratyensis (Vell.) H.C.Lima","Plantae","Tracheophyta","Fabales","Fabaceae","Tachigali","Tachigali paratyensis","Tachigali","paratyensis","SPECIES","ACCEPTED","none",471,0,"Rio de Janeiro",2009,9,19,"2009-09-19T00:00:00","2018-12-08T04:56:07.106+0000","http://creativecommons.org/publicdomain/zero/1.0/legalcode","none","none","none","WGS84","Magnoliopsida","BR","Brazil","The New York Botanical Garden","dbfbbeb9-24a2-43a5-8fdb-5e078153dd15","1298","Vascular plants","","Fragemento florestal no bairro. Parque SÃ£o Vincente.","en","NY",1930880277,"dbfbbeb9-24a2-43a5-8fdb-5e078153dd15","PhysicalObject","sheet","R. D. Ribeiro","1184237","NY","","","","","","SOUTH_AMERICA",36524,"http://sweetgum.nybg.org/science/vh/specimen_details.php?irn=1467002","Fragemento flroestal em Ã¡rea ingreme.","ICN","http://biocol.org/urn:lsid:biocol.org:col:15556","19 Sep 2009",262,"PetrÃ³polis",262,"1545 ft","http://biocol.org/urn:lsid:biocol.org:col:15556","CRIA (Centro de ReferÃªncia em InformaÃ§Ã£o Ambiental)","","","","",NA,NA,NA,"","Rio de Janeiro","brazil",NA,"",NA,NA,NA,"","","Rio de Janeiro",-42.66307908,-22.19581555,"Rio de Janeiro","rj",-22.5088534048423,-43.1787660708117,"original coordinates","original coordinates outside municipality original in  falls in petropolis"
"10","Tachigali paratyensis",1424235107,-22.637778,-42.952778,"cdround,gass84","4300f8d5-1ae5-49e5-a101-63894b005868","838537fc-4aeb-4980-8b58-97fbdcd1d91a","none","da7fe11a-b42c-46cb-9e9d-02243edb738a","BR","DWC_ARCHIVE","2018-10-02T15:40:21.440+0000","2018-09-24T20:01:39.666+0000",207,"none","PRESERVED_SPECIMEN",NA,3932243,6,7707728,220,1370,5386,2945125,3932243,3932243,"Tachigali paratyensis (Vell.) H.C.Lima","Tachigali paratyensis (Vell.) H.C.Lima","Plantae","Tracheophyta","Fabales","Fabaceae","Tachigali","Tachigali paratyensis","Tachigali","paratyensis","SPECIES","ACCEPTED","none",930,NA,"Rio de Janeiro",2008,2,17,"2008-02-17T00:00:00","2018-12-06T16:58:25.287+0000","http://creativecommons.org/licenses/by/4.0/legalcode","none","none","none","WGS84","Magnoliopsida","BR","Brazil","Rio de Janeiro Botanical Garden","urn:catalog:JBRJ:RB:518398","6869","RB - Rio de Janeiro Botanical Garden Herbarium Collection","Nova Friburgo","Macaé de Cima, Estrada Rio-Friburgo ( Rod - 116). Rodoviaria Teodoro de Oliveira, ca 2,5 Km do Posto da Policia. Mata de encosta montana.","","RB",1424235107,"urn:catalog:JBRJ:RB:518398","PhysicalObject","","H.C. de Lima; J.E. Meireles & R.D. Ribeiro","RB00518398","JBRJ","","Árvore com 19 - 20 metros de altura. Tronco com casca lisa e pardacenta, DAP com aproximadamente 50 cm. Inflorescência eréctas e excertas na copa, botões verde- fulvescentes, flores com cálice verde fulvescentes e corola alvo-amarelada. Muito frequente nas margens de córrego.","","2017-10-16T23:01:14.676+0000","RB 460999","",NA,"","","","","",NA,"",NA,"","","","","","","",NA,NA,NA,"Nova Friburgo","Rio de Janeiro","brazil",1598,"Nova Friburgo",3303401,-42.501539,-22.319613,"RIO DE JANEIRO","RJ","Rio de Janeiro",-42.66307908,-22.19581555,"Rio de Janeiro","rj",-22.637778,-42.952778,"original coordinates","original coordinates outside municipality original in nova friburgo falls in guapimirim"
"11","Tachigali paratyensis",1316167035,-19.431861,-43.432778,"gass84","1bb3cae3-b91f-4109-8a2d-a1f05f2d6fd3","76dbcb10-efc5-4d5f-87a5-bcd409fc92c8","none","b38ff2b7-c8af-454e-b5af-ee760f0d5bca","BR","DWC_ARCHIVE","2018-11-24T12:30:47.189+0000","2018-09-25T14:05:33.377+0000",126,"none","PRESERVED_SPECIMEN",NA,3932243,6,7707728,220,1370,5386,2945125,3932243,3932243,"Tachigali paratyensis (Vell.) H.C.Lima","Tachigali paratyensis (Vell.) H.C.Lima","Plantae","Tracheophyta","Fabales","Fabaceae","Tachigali","Tachigali paratyensis","Tachigali","paratyensis","SPECIES","ACCEPTED","2008-01-01T00:00:00",NA,NA,"Minas Gerais",2008,3,13,"2008-03-13T00:00:00","2018-12-09T14:25:57.525+0000","http://creativecommons.org/licenses/by-nc/4.0/legalcode","none","none","none","WGS84","Magnoliopsida","BR","Brazil","SPF - Herbário da Universidade de São Paulo","BRA:USP:SPF:0000198026","268","SPF - Herbário da Universidade de São Paulo","Santana do Riacho","Serra do Cipó","pt","SPF",1316167035,"BRA:USP:SPF:0000198026","Collection","","Santos, MF","198026","USP","Universidade de São Paulo, USP","","Santos, MF; Lima, HC","2018-08-21T18:33:58.000+0000","","",NA,"","","","","",NA,"",NA,"","","","","","","",NA,NA,NA,"Santana do Riacho","Minas Gerais","brazil",2600,"Santana do Riacho",3159001,-43.645093,-19.189098,"MINAS GERAIS","MG","Minas Gerais",-44.67333254,-18.45539008,"Minas Gerais","mg",-19.431861,-43.432778,"original coordinates","original coordinates outside municipality original in santana do riacho falls in itambe do mato dentro"
"12","Tachigali paratyensis",1213518402,-9.3375,-36.302222,"gass84","a0cb1f6e-5766-4cc5-a8a0-cfc6a22c5c3d","81114709-2a6c-4e0b-908b-cb207a8708c2","none","b38ff2b7-c8af-454e-b5af-ee760f0d5bca","BR","DWC_ARCHIVE","2018-11-23T18:21:03.719+0000","2018-11-23T18:21:03.730+0000",125,"none","PRESERVED_SPECIMEN",NA,3932243,6,7707728,220,1370,5386,2945125,3932243,3932243,"Tachigali paratyensis (Vell.) H.C.Lima","Tachigali paratyensis (Vell.) H.C.Lima","Plantae","Tracheophyta","Fabales","Fabaceae","Tachigali","Tachigali paratyensis","Tachigali","paratyensis","SPECIES","ACCEPTED","none",NA,NA,"Alagoas",2008,4,28,"2008-04-28T00:00:00","2018-11-23T18:21:50.948+0000","http://creativecommons.org/licenses/by-nc/4.0/legalcode","none","none","none","WGS84","Magnoliopsida","BR","Brazil","MAC - Herbário do Instituto do Meio Ambiente do Estado de Alagoas","BRA:IMA:MAC:0000046838","s.n.","MAC - Herbário do Instituto do Meio Ambiente do Estado de Alagoas","Flexeiras","ESEC Murici, Águas Belas.","pt","MAC",1213518402,"BRA:IMA:MAC:0000046838","Collection","","N.T.Mendonça","46838","IMA","Instituto do Meio Ambiente do Estado de Alagoas, IMA","Árvore ca. 20 m. Flores cremes.; Mata Atântica.","","","","",NA,"","","","","",NA,"",NA,"","","","","","","",NA,NA,NA,"Flexeiras","Alagoas","brazil",4043,"Flexeiras",2702801,-35.763551,-9.2455,"ALAGOAS","AL","Alagoas",-36.62362821,-9.51494324,"Alagoas","al",-9.3375,-36.302222,"original coordinates","original coordinates outside municipality original in flexeiras falls in vicosa"
"13","Tachigali paratyensis",1424287244,-22.642778,-44.656667,"cdround,gass84","4300f8d5-1ae5-49e5-a101-63894b005868","838537fc-4aeb-4980-8b58-97fbdcd1d91a","none","da7fe11a-b42c-46cb-9e9d-02243edb738a","BR","DWC_ARCHIVE","2018-10-02T15:40:52.261+0000","2018-09-24T20:02:07.678+0000",207,"none","PRESERVED_SPECIMEN",NA,3932243,6,7707728,220,1370,5386,2945125,3932243,3932243,"Tachigali paratyensis (Vell.) H.C.Lima","Tachigali paratyensis (Vell.) H.C.Lima","Plantae","Tracheophyta","Fabales","Fabaceae","Tachigali","Tachigali paratyensis","Tachigali","paratyensis","SPECIES","ACCEPTED","2009-07-07T00:00:00",504,NA,"São Paulo",2008,12,28,"2008-12-28T00:00:00","2018-12-06T16:58:53.948+0000","http://creativecommons.org/licenses/by/4.0/legalcode","none","none","none","WGS84","Magnoliopsida","BR","Brazil","Rio de Janeiro Botanical Garden","urn:catalog:JBRJ:RB:576382","39","RB - Rio de Janeiro Botanical Garden Herbarium Collection","São José do Barreiro","Fazenda Atibaia.Acesso pelo km 258 da Rodovia dos Tropeiros (SP068).","","RB",1424287244,"urn:catalog:JBRJ:RB:576382","PhysicalObject","","H.Serafim","RB00576382","JBRJ","","Árvore,15 m alt.com 42 cm de PAP.Folhas de ambas as faces brilhantes.","H.C. de Lima","2017-10-19T00:57:19.704+0000","RB 489874","",NA,"","","","","",NA,"",NA,"","","","Interior da mata.","","","",NA,NA,NA,"São José do Barreiro","São Paulo","brazil",1432,"São José do Barreiro",3549607,-44.584508,-22.745737,"SAO PAULO","SP","São Paulo",-48.72944932,-22.26440593,"São Paulo","sp",-22.642778,-44.656667,"original coordinates","original coordinates OK"
"14","Tachigali paratyensis",1927815623,-22.9069598238154,-43.2076685470805,"cdrep","d415c253-4d61-4459-9d25-4015b9084fb0","ae447c50-b8a8-11d8-92a4-b8a03c50a862","none","17017c2c-036b-45d9-b045-606d21b00771","US","DWC_ARCHIVE","2018-11-18T14:44:52.759+0000","2018-11-18T14:44:52.964+0000",96,"none","PRESERVED_SPECIMEN",NA,3932243,6,7707728,220,1370,5386,2945125,3932243,3932243,"Tachigali paratyensis (Vell.) H.C.Lima","Tachigali paratyensis (Vell.) H.C.Lima","Plantae","Tracheophyta","Fabales","Fabaceae","Tachigali","Tachigali paratyensis","Tachigali","paratyensis","SPECIES","ACCEPTED","none",0,0,"Rio de Janeiro",2007,1,26,"2007-01-26T00:00:00","2018-12-05T23:30:15.958+0000","http://creativecommons.org/publicdomain/zero/1.0/legalcode","none","none","none","WGS84","Magnoliopsida","BR","Brazil","The New York Botanical Garden","03622d8d-4954-4025-8759-31c8fed86b0b","6491","Vascular plants","","Jardim BotÃ¢nico do Rio do Janeiro","en","NY",1927815623,"03622d8d-4954-4025-8759-31c8fed86b0b","PhysicalObject","sheet","H. C. de Lima","01132037","NY","","","","","","SOUTH_AMERICA",57442,"http://sweetgum.nybg.org/science/vh/specimen_details.php?irn=1287152","Canteiro 32-E.","ICN","http://biocol.org/urn:lsid:biocol.org:col:15556","26 Jan 2007",26,"Rio de Janeiro",26,"","http://biocol.org/urn:lsid:biocol.org:col:15556","CRIA (Centro de ReferÃªncia em InformaÃ§Ã£o Ambiental)","","Other source","","",NA,NA,NA,"","Rio de Janeiro","brazil",NA,"",NA,NA,NA,"","","Rio de Janeiro",-42.66307908,-22.19581555,"Rio de Janeiro","rj",-22.9069598238154,-43.2076685470805,"original coordinates","original coordinates outside municipality original in  falls in rio de janeiro"
"15","Tachigali paratyensis",1424053975,-22.915278,-43.430833,"cdround,gass84","4300f8d5-1ae5-49e5-a101-63894b005868","838537fc-4aeb-4980-8b58-97fbdcd1d91a","none","da7fe11a-b42c-46cb-9e9d-02243edb738a","BR","DWC_ARCHIVE","2018-10-02T15:38:29.243+0000","2018-09-24T20:00:03.622+0000",207,"none","PRESERVED_SPECIMEN",NA,3932243,6,7707728,220,1370,5386,2945125,3932243,3932243,"Tachigali paratyensis (Vell.) H.C.Lima","Tachigali paratyensis (Vell.) H.C.Lima","Plantae","Tracheophyta","Fabales","Fabaceae","Tachigali","Tachigali paratyensis","Tachigali","paratyensis","SPECIES","ACCEPTED","none",NA,NA,"Rio de Janeiro",2006,1,24,"2006-01-24T00:00:00","2018-12-06T16:56:40.280+0000","http://creativecommons.org/licenses/by/4.0/legalcode","none","none","none","WGS84","Magnoliopsida","BR","Brazil","Rio de Janeiro Botanical Garden","urn:catalog:JBRJ:RB:272167","6401","RB - Rio de Janeiro Botanical Garden Herbarium Collection","Nova Iguaçu","Mun. Nova Igauçu, Rebio. Tinguá, Estrada da Reunião, ponta da bananeira, ca. 300 metros da Estação de Tratamento da CEDAE. . Rebio Tinguá","","RB",1424053975,"urn:catalog:JBRJ:RB:272167","PhysicalObject","","Haroldo C. de Lima; Robson D. Ribeiro & Walter da Silva","RB00272167","JBRJ","","Arvoreta jovem, 3,5 metros de altura. Estéril. Frequente no sub-bosque.","","2016-05-23T12:37:15.488+0000","RB 419636","",NA,"","","","","",NA,"",NA,"","","","","","","",NA,NA,NA,"Nova Iguaçu","Rio de Janeiro","brazil",1460,"Nova Iguaçu",3303500,-43.503733,-22.689201,"RIO DE JANEIRO","RJ","Rio de Janeiro",-42.66307908,-22.19581555,"Rio de Janeiro","rj",-22.915278,-43.430833,"original coordinates","original coordinates outside municipality original in nova iguacu falls in rio de janeiro"
"16","Tachigali paratyensis",1424053765,-22.581944,-43.430833,"cdround,gass84","4300f8d5-1ae5-49e5-a101-63894b005868","838537fc-4aeb-4980-8b58-97fbdcd1d91a","none","da7fe11a-b42c-46cb-9e9d-02243edb738a","BR","DWC_ARCHIVE","2018-10-02T15:38:29.144+0000","2018-09-24T20:00:03.604+0000",207,"none","PRESERVED_SPECIMEN",NA,3932243,6,7707728,220,1370,5386,2945125,3932243,3932243,"Tachigali paratyensis (Vell.) H.C.Lima","Tachigali paratyensis (Vell.) H.C.Lima","Plantae","Tracheophyta","Fabales","Fabaceae","Tachigali","Tachigali paratyensis","Tachigali","paratyensis","SPECIES","ACCEPTED","none",NA,NA,"Rio de Janeiro",2006,1,24,"2006-01-24T00:00:00","2018-12-06T16:56:40.051+0000","http://creativecommons.org/licenses/by/4.0/legalcode","none","none","none","WGS84","Magnoliopsida","BR","Brazil","Rio de Janeiro Botanical Garden","urn:catalog:JBRJ:RB:271932","6400","RB - Rio de Janeiro Botanical Garden Herbarium Collection","Nova Iguaçu","Mun.  Nova  Iguaçu.  Rebio,  Tinguá.Estrada  da  Reunião,  ponto  da  bananeira,ca  300  metros  da  Estação  de  Tratamento  da  CEADAE. Rebio Tinguá","","RB",1424053765,"urn:catalog:JBRJ:RB:271932","PhysicalObject","","Haroldo C. de Lima; Robson D. Ribeiro & Walter Silva","RB00271932","JBRJ","","Árvore com 20 metros de altura. Tronco com casca lisa, levemente verrucosa, pardo escuro, DAP 50 cm. Inflorescência passada. Muito frequente.","","2017-11-19T09:33:26.191+0000","RB 419635","",NA,"","","","","",NA,"",NA,"","","","","","","",NA,NA,NA,"Nova Iguaçu","Rio de Janeiro","brazil",1460,"Nova Iguaçu",3303500,-43.503733,-22.689201,"RIO DE JANEIRO","RJ","Rio de Janeiro",-42.66307908,-22.19581555,"Rio de Janeiro","rj",-22.581944,-43.430833,"original coordinates","original coordinates OK"
"17","Tachigali paratyensis",1123809643,-19.823611,-40.510556,"gass84","9129ec89-afa7-45af-8b73-509f1f8942ab","667644b9-7b93-4892-80c7-c4271735c515","none","b38ff2b7-c8af-454e-b5af-ee760f0d5bca","BR","DWC_ARCHIVE","2018-10-11T11:54:38.104+0000","2018-09-11T00:06:38.363+0000",129,"none","PRESERVED_SPECIMEN",NA,3932243,6,7707728,220,1370,5386,2945125,3932243,3932243,"Tachigali paratyensis (Vell.) H.C.Lima","Tachigali paratyensis (Vell.) H.C.Lima","Plantae","Tracheophyta","Fabales","Fabaceae","Tachigali","Tachigali paratyensis","Tachigali","paratyensis","SPECIES","ACCEPTED","none",NA,NA,"Espírito Santo",2006,4,16,"2006-04-16T00:00:00","2018-12-08T12:04:54.775+0000","http://creativecommons.org/licenses/by-nc/4.0/legalcode","none","none","none","WGS84","Magnoliopsida","BR","Brazil","MBML-Herbario - Herbário Mello Leitão","BRA:MBML:MBML-HERBARIO:0000026974","105","MBML-Herbario - Herbário Mello Leitão","Santa Teresa","Nova Lombardia","pt","MBML-HERBARIO",1123809643,"BRA:MBML:MBML-HERBARIO:0000026974","Collection","","R. C. Britto; 105","26974","MBML","Museu de Biologia Professor Mello Leitão, MBML","Arvore com 20 metros de altura. Frutos jovens dourados.","R. C. Britto/28-08-2006","2018-08-28T11:46:51.000+0000","","",NA,"","","","","",NA,"",NA,"","","","","","","",NA,NA,NA,"Santa Teresa","Espírito Santo","brazil",2456,"Santa Teresa",3204609,-40.635175,-19.877577,"ESPIRITO SANTO","ES","Espírito Santo",-40.6681057,-19.57475617,"Espírito Santo","es",-19.823611,-40.510556,"original coordinates","original coordinates outside municipality original in santa teresa falls in ibiracu"
"18","Tachigali paratyensis",1087632501,-16.412417,-40.047139,"gass84","d2470ef8-edfa-4ba7-821e-c3e1a537bdba","4265f332-341c-45f6-b30b-5dc2e39b86e8","none","b38ff2b7-c8af-454e-b5af-ee760f0d5bca","BR","DWC_ARCHIVE","2018-11-14T17:11:32.546+0000","2018-03-06T11:57:18.479+0000",121,"none","PRESERVED_SPECIMEN",NA,3932243,6,7707728,220,1370,5386,2945125,3932243,3932243,"Tachigali paratyensis (Vell.) H.C.Lima","Tachigali paratyensis (Vell.) H.C.Lima","Plantae","Tracheophyta","Fabales","Fabaceae","Tachigali","Tachigali paratyensis","Tachigali","paratyensis","SPECIES","ACCEPTED","2014-09-01T00:00:00",782,0,"Minas Gerais",2005,2,21,"2005-02-21T00:00:00","2018-12-08T13:05:35.298+0000","http://creativecommons.org/licenses/by-nc/4.0/legalcode","none","none","none","WGS84","Magnoliopsida","BR","Brazil","BHCB - Herbário da Universidade Federal de Minas Gerais","BRA:UFMG:BHCB:0000091075","3984","BHCB - Herbário da Universidade Federal de Minas Gerais","Santa Maria do Salto","Fazenda Duas Barras, Próximo ao córrego","pt","BHCB",1087632501,"BRA:UFMG:BHCB:0000091075","Collection","","Stehmann, JR; Lombardi, JA; Mota, RC da","91075","Universidade Federal de Minas Gerais (UFMG)","Universidade Federal de Minas Gerais (UFMG)","","","2018-02-19T21:55:12.000+0000","","SOUTH_AMERICA",NA,"","","","","",NA,"",NA,"","","","","","","",NA,NA,NA,"Santa Maria do Salto","Minas Gerais","brazil",3018,"Santa Maria do Salto",3158102,-40.11721,-16.308232,"MINAS GERAIS","MG","Minas Gerais",-44.67333254,-18.45539008,"Minas Gerais","mg",-16.412417,-40.047139,"original coordinates","original coordinates OK"
"19","Tachigali paratyensis",1424083848,-22.268611,-42.852222,"cdround,gass84","4300f8d5-1ae5-49e5-a101-63894b005868","838537fc-4aeb-4980-8b58-97fbdcd1d91a","none","da7fe11a-b42c-46cb-9e9d-02243edb738a","BR","DWC_ARCHIVE","2018-10-02T15:38:48.509+0000","2018-09-24T20:00:20.282+0000",207,"none","PRESERVED_SPECIMEN",NA,3932243,6,7707728,220,1370,5386,2945125,3932243,3932243,"Tachigali paratyensis (Vell.) H.C.Lima","Tachigali paratyensis (Vell.) H.C.Lima","Plantae","Tracheophyta","Fabales","Fabaceae","Tachigali","Tachigali paratyensis","Tachigali","paratyensis","SPECIES","ACCEPTED","2005-11-15T00:00:00",885,NA,"Rio de Janeiro",2005,10,18,"2005-10-18T00:00:00","2018-12-06T16:56:56.803+0000","http://creativecommons.org/licenses/by/4.0/legalcode","none","none","none","WGS84","Magnoliopsida","BR","Brazil","Rio de Janeiro Botanical Garden","urn:catalog:JBRJ:RB:322870","247","RB - Rio de Janeiro Botanical Garden Herbarium Collection","Teresópolis","Teresópolis/Sebastiana, street between Sebastiana and Corrego Sujo, near ice-cream factory.","","RB",1424083848,"urn:catalog:JBRJ:RB:322870","PhysicalObject","","O. Thier","RB00322870","JBRJ","","Tree, about 18 m high.","O. Thier","2017-10-19T03:33:26.366+0000","RB 422023","",NA,"","","","","",NA,"",NA,"","","","Semideciduos forest fragment.","","","",NA,NA,NA,"Teresópolis","Rio de Janeiro","brazil",1600,"Teresópolis",3305802,-42.874637,-22.313566,"RIO DE JANEIRO","RJ","Rio de Janeiro",-42.66307908,-22.19581555,"Rio de Janeiro","rj",-22.268611,-42.852222,"original coordinates","original coordinates OK"
"20","Tachigali paratyensis",1090958974,-7.619722,-35.469722,"gass84","da8a0dd0-85c7-4d7a-8a5a-e66b1deaebaa","06542f02-868b-4651-aed4-1ae6b2eb4eb7","none","b38ff2b7-c8af-454e-b5af-ee760f0d5bca","BR","DWC_ARCHIVE","2018-11-24T12:30:01.992+0000","2018-08-03T12:10:25.274+0000",128,"none","PRESERVED_SPECIMEN",NA,3932243,6,7707728,220,1370,5386,2945125,3932243,3932243,"Tachigali paratyensis (Vell.) H.C.Lima","Tachigali paratyensis (Vell.) H.C.Lima","Plantae","Tracheophyta","Fabales","Fabaceae","Tachigali","Tachigali paratyensis","Tachigali","paratyensis","SPECIES","ACCEPTED","none",100,0,"Pernambuco",2005,12,5,"2005-12-05T00:00:00","2018-12-09T06:15:32.018+0000","http://creativecommons.org/licenses/by-nc/4.0/legalcode","none","none","none","WGS84","Magnoliopsida","BR","Brazil","PEUFR - Herbário Professor Vasconcelos Sobrinho","BRA:UFRPE:PEUFR:0000049268","626","PEUFR - Herbário Professor Vasconcelos Sobrinho","São Vicente Férrer","Mata do Triunfo","pt","PEUFR",1090958974,"BRA:UFRPE:PEUFR:0000049268","Collection","","C.G. Lopes","49268","UFRPE","Universidade Federal Rural de Pernambuco, UFRPE","Árvore; material vegetativo, ind. 1142","C.G. Lopes","2018-07-17T19:58:25.000+0000","","",NA,"","","","","",NA,"",NA,"","","","","","","",NA,NA,NA,"São Vicente Férrer","Pernambuco","brazil",4374,"São Vicente Ferrer",2613800,-35.491283,-7.602613,"PERNAMBUCO","PE","Pernambuco",-37.99303622,-8.3240949,"Pernambuco","pe",-7.619722,-35.469722,"original coordinates","original coordinates OK"
"21","Tachigali paratyensis",1087629829,-19.651667,-42.741667,"gass84","d2470ef8-edfa-4ba7-821e-c3e1a537bdba","4265f332-341c-45f6-b30b-5dc2e39b86e8","none","b38ff2b7-c8af-454e-b5af-ee760f0d5bca","BR","DWC_ARCHIVE","2018-11-14T17:11:31.652+0000","2017-12-29T14:10:03.170+0000",121,"none","PRESERVED_SPECIMEN",NA,3932243,6,7707728,220,1370,5386,2945125,3932243,3932243,"Tachigali paratyensis (Vell.) H.C.Lima","Tachigali paratyensis (Vell.) H.C.Lima","Plantae","Tracheophyta","Fabales","Fabaceae","Tachigali","Tachigali paratyensis","Tachigali","paratyensis","SPECIES","ACCEPTED","none",0,0,"Minas Gerais",2003,4,8,"2003-04-08T00:00:00","2018-12-08T13:05:34.146+0000","http://creativecommons.org/licenses/by-nc/4.0/legalcode","none","none","none","WGS84","Magnoliopsida","BR","Brazil","BHCB - Herbário da Universidade Federal de Minas Gerais","BRA:UFMG:BHCB:0000080121","296","BHCB - Herbário da Universidade Federal de Minas Gerais","Marliéria","Estância dos Jequitibás","pt","BHCB",1087629829,"BRA:UFMG:BHCB:0000080121","Collection","","França, GS; Stehmann, JR","80121","Universidade Federal de Minas Gerais (UFMG)","Universidade Federal de Minas Gerais (UFMG)","Arbóreo - 20m, cálice bege, pétalas amarelas.","","2017-03-31T17:53:02.000+0000","","SOUTH_AMERICA",NA,"","","","","",NA,"",NA,"","","","","","","",NA,NA,NA,"Marliéria","Minas Gerais","brazil",2501,"Marliéria",3140308,-42.614779,-19.705577,"MINAS GERAIS","MG","Minas Gerais",-44.67333254,-18.45539008,"Minas Gerais","mg",-19.651667,-42.741667,"original coordinates","original coordinates outside municipality original in marlieria falls in jaguaracu"
"22","Tachigali paratyensis",1123797810,-19.936111,-40.506944,"gass84","9129ec89-afa7-45af-8b73-509f1f8942ab","667644b9-7b93-4892-80c7-c4271735c515","none","b38ff2b7-c8af-454e-b5af-ee760f0d5bca","BR","DWC_ARCHIVE","2018-10-11T11:54:27.331+0000","2018-09-11T00:05:58.267+0000",129,"none","PRESERVED_SPECIMEN",NA,3932243,6,7707728,220,1370,5386,2945125,3932243,3932243,"Tachigali paratyensis (Vell.) H.C.Lima","Tachigali paratyensis (Vell.) H.C.Lima","Plantae","Tracheophyta","Fabales","Fabaceae","Tachigali","Tachigali paratyensis","Tachigali","paratyensis","SPECIES","ACCEPTED","none",NA,NA,"Espírito Santo",2001,9,4,"2001-09-04T00:00:00","2018-12-08T12:04:49.640+0000","http://creativecommons.org/licenses/by-nc/4.0/legalcode","none","none","none","WGS84","Magnoliopsida","BR","Brazil","MBML-Herbario - Herbário Mello Leitão","BRA:MBML:MBML-HERBARIO:0000015090","4485","MBML-Herbario - Herbário Mello Leitão","Santa Teresa","Rio Saltinho","pt","MBML-HERBARIO",1123797810,"BRA:MBML:MBML-HERBARIO:0000015090","Collection","","L. Kollmann; et al","15090","MBML","Museu de Biologia Professor Mello Leitão, MBML","Árvore 24m. DAP 52cm. Fuste 8m. Vagens verdes.","Luciana F.G. da Silva/2006","2018-08-28T11:46:51.000+0000","","",NA,"","","","","",NA,"",NA,"","","","","","","",NA,NA,NA,"Santa Teresa","Espírito Santo","brazil",2456,"Santa Teresa",3204609,-40.635175,-19.877577,"ESPIRITO SANTO","ES","Espírito Santo",-40.6681057,-19.57475617,"Espírito Santo","es",-19.936111,-40.506944,"original coordinates","original coordinates OK"
"23","Tachigali paratyensis",1423970862,-7.583333,-35.5,"cdround,gass84","4300f8d5-1ae5-49e5-a101-63894b005868","838537fc-4aeb-4980-8b58-97fbdcd1d91a","none","da7fe11a-b42c-46cb-9e9d-02243edb738a","BR","DWC_ARCHIVE","2018-10-02T15:37:37.184+0000","2018-09-24T19:59:17.460+0000",207,"none","PRESERVED_SPECIMEN",NA,3932243,6,7707728,220,1370,5386,2945125,3932243,3932243,"Tachigali paratyensis (Vell.) H.C.Lima","Tachigali paratyensis (Vell.) H.C.Lima","Plantae","Tracheophyta","Fabales","Fabaceae","Tachigali","Tachigali paratyensis","Tachigali","paratyensis","SPECIES","ACCEPTED","none",600,NA,"Pernambuco",1999,1,29,"1999-01-29T00:00:00","2018-12-06T16:55:57.789+0000","http://creativecommons.org/licenses/by/4.0/legalcode","none","none","none","WGS84","Magnoliopsida","BR","Brazil","Rio de Janeiro Botanical Garden","urn:catalog:JBRJ:RB:157889","601","RB - Rio de Janeiro Botanical Garden Herbarium Collection","Pernambuco","São Vicente. Férrer, mata do estado.","","RB",1423970862,"urn:catalog:JBRJ:RB:157889","PhysicalObject","","E. M. N. Ferraz; A. G. Bispo, R. G. Oliveira","RB00157889","JBRJ","","Árvore ca. de 30m de altura. Frutos (caído) marrons claro. Sementes verdes.","H. C. de Lima","2017-10-19T01:40:46.734+0000","RB 355064","",NA,"","","","","",NA,"",NA,"","","","Mata úmida. Solo argiloso. Interior da mata.","","","",NA,NA,NA,"Pernambuco","Pernambuco","brazil",NA,"",NA,NA,NA,"","","Pernambuco",-37.99303622,-8.3240949,"Pernambuco","pe",-7.583333,-35.5,"original coordinates","original coordinates outside municipality original in pernambuco falls in sao vicente ferrer"
"24","Tachigali paratyensis",1090950832,-7.583333,-35.5,"gass84","da8a0dd0-85c7-4d7a-8a5a-e66b1deaebaa","06542f02-868b-4651-aed4-1ae6b2eb4eb7","none","b38ff2b7-c8af-454e-b5af-ee760f0d5bca","BR","DWC_ARCHIVE","2018-11-24T12:29:52.781+0000","2018-08-03T12:10:20.613+0000",128,"none","PRESERVED_SPECIMEN",NA,3932243,6,7707728,220,1370,5386,2945125,3932243,3932243,"Tachigali paratyensis (Vell.) H.C.Lima","Tachigali paratyensis (Vell.) H.C.Lima","Plantae","Tracheophyta","Fabales","Fabaceae","Tachigali","Tachigali paratyensis","Tachigali","paratyensis","SPECIES","ACCEPTED","2002-12-01T00:00:00",600,0,"Pernambuco",1998,5,28,"1998-05-28T00:00:00","2018-12-09T06:15:27.768+0000","http://creativecommons.org/licenses/by-nc/4.0/legalcode","none","none","none","WGS84","Magnoliopsida","BR","Brazil","PEUFR - Herbário Professor Vasconcelos Sobrinho","BRA:UFRPE:PEUFR:0000026127","320","PEUFR - Herbário Professor Vasconcelos Sobrinho","São Vicente Férrer","Mata do Estado","pt","PEUFR",1090950832,"BRA:UFRPE:PEUFR:0000026127","Collection","","E.M.N. Ferraz; A.G. Bispo; J. Urbano","26127","UFRPE","Universidade Federal Rural de Pernambuco, UFRPE","Árvore ca. de 15 m de alt.; botões imaturos; cálice marrom; piloso; frutos imaturos verdes; frequência ocasional","H.C. de Lima","2018-07-17T19:58:25.000+0000","","",NA,"","","","","",NA,"",NA,"","","","","","","",NA,NA,NA,"São Vicente Férrer","Pernambuco","brazil",4374,"São Vicente Ferrer",2613800,-35.491283,-7.602613,"PERNAMBUCO","PE","Pernambuco",-37.99303622,-8.3240949,"Pernambuco","pe",-7.583333,-35.5,"original coordinates","original coordinates OK"
"25","Tachigali paratyensis",1090954075,-7.583333,-35.5,"gass84","da8a0dd0-85c7-4d7a-8a5a-e66b1deaebaa","06542f02-868b-4651-aed4-1ae6b2eb4eb7","none","b38ff2b7-c8af-454e-b5af-ee760f0d5bca","BR","DWC_ARCHIVE","2018-11-24T12:29:56.302+0000","2018-08-03T12:10:22.370+0000",128,"none","PRESERVED_SPECIMEN",NA,3932243,6,7707728,220,1370,5386,2945125,3932243,3932243,"Tachigali paratyensis (Vell.) H.C.Lima","Tachigali paratyensis (Vell.) H.C.Lima","Plantae","Tracheophyta","Fabales","Fabaceae","Tachigali","Tachigali paratyensis","Tachigali","paratyensis","SPECIES","ACCEPTED","2002-12-01T00:00:00",600,0,"Pernambuco",1998,10,15,"1998-10-15T00:00:00","2018-12-09T06:15:29.489+0000","http://creativecommons.org/licenses/by-nc/4.0/legalcode","none","none","none","WGS84","Magnoliopsida","BR","Brazil","PEUFR - Herbário Professor Vasconcelos Sobrinho","BRA:UFRPE:PEUFR:0000035651","953","PEUFR - Herbário Professor Vasconcelos Sobrinho","São Vicente Férrer","Mata do Estado","pt","PEUFR",1090954075,"BRA:UFRPE:PEUFR:0000035651","Collection","","E.M.N. Ferraz; A.G. Bispo; J. Urbano","35651","UFRPE","Universidade Federal Rural de Pernambuco, UFRPE","Árvore ca. 20 m de alt; caída; frutos maduros marrons e semente bege; frequência ocasional","H.C. de Lima","2018-07-17T19:58:25.000+0000","","",NA,"","","","","",NA,"",NA,"","","","","","","",NA,NA,NA,"São Vicente Férrer","Pernambuco","brazil",4374,"São Vicente Ferrer",2613800,-35.491283,-7.602613,"PERNAMBUCO","PE","Pernambuco",-37.99303622,-8.3240949,"Pernambuco","pe",-7.583333,-35.5,"original coordinates","original coordinates OK"
"26","Tachigali paratyensis",1424176796,-22.5,-42.25,"gass84","4300f8d5-1ae5-49e5-a101-63894b005868","838537fc-4aeb-4980-8b58-97fbdcd1d91a","none","da7fe11a-b42c-46cb-9e9d-02243edb738a","BR","DWC_ARCHIVE","2018-10-02T15:39:44.799+0000","2018-09-24T20:01:09.363+0000",207,"none","PRESERVED_SPECIMEN",NA,3932243,6,7707728,220,1370,5386,2945125,3932243,3932243,"Tachigali paratyensis (Vell.) H.C.Lima","Tachigali paratyensis (Vell.) H.C.Lima","Plantae","Tracheophyta","Fabales","Fabaceae","Tachigali","Tachigali paratyensis","Tachigali","paratyensis","SPECIES","ACCEPTED","none",NA,NA,"Rio de Janeiro",1997,4,23,"1997-04-23T00:00:00","2018-12-06T16:57:56.002+0000","http://creativecommons.org/licenses/by/4.0/legalcode","none","none","none","WGS84","Magnoliopsida","BR","Brazil","Rio de Janeiro Botanical Garden","urn:catalog:JBRJ:RB:443569","905","RB - Rio de Janeiro Botanical Garden Herbarium Collection","Silva Jardim","Fragmento de mata na capoeirinha. Reserva Biológica de Poço das Antas","","RB",1424176796,"urn:catalog:JBRJ:RB:443569","PhysicalObject","","C.M.Vieira; et al.","RB00443569","JBRJ","","Indivíduo PM-43. Arvore com 15m altura. Folhas verdes discolores. Pedúnculo amarelo-ferrugineo; cálice amarelo-ferrugineo, corola amarela, filetes amarelados, anteras castanhas.","","2017-10-18T13:18:34.125+0000","RB 355269","",NA,"","","","","",NA,"",NA,"","","","","","","",NA,NA,NA,"Silva Jardim","Rio de Janeiro","brazil",1506,"Silva Jardim",3305604,-42.414048,-22.567613,"RIO DE JANEIRO","RJ","Rio de Janeiro",-42.66307908,-22.19581555,"Rio de Janeiro","rj",-22.5,-42.25,"original coordinates","original coordinates outside municipality original in silva jardim falls in casimiro de abreu"
"27","Tachigali paratyensis",1424411511,-22.55,-43.266667,"cdround,gass84","4300f8d5-1ae5-49e5-a101-63894b005868","838537fc-4aeb-4980-8b58-97fbdcd1d91a","none","da7fe11a-b42c-46cb-9e9d-02243edb738a","BR","DWC_ARCHIVE","2018-10-02T15:42:07.719+0000","2018-09-24T20:03:24.516+0000",207,"none","PRESERVED_SPECIMEN",NA,3932243,6,7707728,220,1370,5386,2945125,3932243,3932243,"Tachigali paratyensis (Vell.) H.C.Lima","Tachigali paratyensis (Vell.) H.C.Lima","Plantae","Tracheophyta","Fabales","Fabaceae","Tachigali","Tachigali paratyensis","Tachigali","paratyensis","SPECIES","ACCEPTED","none",75,25,"Rio de Janeiro",1997,5,7,"1997-05-07T00:00:00","2018-12-06T17:00:08.075+0000","http://creativecommons.org/licenses/by/4.0/legalcode","none","none","none","WGS84","Magnoliopsida","BR","Brazil","Rio de Janeiro Botanical Garden","urn:catalog:JBRJ:RB:709790","5380","RB - Rio de Janeiro Botanical Garden Herbarium Collection","Duque de Caxias","Flora de Saracuruna, Rio Pedra Branca. Reserva da Petrobras","","RB",1424411511,"urn:catalog:JBRJ:RB:709790","PhysicalObject","","H.C. de Lima; et al.","RB00709790","JBRJ","","Árvore com ca. 20,0 m. alt. Tronco com casca lisa e pardacento, DAP. ca. 60cm. Estéril. Frequente.","","2017-10-18T15:50:15.320+0000","RB 343229","",NA,"","","","","",NA,"",NA,"","","","","","","",NA,NA,NA,"Duque de Caxias","Rio de Janeiro","brazil",1484,"Duque de Caxias",3301702,-43.296925,-22.626515,"RIO DE JANEIRO","RJ","Rio de Janeiro",-42.66307908,-22.19581555,"Rio de Janeiro","rj",-22.55,-43.266667,"original coordinates","original coordinates OK"
"28","Tachigali paratyensis",1424176499,-22.5,-42.25,"gass84","4300f8d5-1ae5-49e5-a101-63894b005868","838537fc-4aeb-4980-8b58-97fbdcd1d91a","none","da7fe11a-b42c-46cb-9e9d-02243edb738a","BR","DWC_ARCHIVE","2018-10-02T15:39:44.640+0000","2018-09-24T20:01:09.173+0000",207,"none","PRESERVED_SPECIMEN",NA,3932243,6,7707728,220,1370,5386,2945125,3932243,3932243,"Tachigali paratyensis (Vell.) H.C.Lima","Tachigali paratyensis (Vell.) H.C.Lima","Plantae","Tracheophyta","Fabales","Fabaceae","Tachigali","Tachigali paratyensis","Tachigali","paratyensis","SPECIES","ACCEPTED","2006-08-29T00:00:00",NA,NA,"Rio de Janeiro",1997,9,29,"1997-09-29T00:00:00","2018-12-06T16:57:55.680+0000","http://creativecommons.org/licenses/by/4.0/legalcode","none","none","none","WGS84","Magnoliopsida","BR","Brazil","Rio de Janeiro Botanical Garden","urn:catalog:JBRJ:RB:443294","770","RB - Rio de Janeiro Botanical Garden Herbarium Collection","Silva Jardim","Trilha da Pedreira. Reserva Biólogica de Poço das Antas","","RB",1424176499,"urn:catalog:JBRJ:RB:443294","PhysicalObject","","C.Luchiari; et al.","RB00443294","JBRJ","","Árvore, ca. 25 m, heliófita. Folha concolor, fruto maduro palha. Final da estrada do PMLD.","Luciana F.C.Silva","2017-10-19T14:19:50.700+0000","RB 414828","",NA,"","","","","",NA,"",NA,"","","","","","","",NA,NA,NA,"Silva Jardim","Rio de Janeiro","brazil",1506,"Silva Jardim",3305604,-42.414048,-22.567613,"RIO DE JANEIRO","RJ","Rio de Janeiro",-42.66307908,-22.19581555,"Rio de Janeiro","rj",-22.5,-42.25,"original coordinates","original coordinates outside municipality original in silva jardim falls in casimiro de abreu"
"29","Tachigali paratyensis",1144788434,-9.25,-36.41667,"gass84","f577c9f3-ae71-4278-b6bf-512ba1dfaa21","43a26bbf-466a-4335-96cc-01d0656c614a","none","6040a0d6-f762-11e1-a439-00145eb45e9a","CH","BIOCASE","2018-12-12T00:22:24.213+0000","2016-02-24T13:17:54.518+0000",43,"none","PRESERVED_SPECIMEN",NA,3932243,6,7707728,220,1370,5386,2945125,3932243,3932243,"Tachigali paratyensis (Vell.) H.C.Lima","Tachigali paratyensis (Vell.) H.C.Lima","Plantae","Tracheophyta","Fabales","Fabaceae","Tachigali","Tachigali paratyensis","Tachigali","paratyensis","SPECIES","ACCEPTED","none",550,NA,"",1995,5,16,"1995-05-16T00:00:00","2018-12-06T21:55:58.906+0000","http://creativecommons.org/licenses/by-nc/4.0/legalcode","none","none","none","WGS84","Magnoliopsida","BR","Brazil","","","","","","Pedra Talhada - Reserva biológica (Convenio IBAMA-Associação Pedra Talhada)/Estado de Alagoas","","Geneva Herbarium – General Collection (G)",1144788434,"","","","Cervi, A. C., R. Spichiger, P.-A. Loizeau & E. Cottier","G-G-215094/1","G","","","Lima, H. C. (2010)","","","",707,"","","","","",NA,"",NA,"","","","","","","",NA,NA,NA,"","","brazil",NA,"",NA,NA,NA,"","","",NA,NA,NA,"",-9.25,-36.41667,"original coordinates","original coordinates outside municipality original in  falls in quebrangulo"
"30","Tachigali paratyensis",1424176120,-22.5,-42.25,"gass84","4300f8d5-1ae5-49e5-a101-63894b005868","838537fc-4aeb-4980-8b58-97fbdcd1d91a","none","da7fe11a-b42c-46cb-9e9d-02243edb738a","BR","DWC_ARCHIVE","2018-10-02T15:39:44.372+0000","2018-09-24T20:01:08.962+0000",207,"none","PRESERVED_SPECIMEN",NA,3932243,6,7707728,220,1370,5386,2945125,3932243,3932243,"Tachigali paratyensis (Vell.) H.C.Lima","Tachigali paratyensis (Vell.) H.C.Lima","Plantae","Tracheophyta","Fabales","Fabaceae","Tachigali","Tachigali paratyensis","Tachigali","paratyensis","SPECIES","ACCEPTED","none",NA,NA,"Rio de Janeiro",1994,2,22,"1994-02-22T00:00:00","2018-12-06T16:57:55.549+0000","http://creativecommons.org/licenses/by/4.0/legalcode","none","none","none","WGS84","Magnoliopsida","BR","Brazil","Rio de Janeiro Botanical Garden","urn:catalog:JBRJ:RB:442956","313","RB - Rio de Janeiro Botanical Garden Herbarium Collection","Silva Jardim","Est. do Aristides, esquerda - Km 7. Reserva Biológica de Poço das Antas","","RB",1424176120,"urn:catalog:JBRJ:RB:442956","PhysicalObject","","C.Luchiari; et al.","RB00442956","JBRJ","","Arvore ca de 20m, heliófita, folha concolor verde escuro,botao verde pardacento,cálice verde pardacento, corola amarela claro, androceu e gineceu verde, antera creme, flores passadas, leve perfume.Saindo dos botoes no apice uma estipula verde clara.","","2017-10-18T10:40:54.588+0000","RB 355092","",NA,"","","","","",NA,"",NA,"","","","","","","",NA,NA,NA,"Silva Jardim","Rio de Janeiro","brazil",1506,"Silva Jardim",3305604,-42.414048,-22.567613,"RIO DE JANEIRO","RJ","Rio de Janeiro",-42.66307908,-22.19581555,"Rio de Janeiro","rj",-22.5,-42.25,"original coordinates","original coordinates outside municipality original in silva jardim falls in casimiro de abreu"
"31","Tachigali paratyensis",1424176234,-22.5,-42.25,"gass84","4300f8d5-1ae5-49e5-a101-63894b005868","838537fc-4aeb-4980-8b58-97fbdcd1d91a","none","da7fe11a-b42c-46cb-9e9d-02243edb738a","BR","DWC_ARCHIVE","2018-10-02T15:39:44.411+0000","2018-09-24T20:01:09.049+0000",207,"none","PRESERVED_SPECIMEN",NA,3932243,6,7707728,220,1370,5386,2945125,3932243,3932243,"Tachigali paratyensis (Vell.) H.C.Lima","Tachigali paratyensis (Vell.) H.C.Lima","Plantae","Tracheophyta","Fabales","Fabaceae","Tachigali","Tachigali paratyensis","Tachigali","paratyensis","SPECIES","ACCEPTED","none",NA,NA,"Rio de Janeiro",1994,4,26,"1994-04-26T00:00:00","2018-12-06T16:57:55.582+0000","http://creativecommons.org/licenses/by/4.0/legalcode","none","none","none","WGS84","Magnoliopsida","BR","Brazil","Rio de Janeiro Botanical Garden","urn:catalog:JBRJ:RB:443055","380","RB - Rio de Janeiro Botanical Garden Herbarium Collection","Silva Jardim","Est. Juturnaiba, esquerda - Km 8. Reserva Biológica de Poço das Antas","","RB",1424176234,"urn:catalog:JBRJ:RB:443055","PhysicalObject","","C.Luchiari; et al.","RB00443055","JBRJ","","Árvore, 20m, heliófita, folha discolor, face superior verde escuro brilhante, face inferior verde.","","2017-10-18T13:16:24.299+0000","RB 434266","",NA,"","","","","",NA,"",NA,"","","","","","","",NA,NA,NA,"Silva Jardim","Rio de Janeiro","brazil",1506,"Silva Jardim",3305604,-42.414048,-22.567613,"RIO DE JANEIRO","RJ","Rio de Janeiro",-42.66307908,-22.19581555,"Rio de Janeiro","rj",-22.5,-42.25,"original coordinates","original coordinates outside municipality original in silva jardim falls in casimiro de abreu"
"32","Tachigali paratyensis",1424201581,-22.5,-42.25,"gass84","4300f8d5-1ae5-49e5-a101-63894b005868","838537fc-4aeb-4980-8b58-97fbdcd1d91a","none","da7fe11a-b42c-46cb-9e9d-02243edb738a","BR","DWC_ARCHIVE","2018-10-02T15:40:01.136+0000","2018-09-24T20:01:21.917+0000",207,"none","PRESERVED_SPECIMEN",NA,3932243,6,7707728,220,1370,5386,2945125,3932243,3932243,"Tachigali paratyensis (Vell.) H.C.Lima","Tachigali paratyensis (Vell.) H.C.Lima","Plantae","Tracheophyta","Fabales","Fabaceae","Tachigali","Tachigali paratyensis","Tachigali","paratyensis","SPECIES","ACCEPTED","none",NA,NA,"Rio de Janeiro",1993,7,29,"1993-07-29T00:00:00","2018-12-06T16:58:07.809+0000","http://creativecommons.org/licenses/by/4.0/legalcode","none","none","none","WGS84","Magnoliopsida","BR","Brazil","Rio de Janeiro Botanical Garden","urn:catalog:JBRJ:RB:472700","347","RB - Rio de Janeiro Botanical Garden Herbarium Collection","Silva Jardim","Estrada do Aristides, após a 2 porteira.","","RB",1424201581,"urn:catalog:JBRJ:RB:472700","PhysicalObject","","C.M.B.Correia; et al","RB00472700","JBRJ","","IND:F 0400, altura: 25.00","","","RB 314872","",NA,"","","","","",NA,"",NA,"","","","","","","",NA,NA,NA,"Silva Jardim","Rio de Janeiro","brazil",1506,"Silva Jardim",3305604,-42.414048,-22.567613,"RIO DE JANEIRO","RJ","Rio de Janeiro",-42.66307908,-22.19581555,"Rio de Janeiro","rj",-22.5,-42.25,"original coordinates","original coordinates outside municipality original in silva jardim falls in casimiro de abreu"
"33","Tachigali paratyensis",1087648200,-22.533333,-42.883333,"gass84","d2470ef8-edfa-4ba7-821e-c3e1a537bdba","4265f332-341c-45f6-b30b-5dc2e39b86e8","none","b38ff2b7-c8af-454e-b5af-ee760f0d5bca","BR","DWC_ARCHIVE","2018-11-14T17:11:38.273+0000","2017-12-29T14:10:11.608+0000",121,"none","PRESERVED_SPECIMEN",NA,3932243,6,7707728,220,1370,5386,2945125,3932243,3932243,"Tachigali paratyensis (Vell.) H.C.Lima","Tachigali paratyensis (Vell.) H.C.Lima","Plantae","Tracheophyta","Fabales","Fabaceae","Tachigali","Tachigali paratyensis","Tachigali","paratyensis","SPECIES","ACCEPTED","none",0,0,"Rio de Janeiro",1992,2,24,"1992-02-24T00:00:00","2018-12-08T13:05:42.016+0000","http://creativecommons.org/licenses/by-nc/4.0/legalcode","none","none","none","WGS84","Magnoliopsida","BR","Brazil","BHCB - Herbário da Universidade Federal de Minas Gerais","BRA:UFMG:BHCB:0000136815","196","BHCB - Herbário da Universidade Federal de Minas Gerais","Guapimirim","Estação Ecológica Estadual de Paraíso., Margens do rio Paraíso. Área FP20.","pt","BHCB",1087648200,"BRA:UFMG:BHCB:0000136815","Collection","","Vieira, CM","136815","Universidade Federal de Minas Gerais (UFMG)","Universidade Federal de Minas Gerais (UFMG)","Indivíduo F1032. Arvore. Folhas discolores verdes. Pedunculo e botões esverdeados. Flores com cálice amarelo-ferrugíneo, corola amarela, ovário e estames amarelados. Altura: 22m.","","2017-03-31T17:53:02.000+0000","","SOUTH_AMERICA",NA,"","","","","",NA,"",NA,"","","","","","","",NA,NA,NA,"Guapimirim","Rio de Janeiro","brazil",1500,"Guapimirim",3301850,-42.963842,-22.584312,"RIO DE JANEIRO","RJ","Rio de Janeiro",-42.66307908,-22.19581555,"Rio de Janeiro","rj",-22.533333,-42.883333,"original coordinates","original coordinates outside municipality original in guapimirim falls in cachoeiras de macacu"
"34","Tachigali paratyensis",1930376043,-22.483,-42.883,"gass84","d415c253-4d61-4459-9d25-4015b9084fb0","ae447c50-b8a8-11d8-92a4-b8a03c50a862","none","17017c2c-036b-45d9-b045-606d21b00771","US","DWC_ARCHIVE","2018-11-18T15:58:34.731+0000","2018-11-18T15:58:34.801+0000",96,"none","PRESERVED_SPECIMEN",NA,3932243,6,7707728,220,1370,5386,2945125,3932243,3932243,"Tachigali paratyensis (Vell.) H.C.Lima","Tachigali paratyensis (Vell.) H.C.Lima","Plantae","Tracheophyta","Fabales","Fabaceae","Tachigali","Tachigali paratyensis","Tachigali","paratyensis","SPECIES","ACCEPTED","none",0,0,"Rio de Janeiro",1992,3,17,"1992-03-17T00:00:00","2018-12-08T02:46:12.114+0000","http://creativecommons.org/publicdomain/zero/1.0/legalcode","none","none","none","WGS84","Magnoliopsida","BR","Brazil","The New York Botanical Garden","b88638b9-fd94-42f6-a439-cd92a9286493","302","Vascular plants","","EstaÃ§Ã£o EcolÃ³gica Estadual de ParaÃ­so.","en","NY",1930376043,"b88638b9-fd94-42f6-a439-cd92a9286493","PhysicalObject","sheet","C. M. B. Correia","1144704","NY","","","","","","SOUTH_AMERICA",NA,"http://sweetgum.nybg.org/science/vh/specimen_details.php?irn=1298457","","ICN","http://biocol.org/urn:lsid:biocol.org:col:15556","17 Mar 1992",77,"Guapimirim",77,"","http://biocol.org/urn:lsid:biocol.org:col:15556","","","","","",NA,NA,NA,"","Rio de Janeiro","brazil",NA,"",NA,NA,NA,"","","Rio de Janeiro",-42.66307908,-22.19581555,"Rio de Janeiro","rj",-22.483,-42.883,"original coordinates","original coordinates outside municipality original in  falls in cachoeiras de macacu"
"35","Tachigali paratyensis",1424174513,-22.5,-42.25,"gass84","4300f8d5-1ae5-49e5-a101-63894b005868","838537fc-4aeb-4980-8b58-97fbdcd1d91a","none","da7fe11a-b42c-46cb-9e9d-02243edb738a","BR","DWC_ARCHIVE","2018-10-02T15:39:43.470+0000","2018-09-24T20:01:07.990+0000",207,"none","PRESERVED_SPECIMEN",NA,3932243,6,7707728,220,1370,5386,2945125,3932243,3932243,"Tachigali paratyensis (Vell.) H.C.Lima","Tachigali paratyensis (Vell.) H.C.Lima","Plantae","Tracheophyta","Fabales","Fabaceae","Tachigali","Tachigali paratyensis","Tachigali","paratyensis","SPECIES","ACCEPTED","none",NA,NA,"Rio de Janeiro",1992,11,30,"1992-11-30T00:00:00","2018-12-06T16:57:54.823+0000","http://creativecommons.org/licenses/by/4.0/legalcode","none","none","none","WGS84","Magnoliopsida","BR","Brazil","Rio de Janeiro Botanical Garden","urn:catalog:JBRJ:RB:441484","969","RB - Rio de Janeiro Botanical Garden Herbarium Collection","Silva Jardim","Margens do Rio Sao Joao, entre a BR-101 e a ponte da linha ferrea. Reserva Biológica de Poço das Antas","","RB",1424174513,"urn:catalog:JBRJ:RB:441484","PhysicalObject","","M.Peron; et al.","RB00441484","JBRJ","","Arvore 12m; tronco com casca fissurada e pardacenta; DAP 60cm. Estéril.","","2014-07-22T14:55:07.007+0000","RB 300095","",NA,"","","","","",NA,"",NA,"","","","","","","",NA,NA,NA,"Silva Jardim","Rio de Janeiro","brazil",1506,"Silva Jardim",3305604,-42.414048,-22.567613,"RIO DE JANEIRO","RJ","Rio de Janeiro",-42.66307908,-22.19581555,"Rio de Janeiro","rj",-22.5,-42.25,"original coordinates","original coordinates outside municipality original in silva jardim falls in casimiro de abreu"
"36","Tachigali paratyensis",1090441733,-16.383333,-39.133333,"gass84","bc81e05b-ed51-46ba-a0a4-90fbae9b5545","c6aacf9d-a5a7-4d7f-a6fc-ea0a4b8ec450","none","b38ff2b7-c8af-454e-b5af-ee760f0d5bca","BR","DWC_ARCHIVE","2018-11-24T12:33:33.999+0000","2018-11-24T12:33:34.007+0000",122,"none","PRESERVED_SPECIMEN",NA,3932243,6,7707728,220,1370,5386,2945125,3932243,3932243,"Tachigali paratyensis (Vell.) H.C.Lima","Tachigali paratyensis (Vell.) H.C.Lima","Plantae","Tracheophyta","Fabales","Fabaceae","Tachigali","Tachigali paratyensis","Tachigali","paratyensis","SPECIES","ACCEPTED","none",NA,NA,"Bahia",1987,10,21,"1987-10-21T00:00:00","2018-12-08T04:42:28.741+0000","http://creativecommons.org/licenses/by-nc/4.0/legalcode","none","none","none","WGS84","Magnoliopsida","BR","Brazil","CEPEC - Herbário do Centro de Pesquisas do Cacau","BRA:CEPLAC:CEPEC:0000042512","669","CEPEC - Herbário do Centro de Pesquisas do Cacau","SANTA CRUZ CABRÁLIA","Area da ESPAB. Arboreto, quadra no. 025.","pt","CEPEC",1090441733,"BRA:CEPLAC:CEPEC:0000042512","Collection","","F. S. Santos","42512","Comissão Executiva do Plano da Lavoura Cacaueira (CEPLAC)","Comissão Executiva do Plano da Lavoura Cacaueira (CEPLAC)","","C. M. B. Correia","2018-11-14T18:07:03.000+0000","30/12/1992","",NA,"","","","","",NA,"",NA,"","","","","","","",NA,NA,NA,"SANTA CRUZ CABRÁLIA","Bahia","brazil",3034,"Santa Cruz Cabrália",2927705,-39.203176,-16.228954,"BAHIA","BA","Bahia",-41.72018023,-12.47295682,"Bahia","ba",-16.383333,-39.133333,"original coordinates","original coordinates outside municipality original in santa cruz cabralia falls in porto seguro"
"37","Tachigali paratyensis",1090444622,-16.383333,-39.133333,"gass84","bc81e05b-ed51-46ba-a0a4-90fbae9b5545","c6aacf9d-a5a7-4d7f-a6fc-ea0a4b8ec450","none","b38ff2b7-c8af-454e-b5af-ee760f0d5bca","BR","DWC_ARCHIVE","2018-11-24T12:33:36.332+0000","2018-11-24T12:33:36.348+0000",122,"none","PRESERVED_SPECIMEN",NA,3932243,6,7707728,220,1370,5386,2945125,3932243,3932243,"Tachigali paratyensis (Vell.) H.C.Lima","Tachigali paratyensis (Vell.) H.C.Lima","Plantae","Tracheophyta","Fabales","Fabaceae","Tachigali","Tachigali paratyensis","Tachigali","paratyensis","SPECIES","ACCEPTED","none",NA,NA,"Bahia",1987,12,11,"1987-12-11T00:00:00","2018-12-08T04:42:29.991+0000","http://creativecommons.org/licenses/by-nc/4.0/legalcode","none","none","none","WGS84","Magnoliopsida","BR","Brazil","CEPEC - Herbário do Centro de Pesquisas do Cacau","BRA:CEPLAC:CEPEC:0000045639","790","CEPEC - Herbário do Centro de Pesquisas do Cacau","SANTA CRUZ CABRÁLIA","Area da ESPAB. Arboreto, quadra no. 942.","pt","CEPEC",1090444622,"BRA:CEPLAC:CEPEC:0000045639","Collection","","F. S. Santos","45639","Comissão Executiva do Plano da Lavoura Cacaueira (CEPLAC)","Comissão Executiva do Plano da Lavoura Cacaueira (CEPLAC)","","H. C. de Lima","2018-11-14T18:07:03.000+0000","30/12/1990","",NA,"","","","","",NA,"",NA,"","","","","","","",NA,NA,NA,"SANTA CRUZ CABRÁLIA","Bahia","brazil",3034,"Santa Cruz Cabrália",2927705,-39.203176,-16.228954,"BAHIA","BA","Bahia",-41.72018023,-12.47295682,"Bahia","ba",-16.383333,-39.133333,"original coordinates","original coordinates outside municipality original in santa cruz cabralia falls in porto seguro"
"38","Tachigali paratyensis",1090838367,-23.075,-45.9375,"gass84","68c90cbc-e74b-4fb6-8ee4-6fa3bd247837","fe647d6c-1c4b-441b-b93b-d310d074b227","none","b38ff2b7-c8af-454e-b5af-ee760f0d5bca","BR","DWC_ARCHIVE","2018-11-23T15:39:39.443+0000","2018-11-23T15:39:39.465+0000",124,"none","PRESERVED_SPECIMEN",NA,3932243,6,7707728,220,1370,5386,2945125,3932243,3932243,"Tachigali paratyensis (Vell.) H.C.Lima","Tachigali paratyensis (Vell.) H.C.Lima","Plantae","Tracheophyta","Fabales","Fabaceae","Tachigali","Tachigali paratyensis","Tachigali","paratyensis","SPECIES","ACCEPTED","2004-07-21T00:00:00",NA,NA,"São Paulo",1986,3,6,"1986-03-06T00:00:00","2018-12-09T06:14:42.322+0000","http://creativecommons.org/licenses/by-nc/4.0/legalcode","none","none","none","WGS84","Magnoliopsida","BR","Brazil","VIC - Herbário da Universidade Federal de Viçosa","BRA:UFV:VIC:0000011025","1382","VIC - Herbário da Universidade Federal de Viçosa","São José dos Campos","Reserva Florestal Prof. Augusto Ruschi, Mata da reserva.","pt","VIC",1090838367,"BRA:UFV:VIC:0000011025","Collection","","Silva, A.F. da; Capellari Júnior, L.","11025","UFV","Universidade Federal de Viçosa (UFV)","Árvore, c.a. de 20 metros de altura; flores de cálice castanho-claro e corola amarelo-pálido, filetes amarelo-esverdeados, levemente aromáticas; casca gorssa bege, lenho amarelo, súber em protuberâncias, horizontais e verrucoso.","Silva, L.F.G. da","2018-11-13T17:41:49.000+0000","","",NA,"","","","","",NA,"",NA,"","","","","","","",NA,NA,NA,"São José dos Campos","São Paulo","brazil",1306,"São José dos Campos",3549904,-45.928379,-23.09059,"SAO PAULO","SP","São Paulo",-48.72944932,-22.26440593,"São Paulo","sp",-23.075,-45.9375,"original coordinates","original coordinates OK"
"39","Tachigali paratyensis",1090838396,-23.075,-45.9375,"gass84","68c90cbc-e74b-4fb6-8ee4-6fa3bd247837","fe647d6c-1c4b-441b-b93b-d310d074b227","none","b38ff2b7-c8af-454e-b5af-ee760f0d5bca","BR","DWC_ARCHIVE","2018-11-23T15:39:39.469+0000","2018-11-23T15:39:39.490+0000",124,"none","PRESERVED_SPECIMEN",NA,3932243,6,7707728,220,1370,5386,2945125,3932243,3932243,"Tachigali paratyensis (Vell.) H.C.Lima","Tachigali paratyensis (Vell.) H.C.Lima","Plantae","Tracheophyta","Fabales","Fabaceae","Tachigali","Tachigali paratyensis","Tachigali","paratyensis","SPECIES","ACCEPTED","2004-07-01T00:00:00",NA,NA,"São Paulo",1986,3,20,"1986-03-20T00:00:00","2018-12-09T06:14:42.392+0000","http://creativecommons.org/licenses/by-nc/4.0/legalcode","none","none","none","WGS84","Magnoliopsida","BR","Brazil","VIC - Herbário da Universidade Federal de Viçosa","BRA:UFV:VIC:0000011046","1403","VIC - Herbário da Universidade Federal de Viçosa","São José dos Campos","Reserva Florestal Prof. Augusto Ruschi, Estrada Turvo, depois do Horto.","pt","VIC",1090838396,"BRA:UFV:VIC:0000011046","Collection","","Silva, A.F. da; Capellari Júnior, L.","11046","UFV","Universidade Federal de Viçosa (UFV)","Árvore, c.a. de 15 metros de altura; flores de cálice castanho-claro, corola amarelo-ouro, estames amarelos; casca bege, lenho creme, súber verrucoso.","Silva, L.F.G. da","2018-11-13T17:41:49.000+0000","","",NA,"","","","","",NA,"",NA,"","","","","","","",NA,NA,NA,"São José dos Campos","São Paulo","brazil",1306,"São José dos Campos",3549904,-45.928379,-23.09059,"SAO PAULO","SP","São Paulo",-48.72944932,-22.26440593,"São Paulo","sp",-23.075,-45.9375,"original coordinates","original coordinates OK"
"40","Tachigali paratyensis",1090449251,-16.383333,-39.133333,"gass84","bc81e05b-ed51-46ba-a0a4-90fbae9b5545","c6aacf9d-a5a7-4d7f-a6fc-ea0a4b8ec450","none","b38ff2b7-c8af-454e-b5af-ee760f0d5bca","BR","DWC_ARCHIVE","2018-11-24T12:33:39.822+0000","2018-11-24T12:33:39.843+0000",122,"none","PRESERVED_SPECIMEN",NA,3932243,6,7707728,220,1370,5386,2945125,3932243,3932243,"Tachigali paratyensis (Vell.) H.C.Lima","Tachigali paratyensis (Vell.) H.C.Lima","Plantae","Tracheophyta","Fabales","Fabaceae","Tachigali","Tachigali paratyensis","Tachigali","paratyensis","SPECIES","ACCEPTED","none",NA,NA,"Bahia",1986,7,24,"1986-07-24T00:00:00","2018-12-08T04:42:31.969+0000","http://creativecommons.org/licenses/by-nc/4.0/legalcode","none","none","none","WGS84","Magnoliopsida","BR","Brazil","CEPEC - Herbário do Centro de Pesquisas do Cacau","BRA:CEPLAC:CEPEC:0000050858","670","CEPEC - Herbário do Centro de Pesquisas do Cacau","SANTA CRUZ CABRÁLIA","Area da ESPAB.","pt","CEPEC",1090449251,"BRA:CEPLAC:CEPEC:0000050858","Collection","","F. S. Santos","50858","Comissão Executiva do Plano da Lavoura Cacaueira (CEPLAC)","Comissão Executiva do Plano da Lavoura Cacaueira (CEPLAC)","","C. M. B. Correia","2018-11-14T18:07:03.000+0000","17/09/1992","",NA,"","","","","",NA,"",NA,"","","","","","","",NA,NA,NA,"SANTA CRUZ CABRÁLIA","Bahia","brazil",3034,"Santa Cruz Cabrália",2927705,-39.203176,-16.228954,"BAHIA","BA","Bahia",-41.72018023,-12.47295682,"Bahia","ba",-16.383333,-39.133333,"original coordinates","original coordinates outside municipality original in santa cruz cabralia falls in porto seguro"
"41","Tachigali paratyensis",1424273471,-22.433333,-42.833333,"cdround,gass84","4300f8d5-1ae5-49e5-a101-63894b005868","838537fc-4aeb-4980-8b58-97fbdcd1d91a","none","da7fe11a-b42c-46cb-9e9d-02243edb738a","BR","DWC_ARCHIVE","2018-10-02T15:40:43.925+0000","2018-09-24T20:02:00.258+0000",207,"none","PRESERVED_SPECIMEN",NA,3932243,6,7707728,220,1370,5386,2945125,3932243,3932243,"Tachigali paratyensis (Vell.) H.C.Lima","Tachigali paratyensis (Vell.) H.C.Lima","Plantae","Tracheophyta","Fabales","Fabaceae","Tachigali","Tachigali paratyensis","Tachigali","paratyensis","SPECIES","ACCEPTED","1999-01-01T00:00:00",0,NA,"Rio de Janeiro",1984,12,13,"1984-12-13T00:00:00","2018-12-06T16:58:45.616+0000","http://creativecommons.org/licenses/by/4.0/legalcode","none","none","none","WGS84","Magnoliopsida","BR","Brazil","Rio de Janeiro Botanical Garden","urn:catalog:JBRJ:RB:559577","2494","RB - Rio de Janeiro Botanical Garden Herbarium Collection","Guapimirim","Estação Ecológica Estadual de Paraíso. centro de Primatológia, próximo a represa da CEDAE.","","RB",1424273471,"urn:catalog:JBRJ:RB:559577","PhysicalObject","","H.C.de Lima; P.S.S. de Oliveira, J.m.Caruso & P.R.Martins","RB00559577","JBRJ","","Árvore, tronco c/ casca lisa, provida de sapopemas na base, estéril. Quadrat IV, árvore nº 34.","H.C .de lima","2017-10-17T14:13:53.455+0000","RB 238317","",NA,"","","","","",NA,"",NA,"","","","Mata degradada de encosta.","","","",NA,NA,NA,"Guapimirim","Rio de Janeiro","brazil",1500,"Guapimirim",3301850,-42.963842,-22.584312,"RIO DE JANEIRO","RJ","Rio de Janeiro",-42.66307908,-22.19581555,"Rio de Janeiro","rj",-22.433333,-42.833333,"original coordinates","original coordinates outside municipality original in guapimirim falls in cachoeiras de macacu"
"42","Tachigali paratyensis",1423970870,-23.003889,-45.384444,"cdround,gass84","4300f8d5-1ae5-49e5-a101-63894b005868","838537fc-4aeb-4980-8b58-97fbdcd1d91a","none","da7fe11a-b42c-46cb-9e9d-02243edb738a","BR","DWC_ARCHIVE","2018-10-02T15:37:37.194+0000","2018-09-24T19:59:17.504+0000",207,"none","PRESERVED_SPECIMEN",NA,3932243,6,7707728,220,1370,5386,2945125,3932243,3932243,"Tachigali paratyensis (Vell.) H.C.Lima","Tachigali paratyensis (Vell.) H.C.Lima","Plantae","Tracheophyta","Fabales","Fabaceae","Tachigali","Tachigali paratyensis","Tachigali","paratyensis","SPECIES","ACCEPTED","none",380,NA,"São Paulo",1980,8,14,"1980-08-14T00:00:00","2018-12-06T16:55:57.858+0000","http://creativecommons.org/licenses/by/4.0/legalcode","none","none","none","WGS84","Magnoliopsida","BR","Brazil","Rio de Janeiro Botanical Garden","urn:catalog:JBRJ:RB:157912","150","RB - Rio de Janeiro Botanical Garden Herbarium Collection","São Paulo","Subida da Serra Ubatuba.","","RB",1423970870,"urn:catalog:JBRJ:RB:157912","PhysicalObject","","Rubens A. A. B.","RB00157912","JBRJ","","Árvore ca. 30m, folha sverdes, frutos palha de maturação senescentes, fruto é vagem alada, frequência fraca.","A. M. S. da F. Vaz","2017-10-19T01:40:49.653+0000","RB 209596","",NA,"","","","","",NA,"",NA,"","","","Floresta ombrófila densa submontana. Latossolo vermelho/argiloso.","","","",NA,NA,NA,"São Paulo","São Paulo","brazil",1130,"São Paulo",3550308,-46.647014,-23.64989,"SAO PAULO","SP","São Paulo",-48.72944932,-22.26440593,"São Paulo","sp",-23.003889,-45.384444,"original coordinates","original coordinates outside municipality original in sao paulo falls in pindamonhangaba"
"43","Tachigali paratyensis",1090554164,-23.0058,-46.8389,"gass84,txmatfuz","1064b787-c882-493e-b17d-4ffba363b776","c47cd3b0-2178-4a4b-87a6-740b482970a9","none","b38ff2b7-c8af-454e-b5af-ee760f0d5bca","BR","DWC_ARCHIVE","2018-11-23T18:20:12.470+0000","2017-12-29T14:14:05.902+0000",129,"none","PRESERVED_SPECIMEN",NA,3932243,6,7707728,220,1370,5386,2945125,3932243,3932243,"Tachigali paratyensis (Vell.) H.C.Lima","Tachigali paratyensis (Vell.) H.C.Lima","Plantae","Tracheophyta","Fabales","Fabaceae","Tachigali","Tachigali paratyensis","Tachigali","paratyensis","SPECIES","ACCEPTED","2013-11-19T00:00:00",NA,NA,"São Paulo",1975,5,19,"1975-05-19T00:00:00","2018-12-08T04:43:17.541+0000","http://creativecommons.org/licenses/by-nc/4.0/legalcode","none","none","none","WGS84","Magnoliopsida","BR","Brazil","IAC - Herbário do Instituto Agronômico de Campinas","BRA:IAC:IAC:0000025643","s/nº","IAC - Herbário do Instituto Agronômico de Campinas","Itatiba","Estrada Itatiba-Bragança Paulista","pt","IAC",1090554164,"BRA:IAC:IAC:0000025643","Collection","","A.S. Antônio","25643","IAC","Instituto Agronômico de Campinas, IAC","","A.M.G. Azevedo-Tozzi & R.B. Pinto","2017-06-09T13:56:44.000+0000","","",NA,"","","","","",NA,"",NA,"","","","","","","",NA,NA,NA,"Itatiba","São Paulo","brazil",1337,"Itatiba",3523404,-46.814257,-23.006578,"SAO PAULO","SP","São Paulo",-48.72944932,-22.26440593,"São Paulo","sp",-23.0058,-46.8389,"original coordinates","original coordinates OK"
"44","Tachigali paratyensis",912115135,-15.37,-39.37,"gass84,txmatfuz","cd6e21c8-9e8a-493a-8a76-fbf7862069e5","061b4f20-f241-11da-a328-b8a03c50a862","none","996e30f8-f762-11e1-a439-00145eb45e9a","GB","DWC_ARCHIVE","2018-06-12T07:02:26.272+0000","2018-04-09T10:51:09.316+0000",96,"none","PRESERVED_SPECIMEN",NA,3932243,6,7707728,220,1370,5386,2945125,3932243,3932243,"Tachigali paratyensis (Vell.) H.C.Lima","Tachigali paratyensis (Vell.) H.C.Lima","Plantae","Tracheophyta","Fabales","Fabaceae","Tachigali","Tachigali paratyensis","Tachigali","paratyensis","SPECIES","ACCEPTED","none",NA,NA,"",1965,4,13,"1965-04-13T00:00:00","2018-12-07T23:20:35.431+0000","http://creativecommons.org/licenses/by/4.0/legalcode","none","none","none","WGS84","Magnoliopsida","BR","Brazil","","K000057176","840","","Canavieiras","Rodovia Camacã-Canavieiras, 50km de Canavieiras.","","Herbarium",912115135,"http://specimens.kew.org/herbarium/K000057176","","","Belém, R.P.; Magalhães, M.","K000057176","K","","","Lewis, G.P.","2007-03-20T14:34:03.857+0000","","",NA,"","","","","",NA,"",NA,"","","","","map estimate","Canavieiras","LEGUMINOSAE-CAESALPINIOIDEAE",NA,NA,NA,"Canavieiras","","brazil",NA,"",NA,NA,NA,"","","",NA,NA,NA,"",-15.37,-39.37,"original coordinates","original coordinates outside municipality original in canavieiras falls in santa luzia"
"45","Tachigali paratyensis",1090553205,-22.9028,-43.2075,"gass84,txmatfuz","1064b787-c882-493e-b17d-4ffba363b776","c47cd3b0-2178-4a4b-87a6-740b482970a9","none","b38ff2b7-c8af-454e-b5af-ee760f0d5bca","BR","DWC_ARCHIVE","2018-11-23T18:20:11.843+0000","2017-12-29T14:14:05.485+0000",129,"none","PRESERVED_SPECIMEN",NA,3932243,6,7707728,220,1370,5386,2945125,3932243,3932243,"Tachigali paratyensis (Vell.) H.C.Lima","Tachigali paratyensis (Vell.) H.C.Lima","Plantae","Tracheophyta","Fabales","Fabaceae","Tachigali","Tachigali paratyensis","Tachigali","paratyensis","SPECIES","ACCEPTED","2006-12-19T00:00:00",NA,NA,"Rio de Janeiro",1965,4,2,"1965-04-02T00:00:00","2018-12-08T04:43:17.010+0000","http://creativecommons.org/licenses/by-nc/4.0/legalcode","none","none","none","WGS84","Magnoliopsida","BR","Brazil","IAC - Herbário do Instituto Agronômico de Campinas","BRA:IAC:IAC:0000024570","s/nº","IAC - Herbário do Instituto Agronômico de Campinas","Rio de Janeiro","Guanabara, Barra da Tijuca, estrada de vista chinesa, km 2","pt","IAC",1090553205,"BRA:IAC:IAC:0000024570","Collection","","J.P. Lanna Sobrinho","24570","IAC","Instituto Agronômico de Campinas, IAC","","L.F.G. Silva","2017-06-09T13:56:44.000+0000","","",NA,"","","","","",NA,"",NA,"","","","","","","",NA,NA,NA,"Rio de Janeiro","Rio de Janeiro","brazil",1360,"Rio de Janeiro",3304557,-43.45231,-22.924471,"RIO DE JANEIRO","RJ","Rio de Janeiro",-42.66307908,-22.19581555,"Rio de Janeiro","rj",-22.9028,-43.2075,"original coordinates","original coordinates OK"
"46","Tachigali paratyensis",1423970984,-21.966667,-41.966667,"cdround,gass84","4300f8d5-1ae5-49e5-a101-63894b005868","838537fc-4aeb-4980-8b58-97fbdcd1d91a","none","da7fe11a-b42c-46cb-9e9d-02243edb738a","BR","DWC_ARCHIVE","2018-10-02T15:37:37.245+0000","2018-09-24T19:59:17.500+0000",207,"none","PRESERVED_SPECIMEN",NA,3932243,6,7707728,220,1370,5386,2945125,3932243,3932243,"Tachigali paratyensis (Vell.) H.C.Lima","Tachigali paratyensis (Vell.) H.C.Lima","Plantae","Tracheophyta","Fabales","Fabaceae","Tachigali","Tachigali paratyensis","Tachigali","paratyensis","SPECIES","ACCEPTED","none",750,50,"Rio de Janeiro",NA,NA,NA,"none","2018-12-06T16:55:57.900+0000","http://creativecommons.org/licenses/by/4.0/legalcode","none","none","none","WGS84","Magnoliopsida","BR","Brazil","Rio de Janeiro Botanical Garden","urn:catalog:JBRJ:RB:158021","","RB - Rio de Janeiro Botanical Garden Herbarium Collection","Santa Maria Madalena","Parque Estadual do Desengano, Serra da Rifa, Picada para a Pedra Lisa. Parque Estadual do Desengano","","RB",1423970984,"urn:catalog:JBRJ:RB:158021","PhysicalObject","","H.C. de Lima; C.Farney, R.H.P.Andreatta, T.Wendt, J.C.Gomes","RB00158021","JBRJ","","Árv. grande com 28 m alt, tronco com casca lisa e acinzentada, DAP 45 cm, frutos passados no chão","L. da Silva","2017-10-18T01:26:28.912+0000","RB 393357","",NA,"","","","","",NA,"",NA,"","","","mata alta de encosta","","","",NA,NA,NA,"Santa Maria Madalena","Rio de Janeiro","brazil",1716,"Santa Maria Madalena",3304607,-41.912957,-21.969462,"RIO DE JANEIRO","RJ","Rio de Janeiro",-42.66307908,-22.19581555,"Rio de Janeiro","rj",-21.966667,-41.966667,"original coordinates","original coordinates OK"
"47","Tachigali paratyensis",1090521612,-16.333333,-39.133333,"gass84","bc81e05b-ed51-46ba-a0a4-90fbae9b5545","c6aacf9d-a5a7-4d7f-a6fc-ea0a4b8ec450","none","b38ff2b7-c8af-454e-b5af-ee760f0d5bca","BR","DWC_ARCHIVE","2018-11-24T12:34:44.360+0000","2018-11-24T12:34:44.403+0000",122,"none","PRESERVED_SPECIMEN",NA,3932243,6,7707728,220,1370,5386,2945125,3932243,3932243,"Tachigali paratyensis (Vell.) H.C.Lima","Tachigali paratyensis (Vell.) H.C.Lima","Plantae","Tracheophyta","Fabales","Fabaceae","Tachigali","Tachigali paratyensis","Tachigali","paratyensis","SPECIES","ACCEPTED","none",100,0,"Bahia",NA,NA,NA,"none","2018-12-08T04:43:02.510+0000","http://creativecommons.org/licenses/by-nc/4.0/legalcode","none","none","none","WGS84","Magnoliopsida","BR","Brazil","CEPEC - Herbário do Centro de Pesquisas do Cacau","BRA:CEPLAC:CEPEC:0000140372","","CEPEC - Herbário do Centro de Pesquisas do Cacau","PORTO SEGURO","RPPN Estação Veracel","pt","CEPEC",1090521612,"BRA:CEPLAC:CEPEC:0000140372","Collection","","Carvalho, G. M.","140372","Comissão Executiva do Plano da Lavoura Cacaueira (CEPLAC)","Comissão Executiva do Plano da Lavoura Cacaueira (CEPLAC)","Indvíduo P17-09","Sem Informação","2018-11-14T18:09:42.000+0000","","",NA,"","","","","",NA,"",NA,"","","","","","","",NA,NA,NA,"PORTO SEGURO","Bahia","brazil",2962,"Porto Seguro",2925303,-39.278757,-16.625586,"BAHIA","BA","Bahia",-41.72018023,-12.47295682,"Bahia","ba",-16.333333,-39.133333,"original coordinates","original coordinates outside municipality original in porto seguro falls in santa cruz cabralia"
