"","name","key","decimalLatitude","decimalLongitude","issues","datasetKey","publishingOrgKey","networkKeys","installationKey","publishingCountry","protocol","lastCrawled","lastParsed","crawlId","extensions","basisOfRecord","taxonKey","kingdomKey","phylumKey","classKey","orderKey","familyKey","genusKey","speciesKey","acceptedTaxonKey","scientificName","acceptedScientificName","kingdom","phylum","order","family","genus","species","genericName","specificEpithet","taxonRank","taxonomicStatus","dateIdentified","elevation","elevationAccuracy","stateProvince.original","year","month","day","eventDate","modified","lastInterpreted","license","identifiers","facts","relations","geodeticDatum","class","countryCode","country.original","rightsHolder","identifier","recordNumber","datasetName","municipality.original","language","collectionCode","gbifID","occurrenceID","type","recordedBy","catalogNumber","institutionCode","ownerInstitutionCode","occurrenceRemarks","identifiedBy","locality","continent","otherCatalogNumbers","references","institutionID","nomenclaturalCode","verbatimEventDate","endDayOfYear","county","preparations","startDayOfYear","verbatimElevation","collectionID","higherGeography","fieldNumber","verbatimLocality","identificationID","coordinateUncertaintyInMeters","habitat","georeferenceProtocol","georeferenceSources","occurrenceStatus","vernacularName","taxonConceptID","establishmentMeans","individualCount","georeferencedDate","identificationRemarks","typeStatus","organismID","datasetID","accessRights","higherClassification","municipality","stateProvince","country","FID","NOME","GEOCODIGO","POINT_X","POINT_Y","NOMEUF","SIGLAUF","estados_shp","x_estado","y_estado","nome","sigla","new_Lat","new_Lon","notes","comments"
"1","Cassia leptophylla",1840922197,-24.367778,-51.950278,"cdround,gass84","b9a43c60-d2b6-445c-9362-2db65465c963","34e6e625-47cf-4d42-8054-af0c2f1b6e64","none","b38ff2b7-c8af-454e-b5af-ee760f0d5bca","BR","DWC_ARCHIVE","2018-11-23T15:39:28.941+0000","2018-10-24T15:38:19.883+0000",121,"none","PRESERVED_SPECIMEN",5357169,6,7707728,220,1370,5386,2963414,5357169,5357169,"Cassia leptophylla Vogel","Cassia leptophylla Vogel","Plantae","Tracheophyta","Fabales","Fabaceae","Cassia","Cassia leptophylla","Cassia","leptophylla","SPECIES","ACCEPTED","2018-02-16T00:00:00",633,0,"Paraná",2018,1,31,"2018-01-31T00:00:00","2018-10-11T17:20:05.000+0000","2018-12-08T19:50:35.112+0000","http://creativecommons.org/licenses/by-nc/4.0/legalcode","none","none","none","WGS84","Magnoliopsida","BR","Brazil","FURB - Herbário Dr. Roberto Miguel Klein","BRA:FURB:FURB:0000057570","7984","FURB - Herbário Dr. Roberto Miguel Klein","Nova Tebas","pt","FURB",1840922197,"BRA:FURB:FURB:0000057570","Collection","Caxambu, M.G.; Siqueira, E.L.; Zubek, H.; Brito, L.F.","57570","Universidade Regional de Blumenau, FURB","Universidade Regional de Blumenau, FURB","Frutos imaturos verdes com cerca de 45cm. Final de floração. Relevo ondulado","Caxambu, M.G.","","","","","","","",NA,"","",NA,"","","",NA,NA,NA,NA,"","","",NA,NA,NA,"",NA,"",NA,"",NA,"","","","Nova Tebas","Paraná","brazil",983,"Nova Tebas",4117271,-51.94442,-24.459436,"PARANA","PR","Paraná",-51.61693027,-24.63581955,"Paraná","pr",-24.367778,-51.950278,"original coordinates","original coordinates OK"
"2","Cassia leptophylla",1829089102,-24.36775,-51.958639,"gass84","dd31ac22-63d4-4bb4-a987-5eece5ffadb8","042a7696-696b-492b-ad3e-4076807eaeed","none","b38ff2b7-c8af-454e-b5af-ee760f0d5bca","BR","DWC_ARCHIVE","2018-11-24T12:32:17.793+0000","2018-11-24T12:32:17.842+0000",118,"none","PRESERVED_SPECIMEN",5357169,6,7707728,220,1370,5386,2963414,5357169,5357169,"Cassia leptophylla Vogel","Cassia leptophylla Vogel","Plantae","Tracheophyta","Fabales","Fabaceae","Cassia","Cassia leptophylla","Cassia","leptophylla","SPECIES","ACCEPTED","2018-02-16T00:00:00",633,0,"Paraná",2018,1,31,"2018-01-31T00:00:00","","2018-11-24T12:32:30.310+0000","http://creativecommons.org/licenses/by-nc/4.0/legalcode","none","none","none","WGS84","Magnoliopsida","BR","Brazil","HCF - Herbário da Universidade Tecnológica Federal do Paraná Campus Campo Mourão","BRA:UTFPR:HCF:0000024922","7984","HCF - Herbário da Universidade Tecnológica Federal do Paraná Campus Campo Mourão","Nova Tebas","pt","HCF",1829089102,"BRA:UTFPR:HCF:0000024922","Collection","M.G. Caxambu","24922","Universidade Tecnológica Federal do Paraná (UTFPR)","Universidade Tecnológica Federal do Paraná (UTFPR)","árvore ca. 10 m, heliófita. Frutos imaturos verdes com cerca de 45 cm. Final de floração. Orla de fragmento.","M.G. Caxambu","Estação Ecológica Municipal Reinaldo","","","","","","",NA,"","",NA,"","","",NA,NA,NA,NA,"","","",NA,NA,NA,"",NA,"",NA,"",NA,"","","","Nova Tebas","Paraná","brazil",983,"Nova Tebas",4117271,-51.94442,-24.459436,"PARANA","PR","Paraná",-51.61693027,-24.63581955,"Paraná","pr",-24.36775,-51.958639,"original coordinates","original coordinates OK"
"3","Cassia leptophylla",1840928977,-25.4483,-49.2319,"gass84","767bddaa-9e6a-4eb1-bd12-f94a2b39a7d6","f6e2efc9-42a3-47ea-99c6-3eda8d653cc9","none","b38ff2b7-c8af-454e-b5af-ee760f0d5bca","BR","DWC_ARCHIVE","2018-11-24T12:35:24.629+0000","2018-11-24T12:35:24.647+0000",123,"none","PRESERVED_SPECIMEN",5357169,6,7707728,220,1370,5386,2963414,5357169,5357169,"Cassia leptophylla Vogel","Cassia leptophylla Vogel","Plantae","Tracheophyta","Fabales","Fabaceae","Cassia","Cassia leptophylla","Cassia","leptophylla","SPECIES","ACCEPTED","2018-03-21T00:00:00",924,0,"Paraná",2018,3,21,"2018-03-21T00:00:00","2018-11-19T18:52:45.000+0000","2018-12-08T19:50:39.233+0000","http://creativecommons.org/licenses/by-nc/4.0/legalcode","none","none","none","WGS84","Magnoliopsida","BR","Brazil","EFC - Herbário Escola de Florestas Curitiba","BRA:UFPR:EFC:0000016429","263","EFC - Herbário Escola de Florestas Curitiba","Curitiba","pt","EFC",1840928977,"BRA:UFPR:EFC:0000016429","Collection","Dall Agnol, R.T.","16429","Universidade Federal do Paraná, UFPR","Universidade Federal do Paraná, UFPR","Árvore 7 m, legumes lenhosos, achatados e angulosos. Cultivada __COMMOM_NAME__: Falso-barbatimão","Dall Agnol, R.T.","UFPR Campus Politécnico","","","","","","",NA,"","",NA,"","","",NA,NA,NA,NA,"","","",NA,NA,NA,"",NA,"",NA,"",NA,"","","","Curitiba","Paraná","brazil",875,"Curitiba",4106902,-49.288236,-25.478163,"PARANA","PR","Paraná",-51.61693027,-24.63581955,"Paraná","pr",-25.4483,-49.2319,"original coordinates","original coordinates OK"
"4","Cassia leptophylla",1840928984,-25.4445,-49.2369,"gass84","767bddaa-9e6a-4eb1-bd12-f94a2b39a7d6","f6e2efc9-42a3-47ea-99c6-3eda8d653cc9","none","b38ff2b7-c8af-454e-b5af-ee760f0d5bca","BR","DWC_ARCHIVE","2018-11-24T12:35:24.597+0000","2018-11-24T12:35:24.605+0000",123,"none","PRESERVED_SPECIMEN",5357169,6,7707728,220,1370,5386,2963414,5357169,5357169,"Cassia leptophylla Vogel","Cassia leptophylla Vogel","Plantae","Tracheophyta","Fabales","Fabaceae","Cassia","Cassia leptophylla","Cassia","leptophylla","SPECIES","ACCEPTED","2018-03-22T00:00:00",930,0,"Paraná",2018,3,22,"2018-03-22T00:00:00","2018-11-19T18:52:45.000+0000","2018-12-08T19:50:39.284+0000","http://creativecommons.org/licenses/by-nc/4.0/legalcode","none","none","none","WGS84","Magnoliopsida","BR","Brazil","EFC - Herbário Escola de Florestas Curitiba","BRA:UFPR:EFC:0000016431","264","EFC - Herbário Escola de Florestas Curitiba","Curitiba","pt","EFC",1840928984,"BRA:UFPR:EFC:0000016431","Collection","Dall Agnol, R.T.","16431","Universidade Federal do Paraná, UFPR","Universidade Federal do Paraná, UFPR","Árvore 9 m, racemos terminais, flores amareladas. Cultivada __COMMOM_NAME__: Falso-barbatimão","Dall Agnol, R.T.","Fundação Ecumênica de proteção ao excepcional","","","","","","",NA,"","",NA,"","","",NA,NA,NA,NA,"","","",NA,NA,NA,"",NA,"",NA,"",NA,"","","","Curitiba","Paraná","brazil",875,"Curitiba",4106902,-49.288236,-25.478163,"PARANA","PR","Paraná",-51.61693027,-24.63581955,"Paraná","pr",-25.4445,-49.2369,"original coordinates","original coordinates OK"
"5","Cassia leptophylla",1840925111,-21.766306,-48.173083,"cdround,gass84","1064b787-c882-493e-b17d-4ffba363b776","c47cd3b0-2178-4a4b-87a6-740b482970a9","none","b38ff2b7-c8af-454e-b5af-ee760f0d5bca","BR","DWC_ARCHIVE","2018-11-23T18:20:32.157+0000","2018-07-04T12:05:12.825+0000",129,"none","PRESERVED_SPECIMEN",5357169,6,7707728,220,1370,5386,2963414,5357169,5357169,"Cassia leptophylla Vogel","Cassia leptophylla Vogel","Plantae","Tracheophyta","Fabales","Fabaceae","Cassia","Cassia leptophylla","Cassia","leptophylla","SPECIES","ACCEPTED","2017-11-28T00:00:00",NA,NA,"São Paulo",2017,10,5,"2017-10-05T00:00:00","2018-06-15T17:02:38.000+0000","2018-12-08T19:50:36.935+0000","http://creativecommons.org/licenses/by-nc/4.0/legalcode","none","none","none","WGS84","Magnoliopsida","BR","Brazil","IAC - Herbário do Instituto Agronômico de Campinas","BRA:IAC:IAC:0000056582","s/nº","IAC - Herbário do Instituto Agronômico de Campinas","Araraquara","pt","IAC",1840925111,"BRA:IAC:IAC:0000056582","Collection","A.C.Q. Silva & J.A.Teixeira","56582","IAC","Instituto Agronômico de Campinas, IAC","Coordenadas do material: 21°45#?#58,7""S, 48°10#?#23,1""W","N.A.G. Escobar & J.Y. Tamashiro","Avenida Napoleão Selmi Dei com a Avenida Doutor Agostinho Tucci","","","","","","",NA,"","",NA,"","","",NA,NA,NA,NA,"","","",NA,NA,NA,"",NA,"",NA,"",NA,"","","","Araraquara","São Paulo","brazil",1780,"Araraquara",3503208,-48.181075,-21.791286,"SAO PAULO","SP","São Paulo",-48.72944932,-22.26440593,"São Paulo","sp",-21.766306,-48.173083,"original coordinates","original coordinates OK"
"6","Cassia leptophylla",1802964179,-29.794963,-51.154938,"gass84","fe8c1017-5941-4703-8f81-5023028a32ab","94a9c3b2-d54d-4938-811b-e91e091eeb28","none","b38ff2b7-c8af-454e-b5af-ee760f0d5bca","BR","DWC_ARCHIVE","2018-11-14T17:16:50.795+0000","2018-10-11T11:56:24.100+0000",123,"none","PRESERVED_SPECIMEN",5357169,6,7707728,220,1370,5386,2963414,5357169,5357169,"Cassia leptophylla Vogel","Cassia leptophylla Vogel","Plantae","Tracheophyta","Fabales","Fabaceae","Cassia","Cassia leptophylla","Cassia","leptophylla","SPECIES","ACCEPTED","2015-08-12T00:00:00",40,0,"Rio Grande do Sul",2015,1,20,"2015-01-20T00:00:00","2018-09-28T11:48:30.000+0000","2018-12-08T07:13:36.377+0000","http://creativecommons.org/licenses/by-nc/4.0/legalcode","none","none","none","WGS84","Magnoliopsida","BR","Brazil","PACA-AGP - Herbarium Anchieta","BRA:IAP:PACA-AGP:0000115605","","PACA-AGP - Herbarium Anchieta","São Leopoldo","pt","PACA-AGP",1802964179,"BRA:IAP:PACA-AGP:0000115605","Collection","Silveira, L.","115605","IAP","Instituto Anchietano de Pesquisas (IAP)","JBU 96274; caule sem látex; folhas compostas com face adaxial e abaxial glabra. Habitat: ambiente antropizado Hábito: arbórea","Nardino, M","Câmpus UNISINOS, Centro Administrativo, frente Herval","","","","","","",NA,"","",NA,"","","",NA,NA,NA,NA,"","","",NA,NA,NA,"",NA,"",NA,"",NA,"","","","São Leopoldo","Rio Grande do Sul","brazil",93,"São Leopoldo",4318705,-51.145249,-29.755286,"RIO GRANDE DO SUL","RS","Rio Grande do Sul",-53.24495754,-29.78635099,"Rio Grande do Sul","rs",-29.794963,-51.154938,"original coordinates","original coordinates OK"
"7","Cassia leptophylla",1077426105,-26.731667,-50.131944,"cdround,gass84","b9a43c60-d2b6-445c-9362-2db65465c963","34e6e625-47cf-4d42-8054-af0c2f1b6e64","none","b38ff2b7-c8af-454e-b5af-ee760f0d5bca","BR","DWC_ARCHIVE","2018-11-23T15:39:21.537+0000","2018-10-24T15:38:16.071+0000",121,"none","PRESERVED_SPECIMEN",5357169,6,7707728,220,1370,5386,2963414,5357169,5357169,"Cassia leptophylla Vogel","Cassia leptophylla Vogel","Plantae","Tracheophyta","Fabales","Fabaceae","Cassia","Cassia leptophylla","Cassia","leptophylla","SPECIES","ACCEPTED","2015-03-21T00:00:00",790,0,"Santa Catarina",2015,3,21,"2015-03-21T00:00:00","2018-10-11T17:20:05.000+0000","2018-12-06T14:18:07.824+0000","http://creativecommons.org/licenses/by-nc/4.0/legalcode","none","none","none","WGS84","Magnoliopsida","BR","Brazil","FURB - Herbário Dr. Roberto Miguel Klein","BRA:FURB:FURB:0000047033","2069","FURB - Herbário Dr. Roberto Miguel Klein","Papanduva","pt","FURB",1077426105,"BRA:FURB:FURB:0000047033","Collection","Oliveira, A.A. de","47033","Universidade Regional de Blumenau, FURB","Universidade Regional de Blumenau, FURB","","Oliveira, AA de","São João do Mirador.","","","","","","",NA,"","",NA,"","","",NA,NA,NA,NA,"","","",NA,NA,NA,"",NA,"",NA,"",NA,"","","","Papanduva","Santa Catarina","brazil",758,"Papanduva",4212205,-50.171918,-26.501911,"SANTA CATARINA","SC","Santa Catarina",-50.48226937,-27.24592878,"Santa Catarina","sc",-26.731667,-50.131944,"original coordinates","original coordinates OK"
"8","Cassia leptophylla",1095182593,-24.427528,-52.844194,"gass84","dd31ac22-63d4-4bb4-a987-5eece5ffadb8","042a7696-696b-492b-ad3e-4076807eaeed","none","b38ff2b7-c8af-454e-b5af-ee760f0d5bca","BR","DWC_ARCHIVE","2018-11-24T12:32:10.069+0000","2018-11-24T12:32:10.155+0000",118,"none","PRESERVED_SPECIMEN",5357169,6,7707728,220,1370,5386,2963414,5357169,5357169,"Cassia leptophylla Vogel","Cassia leptophylla Vogel","Plantae","Tracheophyta","Fabales","Fabaceae","Cassia","Cassia leptophylla","Cassia","leptophylla","SPECIES","ACCEPTED","2015-05-15T00:00:00",517,0,"Paraná",2015,4,10,"2015-04-10T00:00:00","","2018-11-24T12:32:20.349+0000","http://creativecommons.org/licenses/by-nc/4.0/legalcode","none","none","none","WGS84","Magnoliopsida","BR","Brazil","HCF - Herbário da Universidade Tecnológica Federal do Paraná Campus Campo Mourão","BRA:UTFPR:HCF:0000016684","1443","HCF - Herbário da Universidade Tecnológica Federal do Paraná Campus Campo Mourão","Juranda","pt","HCF",1095182593,"BRA:UTFPR:HCF:0000016684","Collection","E.L. Siqueira","16684","Universidade Tecnológica Federal do Paraná (UTFPR)","Universidade Tecnológica Federal do Paraná (UTFPR)","árvore ca. 10 m. Frutos ca. 0,45 m, de cor castanha.","M.G. Caxambu","Chácara São Jorge - Propriedade do Sr.","","","","","","",NA,"","",NA,"","","",NA,NA,NA,NA,"","","",NA,NA,NA,"",NA,"",NA,"",NA,"","","","Juranda","Paraná","brazil",993,"Juranda",4112959,-52.836027,-24.397624,"PARANA","PR","Paraná",-51.61693027,-24.63581955,"Paraná","pr",-24.427528,-52.844194,"original coordinates","original coordinates OK"
"9","Cassia leptophylla",1095353542,-29.365278,-49.877222,"gass84","2273e40d-26c2-4959-aea2-b6abcce16d09","04481953-6112-489f-bb8d-9703d787e3ea","none","b38ff2b7-c8af-454e-b5af-ee760f0d5bca","BR","DWC_ARCHIVE","2018-12-03T13:50:21.130+0000","2018-12-03T15:52:54.013+0000",122,"none","PRESERVED_SPECIMEN",5357169,6,7707728,220,1370,5386,2963414,5357169,5357169,"Cassia leptophylla Vogel","Cassia leptophylla Vogel","Plantae","Tracheophyta","Fabales","Fabaceae","Cassia","Cassia leptophylla","Cassia","leptophylla","SPECIES","ACCEPTED","none",15,0,"Rio Grande do Sul",2014,1,19,"2014-01-19T00:00:00","2018-11-14T19:01:49.000+0000","2018-12-03T15:54:06.799+0000","http://creativecommons.org/licenses/by-nc/4.0/legalcode","none","none","none","WGS84","Magnoliopsida","BR","Brazil","ICN - Herbário do Instituto de Ciências Naturais","BRA:UFRGS:ICN:0000171990","s.n.","ICN - Herbário do Instituto de Ciências Naturais","Dom Pedro de Alcântara","pt","ICN",1095353542,"BRA:UFRGS:ICN:0000171990","Collection","Molz, M; Grings, M; Seger, G","171990","UFRGS","Universidade Federal do Rio Grande do Sul (UFRGS)","WGS-84","Molz, M","","SOUTH_AMERICA","","","","","",NA,"","",NA,"","","",NA,NA,NA,NA,"","","",NA,NA,NA,"",NA,"",NA,"",NA,"","","","Dom Pedro de Alcântara","Rio Grande do Sul","brazil",186,"Dom Pedro de Alcântara",4306551,-49.85538,-29.367481,"RIO GRANDE DO SUL","RS","Rio Grande do Sul",-53.24495754,-29.78635099,"Rio Grande do Sul","rs",-29.365278,-49.877222,"original coordinates","original coordinates OK"
"10","Cassia leptophylla",1090892817,-6.206667,-57.824444,"gass84","86aea6d0-e340-4745-a596-3fc20f90a021","eae63642-6f0d-45b9-a079-6ecd34406631","none","b38ff2b7-c8af-454e-b5af-ee760f0d5bca","BR","DWC_ARCHIVE","2018-11-23T18:22:28.485+0000","2018-11-23T18:22:28.512+0000",122,"none","PRESERVED_SPECIMEN",5357169,6,7707728,220,1370,5386,2963414,5357169,5357169,"Cassia leptophylla Vogel","Cassia leptophylla Vogel","Plantae","Tracheophyta","Fabales","Fabaceae","Cassia","Cassia leptophylla","Cassia","leptophylla","SPECIES","ACCEPTED","none",NA,NA,"Pará",2012,8,NA,"2012-08-01T00:00:00","2018-11-01T18:57:26.000+0000","2018-12-09T06:15:04.603+0000","http://creativecommons.org/licenses/by-nc/4.0/legalcode","none","none","none","WGS84","Magnoliopsida","BR","Brazil","MAR - Herbário do Maranhão","BRA:UFMA:MAR:0000005755","915","MAR - Herbário do Maranhão","Jacareacanga","pt","MAR",1090892817,"BRA:UFMA:MAR:0000005755","Collection","Lucas, F.C.A","5755","UFMA","Universidade Federal do Maranhão (UFMA)","Árvore de 7m de altura com inflorescência amarela.","Silva, C. A. S da","Reserva Crapuri","","","","","","",NA,"","",NA,"","","",NA,NA,NA,NA,"","","",NA,NA,NA,"",NA,"",NA,"",NA,"","","","Jacareacanga","Pará","brazil",4424,"Jacareacanga",1503754,-57.303127,-7.445992,"PARA","PA","Pará",-53.0625366,-3.972184,"Pará","pa",-6.206667,-57.824444,"original coordinates","original coordinates OK"
"11","Cassia leptophylla",1806848160,-24.26474,-48.6072,"gass84","1bb3cae3-b91f-4109-8a2d-a1f05f2d6fd3","76dbcb10-efc5-4d5f-87a5-bcd409fc92c8","none","b38ff2b7-c8af-454e-b5af-ee760f0d5bca","BR","DWC_ARCHIVE","2018-11-24T12:30:52.197+0000","2018-09-25T14:05:49.756+0000",126,"none","PRESERVED_SPECIMEN",5357169,6,7707728,220,1370,5386,2963414,5357169,5357169,"Cassia leptophylla Vogel","Cassia leptophylla Vogel","Plantae","Tracheophyta","Fabales","Fabaceae","Cassia","Cassia leptophylla","Cassia","leptophylla","SPECIES","ACCEPTED","none",NA,NA,"São Paulo",2012,12,17,"2012-12-17T00:00:00","2018-08-21T18:31:11.000+0000","2018-12-10T04:45:37.568+0000","http://creativecommons.org/licenses/by-nc/4.0/legalcode","none","none","none","WGS84","Magnoliopsida","BR","Brazil","SPF - Herbário da Universidade de São Paulo","BRA:USP:SPF:0000217134","35116","SPF - Herbário da Universidade de São Paulo","Guapiara","pt","SPF",1806848160,"BRA:USP:SPF:0000217134","Collection","Souza, VC","217134","USP","Universidade de São Paulo, USP","","Anônimo","17,7 km do centro de Guapiara em direção a Apiaí. Área antropizada.","","","","","","",NA,"","",NA,"","","",NA,NA,NA,NA,"","","",NA,NA,NA,"",NA,"",NA,"",NA,"","","","Guapiara","São Paulo","brazil",1016,"Guapiara",3517604,-48.555649,-24.212246,"SAO PAULO","SP","São Paulo",-48.72944932,-22.26440593,"São Paulo","sp",-24.26474,-48.6072,"original coordinates","original coordinates OK"
"12","Cassia leptophylla",1095634458,-24.111389,-50.723333,"gass84","3b8e9d83-b2d4-4a97-973c-31d98b67b1e9","ab5c0b99-5af3-4958-b03c-0b7e85481cc1","none","b38ff2b7-c8af-454e-b5af-ee760f0d5bca","BR","DWC_ARCHIVE","2018-12-03T15:24:32.483+0000","2018-06-04T19:36:07.746+0000",118,"none","PRESERVED_SPECIMEN",5357169,6,7707728,220,1370,5386,2963414,5357169,5357169,"Cassia leptophylla Vogel","Cassia leptophylla Vogel","Plantae","Tracheophyta","Fabales","Fabaceae","Cassia","Cassia leptophylla","Cassia","leptophylla","SPECIES","ACCEPTED","2011-12-09T00:00:00",635,115,"Paraná",2011,12,9,"2011-12-09T00:00:00","","2018-07-07T12:38:48.637+0000","http://creativecommons.org/licenses/by-nc/4.0/legalcode","none","none","none","WGS84","Magnoliopsida","BR","Brazil","MBM - Herbário do Museu Botânico Municipal","BRA:MBM:MBM:0000389766","493","MBM - Herbário do Museu Botânico Municipal","Ortigueira","pt","MBM",1095634458,"BRA:MBM:MBM:0000389766","Collection","Bonaldi, RA","389766","MBM","Museu Botânico Municipal de Curitiba, MBM","Árvore, 8m.; Floresta Ombrófila Mista.","Selusniaki, M","UHE Mauá","SOUTH_AMERICA","","","","","",NA,"","",NA,"","","",NA,NA,NA,NA,"","","",NA,NA,NA,"",NA,"",NA,"",NA,"","","","Ortigueira","Paraná","brazil",1029,"Ortigueira",4117305,-50.946979,-24.135193,"PARANA","PR","Paraná",-51.61693027,-24.63581955,"Paraná","pr",-24.111389,-50.723333,"original coordinates","original coordinates OK"
"13","Cassia leptophylla",1927902087,-22.6686,-47.90219,"elmms,gass84","d415c253-4d61-4459-9d25-4015b9084fb0","ae447c50-b8a8-11d8-92a4-b8a03c50a862","none","17017c2c-036b-45d9-b045-606d21b00771","US","DWC_ARCHIVE","2018-11-18T14:45:31.260+0000","2018-11-18T14:45:31.295+0000",96,"none","PRESERVED_SPECIMEN",5357169,6,7707728,220,1370,5386,2963414,5357169,5357169,"Cassia leptophylla Vogel","Cassia leptophylla Vogel","Plantae","Tracheophyta","Fabales","Fabaceae","Cassia","Cassia leptophylla","Cassia","leptophylla","SPECIES","ACCEPTED","none",313.25,313.25,"SÃ£o Paulo",2011,12,24,"2011-12-24T00:00:00","","2018-12-05T23:31:09.495+0000","http://creativecommons.org/publicdomain/zero/1.0/legalcode","none","none","none","WGS84","Magnoliopsida","BR","Brazil","The New York Botanical Garden","097356a9-eba6-4cce-bfeb-abc844dedd3e","645","Vascular plants","","en","NY",1927902087,"097356a9-eba6-4cce-bfeb-abc844dedd3e","PhysicalObject","L. Biral","02474153","NY","","","","UNESP campus Lageado, ao lado da rodovia que corta o campus","SOUTH_AMERICA","","http://sweetgum.nybg.org/science/vh/specimen_details.php?irn=2685569","http://biocol.org/urn:lsid:biocol.org:col:15556","ICN","24 Dec 2011",358,"Botucatu","sheet",358,"2055 ft","http://biocol.org/urn:lsid:biocol.org:col:15556","",NA,NA,NA,NA,"","","",NA,NA,NA,"",NA,"",NA,"",NA,"","","","","SÃ£o Paulo","brazil",NA,"",NA,NA,NA,"","","São Paulo",-48.72944932,-22.26440593,"São Paulo","sp",-22.6686,-47.90219,"original coordinates","original coordinates outside municipality original in  falls in piracicaba"
"14","Cassia leptophylla",1090697594,-22.668611,-47.913122,"gass84","fdf55163-54d8-4bc7-862d-7e41068589e3","6215eac7-a176-4a7f-9bba-552b3f5ba9a3","none","b38ff2b7-c8af-454e-b5af-ee760f0d5bca","BR","DWC_ARCHIVE","2018-11-24T12:32:43.879+0000","2018-06-04T12:04:39.109+0000",126,"none","PRESERVED_SPECIMEN",5357169,6,7707728,220,1370,5386,2963414,5357169,5357169,"Cassia leptophylla Vogel","Cassia leptophylla Vogel","Plantae","Tracheophyta","Fabales","Fabaceae","Cassia","Cassia leptophylla","Cassia","leptophylla","SPECIES","ACCEPTED","2013-08-16T00:00:00",626,0,"São Paulo",2011,12,24,"2011-12-24T00:00:00","2018-05-23T14:47:01.000+0000","2018-12-08T04:44:15.224+0000","http://creativecommons.org/licenses/by-nc/4.0/legalcode","none","none","none","WGS84","Magnoliopsida","BR","Brazil","HRCB - Herbário Rioclarense","BRA:UNESPRC:HRCB:0000056444","645","HRCB - Herbário Rioclarense","Botucatu","pt","HRCB",1090697594,"BRA:UNESPRC:HRCB:0000056444","Collection","Biral, L.","56444","Universidade Estadual Paulista, UNESP","Universidade Estadual Paulista, UNESP","Árvore, 10m, folíolos membranáceos, cálice verde, corola amarela, filetes amarelos, anteras marrons, estigma verde. Tratado com álcool.","Escobar, N.A.G.","Unesp campus Lageado. Ao lado da rodovia que corta o campus.","","","","","","",NA,"","",NA,"","","",NA,NA,NA,NA,"","","",NA,NA,NA,"",NA,"",NA,"",NA,"","","","Botucatu","São Paulo","brazil",1381,"Botucatu",3507506,-48.467603,-22.862462,"SAO PAULO","SP","São Paulo",-48.72944932,-22.26440593,"São Paulo","sp",-22.668611,-47.913122,"original coordinates","original coordinates outside municipality original in botucatu falls in piracicaba"
"15","Cassia leptophylla",1424429665,-24.044167,-49.085555,"cdround,gass84","4300f8d5-1ae5-49e5-a101-63894b005868","838537fc-4aeb-4980-8b58-97fbdcd1d91a","none","da7fe11a-b42c-46cb-9e9d-02243edb738a","BR","DWC_ARCHIVE","2018-10-02T15:42:17.998+0000","2018-09-24T20:03:34.057+0000",207,"none","PRESERVED_SPECIMEN",5357169,6,7707728,220,1370,5386,2963414,5357169,5357169,"Cassia leptophylla Vogel","Cassia leptophylla Vogel","Plantae","Tracheophyta","Fabales","Fabaceae","Cassia","Cassia leptophylla","Cassia","leptophylla","SPECIES","ACCEPTED","2010-12-30T00:00:00",750,NA,"São Paulo",2010,12,8,"2010-12-08T00:00:00","2017-10-19T06:48:24.834+0000","2018-12-06T17:00:18.012+0000","http://creativecommons.org/licenses/by/4.0/legalcode","none","none","none","WGS84","Magnoliopsida","BR","Brazil","Rio de Janeiro Botanical Garden","urn:catalog:JBRJ:RB:738553","1211","RB - Rio de Janeiro Botanical Garden Herbarium Collection","Itapeva","","RB",1424429665,"urn:catalog:JBRJ:RB:738553","PhysicalObject","R. Cielo-Filho; J.B. Baitello; C.R. lima","RB00738553","JBRJ","","Árvore 9m altura; flores de cor amarela.","G.A.D.C. Franco","Estação Experimental.Nas proximidades da Sede.","","RB 560355","","","","",NA,"","",NA,"","","",NA,NA,NA,NA,"","","",NA,NA,NA,"",NA,"",NA,"",NA,"","","","Itapeva","São Paulo","brazil",1064,"Itapeva",3522406,-48.871639,-23.913268,"SAO PAULO","SP","São Paulo",-48.72944932,-22.26440593,"São Paulo","sp",-24.044167,-49.085555,"original coordinates","original coordinates outside municipality original in itapeva falls in itabera"
"16","Cassia leptophylla",1086913204,-24.044167,-49.085556,"gass84","16ed67e5-fd70-4fd4-85c3-70ea2da627fe","52603cfd-d564-4e89-a466-5e71813677be","none","b38ff2b7-c8af-454e-b5af-ee760f0d5bca","BR","DWC_ARCHIVE","2018-11-24T08:56:57.459+0000","2018-11-24T08:56:57.751+0000",126,"none","PRESERVED_SPECIMEN",5357169,6,7707728,220,1370,5386,2963414,5357169,5357169,"Cassia leptophylla Vogel","Cassia leptophylla Vogel","Plantae","Tracheophyta","Fabales","Fabaceae","Cassia","Cassia leptophylla","Cassia","leptophylla","SPECIES","ACCEPTED","2010-12-30T00:00:00",NA,NA,"São Paulo",2010,12,8,"2010-12-08T00:00:00","2018-11-05T15:53:12.000+0000","2018-12-08T13:01:18.928+0000","http://creativecommons.org/licenses/by-nc/4.0/legalcode","none","none","none","WGS84","Magnoliopsida","BR","Brazil","SPSF - Herbário Dom Bento José Pickel","BRA:IF:SPSF:0000044827","1211","SPSF - Herbário Dom Bento José Pickel","Itapeva","pt","SPSF",1086913204,"BRA:IF:SPSF:0000044827","Collection","R.Cielo-Filho & C.R.Lima & J.B.Baitello","44827","IF","Instituto Florestal, IF","COLETA: Árvore 9m, flores amarelas; GEOGRAFIA: Sede (proximidades);","G.A.D.C. Franco","Estação Experimental","SOUTH_AMERICA","","","","","",NA,"","",NA,"","","",NA,NA,NA,NA,"","","",NA,NA,NA,"",NA,"",NA,"",NA,"","","","Itapeva","São Paulo","brazil",1064,"Itapeva",3522406,-48.871639,-23.913268,"SAO PAULO","SP","São Paulo",-48.72944932,-22.26440593,"São Paulo","sp",-24.044167,-49.085556,"original coordinates","original coordinates outside municipality original in itapeva falls in itabera"
"17","Cassia leptophylla",1848111385,-23.833889,-49.144167,"gass84","16ed67e5-fd70-4fd4-85c3-70ea2da627fe","52603cfd-d564-4e89-a466-5e71813677be","none","b38ff2b7-c8af-454e-b5af-ee760f0d5bca","BR","DWC_ARCHIVE","2018-11-24T08:57:00.558+0000","2018-11-24T08:57:00.609+0000",126,"none","PRESERVED_SPECIMEN",5357169,6,7707728,220,1370,5386,2963414,5357169,5357169,"Cassia leptophylla Vogel","Cassia leptophylla Vogel","Plantae","Tracheophyta","Fabales","Fabaceae","Cassia","Cassia leptophylla","Cassia","leptophylla","SPECIES","ACCEPTED","none",700,0,"São Paulo",2009,11,5,"2009-11-05T00:00:00","2018-11-05T15:53:12.000+0000","2018-12-08T15:07:36.039+0000","http://creativecommons.org/licenses/by-nc/4.0/legalcode","none","none","none","WGS84","Magnoliopsida","BR","Brazil","SPSF - Herbário Dom Bento José Pickel","BRA:IF:SPSF:0000052131","42","SPSF - Herbário Dom Bento José Pickel","Itaberá","pt","SPSF",1848111385,"BRA:IF:SPSF:0000052131","Collection","I. Toffoli & T.M.Ribeiro","52131","IF","Instituto Florestal, IF","COLETA: Árvore de 24m de altura. Material infértil. Indivíduo 6368 da Fitossociologia.; GEOGRAFIA: Floresta Ombrófila Mista.;","T.M.Ribeiro","Estação Ecológica de Itaberá","SOUTH_AMERICA","","","","","",NA,"","",NA,"","","",NA,NA,NA,NA,"","","",NA,NA,NA,"",NA,"",NA,"",NA,"","","","Itaberá","São Paulo","brazil",1074,"Itaberá",3521705,-49.143617,-23.874002,"SAO PAULO","SP","São Paulo",-48.72944932,-22.26440593,"São Paulo","sp",-23.833889,-49.144167,"original coordinates","original coordinates OK"
"18","Cassia leptophylla",1090850275,-24.937222,-53.420556,"gass84","68c90cbc-e74b-4fb6-8ee4-6fa3bd247837","fe647d6c-1c4b-441b-b93b-d310d074b227","none","b38ff2b7-c8af-454e-b5af-ee760f0d5bca","BR","DWC_ARCHIVE","2018-11-23T15:39:54.178+0000","2018-11-23T15:39:54.182+0000",124,"none","PRESERVED_SPECIMEN",5357169,6,7707728,220,1370,5386,2963414,5357169,5357169,"Cassia leptophylla Vogel","Cassia leptophylla Vogel","Plantae","Tracheophyta","Fabales","Fabaceae","Cassia","Cassia leptophylla","Cassia","leptophylla","SPECIES","ACCEPTED","2008-10-01T00:00:00",NA,NA,"Paraná",2008,5,5,"2008-05-05T00:00:00","2018-11-13T17:41:10.000+0000","2018-12-09T06:14:47.684+0000","http://creativecommons.org/licenses/by-nc/4.0/legalcode","none","none","none","WGS84","Magnoliopsida","BR","Brazil","VIC - Herbário da Universidade Federal de Viçosa","BRA:UFV:VIC:0000035410","160","VIC - Herbário da Universidade Federal de Viçosa","Cascavel","pt","VIC",1090850275,"BRA:UFV:VIC:0000035410","Collection","Snak, C.; Poli, L.P.","35410","UFV","Universidade Federal de Viçosa (UFV)","Árvore, c.a. de 12 metros de altura. Lâmina discolor, cartácea. Fruto imaturo verde.","Snak, C.","Parque Ecológico Paulo Gorski","","","","","","",NA,"","",NA,"","","",NA,NA,NA,NA,"","","",NA,NA,NA,"",NA,"",NA,"",NA,"","","","Cascavel","Paraná","brazil",924,"Cascavel",4104808,-53.37938,-25.029307,"PARANA","PR","Paraná",-51.61693027,-24.63581955,"Paraná","pr",-24.937222,-53.420556,"original coordinates","original coordinates OK"
"19","Cassia leptophylla",1090850276,-24.937222,-53.420556,"gass84","68c90cbc-e74b-4fb6-8ee4-6fa3bd247837","fe647d6c-1c4b-441b-b93b-d310d074b227","none","b38ff2b7-c8af-454e-b5af-ee760f0d5bca","BR","DWC_ARCHIVE","2018-11-23T15:39:54.131+0000","2018-11-23T15:39:54.146+0000",124,"none","PRESERVED_SPECIMEN",5357169,6,7707728,220,1370,5386,2963414,5357169,5357169,"Cassia leptophylla Vogel","Cassia leptophylla Vogel","Plantae","Tracheophyta","Fabales","Fabaceae","Cassia","Cassia leptophylla","Cassia","leptophylla","SPECIES","ACCEPTED","2008-11-01T00:00:00",NA,NA,"Paraná",2008,11,21,"2008-11-21T00:00:00","2018-11-13T17:41:10.000+0000","2018-12-09T06:14:47.793+0000","http://creativecommons.org/licenses/by-nc/4.0/legalcode","none","none","none","WGS84","Magnoliopsida","BR","Brazil","VIC - Herbário da Universidade Federal de Viçosa","BRA:UFV:VIC:0000035431","213","VIC - Herbário da Universidade Federal de Viçosa","Cascavel","pt","VIC",1090850276,"BRA:UFV:VIC:0000035431","Collection","Snak, C.; Snak, A.","35431","UFV","Universidade Federal de Viçosa (UFV)","Árvore, c.a. de 7,0 metros de altura. Lâmina discolor, cartácea. Bráctea verde. Botão floral verde. Cálice verde, corola amarela, ovário verde, filete amarelo, antera marrom.","Snak, C.","Parque Ecológico Paulo Gorski","","","","","","",NA,"","",NA,"","","",NA,NA,NA,NA,"","","",NA,NA,NA,"",NA,"",NA,"",NA,"","","","Cascavel","Paraná","brazil",924,"Cascavel",4104808,-53.37938,-25.029307,"PARANA","PR","Paraná",-51.61693027,-24.63581955,"Paraná","pr",-24.937222,-53.420556,"original coordinates","original coordinates OK"
"20","Cassia leptophylla",1086909812,-24.073056,-49.081667,"gass84","16ed67e5-fd70-4fd4-85c3-70ea2da627fe","52603cfd-d564-4e89-a466-5e71813677be","none","b38ff2b7-c8af-454e-b5af-ee760f0d5bca","BR","DWC_ARCHIVE","2018-11-24T08:56:55.943+0000","2018-11-24T08:56:56.015+0000",126,"none","PRESERVED_SPECIMEN",5357169,6,7707728,220,1370,5386,2963414,5357169,5357169,"Cassia leptophylla Vogel","Cassia leptophylla Vogel","Plantae","Tracheophyta","Fabales","Fabaceae","Cassia","Cassia leptophylla","Cassia","leptophylla","SPECIES","ACCEPTED","2008-12-22T00:00:00",700,0,"São Paulo",2008,12,18,"2008-12-18T00:00:00","2018-11-05T15:53:12.000+0000","2018-12-08T13:01:17.105+0000","http://creativecommons.org/licenses/by-nc/4.0/legalcode","none","none","none","WGS84","Magnoliopsida","BR","Brazil","SPSF - Herbário Dom Bento José Pickel","BRA:IF:SPSF:0000041237","168","SPSF - Herbário Dom Bento José Pickel","Itapeva","pt","SPSF",1086909812,"BRA:IF:SPSF:0000041237","Collection","C.R.Lima & R.Cielo-Filho & O.T. Aguiar","41237","IF","Instituto Florestal, IF","COLETA: Árvore, flores de pétalas amarelas.; GEOGRAFIA: Aceiro paralelo ao rio Pirituba.;","R.Cielo-Filho","Estação Experimental","SOUTH_AMERICA","","","","","",NA,"","",NA,"","","",NA,NA,NA,NA,"","","",NA,NA,NA,"",NA,"",NA,"",NA,"","","","Itapeva","São Paulo","brazil",1064,"Itapeva",3522406,-48.871639,-23.913268,"SAO PAULO","SP","São Paulo",-48.72944932,-22.26440593,"São Paulo","sp",-24.073056,-49.081667,"original coordinates","original coordinates OK"
"21","Cassia leptophylla",1077386725,-26.19,-49.77,"gass84","b9a43c60-d2b6-445c-9362-2db65465c963","34e6e625-47cf-4d42-8054-af0c2f1b6e64","none","b38ff2b7-c8af-454e-b5af-ee760f0d5bca","BR","DWC_ARCHIVE","2018-11-23T15:38:57.769+0000","2018-10-24T15:37:59.677+0000",121,"none","PRESERVED_SPECIMEN",5357169,6,7707728,220,1370,5386,2963414,5357169,5357169,"Cassia leptophylla Vogel","Cassia leptophylla Vogel","Plantae","Tracheophyta","Fabales","Fabaceae","Cassia","Cassia leptophylla","Cassia","leptophylla","SPECIES","ACCEPTED","2008-04-01T00:00:00",846,0,"Santa Catarina",2007,11,28,"2007-11-28T00:00:00","2018-10-11T17:20:05.000+0000","2018-12-06T14:17:50.860+0000","http://creativecommons.org/licenses/by-nc/4.0/legalcode","none","none","none","WGS84","Magnoliopsida","BR","Brazil","FURB - Herbário Dr. Roberto Miguel Klein","BRA:FURB:FURB:0000007653","56","FURB - Herbário Dr. Roberto Miguel Klein","Mafra","pt","FURB",1077386725,"BRA:FURB:FURB:0000007653","Collection","Dreveck, S.; Verdi, M. & Godoy, M.B.","7653","Universidade Regional de Blumenau, FURB","Universidade Regional de Blumenau, FURB","Florística IFFSC 1042. Planta cultivada.","Sobral, M","","","","","","","",NA,"","",NA,"","","",NA,NA,NA,NA,"","","",NA,NA,NA,"",NA,"",NA,"",NA,"","","","Mafra","Santa Catarina","brazil",797,"Mafra",4210100,-49.88983,-26.20035,"SANTA CATARINA","SC","Santa Catarina",-50.48226937,-27.24592878,"Santa Catarina","sc",-26.19,-49.77,"original coordinates","original coordinates OK"
"22","Cassia leptophylla",1094832819,-29.819167,-55.876111,"gass84","2e684fd6-09e2-4661-910a-0a188b610c04","60545be9-4f28-4245-b4b4-07635c8dfa54","none","b38ff2b7-c8af-454e-b5af-ee760f0d5bca","BR","DWC_ARCHIVE","2018-11-14T17:18:59.532+0000","2018-11-14T17:18:59.538+0000",124,"none","PRESERVED_SPECIMEN",5357169,6,7707728,220,1370,5386,2963414,5357169,5357169,"Cassia leptophylla Vogel","Cassia leptophylla Vogel","Plantae","Tracheophyta","Fabales","Fabaceae","Cassia","Cassia leptophylla","Cassia","leptophylla","SPECIES","ACCEPTED","none",189,0,"Rio Grande do Sul",2006,11,19,"2006-11-19T00:00:00","","2018-11-14T17:18:59.563+0000","http://creativecommons.org/licenses/by-nc/4.0/legalcode","none","none","none","WGS84","Magnoliopsida","BR","Brazil","HUEFS - Herbario da Universidade Estadual de Feira de Santana","BRA:UEFS:HUEFS:0000115277","12555","HUEFS - Herbario da Universidade Estadual de Feira de Santana","Alegrete","pt","HUEFS",1094832819,"BRA:UEFS:HUEFS:0000115277","Collection","Queiroz, L.P.de","115277","UEFS","Universidade Estadual de Feira de Santana (UEFS)","Cultivada em praças.","","Centro de Alegrete","","","","","","",NA,"","",NA,"","","",NA,NA,NA,NA,"","","",NA,NA,NA,"",NA,"",NA,"",NA,"","","","Alegrete","Rio Grande do Sul","brazil",90,"Alegrete",4300406,-55.835581,-29.764065,"RIO GRANDE DO SUL","RS","Rio Grande do Sul",-53.24495754,-29.78635099,"Rio Grande do Sul","rs",-29.819167,-55.876111,"original coordinates","original coordinates OK"
"23","Cassia leptophylla",1094821041,-12.25,-38.966667,"gass84","2e684fd6-09e2-4661-910a-0a188b610c04","60545be9-4f28-4245-b4b4-07635c8dfa54","none","b38ff2b7-c8af-454e-b5af-ee760f0d5bca","BR","DWC_ARCHIVE","2018-11-14T17:18:51.941+0000","2018-11-14T17:18:51.950+0000",124,"none","PRESERVED_SPECIMEN",5357169,6,7707728,220,1370,5386,2963414,5357169,5357169,"Cassia leptophylla Vogel","Cassia leptophylla Vogel","Plantae","Tracheophyta","Fabales","Fabaceae","Cassia","Cassia leptophylla","Cassia","leptophylla","SPECIES","ACCEPTED","none",NA,NA,"Bahia",2005,12,20,"2005-12-20T00:00:00","","2018-11-14T17:18:51.966+0000","http://creativecommons.org/licenses/by-nc/4.0/legalcode","none","none","none","WGS84","Magnoliopsida","BR","Brazil","HUEFS - Herbario da Universidade Estadual de Feira de Santana","BRA:UEFS:HUEFS:0000103330","11038","HUEFS - Herbario da Universidade Estadual de Feira de Santana","Feira de Santana","pt","HUEFS",1094821041,"BRA:UEFS:HUEFS:0000103330","Collection","Queiroz, L.P.de","103330","UEFS","Universidade Estadual de Feira de Santana (UEFS)","","","Avenida Maria Quitéria, próximo ao Palace.","","","","","","",NA,"","",NA,"","","",NA,NA,NA,NA,"","","",NA,NA,NA,"",NA,"",NA,"",NA,"","","","Feira de Santana","Bahia","brazil",3568,"Feira de Santana",2910800,-39.035855,-12.189517,"BAHIA","BA","Bahia",-41.72018023,-12.47295682,"Bahia","ba",-12.25,-38.966667,"original coordinates","original coordinates OK"
"24","Cassia leptophylla",1090581449,-23.3103,-51.1628,"gass84","1064b787-c882-493e-b17d-4ffba363b776","c47cd3b0-2178-4a4b-87a6-740b482970a9","none","b38ff2b7-c8af-454e-b5af-ee760f0d5bca","BR","DWC_ARCHIVE","2018-11-23T18:20:30.962+0000","2018-07-04T12:05:12.717+0000",129,"none","PRESERVED_SPECIMEN",5357169,6,7707728,220,1370,5386,2963414,5357169,5357169,"Cassia leptophylla Vogel","Cassia leptophylla Vogel","Plantae","Tracheophyta","Fabales","Fabaceae","Cassia","Cassia leptophylla","Cassia","leptophylla","SPECIES","ACCEPTED","2009-07-21T00:00:00",NA,NA,"Paraná",2004,1,30,"2004-01-30T00:00:00","2018-06-15T17:02:38.000+0000","2018-12-08T04:43:31.780+0000","http://creativecommons.org/licenses/by-nc/4.0/legalcode","none","none","none","WGS84","Magnoliopsida","BR","Brazil","IAC - Herbário do Instituto Agronômico de Campinas","BRA:IAC:IAC:0000054630","501","IAC - Herbário do Instituto Agronômico de Campinas","Londrina","pt","IAC",1090581449,"BRA:IAC:IAC:0000054630","Collection","E.M. Francisco","54630","IAC","Instituto Agronômico de Campinas, IAC","encontrada no fragmento 13","R.L.C. Bortoluzzi","Fazenda Figueira","","","","","","",NA,"","",NA,"","","",NA,NA,NA,NA,"","","",NA,NA,NA,"",NA,"",NA,"",NA,"","","","Londrina","Paraná","brazil",1175,"Londrina",4113700,-51.110175,-23.515282,"PARANA","PR","Paraná",-51.61693027,-24.63581955,"Paraná","pr",-23.3103,-51.1628,"original coordinates","original coordinates OK"
"25","Cassia leptophylla",1303203597,-23.55,-46.716667,"gass84","1bb3cae3-b91f-4109-8a2d-a1f05f2d6fd3","76dbcb10-efc5-4d5f-87a5-bcd409fc92c8","none","b38ff2b7-c8af-454e-b5af-ee760f0d5bca","BR","DWC_ARCHIVE","2018-11-24T12:30:40.458+0000","2018-09-25T14:05:14.510+0000",126,"none","PRESERVED_SPECIMEN",5357169,6,7707728,220,1370,5386,2963414,5357169,5357169,"Cassia leptophylla Vogel","Cassia leptophylla Vogel","Plantae","Tracheophyta","Fabales","Fabaceae","Cassia","Cassia leptophylla","Cassia","leptophylla","SPECIES","ACCEPTED","none",NA,NA,"São Paulo",2002,12,17,"2002-12-17T00:00:00","2018-08-21T18:31:11.000+0000","2018-12-07T20:18:41.248+0000","http://creativecommons.org/licenses/by-nc/4.0/legalcode","none","none","none","WGS84","Magnoliopsida","BR","Brazil","SPF - Herbário da Universidade de São Paulo","BRA:USP:SPF:0000159503","210","SPF - Herbário da Universidade de São Paulo","São Paulo","pt","SPF",1303203597,"BRA:USP:SPF:0000159503","Collection","Mendonça, FB","159503","USP","Universidade de São Paulo, USP","","Mendonça, FB","Cidade Universitária Armando de Salles Oliveira","","","","","","",NA,"","",NA,"","","",NA,NA,NA,NA,"","","",NA,NA,NA,"",NA,"",NA,"",NA,"","","","São Paulo","São Paulo","brazil",1130,"São Paulo",3550308,-46.647014,-23.64989,"SAO PAULO","SP","São Paulo",-48.72944932,-22.26440593,"São Paulo","sp",-23.55,-46.716667,"original coordinates","original coordinates OK"
"26","Cassia leptophylla",1303203575,-23.55,-46.716667,"gass84","1bb3cae3-b91f-4109-8a2d-a1f05f2d6fd3","76dbcb10-efc5-4d5f-87a5-bcd409fc92c8","none","b38ff2b7-c8af-454e-b5af-ee760f0d5bca","BR","DWC_ARCHIVE","2018-11-24T12:30:40.285+0000","2018-09-25T14:05:13.805+0000",126,"none","PRESERVED_SPECIMEN",5357169,6,7707728,220,1370,5386,2963414,5357169,5357169,"Cassia leptophylla Vogel","Cassia leptophylla Vogel","Plantae","Tracheophyta","Fabales","Fabaceae","Cassia","Cassia leptophylla","Cassia","leptophylla","SPECIES","ACCEPTED","none",NA,NA,"São Paulo",2002,12,18,"2002-12-18T00:00:00","2018-08-21T18:31:11.000+0000","2018-12-07T20:18:41.240+0000","http://creativecommons.org/licenses/by-nc/4.0/legalcode","none","none","none","WGS84","Magnoliopsida","BR","Brazil","SPF - Herbário da Universidade de São Paulo","BRA:USP:SPF:0000158173","206","SPF - Herbário da Universidade de São Paulo","São Paulo","pt","SPF",1303203575,"BRA:USP:SPF:0000158173","Collection","Mendonça, FB","158173","USP","Universidade de São Paulo, USP","","Mendonça, FB","Cidade Universitária Armando de Salles Oliveira","","","","","","",NA,"","",NA,"","","",NA,NA,NA,NA,"","","",NA,NA,NA,"",NA,"",NA,"",NA,"","","","São Paulo","São Paulo","brazil",1130,"São Paulo",3550308,-46.647014,-23.64989,"SAO PAULO","SP","São Paulo",-48.72944932,-22.26440593,"São Paulo","sp",-23.55,-46.716667,"original coordinates","original coordinates OK"
"27","Cassia leptophylla",1931009269,-24.5721697017341,-49.4200032660961,"cdrep","d415c253-4d61-4459-9d25-4015b9084fb0","ae447c50-b8a8-11d8-92a4-b8a03c50a862","none","17017c2c-036b-45d9-b045-606d21b00771","US","DWC_ARCHIVE","2018-11-18T16:23:52.483+0000","2018-11-18T16:23:52.757+0000",96,"none","PRESERVED_SPECIMEN",5357169,6,7707728,220,1370,5386,2963414,5357169,5357169,"Cassia leptophylla Vogel","Cassia leptophylla Vogel","Plantae","Tracheophyta","Fabales","Fabaceae","Cassia","Cassia leptophylla","Cassia","leptophylla","SPECIES","ACCEPTED","none",0,0,"ParanÃ¡",1999,12,3,"1999-12-03T00:00:00","","2018-12-08T04:57:38.848+0000","http://creativecommons.org/publicdomain/zero/1.0/legalcode","none","none","none","WGS84","Magnoliopsida","BR","Brazil","The New York Botanical Garden","e54de392-8919-4e59-8ab2-a362d655f8f8","69823","Vascular plants","","en","NY",1931009269,"e54de392-8919-4e59-8ab2-a362d655f8f8","PhysicalObject","G. G. Hatschbach","471746","NY","","","R. C. Barneby","Sete Quedas","SOUTH_AMERICA","","http://sweetgum.nybg.org/science/vh/specimen_details.php?irn=85468","http://biocol.org/urn:lsid:biocol.org:col:15556","ICN","03 Dec 1999",337,"Doutor Ulysses","sheet",337,"","http://biocol.org/urn:lsid:biocol.org:col:15556","",NA,NA,NA,32237,"TransiÃ§ao floresta atlantica - araucarieto","Other source","CRIA (Centro de ReferÃªncia em InformaÃ§Ã£o Ambiental)",NA,NA,NA,"",NA,"",NA,"",NA,"","","","","ParanÃ¡","brazil",NA,"",NA,NA,NA,"","","Paraná",-51.61693027,-24.63581955,"Paraná","pr",-24.5721697017341,-49.4200032660961,"original coordinates","original coordinates outside municipality original in  falls in doutor ulysses"
"28","Cassia leptophylla",1086599522,-25.7222,-52.0239,"gass84","767bddaa-9e6a-4eb1-bd12-f94a2b39a7d6","f6e2efc9-42a3-47ea-99c6-3eda8d653cc9","none","b38ff2b7-c8af-454e-b5af-ee760f0d5bca","BR","DWC_ARCHIVE","2018-11-24T12:35:17.091+0000","2018-10-25T12:35:01.592+0000",123,"none","PRESERVED_SPECIMEN",5357169,6,7707728,220,1370,5386,2963414,5357169,5357169,"Cassia leptophylla Vogel","Cassia leptophylla Vogel","Plantae","Tracheophyta","Fabales","Fabaceae","Cassia","Cassia leptophylla","Cassia","leptophylla","SPECIES","ACCEPTED","2018-06-12T00:00:00",650,0,"Paraná",1996,3,11,"1996-03-11T00:00:00","2018-10-16T19:23:01.000+0000","2018-12-06T13:38:17.237+0000","http://creativecommons.org/licenses/by-nc/4.0/legalcode","none","none","none","WGS84","Magnoliopsida","BR","Brazil","EFC - Herbário Escola de Florestas Curitiba","BRA:UFPR:EFC:0000005816","284","EFC - Herbário Escola de Florestas Curitiba","Candói","pt","EFC",1086599522,"BRA:UFPR:EFC:0000005816","Collection","Tiepolo, G.; Ziller, S.R.","5816","Universidade Federal do Paraná, UFPR","Universidade Federal do Paraná, UFPR","Árvore com frutos imaturos verdes e maduros marrons. Salto da Tia Chica. Flores amarelas. Usada para arborização urbana.","Dall Agnol, R.T.","Rio Jordão","","","","","","",NA,"","",NA,"","","",NA,NA,NA,NA,"","","",NA,NA,NA,"",NA,"",NA,"",NA,"","","","Candói","Paraná","brazil",870,"Candói",4104428,-52.020692,-25.524086,"PARANA","PR","Paraná",-51.61693027,-24.63581955,"Paraná","pr",-25.7222,-52.0239,"original coordinates","original coordinates outside municipality original in candoi falls in foz do jordao"
"29","Cassia leptophylla",1086600098,-25.0036,-49.6366,"gass84","767bddaa-9e6a-4eb1-bd12-f94a2b39a7d6","f6e2efc9-42a3-47ea-99c6-3eda8d653cc9","none","b38ff2b7-c8af-454e-b5af-ee760f0d5bca","BR","DWC_ARCHIVE","2018-11-24T12:35:17.516+0000","2018-10-25T12:35:01.449+0000",123,"none","PRESERVED_SPECIMEN",5357169,6,7707728,220,1370,5386,2963414,5357169,5357169,"Cassia leptophylla Vogel","Cassia leptophylla Vogel","Plantae","Tracheophyta","Fabales","Fabaceae","Cassia","Cassia leptophylla","Cassia","leptophylla","SPECIES","ACCEPTED","none",510,0,"Paraná",1996,7,21,"1996-07-21T00:00:00","2018-10-16T19:23:01.000+0000","2018-12-06T13:38:17.535+0000","http://creativecommons.org/licenses/by-nc/4.0/legalcode","none","none","none","WGS84","Magnoliopsida","BR","Brazil","EFC - Herbário Escola de Florestas Curitiba","BRA:UFPR:EFC:0000006480","439","EFC - Herbário Escola de Florestas Curitiba","Campo Largo","pt","EFC",1086600098,"BRA:UFPR:EFC:0000006480","Collection","Tiepolo, G.; Svolenski, A.C.","6480","Universidade Federal do Paraná, UFPR","Universidade Federal do Paraná, UFPR","Frutos maduros, secos. Árvore. Em pastagem. __COMMOM_NAME__: Chuva-de-ouro","Hatschbach, G.","Caverna de Pinheirinho","","","","","","",NA,"","",NA,"","","",NA,NA,NA,NA,"","","",NA,NA,NA,"",NA,"",NA,"",NA,"","","","Campo Largo","Paraná","brazil",898,"Campo Largo",4104204,-49.618295,-25.291656,"PARANA","PR","Paraná",-51.61693027,-24.63581955,"Paraná","pr",-25.0036,-49.6366,"original coordinates","original coordinates outside municipality original in campo largo falls in castro"
"30","Cassia leptophylla",1094713478,-28.678056,-49.37,"cdround,gass84","bb080d40-c63b-4529-bf21-d1782a81e024","2ccb1a0b-1194-4acf-9921-b5daad99cbb8","none","b38ff2b7-c8af-454e-b5af-ee760f0d5bca","BR","DWC_ARCHIVE","2018-11-24T12:32:41.467+0000","2018-10-25T12:34:35.382+0000",128,"none","PRESERVED_SPECIMEN",5357169,6,7707728,220,1370,5386,2963414,5357169,5357169,"Cassia leptophylla Vogel","Cassia leptophylla Vogel","Plantae","Tracheophyta","Fabales","Fabaceae","Cassia","Cassia leptophylla","Cassia","leptophylla","SPECIES","ACCEPTED","none",46,0,"Santa Catarina",1995,11,1,"1995-11-01T00:00:00","","2018-10-25T12:34:49.205+0000","http://creativecommons.org/licenses/by-nc/4.0/legalcode","none","none","none","WGS84","Magnoliopsida","BR","Brazil","CRI - Herbário Pe. Dr. Raulino Reitz","BRA:UNESC:CRI:0000004416","","CRI - Herbário Pe. Dr. Raulino Reitz","Criciúma","pt","CRI",1094713478,"BRA:UNESC:CRI:0000004416","Collection","V. P. Boff","4416","UNESC","Universidade do Extremo Sul Catarinense (UNESC)","","","Quarta Linha.","","","","","","",NA,"","",NA,"","","",NA,NA,NA,NA,"","","",NA,NA,NA,"",NA,"",NA,"",NA,"","","","Criciúma","Santa Catarina","brazil",295,"Criciúma",4204608,-49.380319,-28.717484,"SANTA CATARINA","SC","Santa Catarina",-50.48226937,-27.24592878,"Santa Catarina","sc",-28.678056,-49.37,"original coordinates","original coordinates OK"
"31","Cassia leptophylla",1090556967,-22.863721,-47.086761,"gass84","1064b787-c882-493e-b17d-4ffba363b776","c47cd3b0-2178-4a4b-87a6-740b482970a9","none","b38ff2b7-c8af-454e-b5af-ee760f0d5bca","BR","DWC_ARCHIVE","2018-11-23T18:20:14.548+0000","2018-07-04T12:05:07.229+0000",129,"none","PRESERVED_SPECIMEN",5357169,6,7707728,220,1370,5386,2963414,5357169,5357169,"Cassia leptophylla Vogel","Cassia leptophylla Vogel","Plantae","Tracheophyta","Fabales","Fabaceae","Cassia","Cassia leptophylla","Cassia","leptophylla","SPECIES","ACCEPTED","1991-10-25T00:00:00",NA,NA,"São Paulo",1991,10,25,"1991-10-25T00:00:00","2018-06-15T17:02:38.000+0000","2018-12-08T04:43:19.063+0000","http://creativecommons.org/licenses/by-nc/4.0/legalcode","none","none","none","WGS84","Magnoliopsida","BR","Brazil","IAC - Herbário do Instituto Agronômico de Campinas","BRA:IAC:IAC:0000028627","s/nº","IAC - Herbário do Instituto Agronômico de Campinas","Campinas","pt","IAC",1090556967,"BRA:IAC:IAC:0000028627","Collection","S. Soriano & R.B. Torres","28627","IAC","Instituto Agronômico de Campinas, IAC","","S. Soriano & R.B. Torres","IAC, Fazenda Santa Elisa, Monjolinho","","","","","","",NA,"","",NA,"","","",NA,NA,NA,NA,"","","",NA,NA,NA,"",NA,"",NA,"",NA,"","","","Campinas","São Paulo","brazil",1373,"Campinas",3509502,-47.043665,-22.883678,"SAO PAULO","SP","São Paulo",-48.72944932,-22.26440593,"São Paulo","sp",-22.863721,-47.086761,"original coordinates","original coordinates OK"
"32","Cassia leptophylla",1094710917,-28.285278,-49.298889,"cdround,gass84","bb080d40-c63b-4529-bf21-d1782a81e024","2ccb1a0b-1194-4acf-9921-b5daad99cbb8","none","b38ff2b7-c8af-454e-b5af-ee760f0d5bca","BR","DWC_ARCHIVE","2018-11-24T12:32:39.402+0000","2018-10-25T12:34:33.952+0000",128,"none","PRESERVED_SPECIMEN",5357169,6,7707728,220,1370,5386,2963414,5357169,5357169,"Cassia leptophylla Vogel","Cassia leptophylla Vogel","Plantae","Tracheophyta","Fabales","Fabaceae","Cassia","Cassia leptophylla","Cassia","leptophylla","SPECIES","ACCEPTED","none",300,0,"Santa Catarina",1991,11,28,"1991-11-28T00:00:00","","2018-10-25T12:34:45.749+0000","http://creativecommons.org/licenses/by-nc/4.0/legalcode","none","none","none","WGS84","Magnoliopsida","BR","Brazil","CRI - Herbário Pe. Dr. Raulino Reitz","BRA:UNESC:CRI:0000001073","1351","CRI - Herbário Pe. Dr. Raulino Reitz","Orleans","pt","CRI",1094710917,"BRA:UNESC:CRI:0000001073","Collection","Vanilde Citadini-Zanette; Aurélio José de Aguiar","1073","UNESC","Universidade do Extremo Sul Catarinense (UNESC)","","Marcos Sobral","Rio Novo.","","","","","","",NA,"","",NA,"","","",NA,NA,NA,NA,"","","",NA,NA,NA,"",NA,"",NA,"",NA,"","","","Orleans","Santa Catarina","brazil",372,"Orleans",4211702,-49.372507,-28.280894,"SANTA CATARINA","SC","Santa Catarina",-50.48226937,-27.24592878,"Santa Catarina","sc",-28.285278,-49.298889,"original coordinates","original coordinates OK"
"33","Cassia leptophylla",1930984877,-25.3721764492725,-50.4612795933098,"cdrep","d415c253-4d61-4459-9d25-4015b9084fb0","ae447c50-b8a8-11d8-92a4-b8a03c50a862","none","17017c2c-036b-45d9-b045-606d21b00771","US","DWC_ARCHIVE","2018-11-18T16:23:41.188+0000","2018-11-18T16:23:41.357+0000",96,"none","PRESERVED_SPECIMEN",5357169,6,7707728,220,1370,5386,2963414,5357169,5357169,"Cassia leptophylla Vogel","Cassia leptophylla Vogel","Plantae","Tracheophyta","Fabales","Fabaceae","Cassia","Cassia leptophylla","Cassia","leptophylla","SPECIES","ACCEPTED","none",0,0,"ParanÃ¡",1985,12,18,"1985-12-18T00:00:00","","2018-12-08T04:57:23.524+0000","http://creativecommons.org/publicdomain/zero/1.0/legalcode","none","none","none","WGS84","Magnoliopsida","BR","Brazil","The New York Botanical Garden","e3936e0c-3cda-403c-b244-881ecdec1d55","42","Vascular plants","","en","NY",1930984877,"e3936e0c-3cda-403c-b244-881ecdec1d55","PhysicalObject","J. M. Silva","471732","NY","","","R. C. Barneby","Rod. BR 277","SOUTH_AMERICA","","http://sweetgum.nybg.org/science/vh/specimen_details.php?irn=85469","http://biocol.org/urn:lsid:biocol.org:col:15556","ICN","18 Dec 1985",352,"Teixeira Soares","sheet",352,"","http://biocol.org/urn:lsid:biocol.org:col:15556","",NA,NA,NA,31767,"Araucarieto","Other source","CRIA (Centro de ReferÃªncia em InformaÃ§Ã£o Ambiental)",NA,NA,NA,"",NA,"",NA,"",NA,"","","","","ParanÃ¡","brazil",NA,"",NA,NA,NA,"","","Paraná",-51.61693027,-24.63581955,"Paraná","pr",-25.3721764492725,-50.4612795933098,"original coordinates","original coordinates outside municipality original in  falls in teixeira soares"
"34","Cassia leptophylla",1929077526,-25.3721764492725,-50.4612795933098,"cdrep","d415c253-4d61-4459-9d25-4015b9084fb0","ae447c50-b8a8-11d8-92a4-b8a03c50a862","none","17017c2c-036b-45d9-b045-606d21b00771","US","DWC_ARCHIVE","2018-11-18T14:59:13.130+0000","2018-11-18T14:59:13.140+0000",96,"none","PRESERVED_SPECIMEN",5357169,6,7707728,220,1370,5386,2963414,5357169,5357169,"Cassia leptophylla Vogel","Cassia leptophylla Vogel","Plantae","Tracheophyta","Fabales","Fabaceae","Cassia","Cassia leptophylla","Cassia","leptophylla","SPECIES","ACCEPTED","none",0,0,"ParanÃ¡",1982,12,8,"1982-12-08T00:00:00","","2018-12-08T11:08:12.821+0000","http://creativecommons.org/publicdomain/zero/1.0/legalcode","none","none","none","WGS84","Magnoliopsida","BR","Brazil","The New York Botanical Garden","5ca9f3da-6436-425c-9150-e43c7f15913a","45790","Vascular plants","","en","NY",1929077526,"5ca9f3da-6436-425c-9150-e43c7f15913a","PhysicalObject","G. G. Hatschbach","471739","NY","","","R. C. Barneby","Rio D'Areia","SOUTH_AMERICA","","http://sweetgum.nybg.org/science/vh/specimen_details.php?irn=85470","http://biocol.org/urn:lsid:biocol.org:col:15556","ICN","08 Dec 1982",342,"Teixeira Soares","sheet",342,"","http://biocol.org/urn:lsid:biocol.org:col:15556","",NA,NA,NA,31767,"Araucarieto","Other source","CRIA (Centro de ReferÃªncia em InformaÃ§Ã£o Ambiental)",NA,NA,NA,"",NA,"",NA,"",NA,"","","","","ParanÃ¡","brazil",NA,"",NA,NA,NA,"","","Paraná",-51.61693027,-24.63581955,"Paraná","pr",-25.3721764492725,-50.4612795933098,"original coordinates","original coordinates outside municipality original in  falls in teixeira soares"
"35","Cassia leptophylla",1090553431,-22.9056,-47.065751,"gass84","1064b787-c882-493e-b17d-4ffba363b776","c47cd3b0-2178-4a4b-87a6-740b482970a9","none","b38ff2b7-c8af-454e-b5af-ee760f0d5bca","BR","DWC_ARCHIVE","2018-11-23T18:20:11.986+0000","2018-07-04T12:05:06.565+0000",129,"none","PRESERVED_SPECIMEN",5357169,6,7707728,220,1370,5386,2963414,5357169,5357169,"Cassia leptophylla Vogel","Cassia leptophylla Vogel","Plantae","Tracheophyta","Fabales","Fabaceae","Cassia","Cassia leptophylla","Cassia","leptophylla","SPECIES","ACCEPTED","1981-01-19T00:00:00",NA,NA,"São Paulo",1981,1,19,"1981-01-19T00:00:00","2018-06-15T17:02:38.000+0000","2018-12-08T04:43:17.164+0000","http://creativecommons.org/licenses/by-nc/4.0/legalcode","none","none","none","WGS84","Magnoliopsida","BR","Brazil","IAC - Herbário do Instituto Agronômico de Campinas","BRA:IAC:IAC:0000024801","s/nº","IAC - Herbário do Instituto Agronômico de Campinas","Campinas","pt","IAC",1090553431,"BRA:IAC:IAC:0000024801","Collection","F.A.L. Moraes","24801","IAC","Instituto Agronômico de Campinas, IAC","Identificação confirmada por R.A. Camargo, 2007. Nome popular: falso-barbatimão","F.A.L. Moraes","IAC, Av. Barão de Itapura, Parque","","","","","","",NA,"","",NA,"","","",NA,NA,NA,NA,"","","",NA,NA,NA,"",NA,"",NA,"",NA,"","","","Campinas","São Paulo","brazil",1373,"Campinas",3509502,-47.043665,-22.883678,"SAO PAULO","SP","São Paulo",-48.72944932,-22.26440593,"São Paulo","sp",-22.9056,-47.065751,"original coordinates","original coordinates OK"
"36","Cassia leptophylla",1090567473,-23.5475,-46.6361,"gass84","1064b787-c882-493e-b17d-4ffba363b776","c47cd3b0-2178-4a4b-87a6-740b482970a9","none","b38ff2b7-c8af-454e-b5af-ee760f0d5bca","BR","DWC_ARCHIVE","2018-11-23T18:20:22.005+0000","2018-09-24T19:21:07.359+0000",129,"none","PRESERVED_SPECIMEN",5357169,6,7707728,220,1370,5386,2963414,5357169,5357169,"Cassia leptophylla Vogel","Cassia leptophylla Vogel","Plantae","Tracheophyta","Fabales","Fabaceae","Cassia","Cassia leptophylla","Cassia","leptophylla","SPECIES","ACCEPTED","1982-06-14T00:00:00",NA,NA,"São Paulo",1978,12,14,"1978-12-14T00:00:00","2018-08-07T17:32:51.000+0000","2018-12-08T04:43:24.020+0000","http://creativecommons.org/licenses/by-nc/4.0/legalcode","none","none","none","WGS84","Magnoliopsida","BR","Brazil","IAC - Herbário do Instituto Agronômico de Campinas","BRA:IAC:IAC:0000040578","367","IAC - Herbário do Instituto Agronômico de Campinas","São Paulo","pt","IAC",1090567473,"BRA:IAC:IAC:0000040578","Collection","M.Kirizawa","40578","IAC","Instituto Agronômico de Campinas, IAC","Perto do prédio da divisão do Jardim botânico.","J.B. Irwin & R.C. Barneby","Parque Estadualdas Fontes do Ipiranga, Jardim Botânico","","","","","","",NA,"","",NA,"","","",NA,NA,NA,NA,"","","",NA,NA,NA,"",NA,"",NA,"",NA,"","","","São Paulo","São Paulo","brazil",1130,"São Paulo",3550308,-46.647014,-23.64989,"SAO PAULO","SP","São Paulo",-48.72944932,-22.26440593,"São Paulo","sp",-23.5475,-46.6361,"original coordinates","original coordinates OK"
"37","Cassia leptophylla",1090567792,-23.5475,-46.6361,"gass84","1064b787-c882-493e-b17d-4ffba363b776","c47cd3b0-2178-4a4b-87a6-740b482970a9","none","b38ff2b7-c8af-454e-b5af-ee760f0d5bca","BR","DWC_ARCHIVE","2018-11-23T18:20:22.225+0000","2018-07-04T12:05:09.394+0000",129,"none","PRESERVED_SPECIMEN",5357169,6,7707728,220,1370,5386,2963414,5357169,5357169,"Cassia leptophylla Vogel","Cassia leptophylla Vogel","Plantae","Tracheophyta","Fabales","Fabaceae","Cassia","Cassia leptophylla","Cassia","leptophylla","SPECIES","ACCEPTED","1997-07-17T00:00:00",NA,NA,"São Paulo",1976,12,1,"1976-12-01T00:00:00","2018-06-15T17:01:36.000+0000","2018-12-08T04:43:24.102+0000","http://creativecommons.org/licenses/by-nc/4.0/legalcode","none","none","none","WGS84","Magnoliopsida","BR","Brazil","IAC - Herbário do Instituto Agronômico de Campinas","BRA:IAC:IAC:0000040895","s/nº","IAC - Herbário do Instituto Agronômico de Campinas","São Paulo","pt","IAC",1090567792,"BRA:IAC:IAC:0000040895","Collection","A.M.R. Cruz et al.","40895","IAC","Instituto Agronômico de Campinas, IAC","","G.O. Romão","Parque Estadual das Fontes do Ipiranga, Instituto de Botânica, Jardim Botânico","","","","","","",NA,"","",NA,"","","",NA,NA,NA,NA,"","","",NA,NA,NA,"",NA,"",NA,"",NA,"","","","São Paulo","São Paulo","brazil",1130,"São Paulo",3550308,-46.647014,-23.64989,"SAO PAULO","SP","São Paulo",-48.72944932,-22.26440593,"São Paulo","sp",-23.5475,-46.6361,"original coordinates","original coordinates OK"
"38","Cassia leptophylla",1077426331,-30.034991,-51.214437,"gass84","c525b217-2f59-4b71-a173-68d13da5e8a7","f9357933-83d3-4548-803c-4cae52ebff40","none","b38ff2b7-c8af-454e-b5af-ee760f0d5bca","BR","DWC_ARCHIVE","2018-11-24T12:29:24.390+0000","2018-11-24T12:29:24.512+0000",124,"none","PRESERVED_SPECIMEN",5357169,6,7707728,220,1370,5386,2963414,5357169,5357169,"Cassia leptophylla Vogel","Cassia leptophylla Vogel","Plantae","Tracheophyta","Fabales","Fabaceae","Cassia","Cassia leptophylla","Cassia","leptophylla","SPECIES","ACCEPTED","none",27,0,"Rio Grande do Sul",1974,1,NA,"1974-01-01T00:00:00","2018-11-12T19:21:05.000+0000","2018-12-06T14:18:07.963+0000","http://creativecommons.org/licenses/by-nc/4.0/legalcode","none","none","none","WGS84","Magnoliopsida","BR","Brazil","HAS - Herbário Alarich Rudolf Holger Schultz","BRA:MCN/FZBRS:HAS:0000000249","s.n.","HAS - Herbário Alarich Rudolf Holger Schultz","Porto Alegre","pt","HAS",1077426331,"BRA:MCN/FZBRS:HAS:0000000249","Collection","Soares, Z.; Aguiar, L.","249","Museu de Ciências Naturais - Fundação Zoobotânica do Rio Grande do Sul (MCN-FZBRS)","Museu de Ciências Naturais - Fundação Zoobotânica do Rio Grande do Sul (MCN-FZBRS)","barbatimão","Soares, Z. ; Aguiar, L.","Parque Farroupilha","","","","","","",NA,"","",NA,"","","",NA,NA,NA,NA,"","","",NA,NA,NA,"",NA,"",NA,"",NA,"","","","Porto Alegre","Rio Grande do Sul","brazil",62,"Porto Alegre",4314902,-51.162637,-30.097046,"RIO GRANDE DO SUL","RS","Rio Grande do Sul",-53.24495754,-29.78635099,"Rio Grande do Sul","rs",-30.034991,-51.214437,"original coordinates","original coordinates OK"
"39","Cassia leptophylla",1929375894,-23.646109,-46.618358,"","d415c253-4d61-4459-9d25-4015b9084fb0","ae447c50-b8a8-11d8-92a4-b8a03c50a862","none","17017c2c-036b-45d9-b045-606d21b00771","US","DWC_ARCHIVE","2018-11-18T15:22:25.995+0000","2018-11-18T15:22:26.073+0000",96,"none","PRESERVED_SPECIMEN",5357169,6,7707728,220,1370,5386,2963414,5357169,5357169,"Cassia leptophylla Vogel","Cassia leptophylla Vogel","Plantae","Tracheophyta","Fabales","Fabaceae","Cassia","Cassia leptophylla","Cassia","leptophylla","SPECIES","ACCEPTED","none",0,0,"SÃ£o Paulo",1974,12,2,"1974-12-02T00:00:00","","2018-12-08T16:33:42.671+0000","http://creativecommons.org/publicdomain/zero/1.0/legalcode","none","none","none","WGS84","Magnoliopsida","BR","Brazil","The New York Botanical Garden","71cfdde3-ad7f-41e3-bf60-6ef7042cc46a","2265","Vascular plants","","en","NY",1929375894,"71cfdde3-ad7f-41e3-bf60-6ef7042cc46a","PhysicalObject","O. Handro","471730","NY","","","O. Handro","Jardim BotÃ¡nico de Sao Paulo","SOUTH_AMERICA","","http://sweetgum.nybg.org/science/vh/specimen_details.php?irn=85461","http://biocol.org/urn:lsid:biocol.org:col:15556","ICN","02 Dec 1974",336,"Sao Paulo","sheet",336,"","http://biocol.org/urn:lsid:biocol.org:col:15556","",NA,NA,NA,1336.57,"","Georeferencing Quick Reference Guide, Version 2012","Google Maps (map data 2016), Manis Georef. Calculator",NA,NA,NA,"MANAGED",NA,"2016-03-22",NA,"",NA,"","","","","SÃ£o Paulo","brazil",NA,"",NA,NA,NA,"","","São Paulo",-48.72944932,-22.26440593,"São Paulo","sp",-23.646109,-46.618358,"original coordinates","original coordinates outside municipality original in  falls in sao paulo"
"40","Cassia leptophylla",1930507261,-25.0146696578512,-50.8596051753965,"cdrep","d415c253-4d61-4459-9d25-4015b9084fb0","ae447c50-b8a8-11d8-92a4-b8a03c50a862","none","17017c2c-036b-45d9-b045-606d21b00771","US","DWC_ARCHIVE","2018-11-18T15:59:33.993+0000","2018-11-18T15:59:34.333+0000",96,"none","PRESERVED_SPECIMEN",5357169,6,7707728,220,1370,5386,2963414,5357169,5357169,"Cassia leptophylla Vogel","Cassia leptophylla Vogel","Plantae","Tracheophyta","Fabales","Fabaceae","Cassia","Cassia leptophylla","Cassia","leptophylla","SPECIES","ACCEPTED","none",0,0,"ParanÃ¡",1970,12,20,"1970-12-20T00:00:00","","2018-12-08T19:00:41.926+0000","http://creativecommons.org/publicdomain/zero/1.0/legalcode","none","none","none","WGS84","Magnoliopsida","BR","Brazil","The New York Botanical Garden","c1c3a43b-f726-43b7-98f5-32a225c64b06","25921","Vascular plants","","en","NY",1930507261,"c1c3a43b-f726-43b7-98f5-32a225c64b06","PhysicalObject","G. G. Hatschbach","471745","NY","","","R. C. Barneby","Bitumirim","SOUTH_AMERICA","","http://sweetgum.nybg.org/science/vh/specimen_details.php?irn=85465","http://biocol.org/urn:lsid:biocol.org:col:15556","ICN","20 Dec 1970",354,"IvaÃ­","sheet",354,"","http://biocol.org/urn:lsid:biocol.org:col:15556","",NA,NA,NA,21096,"Mata Araucauria - Ilhex","Other source","CRIA (Centro de ReferÃªncia em InformaÃ§Ã£o Ambiental)",NA,NA,NA,"",NA,"",NA,"",NA,"","","","","ParanÃ¡","brazil",NA,"",NA,NA,NA,"","","Paraná",-51.61693027,-24.63581955,"Paraná","pr",-25.0146696578512,-50.8596051753965,"original coordinates","original coordinates outside municipality original in  falls in ivai"
"41","Cassia leptophylla",1929999789,-25.3994719783354,-51.4588489262839,"cdrep","d415c253-4d61-4459-9d25-4015b9084fb0","ae447c50-b8a8-11d8-92a4-b8a03c50a862","none","17017c2c-036b-45d9-b045-606d21b00771","US","DWC_ARCHIVE","2018-11-18T15:27:55.554+0000","2018-11-18T15:27:55.613+0000",96,"none","PRESERVED_SPECIMEN",5357169,6,7707728,220,1370,5386,2963414,5357169,5357169,"Cassia leptophylla Vogel","Cassia leptophylla Vogel","Plantae","Tracheophyta","Fabales","Fabaceae","Cassia","Cassia leptophylla","Cassia","leptophylla","SPECIES","ACCEPTED","none",0,0,"ParanÃ¡",1967,3,16,"1967-03-16T00:00:00","","2018-12-06T11:24:03.808+0000","http://creativecommons.org/publicdomain/zero/1.0/legalcode","none","none","none","WGS84","Magnoliopsida","BR","Brazil","The New York Botanical Garden","9e2116fc-1c72-40a8-aef1-c37cf636eb8a","4942","Vascular plants","","en","NY",1929999789,"9e2116fc-1c72-40a8-aef1-c37cf636eb8a","PhysicalObject","J. C. Lindeman","471740","NY","","","J. C. Lindeman","Fazenda Reserva, ca. 85 km SW of Guarapuava. Just NW of BarbaquÃ¡","SOUTH_AMERICA","","http://sweetgum.nybg.org/science/vh/specimen_details.php?irn=85475","http://biocol.org/urn:lsid:biocol.org:col:15556","ICN","16 Mar 1967",75,"Guarapuava","sheet",75,"","http://biocol.org/urn:lsid:biocol.org:col:15556","",NA,NA,NA,53832,"Moist, periodically flooded place","Other source","CRIA (Centro de ReferÃªncia em InformaÃ§Ã£o Ambiental)",NA,NA,NA,"",NA,"",NA,"",NA,"","","","","ParanÃ¡","brazil",NA,"",NA,NA,NA,"","","Paraná",-51.61693027,-24.63581955,"Paraná","pr",-25.3994719783354,-51.4588489262839,"original coordinates","original coordinates outside municipality original in  falls in guarapuava"
"42","Cassia leptophylla",1931250905,-25.0146696578512,-50.8596051753965,"cdrep","d415c253-4d61-4459-9d25-4015b9084fb0","ae447c50-b8a8-11d8-92a4-b8a03c50a862","none","17017c2c-036b-45d9-b045-606d21b00771","US","DWC_ARCHIVE","2018-11-18T16:25:44.931+0000","2018-11-18T16:25:44.983+0000",96,"none","PRESERVED_SPECIMEN",5357169,6,7707728,220,1370,5386,2963414,5357169,5357169,"Cassia leptophylla Vogel","Cassia leptophylla Vogel","Plantae","Tracheophyta","Fabales","Fabaceae","Cassia","Cassia leptophylla","Cassia","leptophylla","SPECIES","ACCEPTED","none",0,0,"ParanÃ¡",1966,10,15,"1966-10-15T00:00:00","","2018-12-07T05:42:51.066+0000","http://creativecommons.org/publicdomain/zero/1.0/legalcode","none","none","none","WGS84","Magnoliopsida","BR","Brazil","The New York Botanical Garden","f678f958-20f2-4a71-8b55-2578283118c0","2717","Vascular plants","","en","NY",1931250905,"f678f958-20f2-4a71-8b55-2578283118c0","PhysicalObject","J. C. Lindeman","471735","NY","","","J. C. Lindeman","Roadside 3 km E of IvaÃ­","SOUTH_AMERICA","","http://sweetgum.nybg.org/science/vh/specimen_details.php?irn=85474","http://biocol.org/urn:lsid:biocol.org:col:15556","ICN","15 Oct 1966",288,"IvaÃ­","sheet",288,"","http://biocol.org/urn:lsid:biocol.org:col:15556","",NA,NA,NA,21096,"","Other source","CRIA (Centro de ReferÃªncia em InformaÃ§Ã£o Ambiental)",NA,NA,NA,"",NA,"",NA,"",NA,"","","","","ParanÃ¡","brazil",NA,"",NA,NA,NA,"","","Paraná",-51.61693027,-24.63581955,"Paraná","pr",-25.0146696578512,-50.8596051753965,"original coordinates","original coordinates outside municipality original in  falls in ivai"
"43","Cassia leptophylla",1931085463,-26.340592006233,-49.9070463189656,"cdrep","d415c253-4d61-4459-9d25-4015b9084fb0","ae447c50-b8a8-11d8-92a4-b8a03c50a862","none","17017c2c-036b-45d9-b045-606d21b00771","US","DWC_ARCHIVE","2018-11-18T16:24:28.971+0000","2018-10-19T15:09:19.142+0000",96,"none","PRESERVED_SPECIMEN",5357169,6,7707728,220,1370,5386,2963414,5357169,5357169,"Cassia leptophylla Vogel","Cassia leptophylla Vogel","Plantae","Tracheophyta","Fabales","Fabaceae","Cassia","Cassia leptophylla","Cassia","leptophylla","SPECIES","ACCEPTED","none",1000,0,"Santa Catarina",1965,12,10,"1965-12-10T00:00:00","","2018-12-08T04:58:27.962+0000","http://creativecommons.org/publicdomain/zero/1.0/legalcode","none","none","none","WGS84","Magnoliopsida","BR","Brazil","The New York Botanical Garden","eabb2e23-fcbe-4176-82e6-423d243955b7","17380","Vascular plants","","en","NY",1931085463,"eabb2e23-fcbe-4176-82e6-423d243955b7","PhysicalObject","R. Reitz","471749","NY","","","H. S. Irwin","ParaguaÃ§u, ItaiÃ³","SOUTH_AMERICA","","http://sweetgum.nybg.org/science/vh/specimen_details.php?irn=85484","http://biocol.org/urn:lsid:biocol.org:col:15556","ICN","10 Dec 1965",344,"ItaiÃ³polis","sheet",344,"3281 ft","http://biocol.org/urn:lsid:biocol.org:col:15556","",NA,NA,NA,51919,"Imbuial","Other source","CRIA (Centro de ReferÃªncia em InformaÃ§Ã£o Ambiental)",NA,NA,NA,"",NA,"",NA,"",NA,"","","","","Santa Catarina","brazil",NA,"",NA,NA,NA,"","","Santa Catarina",-50.48226937,-27.24592878,"Santa Catarina","sc",-26.340592006233,-49.9070463189656,"original coordinates","original coordinates outside municipality original in  falls in itaiopolis"
"44","Cassia leptophylla",1929481798,-25.2171718803179,-50.9785145729949,"cdrep","d415c253-4d61-4459-9d25-4015b9084fb0","ae447c50-b8a8-11d8-92a4-b8a03c50a862","none","17017c2c-036b-45d9-b045-606d21b00771","US","DWC_ARCHIVE","2018-11-18T15:23:22.333+0000","2018-11-18T15:23:22.340+0000",96,"none","PRESERVED_SPECIMEN",5357169,6,7707728,220,1370,5386,2963414,5357169,5357169,"Cassia leptophylla Vogel","Cassia leptophylla Vogel","Plantae","Tracheophyta","Fabales","Fabaceae","Cassia","Cassia leptophylla","Cassia","leptophylla","SPECIES","ACCEPTED","none",0,0,"ParanÃ¡",1965,12,14,"1965-12-14T00:00:00","","2018-12-08T21:55:02.905+0000","http://creativecommons.org/publicdomain/zero/1.0/legalcode","none","none","none","WGS84","Magnoliopsida","BR","Brazil","The New York Botanical Garden","7951c24c-e59a-4664-95b0-95f3e73bf43b","17578","Vascular plants","","en","NY",1929481798,"7951c24c-e59a-4664-95b0-95f3e73bf43b","PhysicalObject","R. Reitz","471741","NY","","","H. S. Irwin","","SOUTH_AMERICA","","http://sweetgum.nybg.org/science/vh/specimen_details.php?irn=85483","http://biocol.org/urn:lsid:biocol.org:col:15556","ICN","14 Dec 1965",348,"PrudentÃ³polis","sheet",348,"","http://biocol.org/urn:lsid:biocol.org:col:15556","",NA,NA,NA,61049,"Pinhal","Other source","CRIA (Centro de ReferÃªncia em InformaÃ§Ã£o Ambiental)",NA,NA,NA,"",NA,"",NA,"",NA,"","","","","ParanÃ¡","brazil",NA,"",NA,NA,NA,"","","Paraná",-51.61693027,-24.63581955,"Paraná","pr",-25.2171718803179,-50.9785145729949,"original coordinates","original coordinates outside municipality original in  falls in prudentopolis"
"45","Cassia leptophylla",1929925142,-25.2171718803179,-50.9785145729949,"cdrep","d415c253-4d61-4459-9d25-4015b9084fb0","ae447c50-b8a8-11d8-92a4-b8a03c50a862","none","17017c2c-036b-45d9-b045-606d21b00771","US","DWC_ARCHIVE","2018-11-18T15:27:15.249+0000","2018-11-18T15:27:15.363+0000",96,"none","PRESERVED_SPECIMEN",5357169,6,7707728,220,1370,5386,2963414,5357169,5357169,"Cassia leptophylla Vogel","Cassia leptophylla Vogel","Plantae","Tracheophyta","Fabales","Fabaceae","Cassia","Cassia leptophylla","Cassia","leptophylla","SPECIES","ACCEPTED","none",0,0,"ParanÃ¡",1963,11,5,"1963-11-05T00:00:00","","2018-12-06T11:23:18.880+0000","http://creativecommons.org/publicdomain/zero/1.0/legalcode","none","none","none","WGS84","Magnoliopsida","BR","Brazil","The New York Botanical Garden","98c943bb-8dd6-4ad1-9a90-afd3ff110d73","7671","Vascular plants","","en","NY",1929925142,"98c943bb-8dd6-4ad1-9a90-afd3ff110d73","PhysicalObject","E. Pereira","471742","NY","","","R. C. Barneby","Rio dos Patos","SOUTH_AMERICA","","http://sweetgum.nybg.org/science/vh/specimen_details.php?irn=85467","http://biocol.org/urn:lsid:biocol.org:col:15556","ICN","05 Nov 1963",309,"PrudentÃ³polis","sheet",309,"","http://biocol.org/urn:lsid:biocol.org:col:15556","",NA,NA,NA,61049,"","Other source","CRIA (Centro de ReferÃªncia em InformaÃ§Ã£o Ambiental)",NA,NA,NA,"",NA,"",NA,"",NA,"","","","","ParanÃ¡","brazil",NA,"",NA,NA,NA,"","","Paraná",-51.61693027,-24.63581955,"Paraná","pr",-25.2171718803179,-50.9785145729949,"original coordinates","original coordinates outside municipality original in  falls in prudentopolis"
"46","Cassia leptophylla",1094715014,-27.223333,-50.98,"cdround,gass84","bb080d40-c63b-4529-bf21-d1782a81e024","2ccb1a0b-1194-4acf-9921-b5daad99cbb8","none","b38ff2b7-c8af-454e-b5af-ee760f0d5bca","BR","DWC_ARCHIVE","2018-11-24T12:32:42.972+0000","2018-11-24T12:32:42.988+0000",128,"none","PRESERVED_SPECIMEN",5357169,6,7707728,220,1370,5386,2963414,5357169,5357169,"Cassia leptophylla Vogel","Cassia leptophylla Vogel","Plantae","Tracheophyta","Fabales","Fabaceae","Cassia","Cassia leptophylla","Cassia","leptophylla","SPECIES","ACCEPTED","none",750,0,"",1962,12,13,"1962-12-13T00:00:00","","2018-11-24T12:32:43.402+0000","http://creativecommons.org/licenses/by-nc/4.0/legalcode","none","none","none","WGS84","Magnoliopsida","BR","Brazil","CRI - Herbário Pe. Dr. Raulino Reitz","BRA:UNESC:CRI:0000006938","3956","CRI - Herbário Pe. Dr. Raulino Reitz","Monte","pt","CRI",1094715014,"BRA:UNESC:CRI:0000006938","Collection","R. M. Klein","6938","UNESC","Universidade do Extremo Sul Catarinense (UNESC)","","S. F. Smith","","","","","","","",NA,"","",NA,"","","",NA,NA,NA,NA,"","","",NA,NA,NA,"",NA,"",NA,"",NA,"","","","Monte","","brazil",NA,"",NA,NA,NA,"","","",NA,NA,NA,"",-27.223333,-50.98,"original coordinates","original coordinates outside municipality original in monte falls in monte carlo"
"47","Cassia leptophylla",1094714920,-26.462778,-50.231389,"cdround,gass84","bb080d40-c63b-4529-bf21-d1782a81e024","2ccb1a0b-1194-4acf-9921-b5daad99cbb8","none","b38ff2b7-c8af-454e-b5af-ee760f0d5bca","BR","DWC_ARCHIVE","2018-11-24T12:32:42.816+0000","2018-11-24T12:32:42.835+0000",128,"none","PRESERVED_SPECIMEN",5357169,6,7707728,220,1370,5386,2963414,5357169,5357169,"Cassia leptophylla Vogel","Cassia leptophylla Vogel","Plantae","Tracheophyta","Fabales","Fabaceae","Cassia","Cassia leptophylla","Cassia","leptophylla","SPECIES","ACCEPTED","none",750,0,"",1962,12,13,"1962-12-13T00:00:00","","2018-11-24T12:32:43.220+0000","http://creativecommons.org/licenses/by-nc/4.0/legalcode","none","none","none","WGS84","Magnoliopsida","BR","Brazil","CRI - Herbário Pe. Dr. Raulino Reitz","BRA:UNESC:CRI:0000006861","","CRI - Herbário Pe. Dr. Raulino Reitz","Monte","pt","CRI",1094714920,"BRA:UNESC:CRI:0000006861","Collection","R. M. Klein","6861","UNESC","Universidade do Extremo Sul Catarinense (UNESC)","","S. F. Smith","","","","","","","",NA,"","",NA,"","","",NA,NA,NA,NA,"","","",NA,NA,NA,"",NA,"",NA,"",NA,"","","","Monte","","brazil",NA,"",NA,NA,NA,"","","",NA,NA,NA,"",-26.462778,-50.231389,"original coordinates","original coordinates outside municipality original in monte falls in monte castelo"
"48","Cassia leptophylla",1928642522,-27.2183045638794,-49.6437326941371,"cdrep","d415c253-4d61-4459-9d25-4015b9084fb0","ae447c50-b8a8-11d8-92a4-b8a03c50a862","none","17017c2c-036b-45d9-b045-606d21b00771","US","DWC_ARCHIVE","2018-11-18T14:51:00.375+0000","2018-10-19T13:52:29.524+0000",96,"none","PRESERVED_SPECIMEN",5357169,6,7707728,220,1370,5386,2963414,5357169,5357169,"Cassia leptophylla Vogel","Cassia leptophylla Vogel","Plantae","Tracheophyta","Fabales","Fabaceae","Cassia","Cassia leptophylla","Cassia","leptophylla","SPECIES","ACCEPTED","none",350,0,"Santa Catarina",1958,11,25,"1958-11-25T00:00:00","","2018-12-08T19:27:44.963+0000","http://creativecommons.org/publicdomain/zero/1.0/legalcode","none","none","none","WGS84","Magnoliopsida","BR","Brazil","The New York Botanical Garden","3dda0e6d-500d-4fcc-bbf5-de9d53577d69","7615","Vascular plants","","en","NY",1928642522,"3dda0e6d-500d-4fcc-bbf5-de9d53577d69","PhysicalObject","R. Reitz","471750","NY","","","A. E. Burkart","Matador","SOUTH_AMERICA","","http://sweetgum.nybg.org/science/vh/specimen_details.php?irn=85481","http://biocol.org/urn:lsid:biocol.org:col:15556","ICN","25 Nov 1958",329,"Rio do Sul","sheet",329,"1148 ft","http://biocol.org/urn:lsid:biocol.org:col:15556","",NA,NA,NA,15163,"Mata de vargem","Other source","CRIA (Centro de ReferÃªncia em InformaÃ§Ã£o Ambiental)",NA,NA,NA,"",NA,"",NA,"",NA,"","","","","Santa Catarina","brazil",NA,"",NA,NA,NA,"","","Santa Catarina",-50.48226937,-27.24592878,"Santa Catarina","sc",-27.2183045638794,-49.6437326941371,"original coordinates","original coordinates outside municipality original in  falls in rio do sul"
"49","Cassia leptophylla",1930588836,-28.3970202709931,-49.3973219390802,"cdrep","d415c253-4d61-4459-9d25-4015b9084fb0","ae447c50-b8a8-11d8-92a4-b8a03c50a862","none","17017c2c-036b-45d9-b045-606d21b00771","US","DWC_ARCHIVE","2018-11-18T16:00:10.805+0000","2018-10-19T14:48:49.549+0000",96,"none","PRESERVED_SPECIMEN",5357169,6,7707728,220,1370,5386,2963414,5357169,5357169,"Cassia leptophylla Vogel","Cassia leptophylla Vogel","Plantae","Tracheophyta","Fabales","Fabaceae","Cassia","Cassia leptophylla","Cassia","leptophylla","SPECIES","ACCEPTED","none",300,0,"Santa Catarina",1958,12,17,"1958-12-17T00:00:00","","2018-12-09T01:20:17.603+0000","http://creativecommons.org/publicdomain/zero/1.0/legalcode","none","none","none","WGS84","Magnoliopsida","BR","Brazil","The New York Botanical Garden","c7890956-ce37-43de-91c0-728ebcc1c87c","8084","Vascular plants","","en","NY",1930588836,"c7890956-ce37-43de-91c0-728ebcc1c87c","PhysicalObject","R. Reitz","471751","NY","","","A. E. Burkart","Pinhal da Cia., Itanema, Lauro Mueller","SOUTH_AMERICA","","http://sweetgum.nybg.org/science/vh/specimen_details.php?irn=85482","http://biocol.org/urn:lsid:biocol.org:col:15556","ICN","17 Dec 1958",351,"Lauro Muller","sheet",351,"984 ft","http://biocol.org/urn:lsid:biocol.org:col:15556","",NA,NA,NA,15992,"Pinhal","Other source","CRIA (Centro de ReferÃªncia em InformaÃ§Ã£o Ambiental)",NA,NA,NA,"",NA,"",NA,"",NA,"","","","","Santa Catarina","brazil",NA,"",NA,NA,NA,"","","Santa Catarina",-50.48226937,-27.24592878,"Santa Catarina","sc",-28.3970202709931,-49.3973219390802,"original coordinates","original coordinates outside municipality original in  falls in lauro muller"
"50","Cassia leptophylla",1928092392,-27.0608031135342,-49.5184229581099,"cdrep","d415c253-4d61-4459-9d25-4015b9084fb0","ae447c50-b8a8-11d8-92a4-b8a03c50a862","none","17017c2c-036b-45d9-b045-606d21b00771","US","DWC_ARCHIVE","2018-11-18T14:46:58.122+0000","2018-11-18T14:46:58.188+0000",96,"none","PRESERVED_SPECIMEN",5357169,6,7707728,220,1370,5386,2963414,5357169,5357169,"Cassia leptophylla Vogel","Cassia leptophylla Vogel","Plantae","Tracheophyta","Fabales","Fabaceae","Cassia","Cassia leptophylla","Cassia","leptophylla","SPECIES","ACCEPTED","none",0,0,"Santa Catarina",1953,11,23,"1953-11-23T00:00:00","","2018-12-05T23:32:57.487+0000","http://creativecommons.org/publicdomain/zero/1.0/legalcode","none","none","none","WGS84","Magnoliopsida","BR","Brazil","The New York Botanical Garden","16fe7876-3c78-4182-a5b5-57a46af6ae7c","44","Vascular plants","","en","NY",1928092392,"16fe7876-3c78-4182-a5b5-57a46af6ae7c","PhysicalObject","A. Gevieski","471748","NY","","","A. E. Burkart","","SOUTH_AMERICA","","http://sweetgum.nybg.org/science/vh/specimen_details.php?irn=85480","http://biocol.org/urn:lsid:biocol.org:col:15556","ICN","23 Nov 1953",327,"Ibirama","sheet",327,"","http://biocol.org/urn:lsid:biocol.org:col:15556","",NA,NA,NA,18533,"Pasto","Other source","CRIA (Centro de ReferÃªncia em InformaÃ§Ã£o Ambiental)",NA,NA,NA,"",NA,"",NA,"",NA,"","","","","Santa Catarina","brazil",NA,"",NA,NA,NA,"","","Santa Catarina",-50.48226937,-27.24592878,"Santa Catarina","sc",-27.0608031135342,-49.5184229581099,"original coordinates","original coordinates outside municipality original in  falls in ibirama"
"51","Cassia leptophylla",1930288372,-23.654505,-46.621883,"","d415c253-4d61-4459-9d25-4015b9084fb0","ae447c50-b8a8-11d8-92a4-b8a03c50a862","none","17017c2c-036b-45d9-b045-606d21b00771","US","DWC_ARCHIVE","2018-11-18T15:57:55.720+0000","2018-11-18T15:57:55.818+0000",96,"none","PRESERVED_SPECIMEN",5357169,6,7707728,220,1370,5386,2963414,5357169,5357169,"Cassia leptophylla Vogel","Cassia leptophylla Vogel","Plantae","Tracheophyta","Fabales","Fabaceae","Cassia","Cassia leptophylla","Cassia","leptophylla","SPECIES","ACCEPTED","none",0,0,"SÃ£o Paulo",1952,1,17,"1952-01-17T00:00:00","","2018-12-09T03:35:20.926+0000","http://creativecommons.org/publicdomain/zero/1.0/legalcode","none","none","none","WGS84","Magnoliopsida","BR","Brazil","The New York Botanical Garden","b24fdb4c-1c23-4fdf-94e6-d7a561b8d02a","","Vascular plants","","en","NY",1930288372,"b24fdb4c-1c23-4fdf-94e6-d7a561b8d02a","PhysicalObject","M. Kuhlmann","471737","NY","","","F. C. Hoehne","Parque do Estado de Sao Paulo","SOUTH_AMERICA","","http://sweetgum.nybg.org/science/vh/specimen_details.php?irn=85479","http://biocol.org/urn:lsid:biocol.org:col:15556","ICN","17 Jan 1952",17,"Sao Paulo","sheet",17,"","http://biocol.org/urn:lsid:biocol.org:col:15556","",NA,NA,NA,2176.57,"","Georeferencing Quick Reference Guide, Version 2012","Google Maps (map data 2016), Manis Georef. Calculator",NA,NA,NA,"MANAGED",NA,"2016-03-18",NA,"",NA,"","","","","SÃ£o Paulo","brazil",NA,"",NA,NA,NA,"","","São Paulo",-48.72944932,-22.26440593,"São Paulo","sp",-23.654505,-46.621883,"original coordinates","original coordinates outside municipality original in  falls in sao paulo"
"52","Cassia leptophylla",1090537629,-22.9056,-47.0608,"gass84","1064b787-c882-493e-b17d-4ffba363b776","c47cd3b0-2178-4a4b-87a6-740b482970a9","none","b38ff2b7-c8af-454e-b5af-ee760f0d5bca","BR","DWC_ARCHIVE","2018-11-23T18:20:00.678+0000","2018-07-04T12:05:02.670+0000",129,"none","PRESERVED_SPECIMEN",5357169,6,7707728,220,1370,5386,2963414,5357169,5357169,"Cassia leptophylla Vogel","Cassia leptophylla Vogel","Plantae","Tracheophyta","Fabales","Fabaceae","Cassia","Cassia leptophylla","Cassia","leptophylla","SPECIES","ACCEPTED","1949-08-03T00:00:00",NA,NA,"São Paulo",1944,1,18,"1944-01-18T00:00:00","2018-06-15T17:02:38.000+0000","2018-12-08T04:43:09.520+0000","http://creativecommons.org/licenses/by-nc/4.0/legalcode","none","none","none","WGS84","Magnoliopsida","BR","Brazil","IAC - Herbário do Instituto Agronômico de Campinas","BRA:IAC:IAC:0000007272","s/nº","IAC - Herbário do Instituto Agronômico de Campinas","Campinas","pt","IAC",1090537629,"BRA:IAC:IAC:0000007272","Collection","C.G. Teixeira","7272","IAC","Instituto Agronômico de Campinas, IAC","Identificação confirmada por G.O. Romão & V.C. Souza, 1999","D.M. Dedecca","Fonte São Paulo","","","","","","",NA,"","",NA,"","","",NA,NA,NA,NA,"","","",NA,NA,NA,"",NA,"",NA,"",NA,"","","","Campinas","São Paulo","brazil",1373,"Campinas",3509502,-47.043665,-22.883678,"SAO PAULO","SP","São Paulo",-48.72944932,-22.26440593,"São Paulo","sp",-22.9056,-47.0608,"original coordinates","original coordinates OK"
"53","Cassia leptophylla",1929098961,-23.654505,-46.621883,"","d415c253-4d61-4459-9d25-4015b9084fb0","ae447c50-b8a8-11d8-92a4-b8a03c50a862","none","17017c2c-036b-45d9-b045-606d21b00771","US","DWC_ARCHIVE","2018-11-18T15:01:52.669+0000","2018-11-18T15:01:52.708+0000",96,"none","PRESERVED_SPECIMEN",5357169,6,7707728,220,1370,5386,2963414,5357169,5357169,"Cassia leptophylla Vogel","Cassia leptophylla Vogel","Plantae","Tracheophyta","Fabales","Fabaceae","Cassia","Cassia leptophylla","Cassia","leptophylla","SPECIES","ACCEPTED","none",0,0,"SÃ£o Paulo",1944,11,28,"1944-11-28T00:00:00","","2018-12-09T06:42:19.189+0000","http://creativecommons.org/publicdomain/zero/1.0/legalcode","none","none","none","WGS84","Magnoliopsida","BR","Brazil","The New York Botanical Garden","5e21d564-0bd2-45a5-a899-1adec9366810","","Vascular plants","","en","NY",1929098961,"5e21d564-0bd2-45a5-a899-1adec9366810","PhysicalObject","W. Hoehne","471747","NY","","","W. Hoehne","Parque do Estado","SOUTH_AMERICA","","http://sweetgum.nybg.org/science/vh/specimen_details.php?irn=85476","http://biocol.org/urn:lsid:biocol.org:col:15556","ICN","28 Nov 1944",333,"Sao Paulo","sheet",333,"","http://biocol.org/urn:lsid:biocol.org:col:15556","",NA,NA,NA,2176.57,"","Georeferencing Quick Reference Guide, Version 2012","Google Maps (map data 2016), Manis Georef. Calculator",NA,NA,NA,"",NA,"2016-03-18",NA,"",NA,"","","","","SÃ£o Paulo","brazil",NA,"",NA,NA,NA,"","","São Paulo",-48.72944932,-22.26440593,"São Paulo","sp",-23.654505,-46.621883,"original coordinates","original coordinates outside municipality original in  falls in sao paulo"
"54","Cassia leptophylla",1930893420,-23.5441635944115,-46.6304063522203,"cdrep","d415c253-4d61-4459-9d25-4015b9084fb0","ae447c50-b8a8-11d8-92a4-b8a03c50a862","none","17017c2c-036b-45d9-b045-606d21b00771","US","DWC_ARCHIVE","2018-11-18T16:22:57.178+0000","2018-11-18T16:22:57.205+0000",96,"none","PRESERVED_SPECIMEN",5357169,6,7707728,220,1370,5386,2963414,5357169,5357169,"Cassia leptophylla Vogel","Cassia leptophylla Vogel","Plantae","Tracheophyta","Fabales","Fabaceae","Cassia","Cassia leptophylla","Cassia","leptophylla","SPECIES","ACCEPTED","none",0,0,"SÃ£o Paulo",1936,12,24,"1936-12-24T00:00:00","","2018-12-08T04:56:19.097+0000","http://creativecommons.org/publicdomain/zero/1.0/legalcode","none","none","none","WGS84","Magnoliopsida","BR","Brazil","The New York Botanical Garden","dd1f99d9-0306-4b99-b0fe-4fd645d6eea3","","Vascular plants","","en","NY",1930893420,"dd1f99d9-0306-4b99-b0fe-4fd645d6eea3","PhysicalObject","A. Gehrt","471734","NY","","","F. C. Hoehne","","SOUTH_AMERICA","","http://sweetgum.nybg.org/science/vh/specimen_details.php?irn=85478","http://biocol.org/urn:lsid:biocol.org:col:15556","ICN","24 Dec 1936",359,"Sao Paulo","sheet",359,"","http://biocol.org/urn:lsid:biocol.org:col:15556","",NA,NA,NA,53584,"","Other source","CRIA (Centro de ReferÃªncia em InformaÃ§Ã£o Ambiental)",NA,NA,NA,"MANAGED",NA,"",NA,"",NA,"","","","","SÃ£o Paulo","brazil",NA,"",NA,NA,NA,"","","São Paulo",-48.72944932,-22.26440593,"São Paulo","sp",-23.5441635944115,-46.6304063522203,"original coordinates","original coordinates outside municipality original in  falls in sao paulo"
"55","Cassia leptophylla",1228238976,-10.8339,-52.8731,"gass84","90c853e6-56bd-480b-8e8f-6285c3f8d42b","7b8aff00-a9f8-11d8-944b-b8a03c50a862","none","3b84ff5b-79ce-427c-acb7-b4004e160f66","US","DWC_ARCHIVE","2018-11-22T21:36:52.980+0000","2018-11-22T21:36:53.013+0000",97,"none","PRESERVED_SPECIMEN",5357169,6,7707728,220,1370,5386,2963414,5357169,5357169,"Cassia leptophylla Vogel","Cassia leptophylla Vogel","Plantae","Tracheophyta","Fabales","Fabaceae","Cassia","Cassia leptophylla","Cassia","leptophylla","SPECIES","ACCEPTED","none",NA,NA,"",1836,NA,NA,"1836-01-01T00:00:00","","2018-12-07T20:09:38.455+0000","http://creativecommons.org/publicdomain/zero/1.0/legalcode","none","none","none","WGS84","Magnoliopsida","BR","Brazil","The Field Museum of Natural History","9278858a-66b4-4aa2-adab-cab621f549d7","s.n.","Berlin Negatives","","en","Botany",1228238976,"9278858a-66b4-4aa2-adab-cab621f549d7","PhysicalObject","F. Sellow",NA,"F","F","","","","SOUTH_AMERICA","","","F","ICBN","",NA,"","",NA,"","Botany","South America, BRAZIL",NA,NA,NA,NA,"","","",NA,NA,NA,"",NA,"",NA,"HOLOTYPE",245732,"seeds-20-nov-2018","http://fieldmuseum.org/about/copyright-information","Plantae Spermatophyta Dicotyledoneae Fabaceae","","","brazil",NA,"",NA,NA,NA,"","","",NA,NA,NA,"",-10.8339,-52.8731,"original coordinates","original coordinates outside municipality original in  falls in sao jose do xingu"
"56","Cassia leptophylla",1095630593,-24.100556,-50.706944,"gass84,txmatfuz","3b8e9d83-b2d4-4a97-973c-31d98b67b1e9","ab5c0b99-5af3-4958-b03c-0b7e85481cc1","none","b38ff2b7-c8af-454e-b5af-ee760f0d5bca","BR","DWC_ARCHIVE","2018-12-03T15:24:30.221+0000","2018-06-04T19:36:06.960+0000",118,"none","PRESERVED_SPECIMEN",5357169,6,7707728,220,1370,5386,2963414,5357169,5357169,"Cassia leptophylla Vogel","Cassia leptophylla Vogel","Plantae","Tracheophyta","Fabales","Fabaceae","Cassia","Cassia leptophylla","Cassia","leptophylla","SPECIES","ACCEPTED","none",635,115,"Paraná",NA,NA,NA,"none","","2018-07-07T12:38:48.618+0000","http://creativecommons.org/licenses/by-nc/4.0/legalcode","none","none","none","WGS84","Magnoliopsida","BR","Brazil","MBM - Herbário do Museu Botânico Municipal","BRA:MBM:MBM:0000385616","s.n.","MBM - Herbário do Museu Botânico Municipal","Telêmaco Borba","pt","MBM",1095630593,"BRA:MBM:MBM:0000385616","Collection","Adenesky-Filho, E","385616","MBM","Museu Botânico Municipal de Curitiba, MBM","Resgate de flora da UHE Mauá","Selusniaki, M","UHE Mauá","SOUTH_AMERICA","","","","","",NA,"","",NA,"","","",NA,NA,NA,NA,"","","",NA,NA,NA,"",NA,"",NA,"",NA,"","","","Telêmaco Borba","Paraná","brazil",1013,"Telêmaco Borba",4127106,-50.522448,-24.2496,"PARANA","PR","Paraná",-51.61693027,-24.63581955,"Paraná","pr",-24.100556,-50.706944,"original coordinates","original coordinates OK"
"57","Cassia leptophylla",1090153721,-6.206603,-57.824475,"gass84","0c00cc8f-fd48-4771-acae-216bfc42dfc2","dbf378dd-b030-4049-bc9c-b5b8643e67cd","none","b38ff2b7-c8af-454e-b5af-ee760f0d5bca","BR","DWC_ARCHIVE","2018-11-24T12:36:10.739+0000","2018-10-25T12:35:42.963+0000",130,"none","PRESERVED_SPECIMEN",5357169,6,7707728,220,1370,5386,2963414,5357169,5357169,"Cassia leptophylla Vogel","Cassia leptophylla Vogel","Plantae","Tracheophyta","Fabales","Fabaceae","Cassia","Cassia leptophylla","Cassia","leptophylla","SPECIES","ACCEPTED","none",0,0,"Pará",NA,NA,NA,"none","2018-10-16T18:33:00.000+0000","2018-12-08T04:39:58.291+0000","http://creativecommons.org/licenses/by-nc/4.0/legalcode","none","none","none","WGS84","Magnoliopsida","BR","Brazil","MFS - Herbário Profª. Drª. Marlene Freitas da Silva","BRA:UEPA:MFS:0000003280","915","MFS - Herbário Profª. Drª. Marlene Freitas da Silva","Jacareacanga","pt","MFS",1090153721,"BRA:UEPA:MFS:0000003280","Collection","Lucas, F.C.A.","003280","UEPA","Universidade do Estado do Pará (UEPA)","Árvore de 7m de altura com inflorescência amarela.","Silva, CAS da","Reserva Crapuri, Solo arenoso.","","","","","","",NA,"","",NA,"","","",NA,NA,NA,NA,"","","",NA,NA,NA,"",NA,"",NA,"",NA,"","","","Jacareacanga","Pará","brazil",4424,"Jacareacanga",1503754,-57.303127,-7.445992,"PARA","PA","Pará",-53.0625366,-3.972184,"Pará","pa",-6.206603,-57.824475,"original coordinates","original coordinates OK"
