"","name","key","decimalLatitude","decimalLongitude","issues","datasetKey","publishingOrgKey","networkKeys","installationKey","publishingCountry","protocol","lastCrawled","lastParsed","crawlId","extensions","basisOfRecord","taxonKey","kingdomKey","phylumKey","classKey","orderKey","familyKey","genusKey","speciesKey","acceptedTaxonKey","scientificName","acceptedScientificName","kingdom","phylum","order","family","genus","species","genericName","specificEpithet","taxonRank","taxonomicStatus","dateIdentified","elevation","stateProvince.original","year","month","day","eventDate","modified","lastInterpreted","license","identifiers","facts","relations","geodeticDatum","class","countryCode","country.original","rightsHolder","identifier","recordNumber","datasetName","municipality.original","locality","collectionCode","gbifID","occurrenceID","type","recordedBy","catalogNumber","otherCatalogNumbers","institutionCode","occurrenceRemarks","elevationAccuracy","continent","language","ownerInstitutionCode","identifiedBy","fieldNotes","identificationQualifier","coordinateUncertaintyInMeters","references","habitat","nomenclaturalCode","institutionID","verbatimEventDate","georeferenceProtocol","endDayOfYear","county","preparations","startDayOfYear","collectionID","georeferenceSources","nomenclaturalStatus","taxonID","bibliographicCitation","higherGeography","eventRemarks","higherClassification","verbatimElevation","taxonRemarks","identificationRemarks","georeferencedDate","establishmentMeans","typeStatus","organismID","datasetID","accessRights","municipality","stateProvince","country","FID","NOME","GEOCODIGO","POINT_X","POINT_Y","NOMEUF","SIGLAUF","estados_shp","x_estado","y_estado","nome","sigla","new_Lat","new_Lon","notes","comments"
"1","Andira ormosioides",1671186496,-22.308611,-41.736111,"cdround,gass84","4300f8d5-1ae5-49e5-a101-63894b005868","838537fc-4aeb-4980-8b58-97fbdcd1d91a","none","da7fe11a-b42c-46cb-9e9d-02243edb738a","BR","DWC_ARCHIVE","2018-10-02T15:37:13.918+0000","2018-09-24T19:58:53.391+0000",207,"none","PRESERVED_SPECIMEN",2952183,6,7707728,220,1370,5386,7858091,2952183,2952183,"Andira ormosioides Benth.","Andira ormosioides Benth.","Plantae","Tracheophyta","Fabales","Fabaceae","Andira","Andira ormosioides","Andira","ormosioides","SPECIES","ACCEPTED","none",15,"Rio de Janeiro",2017,3,9,"2017-03-09T00:00:00","2017-10-09T05:49:08.009+0000","2018-12-06T15:03:57.897+0000","http://creativecommons.org/licenses/by/4.0/legalcode","none","none","none","WGS84","Magnoliopsida","BR","Brazil","Rio de Janeiro Botanical Garden","urn:catalog:JBRJ:RB:1370866","1752","RB - Rio de Janeiro Botanical Garden Herbarium Collection","Macaé","Macaé, região rural entre a RJ-106, a Estr. do Imburo, a Av. industrial e as localidades Balacó e Lot. Paradiso. Projeto - Terminal Portuário de Macaé. Coordenadas próximas ao indivíduo (WGS84). Fragmento de F.O.D. das terras baixas.","RB",1671186496,"urn:catalog:JBRJ:RB:1370866","PhysicalObject","L.J.T. Cardoso; O. Samor; D. Belmont & A. Santiago","RB01370866","RB 749279","JBRJ","Frutos imaturos verdes",NA,"","","","","","",NA,"","","","","","",NA,"","",NA,"","","",NA,"","","","","",NA,"","","","",NA,"","","Macaé","Rio de Janeiro","brazil",1602,"Macaé",3302403,-41.977936,-22.295939,"RIO DE JANEIRO","RJ","Rio de Janeiro",-42.66307908,-22.19581555,"Rio de Janeiro","rj",-22.308611,-41.736111,"original coordinates","original coordinates OK"
"2","Andira ormosioides",1455395571,-23.008056,-45.035833,"gass84","16ed67e5-fd70-4fd4-85c3-70ea2da627fe","52603cfd-d564-4e89-a466-5e71813677be","none","b38ff2b7-c8af-454e-b5af-ee760f0d5bca","BR","DWC_ARCHIVE","2018-11-24T08:57:00.285+0000","2018-11-24T08:57:00.378+0000",126,"none","PRESERVED_SPECIMEN",2952183,6,7707728,220,1370,5386,7858091,2952183,2952183,"Andira ormosioides Benth.","Andira ormosioides Benth.","Plantae","Tracheophyta","Fabales","Fabaceae","Andira","Andira ormosioides","Andira","ormosioides","SPECIES","ACCEPTED","2016-11-10T00:00:00",902,"São Paulo",2016,11,7,"2016-11-07T00:00:00","2018-11-05T15:53:08.000+0000","2018-12-09T07:19:27.118+0000","http://creativecommons.org/licenses/by-nc/4.0/legalcode","none","none","none","WGS84","Magnoliopsida","BR","Brazil","SPSF - Herbário Dom Bento José Pickel","BRA:IF:SPSF:0000051452","607","SPSF - Herbário Dom Bento José Pickel","Cunha","","SPSF",1455395571,"BRA:IF:SPSF:0000051452","Collection","A. Maruyama & L. Cicco","51452","","IF","COLETA: Árvore ca. 4,0 m alt. Flores oxidadas (enegrecidas).; GEOGRAFIA: Floresta Ombrófila Densa, borda;",0,"SOUTH_AMERICA","pt","Instituto Florestal, IF","R. Camargo","","",NA,"","","","","","",NA,"","",NA,"","","",NA,"","","","","",NA,"","","","",NA,"","","Cunha","São Paulo","brazil",1322,"Cunha",3513603,-44.939787,-23.050544,"SAO PAULO","SP","São Paulo",-48.72944932,-22.26440593,"São Paulo","sp",-23.008056,-45.035833,"original coordinates","original coordinates OK"
"3","Andira ormosioides",1563875232,-19.708056,-43.290833,"gass84","2e684fd6-09e2-4661-910a-0a188b610c04","60545be9-4f28-4245-b4b4-07635c8dfa54","none","b38ff2b7-c8af-454e-b5af-ee760f0d5bca","BR","DWC_ARCHIVE","2018-11-14T17:20:02.465+0000","2018-11-14T17:20:02.481+0000",124,"none","PRESERVED_SPECIMEN",2952183,6,7707728,220,1370,5386,7858091,2952183,2952183,"Andira ormosioides Benth.","Andira ormosioides Benth.","Plantae","Tracheophyta","Fabales","Fabaceae","Andira","Andira ormosioides","Andira","ormosioides","SPECIES","ACCEPTED","2015-05-01T00:00:00",693,"Minas Gerais",2014,8,21,"2014-08-21T00:00:00","2018-11-09T19:15:58.000+0000","2018-12-07T14:55:49.190+0000","http://creativecommons.org/licenses/by-nc/4.0/legalcode","none","none","none","WGS84","Magnoliopsida","BR","Brazil","HUEFS - Herbario da Universidade Estadual de Feira de Santana","BRA:UEFS:HUEFS:0000231068","1171","HUEFS - Herbario da Universidade Estadual de Feira de Santana","Dom Joaquim","","HUEFS",1563875232,"BRA:UEFS:HUEFS:0000231068","Collection","Gontijo, F.D.","231068","","UEFS","Floresta estacional semidecidual.",0,"","pt","Universidade Estadual de Feira de Santana (UEFS)","L.Constâncio","","",NA,"","","","","","",NA,"","",NA,"","","",NA,"","","","","",NA,"","","","",NA,"","","Dom Joaquim","Minas Gerais","brazil",2646,"Dom Joaquim",3122603,-43.260592,-18.930765,"MINAS GERAIS","MG","Minas Gerais",-44.67333254,-18.45539008,"Minas Gerais","mg",-19.708056,-43.290833,"original coordinates","original coordinates outside municipality original in dom joaquim falls in itabira"
"4","Andira ormosioides",1424476647,-19.209167,-39.950278,"cdround,gass84","4300f8d5-1ae5-49e5-a101-63894b005868","838537fc-4aeb-4980-8b58-97fbdcd1d91a","none","da7fe11a-b42c-46cb-9e9d-02243edb738a","BR","DWC_ARCHIVE","2018-10-02T15:42:45.037+0000","2018-09-24T20:03:58.344+0000",207,"none","PRESERVED_SPECIMEN",2952183,6,7707728,220,1370,5386,7858091,2952183,2952183,"Andira ormosioides Benth.","Andira ormosioides Benth.","Plantae","Tracheophyta","Fabales","Fabaceae","Andira","Andira ormosioides","Andira","ormosioides","SPECIES","ACCEPTED","none",NA,"Espírito Santo",2013,5,20,"2013-05-20T00:00:00","2017-10-04T12:49:10.447+0000","2018-12-06T17:00:44.837+0000","http://creativecommons.org/licenses/by/4.0/legalcode","none","none","none","WGS84","Magnoliopsida","BR","Brazil","Rio de Janeiro Botanical Garden","urn:catalog:JBRJ:RB:842726","2032a","RB - Rio de Janeiro Botanical Garden Herbarium Collection","Linhares","Reserva Natural Vale. Estrada Gávea, antes do nativo da Estrada Murici. Mata de mussununga.  .","RB",1424476647,"urn:catalog:JBRJ:RB:842726","PhysicalObject","R.T. Pennington; Lima, H.C.; Neves, D..M.; Fraga, C.N.","RB00842726","RB 594962","JBRJ","Small tree 1.8 m x 3 cm. Bark greyish patched with lichen",NA,"","","","","Mussununga forest","",NA,"","","","","","",NA,"","",NA,"","","",NA,"","","","","",NA,"","","","",NA,"","","Linhares","Espírito Santo","brazil",2565,"Linhares",3203205,-40.028138,-19.38214,"ESPIRITO SANTO","ES","Espírito Santo",-40.6681057,-19.57475617,"Espírito Santo","es",-19.209167,-39.950278,"original coordinates","original coordinates OK"
"5","Andira ormosioides",1424451491,-19.958611,-40.521667,"cdround,gass84","4300f8d5-1ae5-49e5-a101-63894b005868","838537fc-4aeb-4980-8b58-97fbdcd1d91a","none","da7fe11a-b42c-46cb-9e9d-02243edb738a","BR","DWC_ARCHIVE","2018-10-02T15:42:31.341+0000","2018-09-24T20:03:45.300+0000",207,"none","PRESERVED_SPECIMEN",2952183,6,7707728,220,1370,5386,7858091,2952183,2952183,"Andira ormosioides Benth.","Andira ormosioides Benth.","Plantae","Tracheophyta","Fabales","Fabaceae","Andira","Andira ormosioides","Andira","ormosioides","SPECIES","ACCEPTED","none",710,"Espírito Santo",2013,5,22,"2013-05-22T00:00:00","2017-10-07T21:22:55.443+0000","2018-12-06T17:00:32.032+0000","http://creativecommons.org/licenses/by/4.0/legalcode","none","none","none","WGS84","Magnoliopsida","BR","Brazil","Rio de Janeiro Botanical Garden","urn:catalog:JBRJ:RB:785277","2037","RB - Rio de Janeiro Botanical Garden Herbarium Collection","Santa Teresa","Estação Biológica Santa Lúcia.  .","RB",1424451491,"urn:catalog:JBRJ:RB:785277","PhysicalObject","R.T. Pennington; H.C. Lima; D.R.M. Neves; C.N. Fraga","RB00785277","RB 576997","JBRJ","Small tree 3m x 5 cm. White sand area in forest on hills.",NA,"","","","","White sand area in forest on hills","",NA,"","","","","","",NA,"","",NA,"","","",NA,"","","","","",NA,"","","","",NA,"","","Santa Teresa","Espírito Santo","brazil",2456,"Santa Teresa",3204609,-40.635175,-19.877577,"ESPIRITO SANTO","ES","Espírito Santo",-40.6681057,-19.57475617,"Espírito Santo","es",-19.958611,-40.521667,"original coordinates","original coordinates OK"
"6","Andira ormosioides",1094920950,-19.209167,-39.950278,"gass84","2e684fd6-09e2-4661-910a-0a188b610c04","60545be9-4f28-4245-b4b4-07635c8dfa54","none","b38ff2b7-c8af-454e-b5af-ee760f0d5bca","BR","DWC_ARCHIVE","2018-11-14T17:19:51.577+0000","2018-11-14T17:19:51.586+0000",124,"none","PRESERVED_SPECIMEN",2952183,6,7707728,220,1370,5386,7858091,2952183,2952183,"Andira ormosioides Benth.","Andira ormosioides Benth.","Plantae","Tracheophyta","Fabales","Fabaceae","Andira","Andira ormosioides","Andira","ormosioides","SPECIES","ACCEPTED","none",NA,"Espírito Santo",2013,5,20,"2013-05-20T00:00:00","","2018-11-14T17:19:51.628+0000","http://creativecommons.org/licenses/by-nc/4.0/legalcode","none","none","none","WGS84","Magnoliopsida","BR","Brazil","HUEFS - Herbario da Universidade Estadual de Feira de Santana","BRA:UEFS:HUEFS:0000204328","2032","HUEFS - Herbario da Universidade Estadual de Feira de Santana","Linhares","Reserva Natural Vale, estrada Gávea antes do nativo da Estrada Murici.","HUEFS",1094920950,"BRA:UEFS:HUEFS:0000204328","Collection","Pennington, R.T.","204328","","UEFS","Mata de mussununga",NA,"","pt","Universidade Estadual de Feira de Santana (UEFS)","","","",NA,"","","","","","",NA,"","",NA,"","","",NA,"","","","","",NA,"","","","",NA,"","","Linhares","Espírito Santo","brazil",2565,"Linhares",3203205,-40.028138,-19.38214,"ESPIRITO SANTO","ES","Espírito Santo",-40.6681057,-19.57475617,"Espírito Santo","es",-19.209167,-39.950278,"original coordinates","original coordinates OK"
"7","Andira ormosioides",1806849928,-19.426806,-43.434028,"gass84","1bb3cae3-b91f-4109-8a2d-a1f05f2d6fd3","76dbcb10-efc5-4d5f-87a5-bcd409fc92c8","none","b38ff2b7-c8af-454e-b5af-ee760f0d5bca","BR","DWC_ARCHIVE","2018-11-24T12:30:53.087+0000","2018-09-25T14:05:51.199+0000",126,"none","PRESERVED_SPECIMEN",2952183,6,7707728,220,1370,5386,7858091,2952183,2952183,"Andira ormosioides Benth.","Andira ormosioides Benth.","Plantae","Tracheophyta","Fabales","Fabaceae","Andira","Andira ormosioides","Andira","ormosioides","SPECIES","ACCEPTED","2011-10-01T00:00:00",NA,"Minas Gerais",2011,10,22,"2011-10-22T00:00:00","2018-08-21T18:30:47.000+0000","2018-12-10T04:45:38.659+0000","http://creativecommons.org/licenses/by-nc/4.0/legalcode","none","none","none","WGS84","Magnoliopsida","BR","Brazil","SPF - Herbário da Universidade de São Paulo","BRA:USP:SPF:0000218953","278","SPF - Herbário da Universidade de São Paulo","Itambé do Mato Dentro","Serra do Cipó, Distrito de Santana do Rio Preto. Cabeça de Boi. Caminho para o Cachoeirão, após a casa do Zé Fernandes, próximo à casa.","SPF",1806849928,"BRA:USP:SPF:0000218953","Collection","Siniscalchi, CM","218953","","USP","Arvoreta ca. 4 m alt. Tronco cinza. Ramos cinza-avermelhados. Folíolos discolores; face adaxial opaca, um pouco avermelhada. Nervuras foliares amareladas. Frutos em formação verde-claros, com o ápice avermelhado, casca lisa.; Em past",NA,"","pt","Universidade de São Paulo, USP","Siniscalchi, CM","","",NA,"","","","","","",NA,"","",NA,"","","",NA,"","","","","",NA,"","","","",NA,"","","Itambé do Mato Dentro","Minas Gerais","brazil",2561,"Itambé do Mato Dentro",3132800,-43.351088,-19.397162,"MINAS GERAIS","MG","Minas Gerais",-44.67333254,-18.45539008,"Minas Gerais","mg",-19.426806,-43.434028,"original coordinates","original coordinates OK"
"8","Andira ormosioides",1087183165,-19.160833,-42.788889,"gass84","fd99455d-f6e9-4421-930a-5d8e23ac8895","9ac2b49d-da08-49a7-a7ae-c2a0460fcf96","none","b38ff2b7-c8af-454e-b5af-ee760f0d5bca","BR","DWC_ARCHIVE","2018-12-03T15:19:48.660+0000","2018-01-05T18:24:12.554+0000",137,"none","PRESERVED_SPECIMEN",2952183,6,7707728,220,1370,5386,7858091,2952183,2952183,"Andira ormosioides Benth.","Andira ormosioides Benth.","Plantae","Tracheophyta","Fabales","Fabaceae","Andira","Andira ormosioides","Andira","ormosioides","SPECIES","ACCEPTED","none",380,"Minas Gerais",2009,9,20,"2009-09-20T00:00:00","2016-09-19T18:43:18.000+0000","2018-12-08T13:03:11.669+0000","http://creativecommons.org/licenses/by-nc/4.0/legalcode","none","none","none","WGS84","Magnoliopsida","BR","Brazil","BHZB - Herbário do Jardim Botânico da Fundação Zoo-Botânica de Belo Horizonte","BRA:FZB-BH:BHZB:0000008293","3460","BHZB - Herbário do Jardim Botânico da Fundação Zoo-Botânica de Belo Horizonte","Joanesia","","BHZB",1087183165,"BRA:FZB-BH:BHZB:0000008293","Collection","Rezende, S.G et al.","8293","","FZB-BH","; Habitat: Floresta Estacional Semidecidual; Bioma: Mata Atlântica",0,"","pt","Fundação Zoo-Botânica de Belo Horizonte (FZB-BH)","","","",NA,"","","","","","",NA,"","",NA,"","","",NA,"","","","","",NA,"","","","",NA,"","","Joanesia","Minas Gerais","brazil",2596,"Joanésia",3136108,-42.704886,-19.209782,"MINAS GERAIS","MG","Minas Gerais",-44.67333254,-18.45539008,"Minas Gerais","mg",-19.160833,-42.788889,"original coordinates","original coordinates OK"
"9","Andira ormosioides",1316167095,-19.409611,-43.419167,"gass84","1bb3cae3-b91f-4109-8a2d-a1f05f2d6fd3","76dbcb10-efc5-4d5f-87a5-bcd409fc92c8","none","b38ff2b7-c8af-454e-b5af-ee760f0d5bca","BR","DWC_ARCHIVE","2018-11-24T12:30:47.175+0000","2018-09-25T14:05:33.266+0000",126,"none","PRESERVED_SPECIMEN",2952183,6,7707728,220,1370,5386,7858091,2952183,2952183,"Andira ormosioides Benth.","Andira ormosioides Benth.","Plantae","Tracheophyta","Fabales","Fabaceae","Andira","Andira ormosioides","Andira","ormosioides","SPECIES","ACCEPTED","2008-01-01T00:00:00",NA,"Minas Gerais",2008,10,25,"2008-10-25T00:00:00","2018-08-21T18:30:47.000+0000","2018-12-09T14:25:57.604+0000","http://creativecommons.org/licenses/by-nc/4.0/legalcode","none","none","none","WGS84","Magnoliopsida","BR","Brazil","SPF - Herbário da Universidade de São Paulo","BRA:USP:SPF:0000198031","434","SPF - Herbário da Universidade de São Paulo","Itambé do Mato Dentro","APA Parque Nacional da Serra do Cipó","SPF",1316167095,"BRA:USP:SPF:0000198031","Collection","Santos, MF","198031","","USP","",NA,"","pt","Universidade de São Paulo, USP","Santos, MF; Lima, HC","","",NA,"","","","","","",NA,"","",NA,"","","",NA,"","","","","",NA,"","","","",NA,"","","Itambé do Mato Dentro","Minas Gerais","brazil",2561,"Itambé do Mato Dentro",3132800,-43.351088,-19.397162,"MINAS GERAIS","MG","Minas Gerais",-44.67333254,-18.45539008,"Minas Gerais","mg",-19.409611,-43.419167,"original coordinates","original coordinates OK"
"10","Andira ormosioides",1424287268,-22.638611,-44.661389,"cdround,gass84","4300f8d5-1ae5-49e5-a101-63894b005868","838537fc-4aeb-4980-8b58-97fbdcd1d91a","none","da7fe11a-b42c-46cb-9e9d-02243edb738a","BR","DWC_ARCHIVE","2018-10-02T15:40:52.293+0000","2018-09-24T20:02:07.676+0000",207,"none","PRESERVED_SPECIMEN",2952183,6,7707728,220,1370,5386,7858091,2952183,2952183,"Andira ormosioides Benth.","Andira ormosioides Benth.","Plantae","Tracheophyta","Fabales","Fabaceae","Andira","Andira ormosioides","Andira","ormosioides","SPECIES","ACCEPTED","2009-07-07T00:00:00",482,"São Paulo",2007,3,19,"2007-03-19T00:00:00","2017-10-18T23:55:40.359+0000","2018-12-06T16:58:54.107+0000","http://creativecommons.org/licenses/by/4.0/legalcode","none","none","none","WGS84","Magnoliopsida","BR","Brazil","Rio de Janeiro Botanical Garden","urn:catalog:JBRJ:RB:576375","40","RB - Rio de Janeiro Botanical Garden Herbarium Collection","São José do Barreiro","Fazenda Atibaia (Mata do Mascote).Acesso pelo km 258 da Rodovia dos Tropeiros (SP068).","RB",1424287268,"urn:catalog:JBRJ:RB:576375","PhysicalObject","H.Serafim; M.F.Santos","RB00576375","RB 489871","JBRJ","Árvore,20 m alt.,com 105,7 cm PAP.Folhas discolores,face abaxial brilhante.",NA,"","","","H.C. de Lima","Interior da mata.","",NA,"","","","","","",NA,"","",NA,"","","",NA,"","","","","",NA,"","","","",NA,"","","São José do Barreiro","São Paulo","brazil",1432,"São José do Barreiro",3549607,-44.584508,-22.745737,"SAO PAULO","SP","São Paulo",-48.72944932,-22.26440593,"São Paulo","sp",-22.638611,-44.661389,"original coordinates","original coordinates OK"
"11","Andira ormosioides",1424286525,-18.875556,-40.814444,"cdround,gass84","4300f8d5-1ae5-49e5-a101-63894b005868","838537fc-4aeb-4980-8b58-97fbdcd1d91a","none","da7fe11a-b42c-46cb-9e9d-02243edb738a","BR","DWC_ARCHIVE","2018-10-02T15:40:51.892+0000","2018-09-24T20:02:07.329+0000",207,"none","PRESERVED_SPECIMEN",2952183,6,7707728,220,1370,5386,7858091,2952183,2952183,"Andira ormosioides Benth.","Andira ormosioides Benth.","Plantae","Tracheophyta","Fabales","Fabaceae","Andira","Andira ormosioides","Andira","ormosioides","SPECIES","ACCEPTED","2009-09-25T00:00:00",400,"Espírito Santo",2007,8,15,"2007-08-15T00:00:00","2017-10-16T22:12:28.181+0000","2018-12-06T16:58:53.772+0000","http://creativecommons.org/licenses/by/4.0/legalcode","none","none","none","WGS84","Magnoliopsida","BR","Brazil","Rio de Janeiro Botanical Garden","urn:catalog:JBRJ:RB:574750","3208","RB - Rio de Janeiro Botanical Garden Herbarium Collection","Águia Branca","Águas Claras.Zequinha.","RB",1424286525,"urn:catalog:JBRJ:RB:574750","PhysicalObject","R.R.Vervloet; V.Demuner,T.Cruz & Elias Bausen","RB00574750","RB 489373","JBRJ","Árvore 9m,sépaas de cor vináceas marrom e pétalas de cor lilás.",50,"","","","R. D. Ribeiro","Campo aberto.","",NA,"","","","","","",NA,"","",NA,"","","",NA,"","","","","",NA,"","","","",NA,"","","Águia Branca","Espírito Santo","brazil",2639,"Águia Branca",3200136,-40.748582,-18.971321,"ESPIRITO SANTO","ES","Espírito Santo",-40.6681057,-19.57475617,"Espírito Santo","es",-18.875556,-40.814444,"original coordinates","original coordinates OK"
"12","Andira ormosioides",1316167041,-19.409611,-43.419167,"gass84","1bb3cae3-b91f-4109-8a2d-a1f05f2d6fd3","76dbcb10-efc5-4d5f-87a5-bcd409fc92c8","none","b38ff2b7-c8af-454e-b5af-ee760f0d5bca","BR","DWC_ARCHIVE","2018-11-24T12:30:47.187+0000","2018-09-25T14:05:33.381+0000",126,"none","PRESERVED_SPECIMEN",2952183,6,7707728,220,1370,5386,7858091,2952183,2952183,"Andira ormosioides Benth.","Andira ormosioides Benth.","Plantae","Tracheophyta","Fabales","Fabaceae","Andira","Andira ormosioides","Andira","ormosioides","SPECIES","ACCEPTED","2008-01-01T00:00:00",NA,"Minas Gerais",2007,8,24,"2007-08-24T00:00:00","2018-08-21T18:30:47.000+0000","2018-12-09T14:25:57.673+0000","http://creativecommons.org/licenses/by-nc/4.0/legalcode","none","none","none","WGS84","Magnoliopsida","BR","Brazil","SPF - Herbário da Universidade de São Paulo","BRA:USP:SPF:0000198032","157","SPF - Herbário da Universidade de São Paulo","Itambé do Mato Dentro","APA Parque Nacional da Serra do Cipó","SPF",1316167041,"BRA:USP:SPF:0000198032","Collection","Santos, MF","198032","","USP","",NA,"","pt","Universidade de São Paulo, USP","Santos, MF; Lima, HC","","",NA,"","","","","","",NA,"","",NA,"","","",NA,"","","","","",NA,"","","","",NA,"","","Itambé do Mato Dentro","Minas Gerais","brazil",2561,"Itambé do Mato Dentro",3132800,-43.351088,-19.397162,"MINAS GERAIS","MG","Minas Gerais",-44.67333254,-18.45539008,"Minas Gerais","mg",-19.409611,-43.419167,"original coordinates","original coordinates OK"
"13","Andira ormosioides",1090821252,-19.676389,-48.036667,"gass84","09010edb-5e55-4dc0-8a97-a26a3bb89e85","9610290b-e0ea-439b-b726-ba11bcecfb86","none","b38ff2b7-c8af-454e-b5af-ee760f0d5bca","BR","DWC_ARCHIVE","2018-11-24T12:30:19.594+0000","2018-09-25T14:25:55.262+0000",122,"none","PRESERVED_SPECIMEN",2952183,6,7707728,220,1370,5386,7858091,2952183,2952183,"Andira ormosioides Benth.","Andira ormosioides Benth.","Plantae","Tracheophyta","Fabales","Fabaceae","Andira","Andira ormosioides","Andira","ormosioides","SPECIES","ACCEPTED","none",0,"Minas Gerais",2007,9,NA,"2007-09-01T00:00:00","2018-09-12T13:10:42.000+0000","2018-12-09T06:14:34.439+0000","http://creativecommons.org/licenses/by-nc/4.0/legalcode","none","none","none","WGS84","Magnoliopsida","BR","Brazil","HUFU - Herbarium Uberlandense","BRA:UFU:HUFU:0000056044","255","HUFU - Herbarium Uberlandense","Uberaba","Fazenda Sucupira-Caçú","HUFU",1090821252,"BRA:UFU:HUFU:0000056044","Collection","PPFES","56044","","UFU","Árvore ca. de 13 m de altura e 53 cm de circunferência.; Floresta Estacional semidecidual.",0,"","pt","Universidade Federal de Uberlândia (UFU)","","","",NA,"","","","","","",NA,"","",NA,"","","",NA,"","","","","",NA,"","","","",NA,"","","Uberaba","Minas Gerais","brazil",2527,"Uberaba",3170107,-47.977443,-19.579306,"MINAS GERAIS","MG","Minas Gerais",-44.67333254,-18.45539008,"Minas Gerais","mg",-19.676389,-48.036667,"original coordinates","original coordinates OK"
"14","Andira ormosioides",1880814631,-20.059167,-40.470556,"gass84","2e684fd6-09e2-4661-910a-0a188b610c04","60545be9-4f28-4245-b4b4-07635c8dfa54","none","b38ff2b7-c8af-454e-b5af-ee760f0d5bca","BR","DWC_ARCHIVE","2018-11-14T17:20:05.871+0000","2018-11-14T17:20:05.879+0000",124,"none","PRESERVED_SPECIMEN",2952183,6,7707728,220,1370,5386,7858091,2952183,2952183,"Andira ormosioides Benth.","Andira ormosioides Benth.","Plantae","Tracheophyta","Fabales","Fabaceae","Andira","Andira ormosioides","Andira","ormosioides","SPECIES","ACCEPTED","2006-02-01T00:00:00",NA,"Espírito Santo",2006,1,5,"2006-01-05T00:00:00","2018-11-09T19:15:58.000+0000","2018-12-06T13:19:24.686+0000","http://creativecommons.org/licenses/by-nc/4.0/legalcode","none","none","none","WGS84","Magnoliopsida","BR","Brazil","HUEFS - Herbario da Universidade Estadual de Feira de Santana","BRA:UEFS:HUEFS:0000241986","441","HUEFS - Herbario da Universidade Estadual de Feira de Santana","Santa Leopoldina","Fazenda Caioaba, prop.: Virloni, mata, trilha do córrego Caioaba.","HUEFS",1880814631,"BRA:UEFS:HUEFS:0000241986","Collection","Magnago, L.F.S.","241986","","UEFS","",NA,"","pt","Universidade Estadual de Feira de Santana (UEFS)","L.F.S.Magnago & V.Demuner","","",NA,"","","","","","",NA,"","",NA,"","","",NA,"","","","","",NA,"","","","",NA,"","","Santa Leopoldina","Espírito Santo","brazil",2380,"Santa Leopoldina",3204500,-40.540501,-20.123027,"ESPIRITO SANTO","ES","Espírito Santo",-40.6681057,-19.57475617,"Espírito Santo","es",-20.059167,-40.470556,"original coordinates","original coordinates OK"
"15","Andira ormosioides",1424152164,-23.268056,-44.67,"cdround,gass84","4300f8d5-1ae5-49e5-a101-63894b005868","838537fc-4aeb-4980-8b58-97fbdcd1d91a","none","da7fe11a-b42c-46cb-9e9d-02243edb738a","BR","DWC_ARCHIVE","2018-10-02T15:39:29.352+0000","2018-09-24T20:00:56.230+0000",207,"none","PRESERVED_SPECIMEN",2952183,6,7707728,220,1370,5386,7858091,2952183,2952183,"Andira ormosioides Benth.","Andira ormosioides Benth.","Plantae","Tracheophyta","Fabales","Fabaceae","Andira","Andira ormosioides","Andira","ormosioides","SPECIES","ACCEPTED","none",NA,"Rio de Janeiro",2006,3,21,"2006-03-21T00:00:00","2014-07-08T03:16:34.085+0000","2018-12-06T16:57:43.196+0000","http://creativecommons.org/licenses/by/4.0/legalcode","none","none","none","WGS84","Magnoliopsida","BR","Brazil","Rio de Janeiro Botanical Garden","urn:catalog:JBRJ:RB:419168","632","RB - Rio de Janeiro Botanical Garden Herbarium Collection","Paraty","estrada para praia de Paraty mirim, APA Cairuçu. APA Cairuçu","RB",1424152164,"urn:catalog:JBRJ:RB:419168","PhysicalObject","Robson D. Ribeiro; Ronaldo Marquete & Luciana F.G. da Silva","RB00419168","RB 421976","JBRJ","Árvore com 8 metros de altura, tronco fissurado de cor acinzentado com aproximadamente 22 cm de DAP. Estéril.",NA,"","","","","","cf.",NA,"","","","","","",NA,"","",NA,"","","",NA,"","","","","",NA,"","","","",NA,"","","Paraty","Rio de Janeiro","brazil",NA,"",NA,NA,NA,"","","Rio de Janeiro",-42.66307908,-22.19581555,"Rio de Janeiro","rj",-23.268056,-44.67,"original coordinates","original coordinates OK"
"16","Andira ormosioides",1424189390,-14.770278,-39.202778,"cdround,gass84","4300f8d5-1ae5-49e5-a101-63894b005868","838537fc-4aeb-4980-8b58-97fbdcd1d91a","none","da7fe11a-b42c-46cb-9e9d-02243edb738a","BR","DWC_ARCHIVE","2018-10-02T15:39:53.194+0000","2018-09-24T20:01:15.808+0000",207,"none","PRESERVED_SPECIMEN",2952183,6,7707728,220,1370,5386,7858091,2952183,2952183,"Andira ormosioides Benth.","Andira ormosioides Benth.","Plantae","Tracheophyta","Fabales","Fabaceae","Andira","Andira ormosioides","Andira","ormosioides","SPECIES","ACCEPTED","none",750,"Bahia",2006,5,21,"2006-05-21T00:00:00","2017-10-19T11:59:21.055+0000","2018-12-06T16:58:01.876+0000","http://creativecommons.org/licenses/by/4.0/legalcode","none","none","none","WGS84","Magnoliopsida","BR","Brazil","Rio de Janeiro Botanical Garden","urn:catalog:JBRJ:RB:460522","666","RB - Rio de Janeiro Botanical Garden Herbarium Collection","Barro Preto","Serra da Pedra Lascada, 13,7 km de Barro Preto, na estrada que passa pela Fazenda São Miguel, em direção à Serra.","RB",1424189390,"urn:catalog:JBRJ:RB:460522","PhysicalObject","M. M. M. Lopes ; J. L. Paixão, L. Gomes & B. Santos","RB00460522","RB 437109","JBRJ","Árvore ca. 10 m alt. Folíolos coriáceos, discolores. Cálice roxo-escuro; corola roxo-claro. coletada no topo da encosta",150,"","","","H.C. de Lima","Floresta Ombrófila Densa Montana","",NA,"","","","","","",NA,"","",NA,"","","",NA,"","","","","",NA,"","","","",NA,"","","Barro Preto","Bahia","brazil",3248,"Barro Preto",2903300,-39.443893,-14.775501,"BAHIA","BA","Bahia",-41.72018023,-12.47295682,"Bahia","ba",-14.770278,-39.202778,"original coordinates","original coordinates outside municipality original in barro preto falls in ilheus"
"17","Andira ormosioides",1930463854,-22.763257238817,-43.4509851508395,"cdrep","d415c253-4d61-4459-9d25-4015b9084fb0","ae447c50-b8a8-11d8-92a4-b8a03c50a862","none","17017c2c-036b-45d9-b045-606d21b00771","US","DWC_ARCHIVE","2018-11-18T15:59:13.622+0000","2018-11-18T15:59:14.075+0000",96,"none","PRESERVED_SPECIMEN",2952183,6,7707728,220,1370,5386,7858091,2952183,2952183,"Andira ormosioides Benth.","Andira ormosioides Benth.","Plantae","Tracheophyta","Fabales","Fabaceae","Andira","Andira ormosioides","Andira","ormosioides","SPECIES","ACCEPTED","none",0,"Rio de Janeiro",2006,12,13,"2006-12-13T00:00:00","","2018-12-07T18:13:07.690+0000","http://creativecommons.org/publicdomain/zero/1.0/legalcode","none","none","none","WGS84","Magnoliopsida","BR","Brazil","The New York Botanical Garden","beb9c266-bb18-4dbc-86bf-d339423d27fc","6483","Vascular plants","","Rebio do TinguÃ¡, Boa EsperanÃ§a, cerca de 1 km. apÃ³s o portÃ£o da Rebio.","NY",1930463854,"beb9c266-bb18-4dbc-86bf-d339423d27fc","PhysicalObject","H. C. de Lima","01132036","","NY","",0,"SOUTH_AMERICA","en","","","","",25743,"http://sweetgum.nybg.org/science/vh/specimen_details.php?irn=1287148","Floresta de terras baixas.","ICN","http://biocol.org/urn:lsid:biocol.org:col:15556","13 Dec 2006","Other source",347,"Nova IguaÃ§Ãº","sheet",347,"http://biocol.org/urn:lsid:biocol.org:col:15556","CRIA (Centro de ReferÃªncia em InformaÃ§Ã£o Ambiental)","",NA,"","","","","",NA,"","","","",NA,"","","","Rio de Janeiro","brazil",NA,"",NA,NA,NA,"","","Rio de Janeiro",-42.66307908,-22.19581555,"Rio de Janeiro","rj",-22.763257238817,-43.4509851508395,"original coordinates","original coordinates outside municipality original in  falls in nova iguacu"
"18","Andira ormosioides",1587299956,-7.801725,-35.02405,"gass84","da8a0dd0-85c7-4d7a-8a5a-e66b1deaebaa","06542f02-868b-4651-aed4-1ae6b2eb4eb7","none","b38ff2b7-c8af-454e-b5af-ee760f0d5bca","BR","DWC_ARCHIVE","2018-11-24T12:30:01.046+0000","2018-08-03T12:10:24.795+0000",128,"none","PRESERVED_SPECIMEN",2952183,6,7707728,220,1370,5386,7858091,2952183,2952183,"Andira ormosioides Benth.","Andira ormosioides Benth.","Plantae","Tracheophyta","Fabales","Fabaceae","Andira","Andira ormosioides","Andira","ormosioides","SPECIES","ACCEPTED","2017-04-04T00:00:00",90,"Pernambuco",2005,5,10,"2005-05-10T00:00:00","","2018-08-03T12:10:24.853+0000","http://creativecommons.org/licenses/by-nc/4.0/legalcode","none","none","none","WGS84","Magnoliopsida","BR","Brazil","PEUFR - Herbário Professor Vasconcelos Sobrinho","BRA:UFRPE:PEUFR:0000046332","83","PEUFR - Herbário Professor Vasconcelos Sobrinho","Igarassu","Mata da Usina São José/ Mata do Pezinho","PEUFR",1587299956,"BRA:UFRPE:PEUFR:0000046332","Collection","J. S. Gomes; A. P. Oliveira; E. C. Barbosa","46332","","UFRPE","Arvoreta lenhosa com 1,75m; indivíduo nº 275; folhas verdes discolores; material vegetativo.",0,"","pt","Universidade Federal Rural de Pernambuco, UFRPE","R. T. Queiroz","","",NA,"","","","","","",NA,"","",NA,"","","",NA,"","","","","",NA,"","","","",NA,"","","Igarassu","Pernambuco","brazil",4313,"Igarassu",2606804,-34.960275,-7.817322,"PERNAMBUCO","PE","Pernambuco",-37.99303622,-8.3240949,"Pernambuco","pe",-7.801725,-35.02405,"original coordinates","original coordinates OK"
"19","Andira ormosioides",1260224662,-22.56,-44.08777,"gass84","7bd65a7a-f762-11e1-a439-00145eb45e9a","90fd6680-349f-11d8-aa2d-b8a03c50a862","none","c4e134d3-c68f-406d-a116-6a37895602e0","US","DWC_ARCHIVE","2018-06-20T08:01:42.079+0000","2018-06-20T08:01:42.083+0000",28,"none","PRESERVED_SPECIMEN",2952183,6,7707728,220,1370,5386,7858091,2952183,2952183,"Andira ormosioides Benth.","Andira ormosioides Benth.","Plantae","Tracheophyta","Fabales","Fabaceae","Andira","Andira ormosioides","Andira","ormosioides","SPECIES","ACCEPTED","none",NA,"Rio de Janeiro",2003,3,19,"2003-03-19T00:00:00","2008-05-27T22:02:00.000+0000","2018-12-09T16:36:39.635+0000","http://creativecommons.org/licenses/by/4.0/legalcode","none","none","none","WGS84","Magnoliopsida","BR","Brazil","Missouri Botanical Garden","urn:catalog:MO:Tropicos:2866961","Lima 6086","Tropicos","","Mun. Volta Redonda, ARIE Floresta da Cicuta.","MO",1260224662,"urn:catalog:MO:Tropicos:2866961","PhysicalObject","H.C. de Lima","2866961","","MO","",NA,"SOUTH_AMERICA","","MOBOT","","","",NA,"","","ICNafp","","","",NA,"","",NA,"http://biocol.org/urn:lsid:biocol.org:col:15859","","Legitimate",13015701,"http://www.tropicos.org/Specimen/2866961","","","","",NA,"","","","",NA,"","","","Rio de Janeiro","brazil",NA,"",NA,NA,NA,"","","Rio de Janeiro",-42.66307908,-22.19581555,"Rio de Janeiro","rj",-22.56,-44.08777,"original coordinates","original coordinates outside municipality original in  falls in volta redonda"
"20","Andira ormosioides",1423981845,-22.56,-44.087778,"cdround,gass84","4300f8d5-1ae5-49e5-a101-63894b005868","838537fc-4aeb-4980-8b58-97fbdcd1d91a","none","da7fe11a-b42c-46cb-9e9d-02243edb738a","BR","DWC_ARCHIVE","2018-10-02T15:37:44.750+0000","2018-09-24T19:59:23.908+0000",207,"none","PRESERVED_SPECIMEN",2952183,6,7707728,220,1370,5386,7858091,2952183,2952183,"Andira ormosioides Benth.","Andira ormosioides Benth.","Plantae","Tracheophyta","Fabales","Fabaceae","Andira","Andira ormosioides","Andira","ormosioides","SPECIES","ACCEPTED","none",NA,"Rio de Janeiro",2003,3,19,"2003-03-19T00:00:00","2014-07-08T04:56:09.045+0000","2018-12-06T16:56:03.039+0000","http://creativecommons.org/licenses/by/4.0/legalcode","none","none","none","WGS84","Magnoliopsida","BR","Brazil","Rio de Janeiro Botanical Garden","urn:catalog:JBRJ:RB:168977","6086","RB - Rio de Janeiro Botanical Garden Herbarium Collection","Volta Redonda","ARIE Floresta da Cicuta. ARIE Floresta da Cicuta","RB",1423981845,"urn:catalog:JBRJ:RB:168977","PhysicalObject","H.C. de Lima; A.L.Peixoto, R.R.Oliveira, G.R.de Souza","RB00168977","RB 379512","JBRJ","A´rvore com 9m de alt, tronco com casca lisa levemente estriada, DAP + ou - 10 cm, estéril,",NA,"","","","","ocasional próximo as margens do córrego","",NA,"","","","","","",NA,"","",NA,"","","",NA,"","","","","",NA,"","","","",NA,"","","Volta Redonda","Rio de Janeiro","brazil",1533,"Volta Redonda",3306305,-44.090027,-22.492887,"RIO DE JANEIRO","RJ","Rio de Janeiro",-42.66307908,-22.19581555,"Rio de Janeiro","rj",-22.56,-44.087778,"original coordinates","original coordinates OK"
"21","Andira ormosioides",1316166126,-16.40725,-40.051528,"gass84","1bb3cae3-b91f-4109-8a2d-a1f05f2d6fd3","76dbcb10-efc5-4d5f-87a5-bcd409fc92c8","none","b38ff2b7-c8af-454e-b5af-ee760f0d5bca","BR","DWC_ARCHIVE","2018-11-24T12:30:41.326+0000","2018-09-25T14:05:16.717+0000",126,"none","PRESERVED_SPECIMEN",2952183,6,7707728,220,1370,5386,7858091,2952183,2952183,"Andira ormosioides Benth.","Andira ormosioides Benth.","Plantae","Tracheophyta","Fabales","Fabaceae","Andira","Andira ormosioides","Andira","ormosioides","SPECIES","ACCEPTED","2004-03-01T00:00:00",766,"Minas Gerais",2003,8,23,"2003-08-23T00:00:00","2018-08-21T18:30:47.000+0000","2018-12-09T14:25:57.248+0000","http://creativecommons.org/licenses/by-nc/4.0/legalcode","none","none","none","WGS84","Magnoliopsida","BR","Brazil","SPF - Herbário da Universidade de São Paulo","BRA:USP:SPF:0000163888","5437","SPF - Herbário da Universidade de São Paulo","Santa Maria do Salto","","SPF",1316166126,"BRA:USP:SPF:0000163888","Collection","Lombardi, JA","163888","","USP","",0,"","pt","Universidade de São Paulo, USP","Lombardi, JA","","",NA,"","","","","","",NA,"","",NA,"","","",NA,"","","","","",NA,"","","","",NA,"","","Santa Maria do Salto","Minas Gerais","brazil",3018,"Santa Maria do Salto",3158102,-40.11721,-16.308232,"MINAS GERAIS","MG","Minas Gerais",-44.67333254,-18.45539008,"Minas Gerais","mg",-16.40725,-40.051528,"original coordinates","original coordinates OK"
"22","Andira ormosioides",1090953282,-8.213889,-36.408056,"gass84","da8a0dd0-85c7-4d7a-8a5a-e66b1deaebaa","06542f02-868b-4651-aed4-1ae6b2eb4eb7","none","b38ff2b7-c8af-454e-b5af-ee760f0d5bca","BR","DWC_ARCHIVE","2018-11-24T12:29:55.471+0000","2018-08-03T12:10:21.971+0000",128,"none","PRESERVED_SPECIMEN",2952183,6,7707728,220,1370,5386,7858091,2952183,2952183,"Andira ormosioides Benth.","Andira ormosioides Benth.","Plantae","Tracheophyta","Fabales","Fabaceae","Andira","Andira ormosioides","Andira","ormosioides","SPECIES","ACCEPTED","2002-12-01T00:00:00",960,"Pernambuco",2002,12,NA,"2002-12-01T00:00:00","2018-07-17T19:58:49.000+0000","2018-12-09T06:15:29.190+0000","http://creativecommons.org/licenses/by-nc/4.0/legalcode","none","none","none","WGS84","Magnoliopsida","BR","Brazil","PEUFR - Herbário Professor Vasconcelos Sobrinho","BRA:UFRPE:PEUFR:0000033482","149","PEUFR - Herbário Professor Vasconcelos Sobrinho","Brejo da Madre de Deus","Mata da Ponta","PEUFR",1090953282,"BRA:UFRPE:PEUFR:0000033482","Collection","A.G. da Silva; L.M. Nascimento","33482","","UFRPE","Árvore de ca. de 4 m de alt.; frutos imaturoa marrons",0,"","pt","Universidade Federal Rural de Pernambuco, UFRPE","H.C. de Lima","","",NA,"","","","","","",NA,"","",NA,"","","",NA,"","","","","",NA,"","","","",NA,"","","Brejo da Madre de Deus","Pernambuco","brazil",4255,"Brejo da Madre de Deus",2602605,-36.281269,-8.075257,"PERNAMBUCO","PE","Pernambuco",-37.99303622,-8.3240949,"Pernambuco","pe",-8.213889,-36.408056,"original coordinates","original coordinates outside municipality original in brejo da madre de deus falls in belo jardim"
"23","Andira ormosioides",1090954206,-8.187222,-36.4175,"gass84","da8a0dd0-85c7-4d7a-8a5a-e66b1deaebaa","06542f02-868b-4651-aed4-1ae6b2eb4eb7","none","b38ff2b7-c8af-454e-b5af-ee760f0d5bca","BR","DWC_ARCHIVE","2018-11-24T12:29:56.469+0000","2018-08-03T12:10:22.419+0000",128,"none","PRESERVED_SPECIMEN",2952183,6,7707728,220,1370,5386,7858091,2952183,2952183,"Andira ormosioides Benth.","Andira ormosioides Benth.","Plantae","Tracheophyta","Fabales","Fabaceae","Andira","Andira ormosioides","Andira","ormosioides","SPECIES","ACCEPTED","2002-12-01T00:00:00",NA,"Pernambuco",2001,3,20,"2001-03-20T00:00:00","2018-07-17T19:58:49.000+0000","2018-12-09T06:15:29.495+0000","http://creativecommons.org/licenses/by-nc/4.0/legalcode","none","none","none","WGS84","Magnoliopsida","BR","Brazil","PEUFR - Herbário Professor Vasconcelos Sobrinho","BRA:UFRPE:PEUFR:0000036007","498","PEUFR - Herbário Professor Vasconcelos Sobrinho","Brejo da Madre de Deus","Mata do Malhada","PEUFR",1090954206,"BRA:UFRPE:PEUFR:0000036007","Collection","L.M. Nascimento; Eudes; Adriano","36007","","UFRPE","Árvore de ca. de 5 m de alt.; flores com pétalas rosa escuro; sépalas com pêlos ferrugíneos",NA,"","pt","Universidade Federal Rural de Pernambuco, UFRPE","H.C. de Lima","","",NA,"","","","","","",NA,"","",NA,"","","",NA,"","","","","",NA,"","","","",NA,"","","Brejo da Madre de Deus","Pernambuco","brazil",4255,"Brejo da Madre de Deus",2602605,-36.281269,-8.075257,"PERNAMBUCO","PE","Pernambuco",-37.99303622,-8.3240949,"Pernambuco","pe",-8.187222,-36.4175,"original coordinates","original coordinates outside municipality original in brejo da madre de deus falls in belo jardim"
"24","Andira ormosioides",1090953274,-8.213889,-36.408056,"gass84","da8a0dd0-85c7-4d7a-8a5a-e66b1deaebaa","06542f02-868b-4651-aed4-1ae6b2eb4eb7","none","b38ff2b7-c8af-454e-b5af-ee760f0d5bca","BR","DWC_ARCHIVE","2018-11-24T12:29:55.413+0000","2018-08-03T12:10:21.994+0000",128,"none","PRESERVED_SPECIMEN",2952183,6,7707728,220,1370,5386,7858091,2952183,2952183,"Andira ormosioides Benth.","Andira ormosioides Benth.","Plantae","Tracheophyta","Fabales","Fabaceae","Andira","Andira ormosioides","Andira","ormosioides","SPECIES","ACCEPTED","2002-12-01T00:00:00",NA,"Pernambuco",2000,3,28,"2000-03-28T00:00:00","2018-07-17T19:58:49.000+0000","2018-12-09T06:15:29.257+0000","http://creativecommons.org/licenses/by-nc/4.0/legalcode","none","none","none","WGS84","Magnoliopsida","BR","Brazil","PEUFR - Herbário Professor Vasconcelos Sobrinho","BRA:UFRPE:PEUFR:0000033484","370","PEUFR - Herbário Professor Vasconcelos Sobrinho","Brejo da Madre de Deus","Mata da Ponta","PEUFR",1090953274,"BRA:UFRPE:PEUFR:0000033484","Collection","L.M. Nascimento; A.G. da Silva","33484","","UFRPE","Árvore de ca. de 4 m de alt.; frutos imaturos verdes e cálice persistente",NA,"","pt","Universidade Federal Rural de Pernambuco, UFRPE","H.C. de Lima","","",NA,"","","","","","",NA,"","",NA,"","","",NA,"","","","","",NA,"","","","",NA,"","","Brejo da Madre de Deus","Pernambuco","brazil",4255,"Brejo da Madre de Deus",2602605,-36.281269,-8.075257,"PERNAMBUCO","PE","Pernambuco",-37.99303622,-8.3240949,"Pernambuco","pe",-8.213889,-36.408056,"original coordinates","original coordinates outside municipality original in brejo da madre de deus falls in belo jardim"
"25","Andira ormosioides",1090953283,-8.213889,-36.408056,"gass84","da8a0dd0-85c7-4d7a-8a5a-e66b1deaebaa","06542f02-868b-4651-aed4-1ae6b2eb4eb7","none","b38ff2b7-c8af-454e-b5af-ee760f0d5bca","BR","DWC_ARCHIVE","2018-11-24T12:29:55.470+0000","2018-08-03T12:10:21.890+0000",128,"none","PRESERVED_SPECIMEN",2952183,6,7707728,220,1370,5386,7858091,2952183,2952183,"Andira ormosioides Benth.","Andira ormosioides Benth.","Plantae","Tracheophyta","Fabales","Fabaceae","Andira","Andira ormosioides","Andira","ormosioides","SPECIES","ACCEPTED","2002-12-01T00:00:00",NA,"Pernambuco",1999,9,14,"1999-09-14T00:00:00","2018-07-17T19:58:49.000+0000","2018-12-09T06:15:29.168+0000","http://creativecommons.org/licenses/by-nc/4.0/legalcode","none","none","none","WGS84","Magnoliopsida","BR","Brazil","PEUFR - Herbário Professor Vasconcelos Sobrinho","BRA:UFRPE:PEUFR:0000033485","244","PEUFR - Herbário Professor Vasconcelos Sobrinho","Brejo da Madre de Deus","Mata da Ponta","PEUFR",1090953283,"BRA:UFRPE:PEUFR:0000033485","Collection","L.M. Nascimento; A.G da Silva; A.M. da Silva; C.A.M. de Oliveira","33485","","UFRPE","Árvore de ca. de 3 m de altura",NA,"","pt","Universidade Federal Rural de Pernambuco, UFRPE","H.C. de Lima","","",NA,"","","","","","",NA,"","",NA,"","","",NA,"","","","","",NA,"","","","",NA,"","","Brejo da Madre de Deus","Pernambuco","brazil",4255,"Brejo da Madre de Deus",2602605,-36.281269,-8.075257,"PERNAMBUCO","PE","Pernambuco",-37.99303622,-8.3240949,"Pernambuco","pe",-8.213889,-36.408056,"original coordinates","original coordinates outside municipality original in brejo da madre de deus falls in belo jardim"
"26","Andira ormosioides",1123794389,-19.971389,-40.530278,"gass84","9129ec89-afa7-45af-8b73-509f1f8942ab","667644b9-7b93-4892-80c7-c4271735c515","none","b38ff2b7-c8af-454e-b5af-ee760f0d5bca","BR","DWC_ARCHIVE","2018-10-11T11:54:24.012+0000","2018-09-11T00:05:45.589+0000",129,"none","PRESERVED_SPECIMEN",2952183,6,7707728,220,1370,5386,7858091,2952183,2952183,"Andira ormosioides Benth.","Andira ormosioides Benth.","Plantae","Tracheophyta","Fabales","Fabaceae","Andira","Andira ormosioides","Andira","ormosioides","SPECIES","ACCEPTED","none",NA,"Espírito Santo",1999,12,23,"1999-12-23T00:00:00","2018-08-28T11:46:51.000+0000","2018-12-08T12:04:48.124+0000","http://creativecommons.org/licenses/by-nc/4.0/legalcode","none","none","none","WGS84","Magnoliopsida","BR","Brazil","MBML-Herbario - Herbário Mello Leitão","BRA:MBML:MBML-HERBARIO:0000011678","396","MBML-Herbario - Herbário Mello Leitão","Santa Teresa","Estação Biológica de Santa Lúcia","MBML-HERBARIO",1123794389,"BRA:MBML:MBML-HERBARIO:0000011678","Collection","V. Demuner; et al","11678","","MBML","Árvore 9m, DAS 55cm, fuste 50m, frutos imaturos cor verde. Proximo a trilha ,ter. plano e umido.",NA,"","pt","Museu de Biologia Professor Mello Leitão, MBML","B.M. Castro/01-02-2018","","",NA,"","","","","","",NA,"","",NA,"","","",NA,"","","","","",NA,"","","","",NA,"","","Santa Teresa","Espírito Santo","brazil",2456,"Santa Teresa",3204609,-40.635175,-19.877577,"ESPIRITO SANTO","ES","Espírito Santo",-40.6681057,-19.57475617,"Espírito Santo","es",-19.971389,-40.530278,"original coordinates","original coordinates OK"
"27","Andira ormosioides",1424412577,-22.55,-43.266667,"cdround,gass84,muluriiv","4300f8d5-1ae5-49e5-a101-63894b005868","838537fc-4aeb-4980-8b58-97fbdcd1d91a","none","da7fe11a-b42c-46cb-9e9d-02243edb738a","BR","DWC_ARCHIVE","2018-10-02T15:42:08.348+0000","2018-09-24T20:03:25.005+0000",207,"none","PRESERVED_SPECIMEN",2952183,6,7707728,220,1370,5386,7858091,2952183,2952183,"Andira ormosioides Benth.","Andira ormosioides Benth.","Plantae","Tracheophyta","Fabales","Fabaceae","Andira","Andira ormosioides","Andira","ormosioides","SPECIES","ACCEPTED","none",50,"Rio de Janeiro",1997,5,7,"1997-05-07T00:00:00","2017-10-18T15:40:49.295+0000","2018-12-06T17:00:08.428+0000","http://creativecommons.org/licenses/by/4.0/legalcode","none","none","none","WGS84","Magnoliopsida","BR","Brazil","Rio de Janeiro Botanical Garden","urn:catalog:JBRJ:RB:711216","5385","RB - Rio de Janeiro Botanical Garden Herbarium Collection","Duque de Caxias","Rio Pedra Branca. Reserva da Petrobras","RB",1424412577,"urn:catalog:JBRJ:RB:711216","PhysicalObject","H.C. de Lima; et al.","RB00711216","RB 347849","JBRJ","Árvore com 14,0 m. alt. Tronco com casca lisa e alvacenta. DAP. ca. 40cm. Estéril.",NA,"","","","","Ocasional nas margens do rio","",NA,"","","","","","",NA,"","",NA,"","","",NA,"","","","","",NA,"","","","",NA,"","","Duque de Caxias","Rio de Janeiro","brazil",1484,"Duque de Caxias",3301702,-43.296925,-22.626515,"RIO DE JANEIRO","RJ","Rio de Janeiro",-42.66307908,-22.19581555,"Rio de Janeiro","rj",-22.55,-43.266667,"original coordinates","original coordinates OK"
"28","Andira ormosioides",912669712,-12.95,-41.41,"gass84","cd6e21c8-9e8a-493a-8a76-fbf7862069e5","061b4f20-f241-11da-a328-b8a03c50a862","none","996e30f8-f762-11e1-a439-00145eb45e9a","GB","DWC_ARCHIVE","2018-06-12T07:04:48.636+0000","2018-04-09T11:03:28.420+0000",96,"none","PRESERVED_SPECIMEN",2952183,6,7707728,220,1370,5386,7858091,2952183,2952183,"Andira ormosioides Benth.","Andira ormosioides Benth.","Plantae","Tracheophyta","Fabales","Fabaceae","Andira","Andira ormosioides","Andira","ormosioides","SPECIES","ACCEPTED","none",1070,"",1996,7,15,"1996-07-15T00:00:00","2014-08-22T11:44:53.637+0000","2018-12-07T23:26:06.479+0000","http://creativecommons.org/licenses/by/4.0/legalcode","none","none","none","WGS84","Magnoliopsida","BR","Brazil","","K000893979","PCD 3619","","Mucugê","Pedra Redonda, entre o rio Preto e o Rio Paraguaçu.","Herbarium",912669712,"http://specimens.kew.org/herbarium/K000893979","","Hind, N.; Harley, R.; Smith, S.; Bautista, H.P.","K000893979","","K","Instituições colaboradoras CEPLAC, IBGE; UEFS; USP. Programa Plantas do Nordeste - Biodiversidade. Projeto Financiado pela Rufford Foundation",NA,"","","","","","cf.",0.2,"","Campo gerais. areia","","","","Label",NA,"","",NA,"","","",NA,"","Mucugê","Arbusto: até 1,20m, profusamente florido. Folhas coriáceas, face abaxial tomentosa com nervuras levemente ferrugíneas e salientes. Inflorescência com raqui e ramo ferrugíneos, cálice nigrescente com bordo ferrugíneo, corola roxa, estandarte com mácula bra","LEGUMINOSAE-PAPILIONOIDEAE","",NA,"","","","",NA,"","","Mucugê","","brazil",NA,"",NA,NA,NA,"","","",NA,NA,NA,"",-12.95,-41.41,"original coordinates","original coordinates OK"
"29","Andira ormosioides",1090948359,-8.31,-36,"gass84","da8a0dd0-85c7-4d7a-8a5a-e66b1deaebaa","06542f02-868b-4651-aed4-1ae6b2eb4eb7","none","b38ff2b7-c8af-454e-b5af-ee760f0d5bca","BR","DWC_ARCHIVE","2018-11-24T12:29:49.972+0000","2018-08-03T12:10:19.085+0000",128,"none","PRESERVED_SPECIMEN",2952183,6,7707728,220,1370,5386,7858091,2952183,2952183,"Andira ormosioides Benth.","Andira ormosioides Benth.","Plantae","Tracheophyta","Fabales","Fabaceae","Andira","Andira ormosioides","Andira","ormosioides","SPECIES","ACCEPTED","1998-08-01T00:00:00",1100,"Pernambuco",1995,7,14,"1995-07-14T00:00:00","2018-07-17T19:58:49.000+0000","2018-12-09T06:15:26.753+0000","http://creativecommons.org/licenses/by-nc/4.0/legalcode","none","none","none","WGS84","Magnoliopsida","BR","Brazil","PEUFR - Herbário Professor Vasconcelos Sobrinho","BRA:UFRPE:PEUFR:0000019754","101","PEUFR - Herbário Professor Vasconcelos Sobrinho","Caruaru","Murici, Brejo dos Cavalos, Parque Ecológico Municipal","PEUFR",1090948359,"BRA:UFRPE:PEUFR:0000019754","Collection","M.R.C.S. Melo","19754","","UFRPE","Árvore com ca. de 2 m de alt.; cálice escuro; pétalas lilás com base esbranquiçada",0,"","pt","Universidade Federal Rural de Pernambuco, UFRPE","H.C. de Lima","","",NA,"","","","","","",NA,"","",NA,"","","",NA,"","","","","",NA,"","","","",NA,"","","Caruaru","Pernambuco","brazil",4236,"Caruaru",2604106,-36.017298,-8.17911,"PERNAMBUCO","PE","Pernambuco",-37.99303622,-8.3240949,"Pernambuco","pe",-8.31,-36,"original coordinates","original coordinates OK"
"30","Andira ormosioides",1316166987,-22.433333,-42.833333,"gass84","1bb3cae3-b91f-4109-8a2d-a1f05f2d6fd3","76dbcb10-efc5-4d5f-87a5-bcd409fc92c8","none","b38ff2b7-c8af-454e-b5af-ee760f0d5bca","BR","DWC_ARCHIVE","2018-11-24T12:30:46.846+0000","2018-09-25T14:05:32.155+0000",126,"none","PRESERVED_SPECIMEN",2952183,6,7707728,220,1370,5386,7858091,2952183,2952183,"Andira ormosioides Benth.","Andira ormosioides Benth.","Plantae","Tracheophyta","Fabales","Fabaceae","Andira","Andira ormosioides","Andira","ormosioides","SPECIES","ACCEPTED","none",NA,"Rio de Janeiro",1994,11,19,"1994-11-19T00:00:00","2018-08-21T18:30:47.000+0000","2018-12-09T14:25:57.520+0000","http://creativecommons.org/licenses/by-nc/4.0/legalcode","none","none","none","WGS84","Magnoliopsida","BR","Brazil","SPF - Herbário da Universidade de São Paulo","BRA:USP:SPF:0000194686","4958","SPF - Herbário da Universidade de São Paulo","Guapimirim","Estação Ecológica Estadual do Paraíso","SPF",1316166987,"BRA:USP:SPF:0000194686","Collection","Lima, HC","194686","","USP","",NA,"","pt","Universidade de São Paulo, USP","Anônimo","","",NA,"","","","","","",NA,"","",NA,"","","",NA,"","","","","",NA,"","","","",NA,"","","Guapimirim","Rio de Janeiro","brazil",1500,"Guapimirim",3301850,-42.963842,-22.584312,"RIO DE JANEIRO","RJ","Rio de Janeiro",-42.66307908,-22.19581555,"Rio de Janeiro","rj",-22.433333,-42.833333,"original coordinates","original coordinates outside municipality original in guapimirim falls in cachoeiras de macacu"
"31","Andira ormosioides",1424273587,-22.433333,-42.833333,"cdround,gass84","4300f8d5-1ae5-49e5-a101-63894b005868","838537fc-4aeb-4980-8b58-97fbdcd1d91a","none","da7fe11a-b42c-46cb-9e9d-02243edb738a","BR","DWC_ARCHIVE","2018-10-02T15:40:43.996+0000","2018-09-24T20:02:00.302+0000",207,"none","PRESERVED_SPECIMEN",2952183,6,7707728,220,1370,5386,7858091,2952183,2952183,"Andira ormosioides Benth.","Andira ormosioides Benth.","Plantae","Tracheophyta","Fabales","Fabaceae","Andira","Andira ormosioides","Andira","ormosioides","SPECIES","ACCEPTED","none",0,"Rio de Janeiro",1994,11,19,"1994-11-19T00:00:00","2017-10-17T14:14:14.696+0000","2018-12-06T16:58:45.673+0000","http://creativecommons.org/licenses/by/4.0/legalcode","none","none","none","WGS84","Magnoliopsida","BR","Brazil","Rio de Janeiro Botanical Garden","urn:catalog:JBRJ:RB:559723","4959","RB - Rio de Janeiro Botanical Garden Herbarium Collection","Guapimirim","Estação Ecológica Estadual de Paraíso. Fazenda Santa Rita.","RB",1424273587,"urn:catalog:JBRJ:RB:559723","PhysicalObject","H.C.de Lima; et al.","RB00559723","RB 325510","JBRJ","Arvore; estéril.Folhas jovens.",NA,"","","","","","",NA,"","","","","","",NA,"","",NA,"","","",NA,"","","","","",NA,"","","","",NA,"","","Guapimirim","Rio de Janeiro","brazil",1500,"Guapimirim",3301850,-42.963842,-22.584312,"RIO DE JANEIRO","RJ","Rio de Janeiro",-42.66307908,-22.19581555,"Rio de Janeiro","rj",-22.433333,-42.833333,"original coordinates","original coordinates outside municipality original in guapimirim falls in cachoeiras de macacu"
"32","Andira ormosioides",1424273575,-22.433333,-42.833333,"cdround,gass84","4300f8d5-1ae5-49e5-a101-63894b005868","838537fc-4aeb-4980-8b58-97fbdcd1d91a","none","da7fe11a-b42c-46cb-9e9d-02243edb738a","BR","DWC_ARCHIVE","2018-10-02T15:40:44.019+0000","2018-09-24T20:02:00.312+0000",207,"none","PRESERVED_SPECIMEN",2952183,6,7707728,220,1370,5386,7858091,2952183,2952183,"Andira ormosioides Benth.","Andira ormosioides Benth.","Plantae","Tracheophyta","Fabales","Fabaceae","Andira","Andira ormosioides","Andira","ormosioides","SPECIES","ACCEPTED","none",0,"Rio de Janeiro",1994,11,19,"1994-11-19T00:00:00","","2018-12-06T16:58:45.819+0000","http://creativecommons.org/licenses/by/4.0/legalcode","none","none","none","WGS84","Magnoliopsida","BR","Brazil","Rio de Janeiro Botanical Garden","urn:catalog:JBRJ:RB:559724","4960","RB - Rio de Janeiro Botanical Garden Herbarium Collection","Guapimirim","Estação Ecológica Estadual de Paraíso. Fazenda Paraíso.","RB",1424273575,"urn:catalog:JBRJ:RB:559724","PhysicalObject","H.C.de Lima; et al.","RB00559724","RB 325508","JBRJ","Arvore. Estéril. Folhas jovens.",NA,"","","","","","",NA,"","","","","","",NA,"","",NA,"","","",NA,"","","","","",NA,"","","","",NA,"","","Guapimirim","Rio de Janeiro","brazil",1500,"Guapimirim",3301850,-42.963842,-22.584312,"RIO DE JANEIRO","RJ","Rio de Janeiro",-42.66307908,-22.19581555,"Rio de Janeiro","rj",-22.433333,-42.833333,"original coordinates","original coordinates outside municipality original in guapimirim falls in cachoeiras de macacu"
"33","Andira ormosioides",1123793775,-19.971389,-40.530278,"gass84","9129ec89-afa7-45af-8b73-509f1f8942ab","667644b9-7b93-4892-80c7-c4271735c515","none","b38ff2b7-c8af-454e-b5af-ee760f0d5bca","BR","DWC_ARCHIVE","2018-10-11T11:54:23.539+0000","2018-09-11T00:05:43.384+0000",129,"none","PRESERVED_SPECIMEN",2952183,6,7707728,220,1370,5386,7858091,2952183,2952183,"Andira ormosioides Benth.","Andira ormosioides Benth.","Plantae","Tracheophyta","Fabales","Fabaceae","Andira","Andira ormosioides","Andira","ormosioides","SPECIES","ACCEPTED","none",NA,"Espírito Santo",1994,12,6,"1994-12-06T00:00:00","2018-08-28T11:46:51.000+0000","2018-12-08T12:04:47.839+0000","http://creativecommons.org/licenses/by-nc/4.0/legalcode","none","none","none","WGS84","Magnoliopsida","BR","Brazil","MBML-Herbario - Herbário Mello Leitão","BRA:MBML:MBML-HERBARIO:0000011091","323","MBML-Herbario - Herbário Mello Leitão","Santa Teresa","Estação Biológica de Santa Lúcia","MBML-HERBARIO",1123793775,"BRA:MBML:MBML-HERBARIO:0000011091","Collection","Cintia C. Chamas; et al","11091","","MBML","Árvore alta, flor rosa, flores abrem alternadamente. Trilha rio Timbuí, margem direita.",NA,"","pt","Museu de Biologia Professor Mello Leitão, MBML","H. C. de Lima/1995","","",NA,"","","","","","",NA,"","",NA,"","","",NA,"","","","","",NA,"","","","",NA,"","","Santa Teresa","Espírito Santo","brazil",2456,"Santa Teresa",3204609,-40.635175,-19.877577,"ESPIRITO SANTO","ES","Espírito Santo",-40.6681057,-19.57475617,"Espírito Santo","es",-19.971389,-40.530278,"original coordinates","original coordinates OK"
"34","Andira ormosioides",1424174161,-22.5,-42.25,"gass84","4300f8d5-1ae5-49e5-a101-63894b005868","838537fc-4aeb-4980-8b58-97fbdcd1d91a","none","da7fe11a-b42c-46cb-9e9d-02243edb738a","BR","DWC_ARCHIVE","2018-10-02T15:39:43.158+0000","2018-09-24T20:01:07.827+0000",207,"none","PRESERVED_SPECIMEN",2952183,6,7707728,220,1370,5386,7858091,2952183,2952183,"Andira ormosioides Benth.","Andira ormosioides Benth.","Plantae","Tracheophyta","Fabales","Fabaceae","Andira","Andira ormosioides","Andira","ormosioides","SPECIES","ACCEPTED","none",NA,"Rio de Janeiro",1993,2,11,"1993-02-11T00:00:00","2017-10-18T10:49:25.512+0000","2018-12-06T16:57:54.653+0000","http://creativecommons.org/licenses/by/4.0/legalcode","none","none","none","WGS84","Magnoliopsida","BR","Brazil","Rio de Janeiro Botanical Garden","urn:catalog:JBRJ:RB:441136","","RB - Rio de Janeiro Botanical Garden Herbarium Collection","Silva Jardim","Trilha do Morro do Calcario, ponto 700. Reserva Biológica de Poço das Antas","RB",1424174161,"urn:catalog:JBRJ:RB:441136","PhysicalObject","S.Z.Albuquerque; et al.","RB00441136","RB 319071","JBRJ","",NA,"","","","","","",NA,"","","","","","",NA,"","",NA,"","","",NA,"","","","","",NA,"","","","",NA,"","","Silva Jardim","Rio de Janeiro","brazil",1506,"Silva Jardim",3305604,-42.414048,-22.567613,"RIO DE JANEIRO","RJ","Rio de Janeiro",-42.66307908,-22.19581555,"Rio de Janeiro","rj",-22.5,-42.25,"original coordinates","original coordinates outside municipality original in silva jardim falls in casimiro de abreu"
"35","Andira ormosioides",1424175852,-22.5,-42.25,"gass84","4300f8d5-1ae5-49e5-a101-63894b005868","838537fc-4aeb-4980-8b58-97fbdcd1d91a","none","da7fe11a-b42c-46cb-9e9d-02243edb738a","BR","DWC_ARCHIVE","2018-10-02T15:39:44.189+0000","2018-09-24T20:01:08.719+0000",207,"none","PRESERVED_SPECIMEN",2952183,6,7707728,220,1370,5386,7858091,2952183,2952183,"Andira ormosioides Benth.","Andira ormosioides Benth.","Plantae","Tracheophyta","Fabales","Fabaceae","Andira","Andira ormosioides","Andira","ormosioides","SPECIES","ACCEPTED","none",NA,"Rio de Janeiro",1993,11,1,"1993-11-01T00:00:00","2017-10-11T14:04:33.501+0000","2018-12-06T16:57:55.415+0000","http://creativecommons.org/licenses/by/4.0/legalcode","none","none","none","WGS84","Magnoliopsida","BR","Brazil","Rio de Janeiro Botanical Garden","urn:catalog:JBRJ:RB:442667","4831","RB - Rio de Janeiro Botanical Garden Herbarium Collection","Silva Jardim","Prox.,a BR-101, estrada p/ Juturnaíba. Reserva Biológica de Poço das Antas","RB",1424175852,"urn:catalog:JBRJ:RB:442667","PhysicalObject","H.C.de Lima; et al.","RB00442667","RB 333918","JBRJ","árvore com 14m de altura. Tronco com casca lisa e acinzentada. Flores com cálice verde-ferrugíneo e corola alvo-rosadas, vexilo com mácula verde-amarelada central. Frequente.",NA,"","","","","","",NA,"","","","","","",NA,"","",NA,"","","",NA,"","","","","",NA,"","","","",NA,"","","Silva Jardim","Rio de Janeiro","brazil",1506,"Silva Jardim",3305604,-42.414048,-22.567613,"RIO DE JANEIRO","RJ","Rio de Janeiro",-42.66307908,-22.19581555,"Rio de Janeiro","rj",-22.5,-42.25,"original coordinates","original coordinates outside municipality original in silva jardim falls in casimiro de abreu"
"36","Andira ormosioides",1930289084,-22.48333,-42.88333,"gass84","d415c253-4d61-4459-9d25-4015b9084fb0","ae447c50-b8a8-11d8-92a4-b8a03c50a862","none","17017c2c-036b-45d9-b045-606d21b00771","US","DWC_ARCHIVE","2018-11-18T15:57:55.949+0000","2018-11-18T15:57:56.142+0000",96,"none","PRESERVED_SPECIMEN",2952183,6,7707728,220,1370,5386,7858091,2952183,2952183,"Andira ormosioides Benth.","Andira ormosioides Benth.","Plantae","Tracheophyta","Fabales","Fabaceae","Andira","Andira ormosioides","Andira","ormosioides","SPECIES","ACCEPTED","1994-01-01T00:00:00",0,"Rio de Janeiro",1992,11,12,"1992-11-12T00:00:00","","2018-12-08T03:17:51.072+0000","http://creativecommons.org/publicdomain/zero/1.0/legalcode","none","none","none","WGS84","Magnoliopsida","BR","Brazil","The New York Botanical Garden","b25afac3-e437-4a41-b330-c983a8b2d149","6","Vascular plants","","EstaÃ§Ã£o EcolÃ³gica Estadual de ParaÃ­so, Arredores do CPRJ. Ãrea FP12.","NY",1930289084,"b25afac3-e437-4a41-b330-c983a8b2d149","PhysicalObject","T. S. Pereira","1039102","","NY","",0,"SOUTH_AMERICA","en","","R. T. Pennington","","",NA,"http://sweetgum.nybg.org/science/vh/specimen_details.php?irn=1481812","","ICN","http://biocol.org/urn:lsid:biocol.org:col:15556","12 Nov 1992","",317,"Guapimirim","sheet",317,"http://biocol.org/urn:lsid:biocol.org:col:15556","","",NA,"","","","","0 ft",NA,"","","","",NA,"","","","Rio de Janeiro","brazil",NA,"",NA,NA,NA,"","","Rio de Janeiro",-42.66307908,-22.19581555,"Rio de Janeiro","rj",-22.48333,-42.88333,"original coordinates","original coordinates outside municipality original in  falls in cachoeiras de macacu"
"37","Andira ormosioides",912171777,-17.5,-39.22,"gass84","cd6e21c8-9e8a-493a-8a76-fbf7862069e5","061b4f20-f241-11da-a328-b8a03c50a862","none","996e30f8-f762-11e1-a439-00145eb45e9a","GB","DWC_ARCHIVE","2018-06-12T07:02:40.686+0000","2018-04-09T10:53:19.581+0000",96,"none","PRESERVED_SPECIMEN",2952183,6,7707728,220,1370,5386,7858091,2952183,2952183,"Andira ormosioides Benth.","Andira ormosioides Benth.","Plantae","Tracheophyta","Fabales","Fabaceae","Andira","Andira ormosioides","Andira","ormosioides","SPECIES","ACCEPTED","none",NA,"",1991,6,21,"1991-06-21T00:00:00","","2018-12-07T23:21:07.805+0000","http://creativecommons.org/licenses/by/4.0/legalcode","none","none","none","WGS84","Magnoliopsida","BR","Brazil","","K000187928","309","","Alcobaça","1km N do centro da cidade, 350m do mar","Herbarium",912171777,"http://specimens.kew.org/herbarium/K000187928","","Pennington, R.T.; Carvalho, F.A.","K000187928","","K","",NA,"","","","Pennington, R.T.","","",NA,"","Restinga arbórea perturbada","","","","",NA,"","",NA,"","","",NA,"","Alcobaça","","LEGUMINOSAE-PAPILIONOIDEAE","",NA,"","","","",NA,"","","Alcobaça","","brazil",NA,"",NA,NA,NA,"","","",NA,NA,NA,"",-17.5,-39.22,"original coordinates","original coordinates OK"
"38","Andira ormosioides",912171774,-17.5,-39.22,"gass84","cd6e21c8-9e8a-493a-8a76-fbf7862069e5","061b4f20-f241-11da-a328-b8a03c50a862","none","996e30f8-f762-11e1-a439-00145eb45e9a","GB","DWC_ARCHIVE","2018-06-12T07:02:40.656+0000","2018-04-09T10:53:19.528+0000",96,"none","PRESERVED_SPECIMEN",2952183,6,7707728,220,1370,5386,7858091,2952183,2952183,"Andira ormosioides Benth.","Andira ormosioides Benth.","Plantae","Tracheophyta","Fabales","Fabaceae","Andira","Andira ormosioides","Andira","ormosioides","SPECIES","ACCEPTED","none",NA,"",1991,6,20,"1991-06-20T00:00:00","","2018-12-07T23:21:07.869+0000","http://creativecommons.org/licenses/by/4.0/legalcode","none","none","none","WGS84","Magnoliopsida","BR","Brazil","","K000187927","306","","Alcobaça","1km N do centro da cidade, 350m do mar","Herbarium",912171774,"http://specimens.kew.org/herbarium/K000187927","","Pennington, R.T.; Carvalho, F.A.","K000187927","","K","",NA,"","","","Pennington, R.T.","","",NA,"","Restinga arbórea perturbada","","","","",NA,"","",NA,"","","",NA,"","Alcobaça","","LEGUMINOSAE-PAPILIONOIDEAE","",NA,"","","","",NA,"","","Alcobaça","","brazil",NA,"",NA,NA,NA,"","","",NA,NA,NA,"",-17.5,-39.22,"original coordinates","original coordinates OK"
"39","Andira ormosioides",1090452279,-17.5,-39.216667,"gass84","bc81e05b-ed51-46ba-a0a4-90fbae9b5545","c6aacf9d-a5a7-4d7f-a6fc-ea0a4b8ec450","none","b38ff2b7-c8af-454e-b5af-ee760f0d5bca","BR","DWC_ARCHIVE","2018-11-24T12:33:42.193+0000","2018-11-24T12:33:42.227+0000",122,"none","PRESERVED_SPECIMEN",2952183,6,7707728,220,1370,5386,7858091,2952183,2952183,"Andira ormosioides Benth.","Andira ormosioides Benth.","Plantae","Tracheophyta","Fabales","Fabaceae","Andira","Andira ormosioides","Andira","ormosioides","SPECIES","ACCEPTED","none",NA,"Bahia",1991,6,21,"1991-06-21T00:00:00","2018-11-14T17:44:49.000+0000","2018-12-08T04:42:33.176+0000","http://creativecommons.org/licenses/by-nc/4.0/legalcode","none","none","none","WGS84","Magnoliopsida","BR","Brazil","CEPEC - Herbário do Centro de Pesquisas do Cacau","BRA:CEPLAC:CEPEC:0000055658","309","CEPEC - Herbário do Centro de Pesquisas do Cacau","ALCOBAÇA","1Km ao N centro cidade, 350 do mar.","CEPEC",1090452279,"BRA:CEPLAC:CEPEC:0000055658","Collection","R. T. Pennington","55658","30/12/1991","Comissão Executiva do Plano da Lavoura Cacaueira (CEPLAC)","",NA,"","pt","Comissão Executiva do Plano da Lavoura Cacaueira (CEPLAC)","R. T. Pennington","","",NA,"","","","","","",NA,"","",NA,"","","",NA,"","","","","",NA,"","","","",NA,"","","ALCOBAÇA","Bahia","brazil",2850,"Alcobaça",2900801,-39.403457,-17.474135,"BAHIA","BA","Bahia",-41.72018023,-12.47295682,"Bahia","ba",-17.5,-39.216667,"original coordinates","original coordinates OK"
"40","Andira ormosioides",1424272322,-22.433333,-42.833333,"cdround,gass84","4300f8d5-1ae5-49e5-a101-63894b005868","838537fc-4aeb-4980-8b58-97fbdcd1d91a","none","da7fe11a-b42c-46cb-9e9d-02243edb738a","BR","DWC_ARCHIVE","2018-10-02T15:40:43.322+0000","2018-09-24T20:01:59.615+0000",207,"none","PRESERVED_SPECIMEN",2952183,6,7707728,220,1370,5386,7858091,2952183,2952183,"Andira ormosioides Benth.","Andira ormosioides Benth.","Plantae","Tracheophyta","Fabales","Fabaceae","Andira","Andira ormosioides","Andira","ormosioides","SPECIES","ACCEPTED","1994-01-01T00:00:00",0,"Rio de Janeiro",1991,8,30,"1991-08-30T00:00:00","2017-10-19T10:35:52.877+0000","2018-12-06T16:58:45.156+0000","http://creativecommons.org/licenses/by/4.0/legalcode","none","none","none","WGS84","Magnoliopsida","BR","Brazil","Rio de Janeiro Botanical Garden","urn:catalog:JBRJ:RB:558611","4253","RB - Rio de Janeiro Botanical Garden Herbarium Collection","Guapimirim","Estação Ecológica Estadual de Paraíso. Arredores do CPRJ, margens do rio Paraíso.","RB",1424272322,"urn:catalog:JBRJ:RB:558611","PhysicalObject","H.C.de Lima; et al.","RB00558611","RB 314905","JBRJ","Arvore. Tronco com casca alvacenta. Esteril. Ocasional.",NA,"","","","R.T.Pennington","Capoeira e mata degradada","",NA,"","","","","","",NA,"","",NA,"","","",NA,"","","","","",NA,"","","","",NA,"","","Guapimirim","Rio de Janeiro","brazil",1500,"Guapimirim",3301850,-42.963842,-22.584312,"RIO DE JANEIRO","RJ","Rio de Janeiro",-42.66307908,-22.19581555,"Rio de Janeiro","rj",-22.433333,-42.833333,"original coordinates","original coordinates outside municipality original in guapimirim falls in cachoeiras de macacu"
"41","Andira ormosioides",912669693,-19.83,-41.83,"gass84","cd6e21c8-9e8a-493a-8a76-fbf7862069e5","061b4f20-f241-11da-a328-b8a03c50a862","none","996e30f8-f762-11e1-a439-00145eb45e9a","GB","DWC_ARCHIVE","2018-06-12T07:04:48.633+0000","2018-04-09T11:03:28.407+0000",96,"none","PRESERVED_SPECIMEN",2952183,6,7707728,220,1370,5386,7858091,2952183,2952183,"Andira ormosioides Benth.","Andira ormosioides Benth.","Plantae","Tracheophyta","Fabales","Fabaceae","Andira","Andira ormosioides","Andira","ormosioides","SPECIES","ACCEPTED","none",540,"",1985,11,13,"1985-11-13T00:00:00","2014-08-22T11:37:08.367+0000","2018-12-07T23:26:06.474+0000","http://creativecommons.org/licenses/by/4.0/legalcode","none","none","none","WGS84","Magnoliopsida","BR","Brazil","","K000893976","850","","","Estação Biológica de Caratinga (E.B.C.) (Fazenda Montes Claros). 400km East of Belo Horizonte, vicinity of Rio Manhuacú, Valley of Rio Doce.","Herbarium",912669693,"http://specimens.kew.org/herbarium/K000893976","","Andrade, P.M.; Lopes, M.A.","K000893976","","K","Sheet 2/2. Brazil: Eastern Minas Gerais. BHCB 7598",140,"","","","Pennington, R.T.","","",0.2,"","Remnant of Atlantic Forest. Annual precipitation 1000/2000mm, west season from November-March","","","","Label",NA,"","",NA,"","","",NA,"","","Arbóreo 20m, fl. lilás","LEGUMINOSAE-PAPILIONOIDEAE","",NA,"","","","",NA,"","","","","brazil",NA,"",NA,NA,NA,"","","",NA,NA,NA,"",-19.83,-41.83,"original coordinates","original coordinates outside municipality original in  falls in caratinga"
"42","Andira ormosioides",1930806170,-15.7834208090807,-47.9298726661488,"cdrep","d415c253-4d61-4459-9d25-4015b9084fb0","ae447c50-b8a8-11d8-92a4-b8a03c50a862","none","17017c2c-036b-45d9-b045-606d21b00771","US","DWC_ARCHIVE","2018-11-18T16:04:42.529+0000","2018-11-18T16:04:42.545+0000",96,"none","PRESERVED_SPECIMEN",2952183,6,7707728,220,1370,5386,7858091,2952183,2952183,"Andira ormosioides Benth.","Andira ormosioides Benth.","Plantae","Tracheophyta","Fabales","Fabaceae","Andira","Andira ormosioides","Andira","ormosioides","SPECIES","ACCEPTED","none",0,"Distrito Federal",1964,9,17,"1964-09-17T00:00:00","","2018-12-08T22:35:18.244+0000","http://creativecommons.org/publicdomain/zero/1.0/legalcode","none","none","none","WGS84","Magnoliopsida","BR","Brazil","The New York Botanical Garden","d6f7533f-61ce-4808-b7f3-0728731dd767","59051","Vascular plants","","Grounds of Cia Fercal, 20 km. E of BrasÃ­lia","NY",1930806170,"d6f7533f-61ce-4808-b7f3-0728731dd767","PhysicalObject","G. T. Prance","532855","","NY","",0,"SOUTH_AMERICA","en","","R. T. Pennington","","",70570,"http://sweetgum.nybg.org/science/vh/specimen_details.php?irn=118728","Beside small stream","ICN","http://biocol.org/urn:lsid:biocol.org:col:15556","17 Sep 1964","Other source",261,"BrasÃ­lia","sheet",261,"http://biocol.org/urn:lsid:biocol.org:col:15556","CRIA (Centro de ReferÃªncia em InformaÃ§Ã£o Ambiental)","",NA,"","","","","",NA,"Annotated as Andira prancei Arroyo by M. T. K. Arroyo, 1975, but this name was not published, as annnotated by R. T. Pennington, 1991.","","","",NA,"","","","Distrito Federal","brazil",NA,"",NA,NA,NA,"","","Distrito Federal",-47.79774208,-15.78050687,"Distrito Federal","df",-15.7834208090807,-47.9298726661488,"original coordinates","original coordinates outside municipality original in  falls in brasilia"
"43","Andira ormosioides",1927928048,-22.969605,-43.278912,"","d415c253-4d61-4459-9d25-4015b9084fb0","ae447c50-b8a8-11d8-92a4-b8a03c50a862","none","17017c2c-036b-45d9-b045-606d21b00771","US","DWC_ARCHIVE","2018-11-18T14:45:43.570+0000","2018-11-18T14:45:43.679+0000",96,"none","PRESERVED_SPECIMEN",2952183,6,7707728,220,1370,5386,7858091,2952183,2952183,"Andira ormosioides Benth.","Andira ormosioides Benth.","Plantae","Tracheophyta","Fabales","Fabaceae","Andira","Andira ormosioides","Andira","ormosioides","SPECIES","ACCEPTED","none",0,"Rio de Janeiro",1963,9,3,"1963-09-03T00:00:00","","2018-12-05T23:31:24.832+0000","http://creativecommons.org/publicdomain/zero/1.0/legalcode","none","none","none","WGS84","Magnoliopsida","BR","Brazil","The New York Botanical Garden","0b638c26-a2c0-405b-a797-34103d4ae9aa","335","Vascular plants","","Guanabara, estrada Vista Chinesa, Km. 5","NY",1927928048,"0b638c26-a2c0-405b-a797-34103d4ae9aa","PhysicalObject","H. F. Martins","532857","","NY","",0,"SOUTH_AMERICA","en","","H. C. de Lima","","",364,"http://sweetgum.nybg.org/science/vh/specimen_details.php?irn=118729","","ICN","http://biocol.org/urn:lsid:biocol.org:col:15556","03 Sep 1963","Georeferencing Quick Reference Guide, Version 2012",246,"Rio de Janeiro","sheet",246,"http://biocol.org/urn:lsid:biocol.org:col:15556","Google Maps (map data 2016), Manis Georef. Calculator","",NA,"","","","","",NA,"","2016-11-17","","",NA,"","","","Rio de Janeiro","brazil",NA,"",NA,NA,NA,"","","Rio de Janeiro",-42.66307908,-22.19581555,"Rio de Janeiro","rj",-22.969605,-43.278912,"original coordinates","original coordinates outside municipality original in  falls in rio de janeiro"
"44","Andira ormosioides",1929549238,-23.4341654154965,-45.0699981850603,"cdrep","d415c253-4d61-4459-9d25-4015b9084fb0","ae447c50-b8a8-11d8-92a4-b8a03c50a862","none","17017c2c-036b-45d9-b045-606d21b00771","US","DWC_ARCHIVE","2018-11-18T15:23:57.259+0000","2018-11-18T15:23:57.287+0000",96,"none","PRESERVED_SPECIMEN",2952183,6,7707728,220,1370,5386,7858091,2952183,2952183,"Andira ormosioides Benth.","Andira ormosioides Benth.","Plantae","Tracheophyta","Fabales","Fabaceae","Andira","Andira ormosioides","Andira","ormosioides","SPECIES","ACCEPTED","2004-01-01T00:00:00",0,"SÃ£o Paulo",1960,7,26,"1960-07-26T00:00:00","","2018-12-09T00:23:28.064+0000","http://creativecommons.org/publicdomain/zero/1.0/legalcode","none","none","none","WGS84","Magnoliopsida","BR","Brazil","The New York Botanical Garden","7e14f2ff-bbc6-4fc0-a5fa-39e950b8436b","13","Vascular plants","","Proximo a base Norte do Instituto Oceanografico","NY",1929549238,"7e14f2ff-bbc6-4fc0-a5fa-39e950b8436b","PhysicalObject","N. D. d. Cruz","684643","","NY","",0,"SOUTH_AMERICA","en","","R. T. Pennington","","",34265,"http://sweetgum.nybg.org/science/vh/specimen_details.php?irn=897260","Na mata umida.","ICN","http://biocol.org/urn:lsid:biocol.org:col:15556","26 Jul 1960","Other source",208,"Ubatuba","sheet",208,"http://biocol.org/urn:lsid:biocol.org:col:15556","CRIA (Centro de ReferÃªncia em InformaÃ§Ã£o Ambiental)","",NA,"","","","","",NA,"","","","",NA,"","","","SÃ£o Paulo","brazil",NA,"",NA,NA,NA,"","","São Paulo",-48.72944932,-22.26440593,"São Paulo","sp",-23.4341654154965,-45.0699981850603,"original coordinates","original coordinates outside municipality original in  falls in ubatuba"
"45","Andira ormosioides",1931265428,-22.9069598238154,-43.2076685470805,"cdrep","d415c253-4d61-4459-9d25-4015b9084fb0","ae447c50-b8a8-11d8-92a4-b8a03c50a862","none","17017c2c-036b-45d9-b045-606d21b00771","US","DWC_ARCHIVE","2018-11-18T16:25:51.585+0000","2018-11-18T16:25:51.645+0000",96,"none","PRESERVED_SPECIMEN",2952183,6,7707728,220,1370,5386,7858091,2952183,2952183,"Andira ormosioides Benth.","Andira ormosioides Benth.","Plantae","Tracheophyta","Fabales","Fabaceae","Andira","Andira ormosioides","Andira","ormosioides","SPECIES","ACCEPTED","none",0,"Rio de Janeiro",1927,9,29,"1927-09-29T00:00:00","","2018-12-07T05:43:04.130+0000","http://creativecommons.org/publicdomain/zero/1.0/legalcode","none","none","none","WGS84","Magnoliopsida","BR","Brazil","The New York Botanical Garden","f782d9d5-eb77-4d5b-83f1-1593b5ae31e8","528","Vascular plants","","HÃ´rto Florestal","NY",1931265428,"f782d9d5-eb77-4d5b-83f1-1593b5ae31e8","PhysicalObject","J. G. Kuhlmann","532853","","NY","",0,"SOUTH_AMERICA","en","","R. T. Pennington","","",57442,"http://sweetgum.nybg.org/science/vh/specimen_details.php?irn=118731","","ICN","http://biocol.org/urn:lsid:biocol.org:col:15556","29 Sep 1927","Other source",272,"Rio de Janeiro","sheet",272,"http://biocol.org/urn:lsid:biocol.org:col:15556","CRIA (Centro de ReferÃªncia em InformaÃ§Ã£o Ambiental)","",NA,"","","","","",NA,"","","MANAGED","",NA,"","","","Rio de Janeiro","brazil",NA,"",NA,NA,NA,"","","Rio de Janeiro",-42.66307908,-22.19581555,"Rio de Janeiro","rj",-22.9069598238154,-43.2076685470805,"original coordinates","original coordinates outside municipality original in  falls in rio de janeiro"
"46","Andira ormosioides",1228192881,-10.8339,-52.8731,"gass84","90c853e6-56bd-480b-8e8f-6285c3f8d42b","7b8aff00-a9f8-11d8-944b-b8a03c50a862","none","3b84ff5b-79ce-427c-acb7-b4004e160f66","US","DWC_ARCHIVE","2018-11-22T21:34:00.373+0000","2018-11-22T21:34:00.474+0000",97,"none","PRESERVED_SPECIMEN",2952183,6,7707728,220,1370,5386,7858091,2952183,2952183,"Andira ormosioides Benth.","Andira ormosioides Benth.","Plantae","Tracheophyta","Fabales","Fabaceae","Andira","Andira ormosioides","Andira","ormosioides","SPECIES","ACCEPTED","none",NA,"",NA,NA,NA,"none","","2018-12-07T20:09:08.511+0000","http://creativecommons.org/publicdomain/zero/1.0/legalcode","none","none","none","WGS84","Magnoliopsida","BR","Brazil","The Field Museum of Natural History","0916093c-1e84-45e4-9787-ee7fd41522a2","","Negatives/Types","","","Botany",1228192881,"0916093c-1e84-45e4-9787-ee7fd41522a2","PhysicalObject","H. W. Schott","V0058851F","","F","",NA,"SOUTH_AMERICA","en","F","","","",NA,"","","ICBN","F","","",NA,"","",NA,"Botany","","",NA,"","South America, BRAZIL","","Plantae Spermatophyta Dicotyledoneae Fabaceae","",NA,"","","","ISOTYPE",251885,"seeds-20-nov-2018","http://fieldmuseum.org/about/copyright-information","","","brazil",NA,"",NA,NA,NA,"","","",NA,NA,NA,"",-10.8339,-52.8731,"original coordinates","original coordinates outside municipality original in  falls in sao jose do xingu"
"47","Andira ormosioides",1927821981,-22.4324518964986,-43.4184824730571,"cdrep,rdativ","d415c253-4d61-4459-9d25-4015b9084fb0","ae447c50-b8a8-11d8-92a4-b8a03c50a862","none","17017c2c-036b-45d9-b045-606d21b00771","US","DWC_ARCHIVE","2018-11-18T14:44:55.096+0000","2018-11-18T14:44:55.319+0000",96,"none","PRESERVED_SPECIMEN",2952183,6,7707728,220,1370,5386,7858091,2952183,2952183,"Andira ormosioides Benth.","Andira ormosioides Benth.","Plantae","Tracheophyta","Fabales","Fabaceae","Andira","Andira ormosioides","Andira","ormosioides","SPECIES","ACCEPTED","none",0,"Rio de Janeiro",NA,NA,NA,"none","","2018-12-05T23:30:19.970+0000","http://creativecommons.org/publicdomain/zero/1.0/legalcode","none","none","none","WGS84","Magnoliopsida","BR","Brazil","The New York Botanical Garden","03c18f3c-e0c3-4878-9ea7-64f7cfdc51c7","29","Vascular plants","","Avellar","NY",1927821981,"03c18f3c-e0c3-4878-9ea7-64f7cfdc51c7","PhysicalObject","J. G. Kuhlmann","532856","","NY","",0,"SOUTH_AMERICA","en","","R. T. Pennington","","",18359,"http://sweetgum.nybg.org/science/vh/specimen_details.php?irn=118730","","ICN","http://biocol.org/urn:lsid:biocol.org:col:15556","s.d.","Other source",0,"Paty do Alferes","sheet",0,"http://biocol.org/urn:lsid:biocol.org:col:15556","CRIA (Centro de ReferÃªncia em InformaÃ§Ã£o Ambiental)","",NA,"","","","","",NA,"","","","",NA,"","","","Rio de Janeiro","brazil",NA,"",NA,NA,NA,"","","Rio de Janeiro",-42.66307908,-22.19581555,"Rio de Janeiro","rj",-22.4324518964986,-43.4184824730571,"original coordinates","original coordinates outside municipality original in  falls in paty do alferes"
