"","name","key","decimalLatitude","decimalLongitude","issues","datasetKey","publishingOrgKey","networkKeys","installationKey","publishingCountry","protocol","lastCrawled","lastParsed","crawlId","extensions","basisOfRecord","taxonKey","kingdomKey","phylumKey","classKey","orderKey","familyKey","genusKey","speciesKey","acceptedTaxonKey","scientificName","acceptedScientificName","kingdom","phylum","order","family","genus","species","genericName","specificEpithet","taxonRank","taxonomicStatus","dateIdentified","stateProvince.original","year","month","day","eventDate","lastInterpreted","license","identifiers","facts","relations","geodeticDatum","class","countryCode","country.original","rightsHolder","identifier","recordNumber","datasetName","municipality.original","locality","language","collectionCode","gbifID","occurrenceID","type","recordedBy","catalogNumber","otherCatalogNumbers","institutionCode","ownerInstitutionCode","occurrenceRemarks","identifiedBy","elevation","modified","continent","elevationAccuracy","institutionID","nomenclaturalCode","higherGeography","organismID","datasetID","accessRights","collectionID","higherClassification","individualCount","nomenclaturalStatus","county","taxonID","bibliographicCitation","references","habitat","verbatimEventDate","endDayOfYear","preparations","startDayOfYear","verbatimElevation","fieldNotes","identificationQualifier","rights","typeStatus","coordinateUncertaintyInMeters","georeferenceProtocol","georeferenceSources","dynamicProperties","fieldNumber","typifiedName","municipality","stateProvince","country","FID","NOME","GEOCODIGO","POINT_X","POINT_Y","NOMEUF","SIGLAUF","estados_shp","x_estado","y_estado","nome","sigla","new_Lat","new_Lon","notes","comments"
"1","Myrocarpus fastigiatus",1944983712,-12.771944,-39.523333,"gass84","bc81e05b-ed51-46ba-a0a4-90fbae9b5545","c6aacf9d-a5a7-4d7f-a6fc-ea0a4b8ec450","none","b38ff2b7-c8af-454e-b5af-ee760f0d5bca","BR","DWC_ARCHIVE","2018-11-24T12:34:55.630+0000","2018-11-24T12:34:55.659+0000",122,"none","PRESERVED_SPECIMEN",2945758,6,7707728,220,1370,5386,2945756,2945758,2945758,"Myrocarpus fastigiatus Allem.","Myrocarpus fastigiatus Allem.","Plantae","Tracheophyta","Fabales","Fabaceae","Myrocarpus","Myrocarpus fastigiatus","Myrocarpus","fastigiatus","SPECIES","ACCEPTED","none","Bahia",2016,2,17,"2016-02-17T00:00:00","2018-11-24T12:36:01.988+0000","http://creativecommons.org/licenses/by-nc/4.0/legalcode","none","none","none","WGS84","Magnoliopsida","BR","Brazil","CEPEC - Herbário do Centro de Pesquisas do Cacau","BRA:CEPLAC:CEPEC:0000153603","1200","CEPEC - Herbário do Centro de Pesquisas do Cacau","SANTA TEREsINHA","Conglomerado BA_855_P19-3-10-3","pt","CEPEC",1944983712,"BRA:CEPLAC:CEPEC:0000153603","Collection","Santos, E.A.","153603","7/6/2017","Comissão Executiva do Plano da Lavoura Cacaueira (CEPLAC)","Comissão Executiva do Plano da Lavoura Cacaueira (CEPLAC)","<ll>dwc_commonname:</ll>","H.C. Lima",NA,"","",NA,"","","",NA,"","","","",NA,"","",NA,"","","","",NA,"",NA,"","","","","",NA,"","","","","","SANTA TEREsINHA","Bahia","brazil",3501,"Santa Teresinha",2928505,-39.570568,-12.729871,"BAHIA","BA","Bahia",-41.72018023,-12.47295682,"Bahia","ba",-12.771944,-39.523333,"original coordinates","original coordinates OK"
"2","Myrocarpus fastigiatus",1423920665,-22.8925,-42.853333,"cdround,gass84","4300f8d5-1ae5-49e5-a101-63894b005868","838537fc-4aeb-4980-8b58-97fbdcd1d91a","none","da7fe11a-b42c-46cb-9e9d-02243edb738a","BR","DWC_ARCHIVE","2018-10-02T15:35:17.651+0000","2018-09-24T19:57:58.913+0000",207,"none","PRESERVED_SPECIMEN",2945758,6,7707728,220,1370,5386,2945756,2945758,2945758,"Myrocarpus fastigiatus Allem.","Myrocarpus fastigiatus Allem.","Plantae","Tracheophyta","Fabales","Fabaceae","Myrocarpus","Myrocarpus fastigiatus","Myrocarpus","fastigiatus","SPECIES","ACCEPTED","none","Rio de Janeiro",2016,6,27,"2016-06-27T00:00:00","2018-12-06T16:55:31.262+0000","http://creativecommons.org/licenses/by/4.0/legalcode","none","none","none","WGS84","Magnoliopsida","BR","Brazil","Rio de Janeiro Botanical Garden","urn:catalog:JBRJ:RB:1153376","8256","RB - Rio de Janeiro Botanical Garden Herbarium Collection","Maricá","Pindobas, Estrada do Camburi, antes da plataforma de voo-livre. Fragmento de mata de morrote, solo argiloso.","","RB",1423920665,"urn:catalog:JBRJ:RB:1153376","PhysicalObject","Haroldo C. de Lima; D.N.S. Machado, I. Huamantupa e G.A. de Queiroz","RB01153376","RB 656440","JBRJ","","Árvore com 15 m alt. Tronco com casca fissurada-sulcada e alvacenta, DAP ca. 20 cm. Estéril. Muito abundante na área.  Material banco DNA.","H.C. Lima",57,"2017-10-08T20:49:32.423+0000","",NA,"","","",NA,"","","","",NA,"","",NA,"","","","",NA,"",NA,"","","","","",NA,"","","","","","Maricá","Rio de Janeiro","brazil",1364,"Maricá",3302700,-42.817006,-22.91525,"RIO DE JANEIRO","RJ","Rio de Janeiro",-42.66307908,-22.19581555,"Rio de Janeiro","rj",-22.8925,-42.853333,"original coordinates","original coordinates OK"
"3","Myrocarpus fastigiatus",1899819093,-12.878611,-39.485556,"gass84","5b5cf455-a448-4c0a-aecd-3e0956f27f10","afdd8e93-b4e3-491c-88f0-8a22834ac1a9","none","b38ff2b7-c8af-454e-b5af-ee760f0d5bca","BR","DWC_ARCHIVE","2018-12-03T14:13:56.401+0000","2018-12-03T16:15:49.091+0000",122,"none","PRESERVED_SPECIMEN",2945758,6,7707728,220,1370,5386,2945756,2945758,2945758,"Myrocarpus fastigiatus Allem.","Myrocarpus fastigiatus Allem.","Plantae","Tracheophyta","Fabales","Fabaceae","Myrocarpus","Myrocarpus fastigiatus","Myrocarpus","fastigiatus","SPECIES","ACCEPTED","none","Bahia",2015,1,10,"2015-01-10T00:00:00","2018-12-03T16:15:57.953+0000","http://creativecommons.org/licenses/by-nc/4.0/legalcode","none","none","none","WGS84","Magnoliopsida","BR","Brazil","ALCB - Herbário Alexandre Leal Costa","BRA:UFBA:ALCB:0000131851","3516","ALCB - Herbário Alexandre Leal Costa","Elísio Medrado","Estrada para a sede do Projeto GAMBA, na base da Serra da Jib?ia.","pt","ALCB",1899819093,"BRA:UFBA:ALCB:0000131851","Collection","Cardoso, D; Ramos, G; Araújo, LC","131851","","Universidade Federal da Bahia (UFBA)","Universidade Federal da Bahia (UFBA)","com 7-12 m alt. Folhas com folíolos papiráceos a membranáceos. Flores com cálice verde-claro e pétalas brancas; estames com filetes brancos e anteras amarelos. DNA. Flores e botões preservados em álcool 70% para estudos de ontogenia.","",NA,"2018-08-28T19:07:16.000+0000","SOUTH_AMERICA",NA,"","","",NA,"","","","",NA,"","",NA,"","","","",NA,"",NA,"","","","","",NA,"","","","","","Elísio Medrado","Bahia","brazil",3466,"Elísio Medrado",2910305,-39.534903,-12.931389,"BAHIA","BA","Bahia",-41.72018023,-12.47295682,"Bahia","ba",-12.878611,-39.485556,"original coordinates","original coordinates OK"
"4","Myrocarpus fastigiatus",1094928343,-15.158333,-39.535,"gass84","2e684fd6-09e2-4661-910a-0a188b610c04","60545be9-4f28-4245-b4b4-07635c8dfa54","none","b38ff2b7-c8af-454e-b5af-ee760f0d5bca","BR","DWC_ARCHIVE","2018-11-14T17:19:54.828+0000","2018-11-14T17:19:54.900+0000",124,"none","PRESERVED_SPECIMEN",2945758,6,7707728,220,1370,5386,2945756,2945758,2945758,"Myrocarpus fastigiatus Allem.","Myrocarpus fastigiatus Allem.","Plantae","Tracheophyta","Fabales","Fabaceae","Myrocarpus","Myrocarpus fastigiatus","Myrocarpus","fastigiatus","SPECIES","ACCEPTED","none","Bahia",2014,1,30,"2014-01-30T00:00:00","2018-11-14T17:19:54.993+0000","http://creativecommons.org/licenses/by-nc/4.0/legalcode","none","none","none","WGS84","Magnoliopsida","BR","Brazil","HUEFS - Herbario da Universidade Estadual de Feira de Santana","BRA:UEFS:HUEFS:0000211828","1527","HUEFS - Herbario da Universidade Estadual de Feira de Santana","Jussari","RPPN Serra do Teimoso.","pt","HUEFS",1094928343,"BRA:UEFS:HUEFS:0000211828","Collection","Nascimento, F.H.F.","211828","","UEFS","Universidade Estadual de Feira de Santana (UEFS)","","",500,"","",50,"","","",NA,"","","","",NA,"","",NA,"","","","",NA,"",NA,"","","","","",NA,"","","","","","Jussari","Bahia","brazil",3197,"Jussari",2918555,-39.499726,-15.131669,"BAHIA","BA","Bahia",-41.72018023,-12.47295682,"Bahia","ba",-15.158333,-39.535,"original coordinates","original coordinates OK"
"5","Myrocarpus fastigiatus",1090832128,-12.766667,-39.516667,"gass84","09010edb-5e55-4dc0-8a97-a26a3bb89e85","9610290b-e0ea-439b-b726-ba11bcecfb86","none","b38ff2b7-c8af-454e-b5af-ee760f0d5bca","BR","DWC_ARCHIVE","2018-11-24T12:30:26.069+0000","2018-09-25T14:33:14.252+0000",122,"none","PRESERVED_SPECIMEN",2945758,6,7707728,220,1370,5386,2945756,2945758,2945758,"Myrocarpus fastigiatus Allem.","Myrocarpus fastigiatus Allem.","Plantae","Tracheophyta","Fabales","Fabaceae","Myrocarpus","Myrocarpus fastigiatus","Myrocarpus","fastigiatus","SPECIES","ACCEPTED","2014-01-01T00:00:00","Bahia",2013,8,18,"2013-08-18T00:00:00","2018-12-09T06:14:39.206+0000","http://creativecommons.org/licenses/by-nc/4.0/legalcode","none","none","none","WGS84","Magnoliopsida","BR","Brazil","HUFU - Herbarium Uberlandense","BRA:UFU:HUFU:0000068210","20771","HUFU - Herbarium Uberlandense","Santa Terezinha","Serra da Jibóia","pt","HUFU",1090832128,"BRA:UFU:HUFU:0000068210","Collection","Guedes, M.L.; Silva, M. .S.","68210","","UFU","Universidade Federal de Uberlândia (UFU)","Árvore de 5 m de altura. Folhas com folíolos membranáceos. Fruto sâmara, com núcleo seminífero fusiforme, provido de bolsas resiníferas; alas longitudinais venosas.; Área antropizada.","Guedes, M.L.",0,"2018-09-12T13:11:28.000+0000","",0,"","","",NA,"","","","",NA,"","",NA,"","","","",NA,"",NA,"","","","","",NA,"","","","","","Santa Terezinha","Bahia","brazil",NA,"",NA,NA,NA,"","","Bahia",-41.72018023,-12.47295682,"Bahia","ba",-12.766667,-39.516667,"original coordinates","original coordinates outside municipality original in santa terezinha falls in santa teresinha"
"6","Myrocarpus fastigiatus",1094177015,-15.923056,-39.752778,"gass84","fffdea53-c113-4cdc-896e-a9c5fd726591","1c72778c-05de-4f31-b83a-ff541ce5dff7","none","b38ff2b7-c8af-454e-b5af-ee760f0d5bca","BR","DWC_ARCHIVE","2018-11-24T12:32:26.406+0000","2018-09-25T15:14:40.462+0000",81,"none","PRESERVED_SPECIMEN",2945758,6,7707728,220,1370,5386,2945756,2945758,2945758,"Myrocarpus fastigiatus Allem.","Myrocarpus fastigiatus Allem.","Plantae","Tracheophyta","Fabales","Fabaceae","Myrocarpus","Myrocarpus fastigiatus","Myrocarpus","fastigiatus","SPECIES","ACCEPTED","2014-02-01T00:00:00","Bahia",2013,8,29,"2013-08-29T00:00:00","2018-12-09T06:20:47.098+0000","http://creativecommons.org/licenses/by-nc/4.0/legalcode","none","none","none","WGS84","Magnoliopsida","BR","Brazil","UESC - Herbário Universidade Estadual de Santa Cruz","BRA:UESC:UESC:0000016361","19","UESC - Herbário Universidade Estadual de Santa Cruz","Itapebi","","pt","UESC",1094177015,"BRA:UESC:UESC:0000016361","Collection","Daltrini, C.N.","16361","","UESC","Universidade Estadual de Santa Cruz (UESC)","Hábitat pastagem.; Árvore de aproximadamente 9 metros, fruto maduro cor creme.; Monitoramento de Fauna - UHE Itapebi. Fitossociologia e florística.","A.Q. Lima",205,"2018-08-22T12:16:15.000+0000","",0,"","","",NA,"","","","",NA,"","",NA,"","","","",NA,"",NA,"","","","","",NA,"","","","","","Itapebi","Bahia","brazil",3085,"Itapebi",2916302,-39.667055,-15.906971,"BAHIA","BA","Bahia",-41.72018023,-12.47295682,"Bahia","ba",-15.923056,-39.752778,"original coordinates","original coordinates OK"
"7","Myrocarpus fastigiatus",1094912968,-12.4125,-40.526667,"gass84","2e684fd6-09e2-4661-910a-0a188b610c04","60545be9-4f28-4245-b4b4-07635c8dfa54","none","b38ff2b7-c8af-454e-b5af-ee760f0d5bca","BR","DWC_ARCHIVE","2018-11-14T17:19:48.469+0000","2018-11-14T17:19:48.555+0000",124,"none","PRESERVED_SPECIMEN",2945758,6,7707728,220,1370,5386,2945756,2945758,2945758,"Myrocarpus fastigiatus Allem.","Myrocarpus fastigiatus Allem.","Plantae","Tracheophyta","Fabales","Fabaceae","Myrocarpus","Myrocarpus fastigiatus","Myrocarpus","fastigiatus","SPECIES","ACCEPTED","none","Bahia",2012,3,13,"2012-03-13T00:00:00","2018-11-14T17:19:48.711+0000","http://creativecommons.org/licenses/by-nc/4.0/legalcode","none","none","none","WGS84","Magnoliopsida","BR","Brazil","HUEFS - Herbario da Universidade Estadual de Feira de Santana","BRA:UEFS:HUEFS:0000196301","15349","HUEFS - Herbario da Universidade Estadual de Feira de Santana","Itaberaba","Fazenda Leão dos Brejos. Localidade Gameleira, ca. 6 Km N do entroncamento com a BR-242, após a Fazenda Monte Verde e a Escola Ulysses Guimarães.","pt","HUEFS",1094912968,"BRA:UEFS:HUEFS:0000196301","Collection","Queiroz, L.P.de","196301","","UEFS","Universidade Estadual de Feira de Santana (UEFS)","Floresta Estacional Semi-decidual.","",470,"","",0,"","","",NA,"","","","",NA,"","",NA,"","","","",NA,"",NA,"","","","","",NA,"","","","","","Itaberaba","Bahia","brazil",3530,"Itaberaba",2914703,-40.259745,-12.497351,"BAHIA","BA","Bahia",-41.72018023,-12.47295682,"Bahia","ba",-12.4125,-40.526667,"original coordinates","original coordinates OK"
"8","Myrocarpus fastigiatus",1213642386,-12.833333,-39.466667,"gass84","d82d5a18-0428-4e52-be16-f509153e8126","e97090cb-7731-41c7-ac24-31a841730654","none","b38ff2b7-c8af-454e-b5af-ee760f0d5bca","BR","DWC_ARCHIVE","2018-11-14T17:19:25.620+0000","2018-01-05T18:34:51.976+0000",114,"none","PRESERVED_SPECIMEN",2945758,6,7707728,220,1370,5386,2945756,2945758,2945758,"Myrocarpus fastigiatus Allem.","Myrocarpus fastigiatus Allem.","Plantae","Tracheophyta","Fabales","Fabaceae","Myrocarpus","Myrocarpus fastigiatus","Myrocarpus","fastigiatus","SPECIES","ACCEPTED","none","Bahia",2010,3,20,"2010-03-20T00:00:00","2018-07-08T01:34:55.343+0000","http://creativecommons.org/licenses/by-nc/4.0/legalcode","none","none","none","WGS84","Magnoliopsida","BR","Brazil","UB - Herbário da Universidade de Brasília","BRA:UnB:UB:0000185829","2843","UB - Herbário da Universidade de Brasília","Santa Teresinha","Estrada para a área do Projeto Gambá","pt","UB",1213642386,"BRA:UnB:UB:0000185829","Collection","Cardoso, D; Moraes, PLB","185829","","UnB","Universidade de Brasília (UnB)","Árvore com ca. 5m altl, ramos com lenticelas brancas. Folíolos papiráceos. Flores brancas; Borda da mata ombrófila na encosta da serra","",9999,"","SOUTH_AMERICA",0,"","","",NA,"","","","",NA,"","",NA,"","","","",NA,"",NA,"","","","","",NA,"","","","","","Santa Teresinha","Bahia","brazil",3501,"Santa Teresinha",2928505,-39.570568,-12.729871,"BAHIA","BA","Bahia",-41.72018023,-12.47295682,"Bahia","ba",-12.833333,-39.466667,"original coordinates","original coordinates outside municipality original in santa teresinha falls in castro alves"
"9","Myrocarpus fastigiatus",1701741845,-10.8339,-52.8731,"gass84","90c853e6-56bd-480b-8e8f-6285c3f8d42b","7b8aff00-a9f8-11d8-944b-b8a03c50a862","none","3b84ff5b-79ce-427c-acb7-b4004e160f66","US","DWC_ARCHIVE","2018-11-22T21:37:06.520+0000","2018-11-22T21:37:06.529+0000",97,"none","PRESERVED_SPECIMEN",2945758,6,7707728,220,1370,5386,2945756,2945758,2945758,"Myrocarpus fastigiatus Allem.","Myrocarpus fastigiatus Allem.","Plantae","Tracheophyta","Fabales","Fabaceae","Myrocarpus","Myrocarpus fastigiatus","Myrocarpus","fastigiatus","SPECIES","ACCEPTED","none","",2010,3,20,"2010-03-20T00:00:00","2018-12-08T11:25:56.955+0000","http://creativecommons.org/publicdomain/zero/1.0/legalcode","none","none","none","WGS84","Magnoliopsida","BR","Brazil","The Field Museum of Natural History","9d6c21b1-02f8-4784-8fb0-d3c7b54303dc","2843","South American Plants","","","en","Botany",1701741845,"9d6c21b1-02f8-4784-8fb0-d3c7b54303dc","PhysicalObject","D. B. Cardoso","V0371214F","","F","F","","",NA,"","SOUTH_AMERICA",NA,"F","ICBN","South America, BRAZIL",3700370,"seeds-20-nov-2018","http://fieldmuseum.org/about/copyright-information","Botany","Plantae Spermatophyta Dicotyledoneae Fabaceae",NA,"","",NA,"","","","",NA,"",NA,"","","","","",NA,"","","","","","","","brazil",NA,"",NA,NA,NA,"","","",NA,NA,NA,"",-10.8339,-52.8731,"original coordinates","original coordinates outside municipality original in  falls in sao jose do xingu"
"10","Myrocarpus fastigiatus",1257872834,-12.833333,-39.466667,"cdround,gass84","7bd65a7a-f762-11e1-a439-00145eb45e9a","90fd6680-349f-11d8-aa2d-b8a03c50a862","none","c4e134d3-c68f-406d-a116-6a37895602e0","US","DWC_ARCHIVE","2018-06-20T07:53:34.157+0000","2016-03-21T14:22:27.010+0000",28,"none","PRESERVED_SPECIMEN",2945758,6,7707728,220,1370,5386,2945756,2945758,2945758,"Myrocarpus fastigiatus Allem.","Myrocarpus fastigiatus Allem.","Plantae","Tracheophyta","Fabales","Fabaceae","Myrocarpus","Myrocarpus fastigiatus","Myrocarpus","fastigiatus","SPECIES","ACCEPTED","none","Bahia",2010,3,20,"2010-03-20T00:00:00","2018-07-07T19:45:04.770+0000","http://creativecommons.org/licenses/by/4.0/legalcode","none","none","none","WGS84","Magnoliopsida","BR","Brazil","Missouri Botanical Garden","urn:catalog:MO:Tropicos:100526991","Cardoso 2843","Tropicos","","Estrada para a área do Projeto Gambá.","","MO",1257872834,"urn:catalog:MO:Tropicos:100526991","PhysicalObject","D. Cardoso|Pedro L.R. de Moraes","100526991","","MO","MOBOT","","",NA,"2014-04-28T05:14:00.000+0000","SOUTH_AMERICA",NA,"","ICNafp","",NA,"","","http://biocol.org/urn:lsid:biocol.org:col:15859","",1,"Legitimate","Santa Teresinha",13036056,"http://www.tropicos.org/Specimen/100526991","","","",NA,"",NA,"","","","","",NA,"","","","","","","Bahia","brazil",NA,"",NA,NA,NA,"","","Bahia",-41.72018023,-12.47295682,"Bahia","ba",-12.833333,-39.466667,"original coordinates","original coordinates outside municipality original in  falls in castro alves"
"11","Myrocarpus fastigiatus",1094863260,-17.466667,-40.066667,"gass84","2e684fd6-09e2-4661-910a-0a188b610c04","60545be9-4f28-4245-b4b4-07635c8dfa54","none","b38ff2b7-c8af-454e-b5af-ee760f0d5bca","BR","DWC_ARCHIVE","2018-11-14T17:19:19.832+0000","2018-11-14T17:19:19.852+0000",124,"none","PRESERVED_SPECIMEN",2945758,6,7707728,220,1370,5386,2945756,2945758,2945758,"Myrocarpus fastigiatus Allem.","Myrocarpus fastigiatus Allem.","Plantae","Tracheophyta","Fabales","Fabaceae","Myrocarpus","Myrocarpus fastigiatus","Myrocarpus","fastigiatus","SPECIES","ACCEPTED","none","Bahia",2009,2,4,"2009-02-04T00:00:00","2018-11-14T17:19:19.910+0000","http://creativecommons.org/licenses/by-nc/4.0/legalcode","none","none","none","WGS84","Magnoliopsida","BR","Brazil","HUEFS - Herbario da Universidade Estadual de Feira de Santana","BRA:UEFS:HUEFS:0000145975","2404","HUEFS - Herbario da Universidade Estadual de Feira de Santana","Medeiros Neto","Propriedade de Manuel Borges, próximo da BA-290.","pt","HUEFS",1094863260,"BRA:UEFS:HUEFS:0000145975","Collection","Cardoso, D.","145975","","UEFS","Universidade Estadual de Feira de Santana (UEFS)","Floresta semidecidual com pastagens.","",194,"","",0,"","","",NA,"","","","",NA,"","",NA,"","","","",NA,"",NA,"","","","","",NA,"","","","","","Medeiros Neto","Bahia","brazil",2862,"Medeiros Neto",2921104,-40.284025,-17.364899,"BAHIA","BA","Bahia",-41.72018023,-12.47295682,"Bahia","ba",-17.466667,-40.066667,"original coordinates","original coordinates outside municipality original in medeiros neto falls in caravelas"
"12","Myrocarpus fastigiatus",1094873081,-12.465556,-41.001944,"gass84","2e684fd6-09e2-4661-910a-0a188b610c04","60545be9-4f28-4245-b4b4-07635c8dfa54","none","b38ff2b7-c8af-454e-b5af-ee760f0d5bca","BR","DWC_ARCHIVE","2018-11-14T17:19:26.258+0000","2018-11-14T17:19:26.273+0000",124,"none","PRESERVED_SPECIMEN",2945758,6,7707728,220,1370,5386,2945756,2945758,2945758,"Myrocarpus fastigiatus Allem.","Myrocarpus fastigiatus Allem.","Plantae","Tracheophyta","Fabales","Fabaceae","Myrocarpus","Myrocarpus fastigiatus","Myrocarpus","fastigiatus","SPECIES","ACCEPTED","none","Bahia",2009,4,19,"2009-04-19T00:00:00","2018-11-14T17:19:26.296+0000","http://creativecommons.org/licenses/by-nc/4.0/legalcode","none","none","none","WGS84","Magnoliopsida","BR","Brazil","HUEFS - Herbario da Universidade Estadual de Feira de Santana","BRA:UEFS:HUEFS:0000155979","13961","HUEFS - Herbario da Universidade Estadual de Feira de Santana","Andaraí","Próximo ao km 286 da BR 242.","pt","HUEFS",1094873081,"BRA:UEFS:HUEFS:0000155979","Collection","Queiroz, L.P.de","155979","","UEFS","Universidade Estadual de Feira de Santana (UEFS)","Caatinga.","",241,"","",0,"","","",NA,"","","","",NA,"","",NA,"","","","",NA,"",NA,"","","","","",NA,"","","","","","Andaraí","Bahia","brazil",3495,"Andaraí",2901304,-41.195404,-12.758895,"BAHIA","BA","Bahia",-41.72018023,-12.47295682,"Bahia","ba",-12.465556,-41.001944,"original coordinates","original coordinates OK"
"13","Myrocarpus fastigiatus",1087701330,-12.033333,-40.483333,"gass84","a8e78a51-12b2-4ca1-8945-6d909022ef6a","6cc5aff1-f24c-4d67-a827-a666dc680b66","none","b38ff2b7-c8af-454e-b5af-ee760f0d5bca","BR","DWC_ARCHIVE","2018-11-24T12:31:50.253+0000","2018-08-03T12:12:34.978+0000",121,"none","PRESERVED_SPECIMEN",2945758,6,7707728,220,1370,5386,2945756,2945758,2945758,"Myrocarpus fastigiatus Allem.","Myrocarpus fastigiatus Allem.","Plantae","Tracheophyta","Fabales","Fabaceae","Myrocarpus","Myrocarpus fastigiatus","Myrocarpus","fastigiatus","SPECIES","ACCEPTED","2007-08-01T00:00:00","Bahia",2007,2,28,"2007-02-28T00:00:00","2018-12-08T13:06:03.417+0000","http://creativecommons.org/licenses/by-nc/4.0/legalcode","none","none","none","WGS84","Magnoliopsida","BR","Brazil","HURB - Herbário do Recôncavo da Bahia","BRA:UFRB:HURB:0000000591","182","HURB - Herbário do Recôncavo da Bahia","Mundo Novo","Jequitibá; mata","pt","HURB",1087701330,"BRA:UFRB:HURB:0000000591","Collection","Melo, P.A. de","591","","UFRB","Universidade Federal do Recôncavo da Bahia (UFRB)","Flores: amarela; Hábito: arbóreo","L.P. de Queiroz",604,"2018-07-31T12:28:04.000+0000","",0,"","","",NA,"","","","",NA,"","",NA,"","","","",NA,"",NA,"","","","","",NA,"","","","","","Mundo Novo","Bahia","brazil",3606,"Mundo Novo",2922102,-40.556411,-11.949646,"BAHIA","BA","Bahia",-41.72018023,-12.47295682,"Bahia","ba",-12.033333,-40.483333,"original coordinates","original coordinates OK"
"14","Myrocarpus fastigiatus",1094867042,-17.4225,-40.299722,"gass84","2e684fd6-09e2-4661-910a-0a188b610c04","60545be9-4f28-4245-b4b4-07635c8dfa54","none","b38ff2b7-c8af-454e-b5af-ee760f0d5bca","BR","DWC_ARCHIVE","2018-11-14T17:19:22.269+0000","2018-11-14T17:19:22.281+0000",124,"none","PRESERVED_SPECIMEN",2945758,6,7707728,220,1370,5386,2945756,2945758,2945758,"Myrocarpus fastigiatus Allem.","Myrocarpus fastigiatus Allem.","Plantae","Tracheophyta","Fabales","Fabaceae","Myrocarpus","Myrocarpus fastigiatus","Myrocarpus","fastigiatus","SPECIES","ACCEPTED","none","Bahia",2007,3,18,"2007-03-18T00:00:00","2018-11-14T17:19:22.318+0000","http://creativecommons.org/licenses/by-nc/4.0/legalcode","none","none","none","WGS84","Magnoliopsida","BR","Brazil","HUEFS - Herbario da Universidade Estadual de Feira de Santana","BRA:UEFS:HUEFS:0000149772","2","HUEFS - Herbario da Universidade Estadual de Feira de Santana","Medeiros Neto","Água Limpa, propriedade de José Coelho.","pt","HUEFS",1094867042,"BRA:UEFS:HUEFS:0000149772","Collection","Albuquerque, N.C.B.","149772","","UEFS","Universidade Estadual de Feira de Santana (UEFS)","Área com pastagens.","",NA,"","",NA,"","","",NA,"","","","",NA,"","",NA,"","","","",NA,"",NA,"","","","","",NA,"","","","","","Medeiros Neto","Bahia","brazil",2862,"Medeiros Neto",2921104,-40.284025,-17.364899,"BAHIA","BA","Bahia",-41.72018023,-12.47295682,"Bahia","ba",-17.4225,-40.299722,"original coordinates","original coordinates outside municipality original in medeiros neto falls in lajedao"
"15","Myrocarpus fastigiatus",1094840980,-13.164722,-39.658611,"gass84,iddatunl","2e684fd6-09e2-4661-910a-0a188b610c04","60545be9-4f28-4245-b4b4-07635c8dfa54","none","b38ff2b7-c8af-454e-b5af-ee760f0d5bca","BR","DWC_ARCHIVE","2018-11-14T17:19:05.205+0000","2018-11-14T17:19:05.218+0000",124,"none","PRESERVED_SPECIMEN",2945758,6,7707728,220,1370,5386,2945756,2945758,2945758,"Myrocarpus fastigiatus Allem.","Myrocarpus fastigiatus Allem.","Plantae","Tracheophyta","Fabales","Fabaceae","Myrocarpus","Myrocarpus fastigiatus","Myrocarpus","fastigiatus","SPECIES","ACCEPTED","2008-04-01T00:00:00","Bahia",2007,8,4,"2007-08-04T00:00:00","2018-11-14T17:19:05.229+0000","http://creativecommons.org/licenses/by-nc/4.0/legalcode","none","none","none","WGS84","Magnoliopsida","BR","Brazil","HUEFS - Herbario da Universidade Estadual de Feira de Santana","BRA:UEFS:HUEFS:0000123433","1306","HUEFS - Herbario da Universidade Estadual de Feira de Santana","Amargosa","Serra do Timbó, Mata do Centro Sapucaia, área das Duas Barras.","pt","HUEFS",1094840980,"BRA:UEFS:HUEFS:0000123433","Collection","Paixão, J.L.","123433","","UEFS","Universidade Estadual de Feira de Santana (UEFS)","Mata Atlântica.","D.Cardoso",NA,"","",NA,"","","",NA,"","","","",NA,"","",NA,"","","","",NA,"",NA,"","","","","",NA,"","","","","","Amargosa","Bahia","brazil",3456,"Amargosa",2901007,-39.634397,-13.037279,"BAHIA","BA","Bahia",-41.72018023,-12.47295682,"Bahia","ba",-13.164722,-39.658611,"original coordinates","original coordinates outside municipality original in amargosa falls in ubaira"
"16","Myrocarpus fastigiatus",1096930018,-19.230765,-40.756644,"gass84","86894738-457d-4d25-89ca-d05231a02d46","c38fb00b-8564-406c-b05b-2720815a0bd0","none","b38ff2b7-c8af-454e-b5af-ee760f0d5bca","BR","DWC_ARCHIVE","2018-11-14T17:17:33.949+0000","2018-07-04T19:29:23.629+0000",138,"none","PRESERVED_SPECIMEN",2945758,6,7707728,220,1370,5386,2945756,2945758,2945758,"Myrocarpus fastigiatus Allem.","Myrocarpus fastigiatus Allem.","Plantae","Tracheophyta","Fabales","Fabaceae","Myrocarpus","Myrocarpus fastigiatus","Myrocarpus","fastigiatus","SPECIES","ACCEPTED","2008-02-11T00:00:00","Espírito Santo",2007,12,7,"2007-12-07T00:00:00","2018-07-07T13:14:35.740+0000","http://creativecommons.org/licenses/by-nc/4.0/legalcode","none","none","none","WGS84","Magnoliopsida","BR","Brazil","CVRD - Herbário da Reserva Natural Vale","BRA:CVRD:CVRD:0000010590","472","CVRD - Herbário da Reserva Natural Vale","PANCAS","","pt","CVRD",1096930018,"BRA:CVRD:CVRD:0000010590","Collection","Luz, A.A. da","10590","","Reserva Natural Vale (CVRD)","Reserva Natural Vale (CVRD)","<ll>dwc_commonname:</ll> Óleo pardo","Geovane S. Siqueira",NA,"","SOUTH_AMERICA",NA,"","","",NA,"","","","",NA,"","",NA,"","","","",NA,"",NA,"","","","","",NA,"","","","","","PANCAS","Espírito Santo","brazil",2607,"Pancas",3204005,-40.818517,-19.143706,"ESPIRITO SANTO","ES","Espírito Santo",-40.6681057,-19.57475617,"Espírito Santo","es",-19.230765,-40.756644,"original coordinates","original coordinates OK"
"17","Myrocarpus fastigiatus",1094822819,-12.3025,-40.487778,"gass84,iddatunl","2e684fd6-09e2-4661-910a-0a188b610c04","60545be9-4f28-4245-b4b4-07635c8dfa54","none","b38ff2b7-c8af-454e-b5af-ee760f0d5bca","BR","DWC_ARCHIVE","2018-11-14T17:18:52.926+0000","2018-11-14T17:18:52.931+0000",124,"none","PRESERVED_SPECIMEN",2945758,6,7707728,220,1370,5386,2945756,2945758,2945758,"Myrocarpus fastigiatus Allem.","Myrocarpus fastigiatus Allem.","Plantae","Tracheophyta","Fabales","Fabaceae","Myrocarpus","Myrocarpus fastigiatus","Myrocarpus","fastigiatus","SPECIES","ACCEPTED","2006-12-01T00:00:00","Bahia",2006,1,17,"2006-01-17T00:00:00","2018-11-14T17:18:52.937+0000","http://creativecommons.org/licenses/by-nc/4.0/legalcode","none","none","none","WGS84","Magnoliopsida","BR","Brazil","HUEFS - Herbario da Universidade Estadual de Feira de Santana","BRA:UEFS:HUEFS:0000105096","12017","HUEFS - Herbario da Universidade Estadual de Feira de Santana","Rui Barbosa","Serra do Orobó. Trilha para o Pátio das Orquídeas.","pt","HUEFS",1094822819,"BRA:UEFS:HUEFS:0000105096","Collection","Queiroz, L.P.de","105096","","UEFS","Universidade Estadual de Feira de Santana (UEFS)","Floresta estacional semidecídua.","L.P.de Queiroz & D.Cardoso",230,"","",0,"","","",NA,"","","","",NA,"","",NA,"","","","",NA,"",NA,"","","","","",NA,"","","","","","Rui Barbosa","Bahia","brazil",NA,"",NA,NA,NA,"","","Bahia",-41.72018023,-12.47295682,"Bahia","ba",-12.3025,-40.487778,"original coordinates","original coordinates outside municipality original in rui barbosa falls in ruy barbosa"
"18","Myrocarpus fastigiatus",1077222317,-13.016667,-39.6,"gass84","5b5cf455-a448-4c0a-aecd-3e0956f27f10","afdd8e93-b4e3-491c-88f0-8a22834ac1a9","none","b38ff2b7-c8af-454e-b5af-ee760f0d5bca","BR","DWC_ARCHIVE","2018-12-03T14:13:33.616+0000","2018-12-03T16:16:15.185+0000",122,"none","PRESERVED_SPECIMEN",2945758,6,7707728,220,1370,5386,2945756,2945758,2945758,"Myrocarpus fastigiatus Allem.","Myrocarpus fastigiatus Allem.","Plantae","Tracheophyta","Fabales","Fabaceae","Myrocarpus","Myrocarpus fastigiatus","Myrocarpus","fastigiatus","SPECIES","ACCEPTED","2006-04-01T00:00:00","Bahia",2006,1,29,"2006-01-29T00:00:00","2018-12-06T14:16:31.327+0000","http://creativecommons.org/licenses/by-nc/4.0/legalcode","none","none","none","WGS84","Magnoliopsida","BR","Brazil","ALCB - Herbário Alexandre Leal Costa","BRA:UFBA:ALCB:0000069942","119","ALCB - Herbário Alexandre Leal Costa","Amargosa","Recôncavo Sul","pt","ALCB",1077222317,"BRA:UFBA:ALCB:0000069942","Collection","Costa, MA; Guedes, ML; Carvalho, G; Campos, G","69942","","Universidade Federal da Bahia (UFBA)","Universidade Federal da Bahia (UFBA)","Árvore de ca 5,0m. Folhas com folíolos membranáceos, discolores. Frutos maduros secos. Ocasional.","Guedes, ML; Costa, MA",NA,"2018-08-28T19:07:16.000+0000","SOUTH_AMERICA",NA,"","","",NA,"","","","",NA,"","",NA,"","","","",NA,"",NA,"","","","","",NA,"","","","","","Amargosa","Bahia","brazil",3456,"Amargosa",2901007,-39.634397,-13.037279,"BAHIA","BA","Bahia",-41.72018023,-12.47295682,"Bahia","ba",-13.016667,-39.6,"original coordinates","original coordinates OK"
"19","Myrocarpus fastigiatus",1089097162,-22.43,-41.59102,"gass84","7741a517-ab3d-4b85-ae58-56322e44c8ce","d073b448-6b80-4364-8c38-18d08b88797f","none","b38ff2b7-c8af-454e-b5af-ee760f0d5bca","BR","DWC_ARCHIVE","2018-12-03T13:51:41.530+0000","2018-12-03T16:41:19.497+0000",122,"none","PRESERVED_SPECIMEN",2945758,6,7707728,220,1370,5386,2945756,2945758,2945758,"Myrocarpus fastigiatus Allem.","Myrocarpus fastigiatus Allem.","Plantae","Tracheophyta","Fabales","Fabaceae","Myrocarpus","Myrocarpus fastigiatus","Myrocarpus","fastigiatus","SPECIES","ACCEPTED","none","Rio de Janeiro",2006,2,22,"2006-02-22T00:00:00","2018-12-08T04:38:17.968+0000","http://creativecommons.org/licenses/by-nc/4.0/legalcode","none","none","none","WGS84","Magnoliopsida","BR","Brazil","UEC - Herbário da Universidade Estadual de Campinas","BRA:UNICAMP:UEC:0000158424","6431","UEC - Herbário da Universidade Estadual de Campinas","Armação dos Búzios","Armação de Búzios., Alto da Rasa, Rua 15.","pt","UEC",1089097162,"BRA:UNICAMP:UEC:0000158424","Collection","Lima, H.C.; Ribeiro, R.D.; Barros, M.; Rodrigues, A.C.","158424","","UNICAMP","Universidade Estadual de Campinas, UNICAMP","Árvore com 12 m de altura. Tronco com casca levemente fissurada, pardacenta, DAP 50cm. Frutos jóvens esverdeados. Ví um único indivíduo. Foto H.C.L. e materal DNA.; Capoeira com árvores remanescentes. Solo argiloso.","",NA,"2018-11-21T16:28:39.000+0000","",NA,"","","",NA,"","","","",NA,"","",NA,"","","","",NA,"",NA,"","","","","",NA,"","","","","","Armação dos Búzios","Rio de Janeiro","brazil",1422,"Armação dos Búzios",3300233,-41.951971,-22.776712,"RIO DE JANEIRO","RJ","Rio de Janeiro",-42.66307908,-22.19581555,"Rio de Janeiro","rj",-22.43,-41.59102,"original coordinates","original coordinates outside Brazil"
"20","Myrocarpus fastigiatus",1930204183,-12.3008,-40.4875,"gass84","d415c253-4d61-4459-9d25-4015b9084fb0","ae447c50-b8a8-11d8-92a4-b8a03c50a862","none","17017c2c-036b-45d9-b045-606d21b00771","US","DWC_ARCHIVE","2018-11-18T15:57:16.857+0000","2018-11-18T15:57:16.907+0000",96,"none","PRESERVED_SPECIMEN",2945758,6,7707728,220,1370,5386,2945756,2945758,2945758,"Myrocarpus fastigiatus Allem.","Myrocarpus fastigiatus Allem.","Plantae","Tracheophyta","Fabales","Fabaceae","Myrocarpus","Myrocarpus fastigiatus","Myrocarpus","fastigiatus","SPECIES","ACCEPTED","none","Bahia",2006,4,20,"2006-04-20T00:00:00","2018-12-07T17:23:06.631+0000","http://creativecommons.org/publicdomain/zero/1.0/legalcode","none","none","none","WGS84","Magnoliopsida","BR","Brazil","The New York Botanical Garden","ac55fd9d-0275-4b4d-87d6-8b9550e1c8a1","1230","Vascular plants","","ARIE Serra do OrobÃ³. Trilha PÃ¡tio das Orquideas.","en","NY",1930204183,"ac55fd9d-0275-4b4d-87d6-8b9550e1c8a1","PhysicalObject","D. B. O. S. Cardoso","1144863","","NY","","","",477,"","SOUTH_AMERICA",0,"http://biocol.org/urn:lsid:biocol.org:col:15556","ICN","",NA,"","","http://biocol.org/urn:lsid:biocol.org:col:15556","",NA,"","Ruy Barbosa",NA,"","http://sweetgum.nybg.org/science/vh/specimen_details.php?irn=1299880","Floresta estacional semidecidual.","20 Apr 2006",110,"sheet",110,"1565 ft","","","","",NA,"","","","","","","Bahia","brazil",NA,"",NA,NA,NA,"","","Bahia",-41.72018023,-12.47295682,"Bahia","ba",-12.3008,-40.4875,"original coordinates","original coordinates outside municipality original in  falls in ruy barbosa"
"21","Myrocarpus fastigiatus",1094795693,-16.134444,-40.138889,"gass84,iddatunl","2e684fd6-09e2-4661-910a-0a188b610c04","60545be9-4f28-4245-b4b4-07635c8dfa54","none","b38ff2b7-c8af-454e-b5af-ee760f0d5bca","BR","DWC_ARCHIVE","2018-11-14T17:18:35.717+0000","2018-11-14T17:18:35.767+0000",124,"none","PRESERVED_SPECIMEN",2945758,6,7707728,220,1370,5386,2945756,2945758,2945758,"Myrocarpus fastigiatus Allem.","Myrocarpus fastigiatus Allem.","Plantae","Tracheophyta","Fabales","Fabaceae","Myrocarpus","Myrocarpus fastigiatus","Myrocarpus","fastigiatus","SPECIES","ACCEPTED","2007-07-01T00:00:00","Minas Gerais",2004,1,21,"2004-01-21T00:00:00","2018-11-14T17:18:35.802+0000","http://creativecommons.org/licenses/by-nc/4.0/legalcode","none","none","none","WGS84","Magnoliopsida","BR","Brazil","HUEFS - Herbario da Universidade Estadual de Feira de Santana","BRA:UEFS:HUEFS:0000077739","469","HUEFS - Herbario da Universidade Estadual de Feira de Santana","Jacinto","Estrada Jacinto-Salto da Divisa. Ca. 19 km de Jacinto.","pt","HUEFS",1094795693,"BRA:UEFS:HUEFS:0000077739","Collection","Costa, J.","77739","","UEFS","Universidade Estadual de Feira de Santana (UEFS)","","D.Cardoso",213,"","",0,"","","",NA,"","","","",NA,"","",NA,"","","","",NA,"",NA,"","","","","",NA,"","","","","","Jacinto","Minas Gerais","brazil",3041,"Jacinto",3134707,-40.313894,-16.183118,"MINAS GERAIS","MG","Minas Gerais",-44.67333254,-18.45539008,"Minas Gerais","mg",-16.134444,-40.138889,"original coordinates","original coordinates outside municipality original in jacinto falls in santa maria do salto"
"22","Myrocarpus fastigiatus",1424090424,-22.817778,-42.067778,"cdround,gass84","4300f8d5-1ae5-49e5-a101-63894b005868","838537fc-4aeb-4980-8b58-97fbdcd1d91a","none","da7fe11a-b42c-46cb-9e9d-02243edb738a","BR","DWC_ARCHIVE","2018-10-02T15:38:53.578+0000","2018-09-24T20:00:23.638+0000",207,"none","PRESERVED_SPECIMEN",2945758,6,7707728,220,1370,5386,2945756,2945758,2945758,"Myrocarpus fastigiatus Allem.","Myrocarpus fastigiatus Allem.","Plantae","Tracheophyta","Fabales","Fabaceae","Myrocarpus","Myrocarpus fastigiatus","Myrocarpus","fastigiatus","SPECIES","ACCEPTED","none","Rio de Janeiro",2004,3,28,"2004-03-28T00:00:00","2018-12-06T16:57:01.281+0000","http://creativecommons.org/licenses/by/4.0/legalcode","none","none","none","WGS84","Magnoliopsida","BR","Brazil","Rio de Janeiro Botanical Garden","urn:catalog:JBRJ:RB:336144","6170","RB - Rio de Janeiro Botanical Garden Herbarium Collection","São Pedro da Aldeia","Morro dos Milagres.","","RB",1424090424,"urn:catalog:JBRJ:RB:336144","PhysicalObject","Haroldo C. de Lima","RB00336144","RB 400287","JBRJ","","Árvore com 11 metros de altura. DAP com aproximadamente 30 cm, ramificado na base. Estéril. Ocasional.","",NA,"2017-10-04T12:00:07.654+0000","",NA,"","","",NA,"","","","",NA,"","",NA,"","","","",NA,"",NA,"","Mata sobre morrotes.","","","",NA,"","","","","","São Pedro da Aldeia","Rio de Janeiro","brazil",1412,"São Pedro da Aldeia",3305208,-42.124821,-22.788203,"RIO DE JANEIRO","RJ","Rio de Janeiro",-42.66307908,-22.19581555,"Rio de Janeiro","rj",-22.817778,-42.067778,"original coordinates","original coordinates OK"
"23","Myrocarpus fastigiatus",1077593806,-10.000556,-36.266667,"gass84","a0cb1f6e-5766-4cc5-a8a0-cfc6a22c5c3d","81114709-2a6c-4e0b-908b-cb207a8708c2","none","b38ff2b7-c8af-454e-b5af-ee760f0d5bca","BR","DWC_ARCHIVE","2018-11-23T18:20:42.501+0000","2018-11-23T18:20:42.528+0000",125,"none","PRESERVED_SPECIMEN",2945758,6,7707728,220,1370,5386,2945756,2945758,2945758,"Myrocarpus fastigiatus Allem.","Myrocarpus fastigiatus Allem.","Plantae","Tracheophyta","Fabales","Fabaceae","Myrocarpus","Myrocarpus fastigiatus","Myrocarpus","fastigiatus","SPECIES","ACCEPTED","2006-01-01T00:00:00","Alagoas",2002,4,13,"2002-04-13T00:00:00","2018-12-09T10:54:53.555+0000","http://creativecommons.org/licenses/by-nc/4.0/legalcode","none","none","none","WGS84","Magnoliopsida","BR","Brazil","MAC - Herbário do Instituto do Meio Ambiente do Estado de Alagoas","BRA:IMA:MAC:0000016402","238","MAC - Herbário do Instituto do Meio Ambiente do Estado de Alagoas","Coruripe","Usina Coruripe, Fazenda Capiatã A. Mata em encosta.","pt","MAC",1077593806,"BRA:IMA:MAC:0000016402","Collection","M.A.B.L.Machado","16402","","IMA","Instituto do Meio Ambiente do Estado de Alagoas, IMA","Árvore com ca. de 10m de alt., madeira dura.; Mata Atlântica.","H.C.Lima",NA,"2018-11-22T16:46:51.000+0000","",NA,"","","",NA,"","","","",NA,"","",NA,"","","","",NA,"",NA,"","","","","",NA,"","","","","","Coruripe","Alagoas","brazil",3899,"Coruripe",2702306,-36.229105,-10.082243,"ALAGOAS","AL","Alagoas",-36.62362821,-9.51494324,"Alagoas","al",-10.000556,-36.266667,"original coordinates","original coordinates OK"
"24","Myrocarpus fastigiatus",1090494587,-12.066944,-40.563333,"gass84","bc81e05b-ed51-46ba-a0a4-90fbae9b5545","c6aacf9d-a5a7-4d7f-a6fc-ea0a4b8ec450","none","b38ff2b7-c8af-454e-b5af-ee760f0d5bca","BR","DWC_ARCHIVE","2018-11-24T12:34:15.917+0000","2018-11-24T12:34:15.920+0000",122,"none","PRESERVED_SPECIMEN",2945758,6,7707728,220,1370,5386,2945756,2945758,2945758,"Myrocarpus fastigiatus Allem.","Myrocarpus fastigiatus Allem.","Plantae","Tracheophyta","Fabales","Fabaceae","Myrocarpus","Myrocarpus fastigiatus","Myrocarpus","fastigiatus","SPECIES","ACCEPTED","none","Bahia",2001,5,19,"2001-05-19T00:00:00","2018-12-08T04:42:51.356+0000","http://creativecommons.org/licenses/by-nc/4.0/legalcode","none","none","none","WGS84","Magnoliopsida","BR","Brazil","CEPEC - Herbário do Centro de Pesquisas do Cacau","BRA:CEPLAC:CEPEC:0000103013","296","CEPEC - Herbário do Centro de Pesquisas do Cacau","RUY BARBOSA","Paraguaçu margem do Rio Água Branca.","pt","CEPEC",1090494587,"BRA:CEPLAC:CEPEC:0000103013","Collection","L. J. Alves","103013","30/08/2007","Comissão Executiva do Plano da Lavoura Cacaueira (CEPLAC)","Comissão Executiva do Plano da Lavoura Cacaueira (CEPLAC)","","D. Cardoso",NA,"2018-11-14T14:16:28.000+0000","",NA,"","","",NA,"","","","",NA,"","",NA,"","","","",NA,"",NA,"","","","","",NA,"","","","","","RUY BARBOSA","Bahia","brazil",3561,"Ruy Barbosa",2927200,-40.661173,-12.241425,"BAHIA","BA","Bahia",-41.72018023,-12.47295682,"Bahia","ba",-12.066944,-40.563333,"original coordinates","original coordinates outside municipality original in ruy barbosa falls in mundo novo"
"25","Myrocarpus fastigiatus",1077210153,-16.266667,-39.016667,"gass84","5b5cf455-a448-4c0a-aecd-3e0956f27f10","afdd8e93-b4e3-491c-88f0-8a22834ac1a9","none","b38ff2b7-c8af-454e-b5af-ee760f0d5bca","BR","DWC_ARCHIVE","2018-12-03T14:07:45.180+0000","2018-12-03T16:15:54.195+0000",122,"none","PRESERVED_SPECIMEN",2945758,6,7707728,220,1370,5386,2945756,2945758,2945758,"Myrocarpus fastigiatus Allem.","Myrocarpus fastigiatus Allem.","Plantae","Tracheophyta","Fabales","Fabaceae","Myrocarpus","Myrocarpus fastigiatus","Myrocarpus","fastigiatus","SPECIES","ACCEPTED","2001-01-01T00:00:00","Bahia",2001,11,6,"2001-11-06T00:00:00","2018-12-06T14:16:25.943+0000","http://creativecommons.org/licenses/by-nc/4.0/legalcode","none","none","none","WGS84","Magnoliopsida","BR","Brazil","ALCB - Herbário Alexandre Leal Costa","BRA:UFBA:ALCB:0000049734","72","ALCB - Herbário Alexandre Leal Costa","Santa Cruz Cabrália","Extremo Sul, Estação Veracruz","pt","ALCB",1077210153,"BRA:UFBA:ALCB:0000049734","Collection","Pacheco, LM","049734","","Universidade Federal da Bahia (UFBA)","Universidade Federal da Bahia (UFBA)","8,0 m. Folhas compostas, folíolos menbranáceos, discolores. Estéril.; Estádio primário de desenvolvimento.","Pacheco, LM",NA,"2018-08-28T19:07:16.000+0000","SOUTH_AMERICA",NA,"","","",NA,"","","","",NA,"","",NA,"","","","",NA,"",NA,"","","","","",NA,"","","","","","Santa Cruz Cabrália","Bahia","brazil",3034,"Santa Cruz Cabrália",2927705,-39.203176,-16.228954,"BAHIA","BA","Bahia",-41.72018023,-12.47295682,"Bahia","ba",-16.266667,-39.016667,"original coordinates","original coordinates outside Brazil"
"26","Myrocarpus fastigiatus",912172179,-12.73,-39.52,"gass84","cd6e21c8-9e8a-493a-8a76-fbf7862069e5","061b4f20-f241-11da-a328-b8a03c50a862","none","996e30f8-f762-11e1-a439-00145eb45e9a","GB","DWC_ARCHIVE","2018-06-12T07:02:40.643+0000","2018-04-09T10:53:20.039+0000",96,"none","PRESERVED_SPECIMEN",2945758,6,7707728,220,1370,5386,2945756,2945758,2945758,"Myrocarpus fastigiatus Allem.","Myrocarpus fastigiatus Allem.","Plantae","Tracheophyta","Fabales","Fabaceae","Myrocarpus","Myrocarpus fastigiatus","Myrocarpus","fastigiatus","SPECIES","ACCEPTED","none","",1993,3,12,"1993-03-12T00:00:00","2018-12-07T23:21:07.998+0000","http://creativecommons.org/licenses/by/4.0/legalcode","none","none","none","WGS84","Magnoliopsida","BR","Brazil","","K000188321","3087","","Castro Alves","Povoado Pedra Branca, 4km N de Pedra Branca","","Herbarium",912172179,"http://specimens.kew.org/herbarium/K000188321","","Queiroz, L.P.; Costa, M.J.S.L.","K000188321","","K","","","Lewis, G.P.",NA,"","",NA,"","","Castro Alves",NA,"","","","LEGUMINOSAE-PAPILIONOIDEAE",NA,"","",NA,"","","Caatinga degradada","",NA,"",NA,"","","","","",NA,"","","","","","Castro Alves","","brazil",NA,"",NA,NA,NA,"","","",NA,NA,NA,"",-12.73,-39.52,"original coordinates","original coordinates outside municipality original in castro alves falls in santa teresinha"
"27","Myrocarpus fastigiatus",1087256510,-12.733333,-39.516667,"gass84","d82d5a18-0428-4e52-be16-f509153e8126","e97090cb-7731-41c7-ac24-31a841730654","none","b38ff2b7-c8af-454e-b5af-ee760f0d5bca","BR","DWC_ARCHIVE","2018-11-14T17:18:07.303+0000","2018-01-05T18:33:57.947+0000",114,"none","PRESERVED_SPECIMEN",2945758,6,7707728,220,1370,5386,2945756,2945758,2945758,"Myrocarpus fastigiatus Allem.","Myrocarpus fastigiatus Allem.","Plantae","Tracheophyta","Fabales","Fabaceae","Myrocarpus","Myrocarpus fastigiatus","Myrocarpus","fastigiatus","SPECIES","ACCEPTED","none","Bahia",1993,3,12,"1993-03-12T00:00:00","2018-12-08T13:03:28.697+0000","http://creativecommons.org/licenses/by-nc/4.0/legalcode","none","none","none","WGS84","Magnoliopsida","BR","Brazil","UB - Herbário da Universidade de Brasília","BRA:UnB:UB:0000033631","3087","UB - Herbário da Universidade de Brasília","Castro Alves","Povoado e Pedra Branca, ca. de 4km N de Pedra Branca","pt","UB",1087256510,"BRA:UnB:UB:0000033631","Collection","Queiroz, LP; Costa, MJSL; Sena, TSN","33631","","UnB","Universidade de Brasília (UnB)","Tronco sulcado; folíolos membranáceos; flores com sépalas, pétalas e estames creme, perfumadas. Flores fixadas.; Arvoreta 3m; Caatinga degrada.","Lewis, GP",9999,"2016-09-19T19:03:28.000+0000","SOUTH_AMERICA",0,"","","",NA,"","","","",NA,"","",NA,"","","","",NA,"",NA,"","","","","",NA,"","","","","","Castro Alves","Bahia","brazil",3497,"Castro Alves",2907301,-39.367368,-12.744922,"BAHIA","BA","Bahia",-41.72018023,-12.47295682,"Bahia","ba",-12.733333,-39.516667,"original coordinates","original coordinates outside municipality original in castro alves falls in santa teresinha"
"28","Myrocarpus fastigiatus",1094731751,-13.85,-39.466667,"gass84,iddatunl","2e684fd6-09e2-4661-910a-0a188b610c04","60545be9-4f28-4245-b4b4-07635c8dfa54","none","b38ff2b7-c8af-454e-b5af-ee760f0d5bca","BR","DWC_ARCHIVE","2018-11-14T17:17:55.506+0000","2018-11-14T17:17:55.512+0000",124,"none","PRESERVED_SPECIMEN",2945758,6,7707728,220,1370,5386,2945756,2945758,2945758,"Myrocarpus fastigiatus Allem.","Myrocarpus fastigiatus Allem.","Plantae","Tracheophyta","Fabales","Fabaceae","Myrocarpus","Myrocarpus fastigiatus","Myrocarpus","fastigiatus","SPECIES","ACCEPTED","2007-07-01T00:00:00","Bahia",1993,6,18,"1993-06-18T00:00:00","2018-11-14T17:17:55.523+0000","http://creativecommons.org/licenses/by-nc/4.0/legalcode","none","none","none","WGS84","Magnoliopsida","BR","Brazil","HUEFS - Herbario da Universidade Estadual de Feira de Santana","BRA:UEFS:HUEFS:0000013608","3244","HUEFS - Herbario da Universidade Estadual de Feira de Santana","Castro Alves","","pt","HUEFS",1094731751,"BRA:UEFS:HUEFS:0000013608","Collection","Queiroz, L.P.de","13608","","UEFS","Universidade Estadual de Feira de Santana (UEFS)","","D.Cardoso",NA,"","",NA,"","","",NA,"","","","",NA,"","",NA,"","","","",NA,"",NA,"","","","","",NA,"","","","","","Castro Alves","Bahia","brazil",3497,"Castro Alves",2907301,-39.367368,-12.744922,"BAHIA","BA","Bahia",-41.72018023,-12.47295682,"Bahia","ba",-13.85,-39.466667,"original coordinates","original coordinates outside municipality original in castro alves falls in gandu"
"29","Myrocarpus fastigiatus",912172142,-13.85,-39.47,"gass84","cd6e21c8-9e8a-493a-8a76-fbf7862069e5","061b4f20-f241-11da-a328-b8a03c50a862","none","996e30f8-f762-11e1-a439-00145eb45e9a","GB","DWC_ARCHIVE","2018-06-12T07:02:40.718+0000","2018-04-09T10:53:20.050+0000",96,"none","PRESERVED_SPECIMEN",2945758,6,7707728,220,1370,5386,2945756,2945758,2945758,"Myrocarpus fastigiatus Allem.","Myrocarpus fastigiatus Allem.","Plantae","Tracheophyta","Fabales","Fabaceae","Myrocarpus","Myrocarpus fastigiatus","Myrocarpus","fastigiatus","SPECIES","ACCEPTED","none","",1993,6,18,"1993-06-18T00:00:00","2018-12-07T23:21:08.012+0000","http://creativecommons.org/licenses/by/4.0/legalcode","none","none","none","WGS84","Magnoliopsida","BR","Brazil","","K000188322","3244","","Castro Alves","Topo da Serra da Jibóia, em torno da torre de TV","","Herbarium",912172142,"http://specimens.kew.org/herbarium/K000188322","","Queiroz, L.P.; Sena, T.S.N.","K000188322","","K","","","Lewis, G.P.",NA,"2007-03-15T11:14:29.883+0000","",NA,"","","Castro Alves",NA,"","","","LEGUMINOSAE-PAPILIONOIDEAE",NA,"","",NA,"","","Mata higrófila","",NA,"",NA,"","","","","",NA,"","","","","","Castro Alves","","brazil",NA,"",NA,NA,NA,"","","",NA,NA,NA,"",-13.85,-39.47,"original coordinates","original coordinates outside municipality original in castro alves falls in gandu"
"30","Myrocarpus fastigiatus",1094732969,-13.916667,-42.416667,"gass84,iddatunl","2e684fd6-09e2-4661-910a-0a188b610c04","60545be9-4f28-4245-b4b4-07635c8dfa54","none","b38ff2b7-c8af-454e-b5af-ee760f0d5bca","BR","DWC_ARCHIVE","2018-11-14T17:17:56.291+0000","2018-11-14T17:17:56.296+0000",124,"none","PRESERVED_SPECIMEN",2945758,6,7707728,220,1370,5386,2945756,2945758,2945758,"Myrocarpus fastigiatus Allem.","Myrocarpus fastigiatus Allem.","Plantae","Tracheophyta","Fabales","Fabaceae","Myrocarpus","Myrocarpus fastigiatus","Myrocarpus","fastigiatus","SPECIES","ACCEPTED","2007-07-01T00:00:00","Bahia",1993,10,28,"1993-10-28T00:00:00","2018-11-14T17:17:56.335+0000","http://creativecommons.org/licenses/by-nc/4.0/legalcode","none","none","none","WGS84","Magnoliopsida","BR","Brazil","HUEFS - Herbario da Universidade Estadual de Feira de Santana","BRA:UEFS:HUEFS:0000014858","3639","HUEFS - Herbario da Universidade Estadual de Feira de Santana","Caetité","","pt","HUEFS",1094732969,"BRA:UEFS:HUEFS:0000014858","Collection","Queiroz, L.P.de","14858","","UEFS","Universidade Estadual de Feira de Santana (UEFS)","","D.Cardoso",NA,"","",NA,"","","",NA,"","","","",NA,"","",NA,"","","","",NA,"",NA,"","","","","",NA,"","","","","","Caetité","Bahia","brazil",3351,"Caetité",2905206,-42.492478,-13.971521,"BAHIA","BA","Bahia",-41.72018023,-12.47295682,"Bahia","ba",-13.916667,-42.416667,"original coordinates","original coordinates OK"
"31","Myrocarpus fastigiatus",1089066245,-14.3,-42.29,"gass84","7741a517-ab3d-4b85-ae58-56322e44c8ce","d073b448-6b80-4364-8c38-18d08b88797f","none","b38ff2b7-c8af-454e-b5af-ee760f0d5bca","BR","DWC_ARCHIVE","2018-12-03T13:51:23.274+0000","2018-12-03T16:41:05.704+0000",122,"none","PRESERVED_SPECIMEN",2945758,6,7707728,220,1370,5386,2945756,2945758,2945758,"Myrocarpus fastigiatus Allem.","Myrocarpus fastigiatus Allem.","Plantae","Tracheophyta","Fabales","Fabaceae","Myrocarpus","Myrocarpus fastigiatus","Myrocarpus","fastigiatus","SPECIES","ACCEPTED","1999-08-01T00:00:00","Bahia",1993,10,28,"1993-10-28T00:00:00","2018-12-08T04:37:59.917+0000","http://creativecommons.org/licenses/by-nc/4.0/legalcode","none","none","none","WGS84","Magnoliopsida","BR","Brazil","UEC - Herbário da Universidade Estadual de Campinas","BRA:UNICAMP:UEC:0000118757","3618","UEC - Herbário da Universidade Estadual de Campinas","Caetité","ca. de 3km N de Caetité, na estrada para","pt","UEC",1089066245,"BRA:UNICAMP:UEC:0000118757","Collection","Queiróz, L.P.; Nascimento, N.S.","118757","","UNICAMP","Universidade Estadual de Campinas, UNICAMP","fruto, Arbusto a pequena árvore de 2,5-4,0m, ramificado desde a base. Folíolos membranáceos, flores perfumadas com cálice verde, pétalas e estames brancos. Frutos imaturos verdes e maduros paleáceos. Frutos maduros separados. Foto. Flores fixadas. Pl","Sartori, A.L.B.",NA,"2018-11-21T16:28:39.000+0000","",NA,"","","",NA,"","","","",NA,"","",NA,"","","","",NA,"",NA,"","","","","",NA,"","","","","","Caetité","Bahia","brazil",3351,"Caetité",2905206,-42.492478,-13.971521,"BAHIA","BA","Bahia",-41.72018023,-12.47295682,"Bahia","ba",-14.3,-42.29,"original coordinates","original coordinates outside municipality original in caetite falls in ibiassuce"
"32","Myrocarpus fastigiatus",912172173,-13.92,-42.42,"gass84","cd6e21c8-9e8a-493a-8a76-fbf7862069e5","061b4f20-f241-11da-a328-b8a03c50a862","none","996e30f8-f762-11e1-a439-00145eb45e9a","GB","DWC_ARCHIVE","2018-06-12T07:02:40.734+0000","2018-04-09T10:53:20.119+0000",96,"none","PRESERVED_SPECIMEN",2945758,6,7707728,220,1370,5386,2945756,2945758,2945758,"Myrocarpus fastigiatus Allem.","Myrocarpus fastigiatus Allem.","Plantae","Tracheophyta","Fabales","Fabaceae","Myrocarpus","Myrocarpus fastigiatus","Myrocarpus","fastigiatus","SPECIES","ACCEPTED","none","",1993,10,28,"1993-10-28T00:00:00","2018-12-07T23:21:08.054+0000","http://creativecommons.org/licenses/by/4.0/legalcode","none","none","none","WGS84","Magnoliopsida","BR","Brazil","","K000188324","3639","","Caetité","15km N de Caetité, na estrada para Maniaçu","","Herbarium",912172173,"http://specimens.kew.org/herbarium/K000188324","","Queiroz, L.P.; Nascimento, N.S.","K000188324","","K","","","Queiroz, L.P.",NA,"2007-03-15T11:14:30.163+0000","",NA,"","","Caetité",NA,"","","","LEGUMINOSAE-PAPILIONOIDEAE",NA,"","",NA,"","","Caatinga arbustiva aberta","",NA,"",NA,"","","aff.","","",NA,"","","","","","Caetité","","brazil",NA,"",NA,NA,NA,"","","",NA,NA,NA,"",-13.92,-42.42,"original coordinates","original coordinates OK"
"33","Myrocarpus fastigiatus",1423993442,-11.706111,-40.280833,"cdround,gass84,rdatm","4300f8d5-1ae5-49e5-a101-63894b005868","838537fc-4aeb-4980-8b58-97fbdcd1d91a","none","da7fe11a-b42c-46cb-9e9d-02243edb738a","BR","DWC_ARCHIVE","2018-10-02T15:37:51.917+0000","2018-09-24T19:59:31.186+0000",207,"none","PRESERVED_SPECIMEN",2945758,6,7707728,220,1370,5386,2945756,2945758,2945758,"Myrocarpus fastigiatus Allem.","Myrocarpus fastigiatus Allem.","Plantae","Tracheophyta","Fabales","Fabaceae","Myrocarpus","Myrocarpus fastigiatus","Myrocarpus","fastigiatus","SPECIES","ACCEPTED","1982-03-03T00:00:00","Bahia",1982,2,NA,"1982-02-01T00:00:00","2018-12-06T16:56:08.851+0000","http://creativecommons.org/licenses/by/4.0/legalcode","none","none","none","WGS84","Magnoliopsida","BR","Brazil","Rio de Janeiro Botanical Garden","urn:catalog:JBRJ:RB:180669","291","RB - Rio de Janeiro Botanical Garden Herbarium Collection","Mairi","","","RB",1423993442,"urn:catalog:JBRJ:RB:180669","PhysicalObject","Roberto Orlandi","RB00180669","RB 207905","JBRJ","","Árvore de 5m de altura, 15 cm de diâmetro do fuste. copa de 3m; caule cinza, frutos maduros. Planta aromática. Frequencia fraca.","G. P. Lewis",NA,"2017-10-10T22:32:52.823+0000","",NA,"","","",NA,"","","","",NA,"","",NA,"","","","",NA,"",NA,"","Vegetação secundária.","","","",NA,"","","","","","Mairi","Bahia","brazil",3638,"Mairi",2920106,-40.177568,-11.72854,"BAHIA","BA","Bahia",-41.72018023,-12.47295682,"Bahia","ba",-11.706111,-40.280833,"original coordinates","original coordinates OK"
"34","Myrocarpus fastigiatus",1042590470,-15.85,-58.92,"gass84,gdativ,iddatunl","3cc6171e-8c52-4f65-ad7a-32c74e395f29","c0d9c91a-0f83-4819-bf7e-bb5e1184eb6b","none","ada4205f-679c-4a86-9759-ff652ac467b3","BR","DWC_ARCHIVE","2017-10-08T07:24:58.810+0000","2014-11-24T14:43:37.646+0000",50,"none","PRESERVED_SPECIMEN",2945758,6,7707728,220,1370,5386,2945756,2945758,2945758,"Myrocarpus fastigiatus Allem.","Myrocarpus fastigiatus Allem.","Plantae","Tracheophyta","Fabales","Fabaceae","Myrocarpus","Myrocarpus fastigiatus","Myrocarpus","fastigiatus","SPECIES","ACCEPTED","1980-01-01T00:00:00","Mato Grosso",1978,8,7,"1978-08-07T00:00:00","2018-07-07T16:26:38.662+0000","http://creativecommons.org/publicdomain/zero/1.0/legalcode","none","none","none","WGS84","Magnoliopsida","BR","Brazil","Instituto Nacional de Pesquisas da Amazônia (INPA)","urn:catalog:inpa:herbarium:124434","16489","Coleção Botânica, Instituto Nacional de Pesquisas da Amazônia (INPA)","","Sararé, Perto do Campo Base do Radam/Brasil.","pt","Coleção Botânica, Instituto Nacional de Pesquisas da Amazônia (INPA)",1042590470,"urn:catalog:inpa:herbarium:124434","Collection","Pires, JM","127628","","Instituto Nacional de Pesquisas da Amazônia (INPA)","","","Silva, M.G. da",0,"2014-09-26T00:00:00.000+0000","SOUTH_AMERICA",0,"01.263.896/0015-60","","",NA,"","","","",NA,"","",NA,"","","","",NA,"",NA,"","","","License Elements","",NA,"","","","","","","Mato Grosso","brazil",NA,"",NA,NA,NA,"","","Mato Grosso",-55.91290105,-12.94917881,"Mato Grosso","mt",-15.85,-58.92,"original coordinates","original coordinates outside municipality original in  falls in porto esperidiao"
"35","Myrocarpus fastigiatus",1701741852,-10.8339,-52.8731,"gass84","90c853e6-56bd-480b-8e8f-6285c3f8d42b","7b8aff00-a9f8-11d8-944b-b8a03c50a862","none","3b84ff5b-79ce-427c-acb7-b4004e160f66","US","DWC_ARCHIVE","2018-11-22T21:33:54.514+0000","2018-11-22T21:33:54.622+0000",97,"none","PRESERVED_SPECIMEN",2945758,6,7707728,220,1370,5386,2945756,2945758,2945758,"Myrocarpus fastigiatus Allem.","Myrocarpus fastigiatus Allem.","Plantae","Tracheophyta","Fabales","Fabaceae","Myrocarpus","Myrocarpus fastigiatus","Myrocarpus","fastigiatus","SPECIES","ACCEPTED","none","",1968,4,11,"1968-04-11T00:00:00","2018-12-08T11:25:56.780+0000","http://creativecommons.org/publicdomain/zero/1.0/legalcode","none","none","none","WGS84","Magnoliopsida","BR","Brazil","The Field Museum of Natural History","04ccbfd7-6c4b-4792-b978-a85de05e0c2d","68-5345","South American Plants","","","en","Botany",1701741852,"04ccbfd7-6c4b-4792-b978-a85de05e0c2d","PhysicalObject","","V0371215F","","F","F","","",NA,"","SOUTH_AMERICA",NA,"F","ICBN","South America, BRAZIL",3700374,"seeds-20-nov-2018","http://fieldmuseum.org/about/copyright-information","Botany","Plantae Spermatophyta Dicotyledoneae Fabaceae",NA,"","",NA,"","","","",NA,"",NA,"","","","","",NA,"","","","","","","","brazil",NA,"",NA,NA,NA,"","","",NA,NA,NA,"",-10.8339,-52.8731,"original coordinates","original coordinates outside municipality original in  falls in sao jose do xingu"
"36","Myrocarpus fastigiatus",1701741771,-10.8339,-52.8731,"gass84","90c853e6-56bd-480b-8e8f-6285c3f8d42b","7b8aff00-a9f8-11d8-944b-b8a03c50a862","none","3b84ff5b-79ce-427c-acb7-b4004e160f66","US","DWC_ARCHIVE","2018-11-22T21:34:06.310+0000","2018-11-22T21:34:06.329+0000",97,"none","PRESERVED_SPECIMEN",2945758,6,7707728,220,1370,5386,2945756,2945758,2945758,"Myrocarpus fastigiatus Allem.","Myrocarpus fastigiatus Allem.","Plantae","Tracheophyta","Fabales","Fabaceae","Myrocarpus","Myrocarpus fastigiatus","Myrocarpus","fastigiatus","SPECIES","ACCEPTED","none","",1968,6,24,"1968-06-24T00:00:00","2018-12-08T11:25:56.800+0000","http://creativecommons.org/publicdomain/zero/1.0/legalcode","none","none","none","WGS84","Magnoliopsida","BR","Brazil","The Field Museum of Natural History","0d2321fd-530f-4215-b19a-85a9f8c147e4","68-5400","South American Plants","","","en","Botany",1701741771,"0d2321fd-530f-4215-b19a-85a9f8c147e4","PhysicalObject","","V0371216F","","F","F","","",NA,"","SOUTH_AMERICA",NA,"F","ICBN","South America, BRAZIL",3700386,"seeds-20-nov-2018","http://fieldmuseum.org/about/copyright-information","Botany","Plantae Spermatophyta Dicotyledoneae Fabaceae",NA,"","",NA,"","","","",NA,"",NA,"","","","","",NA,"","","","","","","","brazil",NA,"",NA,NA,NA,"","","",NA,NA,NA,"",-10.8339,-52.8731,"original coordinates","original coordinates outside municipality original in  falls in sao jose do xingu"
"37","Myrocarpus fastigiatus",1090541046,-12.67,-39.1019,"gass84","1064b787-c882-493e-b17d-4ffba363b776","c47cd3b0-2178-4a4b-87a6-740b482970a9","none","b38ff2b7-c8af-454e-b5af-ee760f0d5bca","BR","DWC_ARCHIVE","2018-11-23T18:20:03.152+0000","2017-12-29T14:14:00.345+0000",129,"none","PRESERVED_SPECIMEN",2945758,6,7707728,220,1370,5386,2945756,2945758,2945758,"Myrocarpus fastigiatus Allem.","Myrocarpus fastigiatus Allem.","Plantae","Tracheophyta","Fabales","Fabaceae","Myrocarpus","Myrocarpus fastigiatus","Myrocarpus","fastigiatus","SPECIES","ACCEPTED","1950-03-15T00:00:00","Bahia",1950,3,15,"1950-03-15T00:00:00","2018-12-08T04:43:11.149+0000","http://creativecommons.org/licenses/by-nc/4.0/legalcode","none","none","none","WGS84","Magnoliopsida","BR","Brazil","IAC - Herbário do Instituto Agronômico de Campinas","BRA:IAC:IAC:0000011180","s/nº","IAC - Herbário do Instituto Agronômico de Campinas","Cruz das Almas","","pt","IAC",1090541046,"BRA:IAC:IAC:0000011180","Collection","G.C.P. Pinto","11180","","IAC","Instituto Agronômico de Campinas, IAC","Plantas recebidas da Bahia, do Sr G.C.Pereira Pinto em Janeiro de 1950","D.M. Dedecca",NA,"2017-06-09T13:56:22.000+0000","",NA,"","","",NA,"","","","",NA,"","",NA,"","","","",NA,"",NA,"","","","","",NA,"","","","","","Cruz das Almas","Bahia","brazil",3505,"Cruz das Almas",2909802,-39.119381,-12.686275,"BAHIA","BA","Bahia",-41.72018023,-12.47295682,"Bahia","ba",-12.67,-39.1019,"original coordinates","original coordinates OK"
"38","Myrocarpus fastigiatus",1077183930,-12.666667,-39.1,"gass84","5b5cf455-a448-4c0a-aecd-3e0956f27f10","afdd8e93-b4e3-491c-88f0-8a22834ac1a9","none","b38ff2b7-c8af-454e-b5af-ee760f0d5bca","BR","DWC_ARCHIVE","2018-12-03T14:05:54.871+0000","2018-12-03T16:15:56.775+0000",122,"none","PRESERVED_SPECIMEN",2945758,6,7707728,220,1370,5386,2945756,2945758,2945758,"Myrocarpus fastigiatus Allem.","Myrocarpus fastigiatus Allem.","Plantae","Tracheophyta","Fabales","Fabaceae","Myrocarpus","Myrocarpus fastigiatus","Myrocarpus","fastigiatus","SPECIES","ACCEPTED","1952-04-01T00:00:00","Bahia",1950,NA,NA,"1950-01-01T00:00:00","2018-12-06T14:16:11.658+0000","http://creativecommons.org/licenses/by-nc/4.0/legalcode","none","none","none","WGS84","Magnoliopsida","BR","Brazil","ALCB - Herbário Alexandre Leal Costa","BRA:UFBA:ALCB:0000006090","50-22","ALCB - Herbário Alexandre Leal Costa","Cruz das Almas","Recôncavo Sul","pt","ALCB",1077183930,"BRA:UFBA:ALCB:0000006090","Collection","Pinto, GCP","06090","","Universidade Federal da Bahia (UFBA)","Universidade Federal da Bahia (UFBA)","Porte mediano.; Planaltos.","Pinto, GCP",NA,"2018-08-28T19:07:16.000+0000","SOUTH_AMERICA",NA,"","","",NA,"","","","",NA,"","",NA,"","","","",NA,"",NA,"","","","","",NA,"","","","","","Cruz das Almas","Bahia","brazil",3505,"Cruz das Almas",2909802,-39.119381,-12.686275,"BAHIA","BA","Bahia",-41.72018023,-12.47295682,"Bahia","ba",-12.666667,-39.1,"original coordinates","original coordinates OK"
"39","Myrocarpus fastigiatus",1077184077,-12.666667,-39.1,"gass84","5b5cf455-a448-4c0a-aecd-3e0956f27f10","afdd8e93-b4e3-491c-88f0-8a22834ac1a9","none","b38ff2b7-c8af-454e-b5af-ee760f0d5bca","BR","DWC_ARCHIVE","2018-12-03T14:05:55.118+0000","2018-12-03T16:15:56.917+0000",122,"none","PRESERVED_SPECIMEN",2945758,6,7707728,220,1370,5386,2945756,2945758,2945758,"Myrocarpus fastigiatus Allem.","Myrocarpus fastigiatus Allem.","Plantae","Tracheophyta","Fabales","Fabaceae","Myrocarpus","Myrocarpus fastigiatus","Myrocarpus","fastigiatus","SPECIES","ACCEPTED","1952-04-01T00:00:00","Bahia",1950,NA,NA,"1950-01-01T00:00:00","2018-12-06T14:16:11.696+0000","http://creativecommons.org/licenses/by-nc/4.0/legalcode","none","none","none","WGS84","Magnoliopsida","BR","Brazil","ALCB - Herbário Alexandre Leal Costa","BRA:UFBA:ALCB:0000006292","s/n","ALCB - Herbário Alexandre Leal Costa","Cruz das Almas","Recôncavo Sul","pt","ALCB",1077184077,"BRA:UFBA:ALCB:0000006292","Collection","Pinto, GCP","06292","","Universidade Federal da Bahia (UFBA)","Universidade Federal da Bahia (UFBA)","Porte mediano.; Planaltos.","Pinto, GCP",NA,"2018-08-28T19:07:16.000+0000","SOUTH_AMERICA",NA,"","","",NA,"","","","",NA,"","",NA,"","","","",NA,"",NA,"","","","","",NA,"","","","","","Cruz das Almas","Bahia","brazil",3505,"Cruz das Almas",2909802,-39.119381,-12.686275,"BAHIA","BA","Bahia",-41.72018023,-12.47295682,"Bahia","ba",-12.666667,-39.1,"original coordinates","original coordinates OK"
"40","Myrocarpus fastigiatus",1123785450,-12.653056,-39.121944,"gass84","9129ec89-afa7-45af-8b73-509f1f8942ab","667644b9-7b93-4892-80c7-c4271735c515","none","b38ff2b7-c8af-454e-b5af-ee760f0d5bca","BR","DWC_ARCHIVE","2018-10-11T11:54:15.339+0000","2018-09-11T00:05:14.024+0000",129,"none","PRESERVED_SPECIMEN",2945758,6,7707728,220,1370,5386,2945756,2945758,2945758,"Myrocarpus fastigiatus Allem.","Myrocarpus fastigiatus Allem.","Plantae","Tracheophyta","Fabales","Fabaceae","Myrocarpus","Myrocarpus fastigiatus","Myrocarpus","fastigiatus","SPECIES","ACCEPTED","none","Bahia",1950,NA,NA,"1950-01-01T00:00:00","2018-12-08T12:04:43.823+0000","http://creativecommons.org/licenses/by-nc/4.0/legalcode","none","none","none","WGS84","Magnoliopsida","BR","Brazil","MBML-Herbario - Herbário Mello Leitão","BRA:MBML:MBML-HERBARIO:0000002759","0","MBML-Herbario - Herbário Mello Leitão","Cruz das Almas","","pt","MBML-HERBARIO",1123785450,"BRA:MBML:MBML-HERBARIO:0000002759","Collection","G. Pinto","2759","","MBML","Museu de Biologia Professor Mello Leitão, MBML","Ex. Herb Secretaria de Agricultura, Terras e Colonização do ES","",NA,"2018-08-28T11:46:59.000+0000","",NA,"","","",NA,"","","","",NA,"","",NA,"","","","",NA,"",NA,"","","","","",NA,"","","","","","Cruz das Almas","Bahia","brazil",3505,"Cruz das Almas",2909802,-39.119381,-12.686275,"BAHIA","BA","Bahia",-41.72018023,-12.47295682,"Bahia","ba",-12.653056,-39.121944,"original coordinates","original coordinates OK"
"41","Myrocarpus fastigiatus",1077184102,-12.666667,-39.1,"gass84","5b5cf455-a448-4c0a-aecd-3e0956f27f10","afdd8e93-b4e3-491c-88f0-8a22834ac1a9","none","b38ff2b7-c8af-454e-b5af-ee760f0d5bca","BR","DWC_ARCHIVE","2018-12-03T14:05:55.141+0000","2018-12-03T16:15:56.904+0000",122,"none","PRESERVED_SPECIMEN",2945758,6,7707728,220,1370,5386,2945756,2945758,2945758,"Myrocarpus fastigiatus Allem.","Myrocarpus fastigiatus Allem.","Plantae","Tracheophyta","Fabales","Fabaceae","Myrocarpus","Myrocarpus fastigiatus","Myrocarpus","fastigiatus","SPECIES","ACCEPTED","none","Bahia",1947,1,NA,"1947-01-01T00:00:00","2018-12-06T14:16:11.699+0000","http://creativecommons.org/licenses/by-nc/4.0/legalcode","none","none","none","WGS84","Magnoliopsida","BR","Brazil","ALCB - Herbário Alexandre Leal Costa","BRA:UFBA:ALCB:0000006291","s/n","ALCB - Herbário Alexandre Leal Costa","Cruz das Almas","Recôncavo Sul","pt","ALCB",1077184102,"BRA:UFBA:ALCB:0000006291","Collection","Pinto, GCP","06291","","Universidade Federal da Bahia (UFBA)","Universidade Federal da Bahia (UFBA)","Taboleiros.","Menezes, I de",NA,"2018-08-28T19:07:16.000+0000","SOUTH_AMERICA",NA,"","","",NA,"","","","",NA,"","",NA,"","","","",NA,"",NA,"","","","","",NA,"","","","","","Cruz das Almas","Bahia","brazil",3505,"Cruz das Almas",2909802,-39.119381,-12.686275,"BAHIA","BA","Bahia",-41.72018023,-12.47295682,"Bahia","ba",-12.666667,-39.1,"original coordinates","original coordinates OK"
"42","Myrocarpus fastigiatus",1701753211,-10.8339,-52.8731,"gass84","90c853e6-56bd-480b-8e8f-6285c3f8d42b","7b8aff00-a9f8-11d8-944b-b8a03c50a862","none","3b84ff5b-79ce-427c-acb7-b4004e160f66","US","DWC_ARCHIVE","2018-11-22T21:36:22.847+0000","2018-11-22T21:36:22.899+0000",97,"none","PRESERVED_SPECIMEN",2945758,6,7707728,220,1370,5386,2945756,2945758,2945758,"Myrocarpus fastigiatus Allem.","Myrocarpus fastigiatus Allem.","Plantae","Tracheophyta","Fabales","Fabaceae","Myrocarpus","Myrocarpus fastigiatus","Myrocarpus","fastigiatus","SPECIES","ACCEPTED","none","",1860,NA,NA,"1860-01-01T00:00:00","2018-12-08T11:26:01.706+0000","http://creativecommons.org/publicdomain/zero/1.0/legalcode","none","none","none","WGS84","Magnoliopsida","BR","Brazil","The Field Museum of Natural History","79c6d55c-f8a5-4df7-8028-d9ba3227debb","","vTypes","","","en","Botany",1701753211,"79c6d55c-f8a5-4df7-8028-d9ba3227debb","PhysicalObject","F. F. Allemão","V0361490F","","F","F","","",NA,"","SOUTH_AMERICA",NA,"F","ICBN","South America, BRAZIL",3708931,"seeds-20-nov-2018","http://fieldmuseum.org/about/copyright-information","Botany","Plantae Spermatophyta Dicotyledoneae Fabaceae",NA,"","",NA,"","","","",NA,"",NA,"","","","","ISOTYPE",NA,"","","","","","","","brazil",NA,"",NA,NA,NA,"","","",NA,NA,NA,"",-10.8339,-52.8731,"original coordinates","original coordinates outside municipality original in  falls in sao jose do xingu"
"43","Myrocarpus fastigiatus",1928777054,-25.5519556939373,-54.5890656495962,"cdrep,rdativ","d415c253-4d61-4459-9d25-4015b9084fb0","ae447c50-b8a8-11d8-92a4-b8a03c50a862","none","17017c2c-036b-45d9-b045-606d21b00771","US","DWC_ARCHIVE","2018-11-18T14:52:00.161+0000","2018-11-18T14:52:00.265+0000",96,"none","PRESERVED_SPECIMEN",2945758,6,7707728,220,1370,5386,2945756,2945758,2945758,"Myrocarpus fastigiatus Allem.","Myrocarpus fastigiatus Allem.","Plantae","Tracheophyta","Fabales","Fabaceae","Myrocarpus","Myrocarpus fastigiatus","Myrocarpus","fastigiatus","SPECIES","ACCEPTED","1999-08-01T00:00:00","ParanÃ¡",NA,NA,NA,"none","2018-12-08T19:28:57.719+0000","http://creativecommons.org/publicdomain/zero/1.0/legalcode","none","none","none","WGS84","Magnoliopsida","BR","Brazil","The New York Botanical Garden","475483e6-3126-4b9d-b2a6-b85436de411c","1862","Vascular plants","","Parque Nacional do IghuassÃº [IguaÃ§Ãº]","en","NY",1928777054,"475483e6-3126-4b9d-b2a6-b85436de411c","PhysicalObject","A. P. Duarte","01045129","","NY","","","A. L. B. Sartori",0,"","SOUTH_AMERICA",0,"http://biocol.org/urn:lsid:biocol.org:col:15556","ICN","",NA,"","","http://biocol.org/urn:lsid:biocol.org:col:15556","",NA,"","Foz do IguaÃ§u",NA,"","http://sweetgum.nybg.org/science/vh/specimen_details.php?irn=1187444","","s.d.",0,"sheet",0,"","","","","",39570,"Other source","CRIA (Centro de ReferÃªncia em InformaÃ§Ã£o Ambiental)","","","","","ParanÃ¡","brazil",NA,"",NA,NA,NA,"","","Paraná",-51.61693027,-24.63581955,"Paraná","pr",-25.5519556939373,-54.5890656495962,"original coordinates","original coordinates outside municipality original in  falls in foz do iguacu"
"44","Myrocarpus fastigiatus",1056157748,-10.764,-53.0839,"gass84","7e380070-f762-11e1-a439-00145eb45e9a","19456090-b49a-11d8-abeb-b8a03c50a862","none","60277b56-f762-11e1-a439-00145eb45e9a","GB","DWC_ARCHIVE","2018-12-05T05:41:17.622+0000","2018-12-05T05:23:04.513+0000",100,"none","PRESERVED_SPECIMEN",2945758,6,7707728,220,1370,5386,2945756,2945758,2945758,"Myrocarpus fastigiatus Allem.","Myrocarpus fastigiatus Allem.","Plantae","Tracheophyta","Fabales","Fabaceae","Myrocarpus","Myrocarpus fastigiatus","Myrocarpus","fastigiatus","SPECIES","ACCEPTED","none","",NA,NA,NA,"none","2018-12-05T05:27:15.960+0000","http://creativecommons.org/publicdomain/zero/1.0/legalcode","none","none","none","WGS84","Magnoliopsida","BR","Brazil","","2479499","s.n.","","","","","BOT",1056157748,"e3d66f79-bcfa-4a60-b19d-c71bd03df730","","F F. Allemão-e-Cysneiro","BM000080500","NHMUK:ecatalogue:2479499","NHMUK","","","V E. Rudd",NA,"2018-06-05T00:00:00.000+0000","SOUTH_AMERICA",NA,"","","South America; Brazil",NA,"","","","Leguminosae",NA,"","",NA,"","","","",NA,"",NA,"","","","","TYPE",NA,"","","{""determinationfiledas"": ""Yes"", ""collectionkind"": ""Sheet"", ""created"": ""2012-09-17"", ""gbifid"": 1056157748, ""project"": ""GPI Georeferencing"", ""determinationnames"": ""Myrocarpus fastigiatus Allemão"", ""geom"": ""-10.764,-53.0839"", ""subdepartment"": ""Flowering plants"", ""imagecategory"": [""Specimen""]}","s.n.","","","","brazil",NA,"",NA,NA,NA,"","","",NA,NA,NA,"",-10.764,-53.0839,"original coordinates","original coordinates outside municipality original in  falls in sao jose do xingu"
"45","Myrocarpus fastigiatus",1144721813,-22.48222,-42.9125,"gass84,rdativ","f577c9f3-ae71-4278-b6bf-512ba1dfaa21","43a26bbf-466a-4335-96cc-01d0656c614a","none","6040a0d6-f762-11e1-a439-00145eb45e9a","CH","BIOCASE","2018-12-11T23:27:14.938+0000","2016-02-23T13:24:12.178+0000",43,"none","PRESERVED_SPECIMEN",2945758,6,7707728,220,1370,5386,2945756,2945758,2945758,"Myrocarpus fastigiatus Allem.","Myrocarpus fastigiatus Allem.","Plantae","Tracheophyta","Fabales","Fabaceae","Myrocarpus","Myrocarpus fastigiatus","Myrocarpus","fastigiatus","SPECIES","ACCEPTED","none","",NA,NA,NA,"none","2018-12-06T21:55:08.011+0000","http://creativecommons.org/licenses/by-nc/4.0/legalcode","none","none","none","WGS84","Magnoliopsida","BR","Brazil","","","","","","Rio de Janeiro - Rio de Janeiro/Estado do Rio de Janeiro","","Geneva Herbarium – General Collection (G)",1144721813,"","","Allemão e Cysneiro, F. F. (Coll. De Candolle)","G-G-277843/1","","G","","","Sartori, A. (2000)",NA,"","",NA,"","","",NA,"","","","",NA,"","",NA,"","","","",NA,"",NA,"","","","","TYPE",NA,"","","","","Myrocarpus fastigiatus Allem","","","brazil",NA,"",NA,NA,NA,"","","",NA,NA,NA,"",-22.48222,-42.9125,"original coordinates","original coordinates outside municipality original in  falls in cachoeiras de macacu"
