"","name","key","decimalLatitude","decimalLongitude","issues","datasetKey","publishingOrgKey","networkKeys","installationKey","publishingCountry","protocol","lastCrawled","lastParsed","crawlId","extensions","basisOfRecord","taxonKey","kingdomKey","phylumKey","classKey","orderKey","familyKey","genusKey","speciesKey","acceptedTaxonKey","scientificName","acceptedScientificName","kingdom","phylum","order","family","genus","species","genericName","specificEpithet","taxonRank","taxonomicStatus","dateIdentified","stateProvince.original","year","month","day","eventDate","modified","lastInterpreted","license","identifiers","facts","relations","geodeticDatum","class","countryCode","country.original","rightsHolder","identifier","recordNumber","datasetName","municipality.original","locality","language","collectionCode","gbifID","occurrenceID","type","recordedBy","catalogNumber","institutionCode","ownerInstitutionCode","identifiedBy","otherCatalogNumbers","occurrenceRemarks","elevation","elevationAccuracy","continent","individualCount","habitat","institutionID","verbatimEventDate","higherGeography","georeferenceProtocol","endDayOfYear","verbatimCoordinateSystem","startDayOfYear","higherClassification","coordinateUncertaintyInMeters","references","nomenclaturalCode","county","preparations","collectionID","georeferenceSources","verbatimElevation","georeferencedDate","typeStatus","typifiedName","organismID","datasetID","accessRights","municipality","stateProvince","country","FID","NOME","GEOCODIGO","POINT_X","POINT_Y","NOMEUF","SIGLAUF","estados_shp","x_estado","y_estado","nome","sigla","new_Lat","new_Lon","notes","comments"
"1","Coccoloba warmingii",1802837525,-13.150278,-39.337222,"gass84","2e684fd6-09e2-4661-910a-0a188b610c04","60545be9-4f28-4245-b4b4-07635c8dfa54","none","b38ff2b7-c8af-454e-b5af-ee760f0d5bca","BR","DWC_ARCHIVE","2018-11-14T17:20:04.182+0000","2018-11-14T17:20:04.188+0000",124,"none","PRESERVED_SPECIMEN",4034727,6,7707728,220,422,2416,2888822,4034727,4034727,"Coccoloba warmingii Meisn.","Coccoloba warmingii Meisn.","Plantae","Tracheophyta","Caryophyllales","Polygonaceae","Coccoloba","Coccoloba warmingii","Coccoloba","warmingii","SPECIES","ACCEPTED","2018-11-01T00:00:00","Bahia",2017,8,28,"2017-08-28T00:00:00","2018-11-09T19:08:55.000+0000","2018-12-08T07:12:37.813+0000","http://creativecommons.org/licenses/by-nc/4.0/legalcode","none","none","none","WGS84","Magnoliopsida","BR","Brazil","HUEFS - Herbario da Universidade Estadual de Feira de Santana","BRA:UEFS:HUEFS:0000235871",140,"HUEFS - Herbario da Universidade Estadual de Feira de Santana","Laje","Fazenda Sete Voltas.","pt","HUEFS",1802837525,"BRA:UEFS:HUEFS:0000235871","Collection","Silva, T.T.","235871","UEFS","Universidade Estadual de Feira de Santana (UEFS)","E.Melo","","",NA,NA,"",NA,"","","","","",NA,NA,NA,"",NA,"","","","","","","","","","",NA,"","","Laje","Bahia","brazil",3437,"Laje",2918803,-39.344708,-13.164705,"BAHIA","BA","Bahia",-41.72018023,-12.47295682,"Bahia","ba",-13.150278,-39.337222,"original coordinates","original coordinates OK"
"2","Coccoloba warmingii",1913592375,-18.366944,-39.920278,"cdround,gass84","4300f8d5-1ae5-49e5-a101-63894b005868","838537fc-4aeb-4980-8b58-97fbdcd1d91a","none","da7fe11a-b42c-46cb-9e9d-02243edb738a","BR","DWC_ARCHIVE","2018-10-02T15:37:30.182+0000","2018-09-24T19:59:10.486+0000",207,"none","PRESERVED_SPECIMEN",4034727,6,7707728,220,422,2416,2888822,4034727,4034727,"Coccoloba warmingii Meisn.","Coccoloba warmingii Meisn.","Plantae","Tracheophyta","Caryophyllales","Polygonaceae","Coccoloba","Coccoloba warmingii","Coccoloba","warmingii","SPECIES","ACCEPTED","2017-05-05T00:00:00","Espírito Santo",2016,5,2,"2016-05-02T00:00:00","2018-09-18T16:01:26.729+0000","2018-12-10T13:35:53.028+0000","http://creativecommons.org/licenses/by/4.0/legalcode","none","none","none","WGS84","Magnoliopsida","BR","Brazil","Rio de Janeiro Botanical Garden","urn:catalog:JBRJ:RB:1398164",224,"RB - Rio de Janeiro Botanical Garden Herbarium Collection","Conceição da Barra","Antiga carvoaria do pica-pau. Núcleo Juçara, Matriz 224 - Entrada, chegando na propriedade de Jazy. Floresta Nacional do Rio Preto","","RB",1913592375,"urn:catalog:JBRJ:RB:1398164","PhysicalObject","Grupo de Coletores do Núcleo Juçara","RB01398164","JBRJ","","G.S. Siqueira","RB 775368","árvore, terrícola, ambiente de planície, de solo argiloso, borda do fragmento, de acesso muito difícil",NA,NA,"",NA,"","","","","",NA,NA,NA,"",NA,"","","","","","","","","","",NA,"","","Conceição da Barra","Espírito Santo","brazil",2736,"Conceição da Barra",3201605,-39.832833,-18.445026,"ESPIRITO SANTO","ES","Espírito Santo",-40.6681057,-19.57475617,"Espírito Santo","es",-18.366944,-39.920278,"original coordinates","original coordinates OK"
"3","Coccoloba warmingii",1077424879,-26.8225,-48.778611,"cdround,gass84","b9a43c60-d2b6-445c-9362-2db65465c963","34e6e625-47cf-4d42-8054-af0c2f1b6e64","none","b38ff2b7-c8af-454e-b5af-ee760f0d5bca","BR","DWC_ARCHIVE","2018-11-23T15:39:20.913+0000","2018-10-24T15:38:15.638+0000",121,"none","PRESERVED_SPECIMEN",4034727,6,7707728,220,422,2416,2888822,4034727,4034727,"Coccoloba warmingii Meisn.","Coccoloba warmingii Meisn.","Plantae","Tracheophyta","Caryophyllales","Polygonaceae","Coccoloba","Coccoloba warmingii","Coccoloba","warmingii","SPECIES","ACCEPTED","2015-02-10T00:00:00","Santa Catarina",2015,2,10,"2015-02-10T00:00:00","2018-10-11T17:26:03.000+0000","2018-12-06T14:18:07.317+0000","http://creativecommons.org/licenses/by-nc/4.0/legalcode","none","none","none","WGS84","Magnoliopsida","BR","Brazil","FURB - Herbário Dr. Roberto Miguel Klein","BRA:FURB:FURB:0000045814",1168,"FURB - Herbário Dr. Roberto Miguel Klein","Navegantes","Leiteiro.","pt","FURB",1077424879,"BRA:FURB:FURB:0000045814","Collection","Oliveira, A.A. de","45814","Universidade Regional de Blumenau, FURB","Universidade Regional de Blumenau, FURB","Oliveira, AA de","","Regeneração IFFSC 753 /S/14",178,0,"",NA,"","","","","",NA,NA,NA,"",NA,"","","","","","","","","","",NA,"","","Navegantes","Santa Catarina","brazil",705,"Navegantes",4211306,-48.725507,-26.828953,"SANTA CATARINA","SC","Santa Catarina",-50.48226937,-27.24592878,"Santa Catarina","sc",-26.8225,-48.778611,"original coordinates","original coordinates OK"
"4","Coccoloba warmingii",1094896601,-13.456111,-41.757778,"gass84,iddatunl","2e684fd6-09e2-4661-910a-0a188b610c04","60545be9-4f28-4245-b4b4-07635c8dfa54","none","b38ff2b7-c8af-454e-b5af-ee760f0d5bca","BR","DWC_ARCHIVE","2018-11-14T17:19:40.787+0000","2018-09-10T18:27:23.247+0000",124,"none","PRESERVED_SPECIMEN",4034727,6,7707728,220,422,2416,2888822,4034727,4034727,"Coccoloba warmingii Meisn.","Coccoloba warmingii Meisn.","Plantae","Tracheophyta","Caryophyllales","Polygonaceae","Coccoloba","Coccoloba warmingii","Coccoloba","warmingii","SPECIES","ACCEPTED","2016-08-01T00:00:00","Bahia",2012,2,19,"2012-02-19T00:00:00","","2018-09-10T18:27:48.157+0000","http://creativecommons.org/licenses/by-nc/4.0/legalcode","none","none","none","WGS84","Magnoliopsida","BR","Brazil","HUEFS - Herbario da Universidade Estadual de Feira de Santana","BRA:UEFS:HUEFS:0000179523",56744,"HUEFS - Herbario da Universidade Estadual de Feira de Santana","Rio de Contas","Arapiranga, caminho para Serra do Porco Gordo.","pt","HUEFS",1094896601,"BRA:UEFS:HUEFS:0000179523","Collection","Harley, R.M.","179523","UEFS","Universidade Estadual de Feira de Santana (UEFS)","E.Melo","","Floresta estacional.",921,0,"",NA,"","","","","",NA,NA,NA,"",NA,"","","","","","","","","","",NA,"","","Rio de Contas","Bahia","brazil",3389,"Rio de Contas",2926707,-41.741571,-13.586451,"BAHIA","BA","Bahia",-41.72018023,-12.47295682,"Bahia","ba",-13.456111,-41.757778,"original coordinates","original coordinates OK"
"5","Coccoloba warmingii",1094903478,-13.413056,-40.4075,"gass84","2e684fd6-09e2-4661-910a-0a188b610c04","60545be9-4f28-4245-b4b4-07635c8dfa54","none","b38ff2b7-c8af-454e-b5af-ee760f0d5bca","BR","DWC_ARCHIVE","2018-11-14T17:19:44.850+0000","2018-09-10T18:27:26.872+0000",124,"none","PRESERVED_SPECIMEN",4034727,6,7707728,220,422,2416,2888822,4034727,4034727,"Coccoloba warmingii Meisn.","Coccoloba warmingii Meisn.","Plantae","Tracheophyta","Caryophyllales","Polygonaceae","Coccoloba","Coccoloba warmingii","Coccoloba","warmingii","SPECIES","ACCEPTED","none","Bahia",2012,7,19,"2012-07-19T00:00:00","","2018-09-10T18:27:53.075+0000","http://creativecommons.org/licenses/by-nc/4.0/legalcode","none","none","none","WGS84","Magnoliopsida","BR","Brazil","HUEFS - Herbario da Universidade Estadual de Feira de Santana","BRA:UEFS:HUEFS:0000186564",11296,"HUEFS - Herbario da Universidade Estadual de Feira de Santana","Maracás","Estrada para o Cruzeiro, ca. 1,5 Km após Cruzeiro.","pt","HUEFS",1094903478,"BRA:UEFS:HUEFS:0000186564","Collection","Melo, E.","186564","UEFS","Universidade Estadual de Feira de Santana (UEFS)","","","Mata na base do rochedo.",982,0,"",NA,"","","","","",NA,NA,NA,"",NA,"","","","","","","","","","",NA,"","","Maracás","Bahia","brazil",3404,"Maracás",2920502,-40.553066,-13.497374,"BAHIA","BA","Bahia",-41.72018023,-12.47295682,"Bahia","ba",-13.413056,-40.4075,"original coordinates","original coordinates OK"
"6","Coccoloba warmingii",1077234102,-13.474722,-41.783333,"gass84","5b5cf455-a448-4c0a-aecd-3e0956f27f10","afdd8e93-b4e3-491c-88f0-8a22834ac1a9","none","b38ff2b7-c8af-454e-b5af-ee760f0d5bca","BR","DWC_ARCHIVE","2018-12-03T14:13:41.905+0000","2018-12-03T16:16:03.856+0000",122,"none","PRESERVED_SPECIMEN",4034727,6,7707728,220,422,2416,2888822,4034727,4034727,"Coccoloba warmingii Meisn.","Coccoloba warmingii Meisn.","Plantae","Tracheophyta","Caryophyllales","Polygonaceae","Coccoloba","Coccoloba warmingii","Coccoloba","warmingii","SPECIES","ACCEPTED","2012-07-12T00:00:00","Bahia",2010,2,14,"2010-02-14T00:00:00","2018-08-28T19:16:29.000+0000","2018-12-06T14:16:36.099+0000","http://creativecommons.org/licenses/by-nc/4.0/legalcode","none","none","none","WGS84","Magnoliopsida","BR","Brazil","ALCB - Herbário Alexandre Leal Costa","BRA:UFBA:ALCB:0000093406",2688,"ALCB - Herbário Alexandre Leal Costa","Rio de Contas","Chapada Diamantina, Arapiranga, trilha para o Leandro, pelo caminho do cemitério","pt","ALCB",1077234102,"BRA:UFBA:ALCB:0000093406","Collection","Roque, N; Acevedo-Rodríguez, P; Abreu, IS","93406","Universidade Federal da Bahia (UFBA)","Universidade Federal da Bahia (UFBA)","Melo, E","","ca. 3-4 m alt. Folhas concolores. Inflorescência ascendente, botões verdes.",786,0,"SOUTH_AMERICA",NA,"","","","","",NA,NA,NA,"",NA,"","","","","","","","","","",NA,"","","Rio de Contas","Bahia","brazil",3389,"Rio de Contas",2926707,-41.741571,-13.586451,"BAHIA","BA","Bahia",-41.72018023,-12.47295682,"Bahia","ba",-13.474722,-41.783333,"original coordinates","original coordinates OK"
"7","Coccoloba warmingii",1086913053,-23.779167,-46.296667,"gass84","16ed67e5-fd70-4fd4-85c3-70ea2da627fe","52603cfd-d564-4e89-a466-5e71813677be","none","b38ff2b7-c8af-454e-b5af-ee760f0d5bca","BR","DWC_ARCHIVE","2018-11-24T08:56:57.376+0000","2018-11-24T08:56:57.619+0000",126,"none","PRESERVED_SPECIMEN",4034727,6,7707728,220,422,2416,2888822,4034727,4034727,"Coccoloba warmingii Meisn.","Coccoloba warmingii Meisn.","Plantae","Tracheophyta","Caryophyllales","Polygonaceae","Coccoloba","Coccoloba warmingii","Coccoloba","warmingii","SPECIES","ACCEPTED","2010-05-21T00:00:00","São Paulo",2010,4,21,"2010-04-21T00:00:00","2018-11-05T15:58:34.000+0000","2018-12-08T13:01:18.783+0000","http://creativecommons.org/licenses/by-nc/4.0/legalcode","none","none","none","WGS84","Magnoliopsida","BR","Brazil","SPSF - Herbário Dom Bento José Pickel","BRA:IF:SPSF:0000044698",608,"SPSF - Herbário Dom Bento José Pickel","Santo André","Parque Natural Municipal Nascentes do Paranapiacaba","pt","SPSF",1086913053,"BRA:IF:SPSF:0000044698","Collection","B.A.Aranha","44698","IF","Instituto Florestal, IF","G.A.D.C. Franco","","COLETA: Árvore 6m altura, frutos.; GEOGRAFIA: Trilha das Hortências.;",NA,NA,"SOUTH_AMERICA",NA,"","","","","",NA,NA,NA,"",NA,"","","","","","","","","","",NA,"","","Santo André","São Paulo","brazil",1110,"Santo André",3547809,-46.443939,-23.726284,"SAO PAULO","SP","São Paulo",-48.72944932,-22.26440593,"São Paulo","sp",-23.779167,-46.296667,"original coordinates","original coordinates OK"
"8","Coccoloba warmingii",1090936471,-12.180556,-41.778611,"gass84","b3769e61-c3d0-4046-81cf-bf4d6b23b444","06542f02-868b-4651-aed4-1ae6b2eb4eb7","none","b38ff2b7-c8af-454e-b5af-ee760f0d5bca","BR","DWC_ARCHIVE","2018-11-24T12:31:56.701+0000","2018-10-25T12:33:36.681+0000",124,"none","PRESERVED_SPECIMEN",4034727,6,7707728,220,422,2416,2888822,4034727,4034727,"Coccoloba warmingii Meisn.","Coccoloba warmingii Meisn.","Plantae","Tracheophyta","Caryophyllales","Polygonaceae","Coccoloba","Coccoloba warmingii","Coccoloba","warmingii","SPECIES","ACCEPTED","2010-06-01T00:00:00","Bahia",2010,6,24,"2010-06-24T00:00:00","2018-10-11T13:59:51.000+0000","2018-12-09T06:15:21.056+0000","http://creativecommons.org/licenses/by-nc/4.0/legalcode","none","none","none","WGS84","Magnoliopsida","BR","Brazil","HST - Herbário Sérgio Tavares","BRA:UFRPE:HST:0000019590",8323,"HST - Herbário Sérgio Tavares","Seabra","31,4 Km da cidade, próximo ao povoado Água de Rega","pt","HST",1090936471,"BRA:UFRPE:HST:0000019590","Collection","E.Melo; F.França & B.M.Silva","19590","Universidade Federal Rural de Pernambuco, UFRPE","Universidade Federal Rural de Pernambuco, UFRPE","E.Melo","","Árvore multicaule, 2-3,5 m alt.; folhas cartáceas, discolores; flores verde-amareladas.",817,0,"",NA,"","","","","",NA,NA,NA,"",NA,"","","","","","","","","","",NA,"","","Seabra","Bahia","brazil",3539,"Seabra",2929909,-41.884377,-12.419967,"BAHIA","BA","Bahia",-41.72018023,-12.47295682,"Bahia","ba",-12.180556,-41.778611,"original coordinates","original coordinates OK"
"9","Coccoloba warmingii",1094867025,-17.467778,-40.075556,"gass84,iddatunl","2e684fd6-09e2-4661-910a-0a188b610c04","60545be9-4f28-4245-b4b4-07635c8dfa54","none","b38ff2b7-c8af-454e-b5af-ee760f0d5bca","BR","DWC_ARCHIVE","2018-11-14T17:19:22.256+0000","2018-09-10T18:27:06.653+0000",124,"none","PRESERVED_SPECIMEN",4034727,6,7707728,220,422,2416,2888822,4034727,4034727,"Coccoloba warmingii Meisn.","Coccoloba warmingii Meisn.","Plantae","Tracheophyta","Caryophyllales","Polygonaceae","Coccoloba","Coccoloba warmingii","Coccoloba","warmingii","SPECIES","ACCEPTED","2016-08-01T00:00:00","Bahia",2009,2,4,"2009-02-04T00:00:00","","2018-09-10T18:27:26.272+0000","http://creativecommons.org/licenses/by-nc/4.0/legalcode","none","none","none","WGS84","Magnoliopsida","BR","Brazil","HUEFS - Herbario da Universidade Estadual de Feira de Santana","BRA:UEFS:HUEFS:0000149784",15,"HUEFS - Herbario da Universidade Estadual de Feira de Santana","Medeiros Neto","Propriedade do Sr. Geraldo Flores, margens da rodovia Medeiros Neto-Vereda.","pt","HUEFS",1094867025,"BRA:UEFS:HUEFS:0000149784","Collection","Albuquerque, N.C.B.","149784","UEFS","Universidade Estadual de Feira de Santana (UEFS)","E.Melo","","",NA,NA,"",NA,"","","","","",NA,NA,NA,"",NA,"","","","","","","","","","",NA,"","","Medeiros Neto","Bahia","brazil",2862,"Medeiros Neto",2921104,-40.284025,-17.364899,"BAHIA","BA","Bahia",-41.72018023,-12.47295682,"Bahia","ba",-17.467778,-40.075556,"original coordinates","original coordinates outside municipality original in medeiros neto falls in caravelas"
"10","Coccoloba warmingii",1077399681,-27.81,-48.866944,"cdround,gass84","b9a43c60-d2b6-445c-9362-2db65465c963","34e6e625-47cf-4d42-8054-af0c2f1b6e64","none","b38ff2b7-c8af-454e-b5af-ee760f0d5bca","BR","DWC_ARCHIVE","2018-11-23T15:39:05.502+0000","2018-10-24T15:38:05.468+0000",121,"none","PRESERVED_SPECIMEN",4034727,6,7707728,220,422,2416,2888822,4034727,4034727,"Coccoloba warmingii Meisn.","Coccoloba warmingii Meisn.","Plantae","Tracheophyta","Caryophyllales","Polygonaceae","Coccoloba","Coccoloba warmingii","Coccoloba","warmingii","SPECIES","ACCEPTED","2010-01-25T00:00:00","Santa Catarina",2009,5,29,"2009-05-29T00:00:00","2018-10-11T17:26:03.000+0000","2018-12-06T14:17:56.228+0000","http://creativecommons.org/licenses/by-nc/4.0/legalcode","none","none","none","WGS84","Magnoliopsida","BR","Brazil","FURB - Herbário Dr. Roberto Miguel Klein","BRA:FURB:FURB:0000020632",1034,"FURB - Herbário Dr. Roberto Miguel Klein","Santo Amaro da Imperatriz","Vargem do Braço.","pt","FURB",1077399681,"BRA:FURB:FURB:0000020632","Collection","Dreveck, S.; Carneiro, F.E.","20632","Universidade Regional de Blumenau, FURB","Universidade Regional de Blumenau, FURB","Oliveira, AA de","","Fito IFFSC 254 /N/17",744,0,"",NA,"","","","","",NA,NA,NA,"",NA,"","","","","","","","","","",NA,"","","Santo Amaro da Imperatriz","Santa Catarina","brazil",475,"Santo Amaro da Imperatriz",4215703,-48.796383,-27.741699,"SANTA CATARINA","SC","Santa Catarina",-50.48226937,-27.24592878,"Santa Catarina","sc",-27.81,-48.866944,"original coordinates","original coordinates OK"
"11","Coccoloba warmingii",1077397668,-26.369722,-49.41,"cdround,gass84","b9a43c60-d2b6-445c-9362-2db65465c963","34e6e625-47cf-4d42-8054-af0c2f1b6e64","none","b38ff2b7-c8af-454e-b5af-ee760f0d5bca","BR","DWC_ARCHIVE","2018-11-23T15:39:04.359+0000","2018-10-24T15:38:04.565+0000",121,"none","PRESERVED_SPECIMEN",4034727,6,7707728,220,422,2416,2888822,4034727,4034727,"Coccoloba warmingii Meisn.","Coccoloba warmingii Meisn.","Plantae","Tracheophyta","Caryophyllales","Polygonaceae","Coccoloba","Coccoloba warmingii","Coccoloba","warmingii","SPECIES","ACCEPTED","2010-01-25T00:00:00","Santa Catarina",2009,11,24,"2009-11-24T00:00:00","2018-10-11T17:26:03.000+0000","2018-12-06T14:17:55.533+0000","http://creativecommons.org/licenses/by-nc/4.0/legalcode","none","none","none","WGS84","Magnoliopsida","BR","Brazil","FURB - Herbário Dr. Roberto Miguel Klein","BRA:FURB:FURB:0000018614",1416,"FURB - Herbário Dr. Roberto Miguel Klein","Corupá","Sertãozinho.","pt","FURB",1077397668,"BRA:FURB:FURB:0000018614","Collection","Dreveck, S.; Carneiro, F.E.","18614","Universidade Regional de Blumenau, FURB","Universidade Regional de Blumenau, FURB","Sobral, M","","Florística IFFSC 991 (Arbórea). Entorno",857,0,"",NA,"","","","","",NA,NA,NA,"",NA,"","","","","","","","","","",NA,"","","Corupá","Santa Catarina","brazil",775,"Corupá",4204509,-49.326995,-26.440416,"SANTA CATARINA","SC","Santa Catarina",-50.48226937,-27.24592878,"Santa Catarina","sc",-26.369722,-49.41,"original coordinates","original coordinates OK"
"12","Coccoloba warmingii",1086908595,-23.455833,-46.774444,"gass84","16ed67e5-fd70-4fd4-85c3-70ea2da627fe","52603cfd-d564-4e89-a466-5e71813677be","none","b38ff2b7-c8af-454e-b5af-ee760f0d5bca","BR","DWC_ARCHIVE","2018-11-24T08:56:55.374+0000","2018-11-24T08:56:55.463+0000",126,"none","PRESERVED_SPECIMEN",4034727,6,7707728,220,422,2416,2888822,4034727,4034727,"Coccoloba warmingii Meisn.","Coccoloba warmingii Meisn.","Plantae","Tracheophyta","Caryophyllales","Polygonaceae","Coccoloba","Coccoloba warmingii","Coccoloba","warmingii","SPECIES","ACCEPTED","2008-03-24T00:00:00","São Paulo",2008,1,31,"2008-01-31T00:00:00","2018-11-05T15:58:34.000+0000","2018-12-08T13:01:16.534+0000","http://creativecommons.org/licenses/by-nc/4.0/legalcode","none","none","none","WGS84","Magnoliopsida","BR","Brazil","SPSF - Herbário Dom Bento José Pickel","BRA:IF:SPSF:0000040031",1056,"SPSF - Herbário Dom Bento José Pickel","São Paulo","Parque Estadual do Jaraguá","pt","SPSF",1086908595,"BRA:IF:SPSF:0000040031","Collection","F.M.Souza & R.Esteves & R.C.Sousa & D.Souza & C.D.Lima","40031","IF","Instituto Florestal, IF","G.A.D.C. Franco","","COLETA: Árvore, 16m. Frutos imaturos verdes.; GEOGRAFIA: Trilha do Mauro;",886,0,"SOUTH_AMERICA",NA,"","","","","",NA,NA,NA,"",NA,"","","","","","","","","","",NA,"","","São Paulo","São Paulo","brazil",1130,"São Paulo",3550308,-46.647014,-23.64989,"SAO PAULO","SP","São Paulo",-48.72944932,-22.26440593,"São Paulo","sp",-23.455833,-46.774444,"original coordinates","original coordinates OK"
"13","Coccoloba warmingii",1086908644,-23.454444,-46.759722,"gass84","16ed67e5-fd70-4fd4-85c3-70ea2da627fe","52603cfd-d564-4e89-a466-5e71813677be","none","b38ff2b7-c8af-454e-b5af-ee760f0d5bca","BR","DWC_ARCHIVE","2018-11-24T08:56:55.347+0000","2018-11-24T08:56:55.460+0000",126,"none","PRESERVED_SPECIMEN",4034727,6,7707728,220,422,2416,2888822,4034727,4034727,"Coccoloba warmingii Meisn.","Coccoloba warmingii Meisn.","Plantae","Tracheophyta","Caryophyllales","Polygonaceae","Coccoloba","Coccoloba warmingii","Coccoloba","warmingii","SPECIES","ACCEPTED","2007-12-20T00:00:00","São Paulo",2007,12,3,"2007-12-03T00:00:00","2018-11-05T15:58:34.000+0000","2018-12-08T13:01:16.516+0000","http://creativecommons.org/licenses/by-nc/4.0/legalcode","none","none","none","WGS84","Magnoliopsida","BR","Brazil","SPSF - Herbário Dom Bento José Pickel","BRA:IF:SPSF:0000040030",1019,"SPSF - Herbário Dom Bento José Pickel","São Paulo","Parque Estadual do Jaraguá","pt","SPSF",1086908644,"BRA:IF:SPSF:0000040030","Collection","F.M.Souza & R.C.Sousa & W. Corrêa & R.L.M.Garcia","40030","IF","Instituto Florestal, IF","G.A.D.C. Franco","","COLETA: Árvore, 19m. Botões verdes.; GEOGRAFIA: Trilha do Pai Zé;",886,0,"SOUTH_AMERICA",NA,"","","","","",NA,NA,NA,"",NA,"","","","","","","","","","",NA,"","","São Paulo","São Paulo","brazil",1130,"São Paulo",3550308,-46.647014,-23.64989,"SAO PAULO","SP","São Paulo",-48.72944932,-22.26440593,"São Paulo","sp",-23.454444,-46.759722,"original coordinates","original coordinates OK"
"14","Coccoloba warmingii",1086907706,-23.966667,-47.1,"gass84","16ed67e5-fd70-4fd4-85c3-70ea2da627fe","52603cfd-d564-4e89-a466-5e71813677be","none","b38ff2b7-c8af-454e-b5af-ee760f0d5bca","BR","DWC_ARCHIVE","2018-11-24T08:56:54.955+0000","2018-11-24T08:56:55.099+0000",126,"none","PRESERVED_SPECIMEN",4034727,6,7707728,220,422,2416,2888822,4034727,4034727,"Coccoloba warmingii Meisn.","Coccoloba warmingii Meisn.","Plantae","Tracheophyta","Caryophyllales","Polygonaceae","Coccoloba","Coccoloba warmingii","Coccoloba","warmingii","SPECIES","ACCEPTED","2007-01-03T00:00:00","São Paulo",2006,9,7,"2006-09-07T00:00:00","2018-11-05T15:58:34.000+0000","2018-12-08T13:01:16.151+0000","http://creativecommons.org/licenses/by-nc/4.0/legalcode","none","none","none","WGS84","Magnoliopsida","BR","Brazil","SPSF - Herbário Dom Bento José Pickel","BRA:IF:SPSF:0000039071",390,"SPSF - Herbário Dom Bento José Pickel","Juquitiba","Recanto Maria Teresa","pt","SPSF",1086907706,"BRA:IF:SPSF:0000039071","Collection","R.T. Polisel","39071","IF","Instituto Florestal, IF","G.A.D.C. Franco","","COLETA: Árvore 10 m. Flores brancas; GEOGRAFIA: Estrada da Palestina - Km. 4&nf;Rodovia BR 116 - Km. 330&nf;Ao lado do viveiro;",NA,NA,"SOUTH_AMERICA",NA,"","","","","",NA,NA,NA,"",NA,"","","","","","","","","","",NA,"","","Juquitiba","São Paulo","brazil",1055,"Juquitiba",3526209,-47.024742,-23.955226,"SAO PAULO","SP","São Paulo",-48.72944932,-22.26440593,"São Paulo","sp",-23.966667,-47.1,"original coordinates","original coordinates OK"
"15","Coccoloba warmingii",1094832373,-11.705,-40.773056,"gass84","2e684fd6-09e2-4661-910a-0a188b610c04","60545be9-4f28-4245-b4b4-07635c8dfa54","none","b38ff2b7-c8af-454e-b5af-ee760f0d5bca","BR","DWC_ARCHIVE","2018-11-14T17:18:59.203+0000","2018-09-10T18:26:49.535+0000",124,"none","PRESERVED_SPECIMEN",4034727,6,7707728,220,422,2416,2888822,4034727,4034727,"Coccoloba warmingii Meisn.","Coccoloba warmingii Meisn.","Plantae","Tracheophyta","Caryophyllales","Polygonaceae","Coccoloba","Coccoloba warmingii","Coccoloba","warmingii","SPECIES","ACCEPTED","none","Bahia",2006,10,12,"2006-10-12T00:00:00","","2018-09-10T18:27:03.791+0000","http://creativecommons.org/licenses/by-nc/4.0/legalcode","none","none","none","WGS84","Magnoliopsida","BR","Brazil","HUEFS - Herbario da Universidade Estadual de Feira de Santana","BRA:UEFS:HUEFS:0000114801",4467,"HUEFS - Herbario da Universidade Estadual de Feira de Santana","Morro do Chapéu","","pt","HUEFS",1094832373,"BRA:UEFS:HUEFS:0000114801","Collection","Melo, E.","114801","UEFS","Universidade Estadual de Feira de Santana (UEFS)","","","Mata estacional decidual.",770,0,"",NA,"","","","","",NA,NA,NA,"",NA,"","","","","","","","","","",NA,"","","Morro do Chapéu","Bahia","brazil",3674,"Morro do Chapéu",2921708,-41.151587,-11.472221,"BAHIA","BA","Bahia",-41.72018023,-12.47295682,"Bahia","ba",-11.705,-40.773056,"original coordinates","original coordinates outside municipality original in morro do chapeu falls in piritiba"
"16","Coccoloba warmingii",1086906580,-23.637222,-46.895278,"gass84","16ed67e5-fd70-4fd4-85c3-70ea2da627fe","52603cfd-d564-4e89-a466-5e71813677be","none","b38ff2b7-c8af-454e-b5af-ee760f0d5bca","BR","DWC_ARCHIVE","2018-11-24T08:56:54.460+0000","2018-11-24T08:56:54.482+0000",126,"none","PRESERVED_SPECIMEN",4034727,6,7707728,220,422,2416,2888822,4034727,4034727,"Coccoloba warmingii Meisn.","Coccoloba warmingii Meisn.","Plantae","Tracheophyta","Caryophyllales","Polygonaceae","Coccoloba","Coccoloba warmingii","Coccoloba","warmingii","SPECIES","ACCEPTED","2006-01-23T00:00:00","São Paulo",2005,12,12,"2005-12-12T00:00:00","2018-11-05T15:58:34.000+0000","2018-12-08T13:01:15.626+0000","http://creativecommons.org/licenses/by-nc/4.0/legalcode","none","none","none","WGS84","Magnoliopsida","BR","Brazil","SPSF - Herbário Dom Bento José Pickel","BRA:IF:SPSF:0000037945",243,"SPSF - Herbário Dom Bento José Pickel","Embú","Itatuba","pt","SPSF",1086906580,"BRA:IF:SPSF:0000037945","Collection","R.T.Polisel & N.M.Ivanauskas & F.M.Souza & V.S.Santos","37945","IF","Instituto Florestal, IF","G.A.D.C. Franco","","COLETA: Árvore de 5m.; GEOGRAFIA: Pesqueiro.;",NA,NA,"SOUTH_AMERICA",NA,"","","","","",NA,NA,NA,"",NA,"","","","","","","","","","",NA,"","","Embú","São Paulo","brazil",1129,"Embu",3515004,-46.851681,-23.651334,"SAO PAULO","SP","São Paulo",-48.72944932,-22.26440593,"São Paulo","sp",-23.637222,-46.895278,"original coordinates","original coordinates outside municipality original in embu falls in embu das artes"
"17","Coccoloba warmingii",1094801288,-23.642222,-46.621944,"gass84","2e684fd6-09e2-4661-910a-0a188b610c04","60545be9-4f28-4245-b4b4-07635c8dfa54","none","b38ff2b7-c8af-454e-b5af-ee760f0d5bca","BR","DWC_ARCHIVE","2018-11-14T17:18:39.208+0000","2018-09-10T18:26:33.832+0000",124,"none","PRESERVED_SPECIMEN",4034727,6,7707728,220,422,2416,2888822,4034727,4034727,"Coccoloba warmingii Meisn.","Coccoloba warmingii Meisn.","Plantae","Tracheophyta","Caryophyllales","Polygonaceae","Coccoloba","Coccoloba warmingii","Coccoloba","warmingii","SPECIES","ACCEPTED","none","São Paulo",2004,1,20,"2004-01-20T00:00:00","","2018-09-10T18:26:44.660+0000","http://creativecommons.org/licenses/by-nc/4.0/legalcode","none","none","none","WGS84","Magnoliopsida","BR","Brazil","HUEFS - Herbario da Universidade Estadual de Feira de Santana","BRA:UEFS:HUEFS:0000083391",4839,"HUEFS - Herbario da Universidade Estadual de Feira de Santana","São Paulo","Instituto de Botânica","pt","HUEFS",1094801288,"BRA:UEFS:HUEFS:0000083391","Collection","França, F.","83391","UEFS","Universidade Estadual de Feira de Santana (UEFS)","","","Mata.",820,0,"",NA,"","","","","",NA,NA,NA,"",NA,"","","","","","","","","","",NA,"","","São Paulo","São Paulo","brazil",1130,"São Paulo",3550308,-46.647014,-23.64989,"SAO PAULO","SP","São Paulo",-48.72944932,-22.26440593,"São Paulo","sp",-23.642222,-46.621944,"original coordinates","original coordinates OK"
"18","Coccoloba warmingii",1094792970,-12.927778,-41.164444,"gass84,iddatunl","2e684fd6-09e2-4661-910a-0a188b610c04","60545be9-4f28-4245-b4b4-07635c8dfa54","none","b38ff2b7-c8af-454e-b5af-ee760f0d5bca","BR","DWC_ARCHIVE","2018-11-14T17:18:33.977+0000","2018-09-10T18:26:29.335+0000",124,"none","PRESERVED_SPECIMEN",4034727,6,7707728,220,422,2416,2888822,4034727,4034727,"Coccoloba warmingii Meisn.","Coccoloba warmingii Meisn.","Plantae","Tracheophyta","Caryophyllales","Polygonaceae","Coccoloba","Coccoloba warmingii","Coccoloba","warmingii","SPECIES","ACCEPTED","2017-02-01T00:00:00","Bahia",2003,7,13,"2003-07-13T00:00:00","","2018-09-10T18:26:39.872+0000","http://creativecommons.org/licenses/by-nc/4.0/legalcode","none","none","none","WGS84","Magnoliopsida","BR","Brazil","HUEFS - Herbario da Universidade Estadual de Feira de Santana","BRA:UEFS:HUEFS:0000074986",4781,"HUEFS - Herbario da Universidade Estadual de Feira de Santana","Itaeté","Estrada para Itaetê, c. 8,7km do entroncamento com a estrada Mucugê-Andaraí.","pt","HUEFS",1094792970,"BRA:UEFS:HUEFS:0000074986","Collection","França, F.","74986","UEFS","Universidade Estadual de Feira de Santana (UEFS)","E.Melo","","Capoeira. Solo vermelho argiloso.",450,10,"",NA,"","","","","",NA,NA,NA,"",NA,"","","","","","","","","","",NA,"","","Itaeté","Bahia","brazil",3448,"Itaeté",2915007,-41.023776,-13.084338,"BAHIA","BA","Bahia",-41.72018023,-12.47295682,"Bahia","ba",-12.927778,-41.164444,"original coordinates","original coordinates OK"
"19","Coccoloba warmingii",1094790998,-12.858611,-41.305,"gass84,iddatunl","2e684fd6-09e2-4661-910a-0a188b610c04","60545be9-4f28-4245-b4b4-07635c8dfa54","none","b38ff2b7-c8af-454e-b5af-ee760f0d5bca","BR","DWC_ARCHIVE","2018-11-14T17:18:32.926+0000","2018-09-10T18:26:28.098+0000",124,"none","PRESERVED_SPECIMEN",4034727,6,7707728,220,422,2416,2888822,4034727,4034727,"Coccoloba warmingii Meisn.","Coccoloba warmingii Meisn.","Plantae","Tracheophyta","Caryophyllales","Polygonaceae","Coccoloba","Coccoloba warmingii","Coccoloba","warmingii","SPECIES","ACCEPTED","2018-06-01T00:00:00","Bahia",2002,2,16,"2002-02-16T00:00:00","","2018-09-10T18:26:38.764+0000","http://creativecommons.org/licenses/by-nc/4.0/legalcode","none","none","none","WGS84","Magnoliopsida","BR","Brazil","HUEFS - Herbario da Universidade Estadual de Feira de Santana","BRA:UEFS:HUEFS:0000073002",54511,"HUEFS - Herbario da Universidade Estadual de Feira de Santana","Mucugê","6 Km de Igatu na estrada nova para BA142.","pt","HUEFS",1094790998,"BRA:UEFS:HUEFS:0000073002","Collection","Harley, R.M.","73002","UEFS","Universidade Estadual de Feira de Santana (UEFS)","E.Melo","","Caatinga.",471,0,"",NA,"","","","","",NA,NA,NA,"",NA,"","","","","","","","","","",NA,"","","Mucugê","Bahia","brazil",3451,"Mucugê",2921906,-41.469352,-13.061639,"BAHIA","BA","Bahia",-41.72018023,-12.47295682,"Bahia","ba",-12.858611,-41.305,"original coordinates","original coordinates outside municipality original in mucuge falls in andarai"
"20","Coccoloba warmingii",1094790980,-12.858611,-41.305,"gass84,iddatunl","2e684fd6-09e2-4661-910a-0a188b610c04","60545be9-4f28-4245-b4b4-07635c8dfa54","none","b38ff2b7-c8af-454e-b5af-ee760f0d5bca","BR","DWC_ARCHIVE","2018-11-14T17:18:32.917+0000","2018-09-10T18:26:27.967+0000",124,"none","PRESERVED_SPECIMEN",4034727,6,7707728,220,422,2416,2888822,4034727,4034727,"Coccoloba warmingii Meisn.","Coccoloba warmingii Meisn.","Plantae","Tracheophyta","Caryophyllales","Polygonaceae","Coccoloba","Coccoloba warmingii","Coccoloba","warmingii","SPECIES","ACCEPTED","2018-06-01T00:00:00","Bahia",2002,2,16,"2002-02-16T00:00:00","","2018-09-10T18:26:38.837+0000","http://creativecommons.org/licenses/by-nc/4.0/legalcode","none","none","none","WGS84","Magnoliopsida","BR","Brazil","HUEFS - Herbario da Universidade Estadual de Feira de Santana","BRA:UEFS:HUEFS:0000073001",54510,"HUEFS - Herbario da Universidade Estadual de Feira de Santana","Mucugê","6 Km de Igatu na estrada nova para BA142.","pt","HUEFS",1094790980,"BRA:UEFS:HUEFS:0000073001","Collection","Harley, R.M.","73001","UEFS","Universidade Estadual de Feira de Santana (UEFS)","E.Melo","","Caatinga.",471,0,"",NA,"","","","","",NA,NA,NA,"",NA,"","","","","","","","","","",NA,"","","Mucugê","Bahia","brazil",3451,"Mucugê",2921906,-41.469352,-13.061639,"BAHIA","BA","Bahia",-41.72018023,-12.47295682,"Bahia","ba",-12.858611,-41.305,"original coordinates","original coordinates outside municipality original in mucuge falls in andarai"
"21","Coccoloba warmingii",1094777690,-13.414167,-40.410278,"gass84,iddatunl","2e684fd6-09e2-4661-910a-0a188b610c04","60545be9-4f28-4245-b4b4-07635c8dfa54","none","b38ff2b7-c8af-454e-b5af-ee760f0d5bca","BR","DWC_ARCHIVE","2018-11-14T17:18:24.980+0000","2018-09-10T18:26:20.988+0000",124,"none","PRESERVED_SPECIMEN",4034727,6,7707728,220,422,2416,2888822,4034727,4034727,"Coccoloba warmingii Meisn.","Coccoloba warmingii Meisn.","Plantae","Tracheophyta","Caryophyllales","Polygonaceae","Coccoloba","Coccoloba warmingii","Coccoloba","warmingii","SPECIES","ACCEPTED","2002-12-01T00:00:00","Bahia",2002,4,23,"2002-04-23T00:00:00","","2018-09-10T18:26:30.891+0000","http://creativecommons.org/licenses/by-nc/4.0/legalcode","none","none","none","WGS84","Magnoliopsida","BR","Brazil","HUEFS - Herbario da Universidade Estadual de Feira de Santana","BRA:UEFS:HUEFS:0000059650",192,"HUEFS - Herbario da Universidade Estadual de Feira de Santana","Maracás","2km a leste de Maracás, depois do Cruzeiro da cidade na Fazenda Juliana","pt","HUEFS",1094777690,"BRA:UEFS:HUEFS:0000059650","Collection","Souza, E.R.de","59650","UEFS","Universidade Estadual de Feira de Santana (UEFS)","E.Melo","","Mata de Cipó.",1016,0,"",NA,"","","","","",NA,NA,NA,"",NA,"","","","","","","","","","",NA,"","","Maracás","Bahia","brazil",3404,"Maracás",2920502,-40.553066,-13.497374,"BAHIA","BA","Bahia",-41.72018023,-12.47295682,"Bahia","ba",-13.414167,-40.410278,"original coordinates","original coordinates OK"
"22","Coccoloba warmingii",1090568931,-22.863721,-47.086761,"gass84","1064b787-c882-493e-b17d-4ffba363b776","c47cd3b0-2178-4a4b-87a6-740b482970a9","none","b38ff2b7-c8af-454e-b5af-ee760f0d5bca","BR","DWC_ARCHIVE","2018-11-23T18:20:22.916+0000","2018-09-24T19:21:07.851+0000",129,"none","PRESERVED_SPECIMEN",4034727,6,7707728,220,422,2416,2888822,4034727,4034727,"Coccoloba warmingii Meisn.","Coccoloba warmingii Meisn.","Plantae","Tracheophyta","Caryophyllales","Polygonaceae","Coccoloba","Coccoloba warmingii","Coccoloba","warmingii","SPECIES","ACCEPTED","2007-06-13T00:00:00","São Paulo",2001,8,13,"2001-08-13T00:00:00","2018-08-07T17:35:41.000+0000","2018-12-08T04:43:24.604+0000","http://creativecommons.org/licenses/by-nc/4.0/legalcode","none","none","none","WGS84","Magnoliopsida","BR","Brazil","IAC - Herbário do Instituto Agronômico de Campinas","BRA:IAC:IAC:0000042063",631,"IAC - Herbário do Instituto Agronômico de Campinas","Campinas","IAC, Fazenda Santa Elisa, Monjolinho, Quadra do Café, L11, P27","pt","IAC",1090568931,"BRA:IAC:IAC:0000042063","Collection","J.E.A. Bertoni & A. Geremias","42063","IAC","Instituto Agronômico de Campinas, IAC","J.E.A. Bertoni","","Determinador: ""UNICAMP""",NA,NA,"",NA,"","","","","",NA,NA,NA,"",NA,"","","","","","","","","","",NA,"","","Campinas","São Paulo","brazil",1373,"Campinas",3509502,-47.043665,-22.883678,"SAO PAULO","SP","São Paulo",-48.72944932,-22.26440593,"São Paulo","sp",-22.863721,-47.086761,"original coordinates","original coordinates OK"
"23","Coccoloba warmingii",1090570013,-23.714883,-47.092482,"gass84","1064b787-c882-493e-b17d-4ffba363b776","c47cd3b0-2178-4a4b-87a6-740b482970a9","none","b38ff2b7-c8af-454e-b5af-ee760f0d5bca","BR","DWC_ARCHIVE","2018-11-23T18:20:23.673+0000","2017-12-29T14:14:12.574+0000",129,"none","PRESERVED_SPECIMEN",4034727,6,7707728,220,422,2416,2888822,4034727,4034727,"Coccoloba warmingii Meisn.","Coccoloba warmingii Meisn.","Plantae","Tracheophyta","Caryophyllales","Polygonaceae","Coccoloba","Coccoloba warmingii","Coccoloba","warmingii","SPECIES","ACCEPTED","2000-08-08T00:00:00","São Paulo",2000,8,8,"2000-08-08T00:00:00","2017-10-31T16:17:21.000+0000","2018-12-08T04:43:24.961+0000","http://creativecommons.org/licenses/by-nc/4.0/legalcode","none","none","none","WGS84","Magnoliopsida","BR","Brazil","IAC - Herbário do Instituto Agronômico de Campinas","BRA:IAC:IAC:0000043136",3429,"IAC - Herbário do Instituto Agronômico de Campinas","Ibiúna","próximo ao distrito de Caucaia do Alto (Cotia - SP), fragmento Pedro, indivíduo P 37.1","pt","IAC",1090570013,"BRA:IAC:IAC:0000043136","Collection","L.C. Bernacci; G.A.D.C. Franco; G. Durigan; E.L.M. Catharino; E.Q. Santos & E. Furlan","43136","IAC","Instituto Agronômico de Campinas, IAC","L.C. Bernacci et al.","","",NA,NA,"",NA,"","","","","",NA,NA,NA,"",NA,"","","","","","","","","","",NA,"","","Ibiúna","São Paulo","brazil",1090,"Ibiúna",3519709,-47.215202,-23.802162,"SAO PAULO","SP","São Paulo",-48.72944932,-22.26440593,"São Paulo","sp",-23.714883,-47.092482,"original coordinates","original coordinates OK"
"24","Coccoloba warmingii",1094755212,-11.15,-40.4,"gass84,iddatunl","2e684fd6-09e2-4661-910a-0a188b610c04","60545be9-4f28-4245-b4b4-07635c8dfa54","none","b38ff2b7-c8af-454e-b5af-ee760f0d5bca","BR","DWC_ARCHIVE","2018-11-14T17:18:10.504+0000","2018-09-10T18:26:05.999+0000",124,"none","PRESERVED_SPECIMEN",4034727,6,7707728,220,422,2416,2888822,4034727,4034727,"Coccoloba warmingii Meisn.","Coccoloba warmingii Meisn.","Plantae","Tracheophyta","Caryophyllales","Polygonaceae","Coccoloba","Coccoloba warmingii","Coccoloba","warmingii","SPECIES","ACCEPTED","1999-09-01T00:00:00","Bahia",1999,4,14,"1999-04-14T00:00:00","","2018-09-10T18:26:15.909+0000","http://creativecommons.org/licenses/by-nc/4.0/legalcode","none","none","none","WGS84","Magnoliopsida","BR","Brazil","HUEFS - Herbario da Universidade Estadual de Feira de Santana","BRA:UEFS:HUEFS:0000037122",5553,"HUEFS - Herbario da Universidade Estadual de Feira de Santana","Caém","Serra de Jacobina (serra das Figuras), encosta oriental: Fazenda Inácio João a ca. 4 km da BR-324 na estrada para Saúde.","pt","HUEFS",1094755212,"BRA:UEFS:HUEFS:0000037122","Collection","Queiroz, L.P.de","37122","UEFS","Universidade Estadual de Feira de Santana (UEFS)","E.Melo","","Floresta estacional semi-decidual na encosta da serra de Saúde.",600,0,"",NA,"","","","","",NA,NA,NA,"",NA,"","","","","","","","","","",NA,"","","Caém","Bahia","brazil",3720,"Caém",2905107,-40.290936,-11.147908,"BAHIA","BA","Bahia",-41.72018023,-12.47295682,"Bahia","ba",-11.15,-40.4,"original coordinates","original coordinates OK"
"25","Coccoloba warmingii",1094756690,-11.264722,-40.475,"gass84","2e684fd6-09e2-4661-910a-0a188b610c04","60545be9-4f28-4245-b4b4-07635c8dfa54","none","b38ff2b7-c8af-454e-b5af-ee760f0d5bca","BR","DWC_ARCHIVE","2018-11-14T17:18:11.382+0000","2018-09-10T18:26:07.285+0000",124,"none","PRESERVED_SPECIMEN",4034727,6,7707728,220,422,2416,2888822,4034727,4034727,"Coccoloba warmingii Meisn.","Coccoloba warmingii Meisn.","Plantae","Tracheophyta","Caryophyllales","Polygonaceae","Coccoloba","Coccoloba warmingii","Coccoloba","warmingii","SPECIES","ACCEPTED","none","Bahia",1999,6,26,"1999-06-26T00:00:00","","2018-09-10T18:26:16.807+0000","http://creativecommons.org/licenses/by-nc/4.0/legalcode","none","none","none","WGS84","Magnoliopsida","BR","Brazil","HUEFS - Herbario da Universidade Estadual de Feira de Santana","BRA:UEFS:HUEFS:0000038595",3178,"HUEFS - Herbario da Universidade Estadual de Feira de Santana","Jacobina","Arredores de Itaitu. Entorno do lago de uma represa.","pt","HUEFS",1094756690,"BRA:UEFS:HUEFS:0000038595","Collection","França, F.","38595","UEFS","Universidade Estadual de Feira de Santana (UEFS)","","","Vegetação arbórea aberta antropizada.",580,0,"",NA,"","","","","",NA,NA,NA,"",NA,"","","","","","","","","","",NA,"","","Jacobina","Bahia","brazil",3721,"Jacobina",2917508,-40.560093,-11.137404,"BAHIA","BA","Bahia",-41.72018023,-12.47295682,"Bahia","ba",-11.264722,-40.475,"original coordinates","original coordinates OK"
"26","Coccoloba warmingii",1094830927,-24.608333,-47.885,"gass84,preswcd","2e684fd6-09e2-4661-910a-0a188b610c04","60545be9-4f28-4245-b4b4-07635c8dfa54","none","b38ff2b7-c8af-454e-b5af-ee760f0d5bca","BR","DWC_ARCHIVE","2018-11-14T17:18:58.174+0000","2018-09-10T18:26:48.886+0000",124,"none","PRESERVED_SPECIMEN",4034727,6,7707728,220,422,2416,2888822,4034727,4034727,"Coccoloba warmingii Meisn.","Coccoloba warmingii Meisn.","Plantae","Tracheophyta","Caryophyllales","Polygonaceae","Coccoloba","Coccoloba warmingii","Coccoloba","warmingii","SPECIES","ACCEPTED","none","São Paulo",1995,2,10,"1995-02-10T00:00:00","","2018-09-10T18:27:02.812+0000","http://creativecommons.org/licenses/by-nc/4.0/legalcode","none","none","none","WGS84","Magnoliopsida","BR","Brazil","HUEFS - Herbario da Universidade Estadual de Feira de Santana","BRA:UEFS:HUEFS:0000113356",33360,"HUEFS - Herbario da Universidade Estadual de Feira de Santana","Pariquera-Açu","Estação do IAC.","pt","HUEFS",1094830927,"BRA:UEFS:HUEFS:0000113356","Collection","Rodrigues, R.R.","113356","UEFS","Universidade Estadual de Feira de Santana (UEFS)","","","",NA,NA,"",NA,"","","","","",NA,NA,NA,"",NA,"","","","","","","","","","",NA,"","","Pariquera-Açu","São Paulo","brazil",959,"Pariquera-Açu",3536208,-47.84981,-24.678057,"SAO PAULO","SP","São Paulo",-48.72944932,-22.26440593,"São Paulo","sp",-24.608333,-47.885,"original coordinates","original coordinates OK"
"27","Coccoloba warmingii",1086956621,-23.583333,-46.7,"gass84","78dcee36-b0a2-4679-802d-bc0b5016518b","eec37c7c-2dce-440e-8de1-966214931e74","none","b38ff2b7-c8af-454e-b5af-ee760f0d5bca","BR","DWC_ARCHIVE","2018-11-14T17:16:48.077+0000","2018-09-14T17:57:05.687+0000",126,"none","PRESERVED_SPECIMEN",4034727,6,7707728,220,422,2416,2888822,4034727,4034727,"Coccoloba warmingii Meisn.","Coccoloba warmingii Meisn.","Plantae","Tracheophyta","Caryophyllales","Polygonaceae","Coccoloba","Coccoloba warmingii","Coccoloba","warmingii","SPECIES","ACCEPTED","1995-01-01T00:00:00","São Paulo",1994,12,8,"1994-12-08T00:00:00","2018-09-12T15:50:20.000+0000","2018-12-08T13:01:37.693+0000","http://creativecommons.org/licenses/by-nc/4.0/legalcode","none","none","none","WGS84","Magnoliopsida","BR","Brazil","FUEL - Herbário da Universidade Estadual de Londrina","BRA:UEL:FUEL:0000040482",497,"FUEL - Herbário da Universidade Estadual de Londrina","São Paulo","Parque Municipal Alfredo Volpi","pt","FUEL",1086956621,"BRA:UEL:FUEL:0000040482","Collection","Aragaki, S","40482","Universidade Estadual de Londrina, UEL","Universidade Estadual de Londrina, UEL","Aragaki, S","","Flores amareladas.",0,0,"",NA,"","","","","",NA,NA,NA,"",NA,"","","","","","","","","","",NA,"","","São Paulo","São Paulo","brazil",1130,"São Paulo",3550308,-46.647014,-23.64989,"SAO PAULO","SP","São Paulo",-48.72944932,-22.26440593,"São Paulo","sp",-23.583333,-46.7,"original coordinates","original coordinates OK"
"28","Coccoloba warmingii",1252617379,-23.663056,-46.7725,"gass84","1bb3cae3-b91f-4109-8a2d-a1f05f2d6fd3","76dbcb10-efc5-4d5f-87a5-bcd409fc92c8","none","b38ff2b7-c8af-454e-b5af-ee760f0d5bca","BR","DWC_ARCHIVE","2018-11-24T12:30:33.326+0000","2018-09-25T14:04:53.267+0000",126,"none","PRESERVED_SPECIMEN",4034727,6,7707728,220,422,2416,2888822,4034727,4034727,"Coccoloba warmingii Meisn.","Coccoloba warmingii Meisn.","Plantae","Tracheophyta","Caryophyllales","Polygonaceae","Coccoloba","Coccoloba warmingii","Coccoloba","warmingii","SPECIES","ACCEPTED","1995-01-01T00:00:00","São Paulo",1993,3,25,"1993-03-25T00:00:00","2018-08-21T18:43:37.000+0000","2018-12-08T15:43:36.220+0000","http://creativecommons.org/licenses/by-nc/4.0/legalcode","none","none","none","WGS84","Magnoliopsida","BR","Brazil","SPF - Herbário da Universidade de São Paulo","BRA:USP:SPF:0000118063",374,"SPF - Herbário da Universidade de São Paulo","São Paulo","Parque Santo Dias","pt","SPF",1252617379,"BRA:USP:SPF:0000118063","Collection","Garcia, RJF","118063","USP","Universidade de São Paulo, USP","Garcia, RJF","","",NA,NA,"",NA,"","","","","",NA,NA,NA,"",NA,"","","","","","","","","","",NA,"","","São Paulo","São Paulo","brazil",1130,"São Paulo",3550308,-46.647014,-23.64989,"SAO PAULO","SP","São Paulo",-48.72944932,-22.26440593,"São Paulo","sp",-23.663056,-46.7725,"original coordinates","original coordinates OK"
"29","Coccoloba warmingii",1094712506,-29.335833,-49.727222,"cdround,gass84","bb080d40-c63b-4529-bf21-d1782a81e024","2ccb1a0b-1194-4acf-9921-b5daad99cbb8","none","b38ff2b7-c8af-454e-b5af-ee760f0d5bca","BR","DWC_ARCHIVE","2018-11-24T12:32:40.802+0000","2018-10-25T12:34:35.068+0000",128,"none","PRESERVED_SPECIMEN",4034727,6,7707728,220,422,2416,2888822,4034727,4034727,"Coccoloba warmingii Meisn.","Coccoloba warmingii Meisn.","Plantae","Tracheophyta","Caryophyllales","Polygonaceae","Coccoloba","Coccoloba warmingii","Coccoloba","warmingii","SPECIES","ACCEPTED","none","Rio Grande do Sul",1992,1,6,"1992-01-06T00:00:00","","2018-10-25T12:34:48.237+0000","http://creativecommons.org/licenses/by-nc/4.0/legalcode","none","none","none","WGS84","Magnoliopsida","BR","Brazil","CRI - Herbário Pe. Dr. Raulino Reitz","BRA:UNESC:CRI:0000003132",NA,"CRI - Herbário Pe. Dr. Raulino Reitz","Torres","Colônia São Pedro.","pt","CRI",1094712506,"BRA:UNESC:CRI:0000003132","Collection","J. A. Jarenkow; R. Zacchia","3132","UNESC","Universidade do Extremo Sul Catarinense (UNESC)","","","",NA,NA,"",NA,"","","","","",NA,NA,NA,"",NA,"","","","","","","","","","",NA,"","","Torres","Rio Grande do Sul","brazil",194,"Torres",4321501,-49.810162,-29.327838,"RIO GRANDE DO SUL","RS","Rio Grande do Sul",-53.24495754,-29.78635099,"Rio Grande do Sul","rs",-29.335833,-49.727222,"original coordinates","original coordinates OK"
"30","Coccoloba warmingii",1931007366,-14.8698088924156,-40.8392046895446,"cdrep","d415c253-4d61-4459-9d25-4015b9084fb0","ae447c50-b8a8-11d8-92a4-b8a03c50a862","none","17017c2c-036b-45d9-b045-606d21b00771","US","DWC_ARCHIVE","2018-11-18T16:23:51.612+0000","2018-11-18T16:23:51.657+0000",96,"none","PRESERVED_SPECIMEN",4034727,6,7707728,220,422,2416,2888822,4034727,4034727,"Coccoloba warmingii Meisn.","Coccoloba warmingii Meisn.","Plantae","Tracheophyta","Caryophyllales","Polygonaceae","Coccoloba","Coccoloba warmingii","Coccoloba","warmingii","SPECIES","ACCEPTED","1998-05-27T00:00:00","Bahia",1992,2,19,"1992-02-19T00:00:00","","2018-12-08T04:57:37.793+0000","http://creativecommons.org/publicdomain/zero/1.0/legalcode","none","none","none","WGS84","Magnoliopsida","BR","Brazil","The New York Botanical Garden","e528fddf-37b0-4c9b-bb95-67412a4cd88c",3796,"Vascular plants","","Ramal a 15 km na estrada de VitÃ³ria da Conquista Ã  IlhÃ©us","en","NY",1931007366,"e528fddf-37b0-4c9b-bb95-67412a4cd88c","PhysicalObject","A. M. V. de Carvalho","484902","NY","","E. de Melo","","",0,0,"SOUTH_AMERICA",NA,"","http://biocol.org/urn:lsid:biocol.org:col:15556","19 Feb 1992","","Other source",50,NA,50,"",70493,"http://sweetgum.nybg.org/science/vh/specimen_details.php?irn=651532","ICN","VitÃ³ria da Conquista","sheet","http://biocol.org/urn:lsid:biocol.org:col:15556","CRIA (Centro de ReferÃªncia em InformaÃ§Ã£o Ambiental)","","","","",NA,"","","","Bahia","brazil",NA,"",NA,NA,NA,"","","Bahia",-41.72018023,-12.47295682,"Bahia","ba",-14.8698088924156,-40.8392046895446,"original coordinates","original coordinates outside municipality original in  falls in vitoria da conquista"
"31","Coccoloba warmingii",1094710862,-28.285278,-49.298889,"cdround,gass84","bb080d40-c63b-4529-bf21-d1782a81e024","2ccb1a0b-1194-4acf-9921-b5daad99cbb8","none","b38ff2b7-c8af-454e-b5af-ee760f0d5bca","BR","DWC_ARCHIVE","2018-11-24T12:32:39.387+0000","2018-10-25T12:34:34.050+0000",128,"none","PRESERVED_SPECIMEN",4034727,6,7707728,220,422,2416,2888822,4034727,4034727,"Coccoloba warmingii Meisn.","Coccoloba warmingii Meisn.","Plantae","Tracheophyta","Caryophyllales","Polygonaceae","Coccoloba","Coccoloba warmingii","Coccoloba","warmingii","SPECIES","ACCEPTED","none","Santa Catarina",1991,4,16,"1991-04-16T00:00:00","","2018-10-25T12:34:45.792+0000","http://creativecommons.org/licenses/by-nc/4.0/legalcode","none","none","none","WGS84","Magnoliopsida","BR","Brazil","CRI - Herbário Pe. Dr. Raulino Reitz","BRA:UNESC:CRI:0000001028",1306,"CRI - Herbário Pe. Dr. Raulino Reitz","Orleans","Rio Novo.","pt","CRI",1094710862,"BRA:UNESC:CRI:0000001028","Collection","Vanilde Citadini-Zanette; Aurélio José de Aguiar & Alcides da Silveira","1028","UNESC","Universidade do Extremo Sul Catarinense (UNESC)","","","",300,0,"",NA,"","","","","",NA,NA,NA,"",NA,"","","","","","","","","","",NA,"","","Orleans","Santa Catarina","brazil",372,"Orleans",4211702,-49.372507,-28.280894,"SANTA CATARINA","SC","Santa Catarina",-50.48226937,-27.24592878,"Santa Catarina","sc",-28.285278,-49.298889,"original coordinates","original coordinates OK"
"32","Coccoloba warmingii",1094710898,-28.285278,-49.298889,"cdround,gass84","bb080d40-c63b-4529-bf21-d1782a81e024","2ccb1a0b-1194-4acf-9921-b5daad99cbb8","none","b38ff2b7-c8af-454e-b5af-ee760f0d5bca","BR","DWC_ARCHIVE","2018-11-24T12:32:39.442+0000","2018-10-25T12:34:34.041+0000",128,"none","PRESERVED_SPECIMEN",4034727,6,7707728,220,422,2416,2888822,4034727,4034727,"Coccoloba warmingii Meisn.","Coccoloba warmingii Meisn.","Plantae","Tracheophyta","Caryophyllales","Polygonaceae","Coccoloba","Coccoloba warmingii","Coccoloba","warmingii","SPECIES","ACCEPTED","none","Santa Catarina",1991,10,24,"1991-10-24T00:00:00","","2018-10-25T12:34:45.787+0000","http://creativecommons.org/licenses/by-nc/4.0/legalcode","none","none","none","WGS84","Magnoliopsida","BR","Brazil","CRI - Herbário Pe. Dr. Raulino Reitz","BRA:UNESC:CRI:0000001063",1341,"CRI - Herbário Pe. Dr. Raulino Reitz","Orleans","Rio Novo.","pt","CRI",1094710898,"BRA:UNESC:CRI:0000001063","Collection","Vanilde Citadini-Zanette; Aurélio José de Aguiar & Clair Maria Martinello","1063","UNESC","Universidade do Extremo Sul Catarinense (UNESC)","Vanilde Citadini- Zanette","","",300,0,"",NA,"","","","","",NA,NA,NA,"",NA,"","","","","","","","","","",NA,"","","Orleans","Santa Catarina","brazil",372,"Orleans",4211702,-49.372507,-28.280894,"SANTA CATARINA","SC","Santa Catarina",-50.48226937,-27.24592878,"Santa Catarina","sc",-28.285278,-49.298889,"original coordinates","original coordinates OK"
"33","Coccoloba warmingii",1094710588,-28.285278,-49.298889,"cdround,gass84","bb080d40-c63b-4529-bf21-d1782a81e024","2ccb1a0b-1194-4acf-9921-b5daad99cbb8","none","b38ff2b7-c8af-454e-b5af-ee760f0d5bca","BR","DWC_ARCHIVE","2018-11-24T12:32:39.208+0000","2018-10-25T12:34:33.764+0000",128,"none","PRESERVED_SPECIMEN",4034727,6,7707728,220,422,2416,2888822,4034727,4034727,"Coccoloba warmingii Meisn.","Coccoloba warmingii Meisn.","Plantae","Tracheophyta","Caryophyllales","Polygonaceae","Coccoloba","Coccoloba warmingii","Coccoloba","warmingii","SPECIES","ACCEPTED","none","Santa Catarina",1991,11,16,"1991-11-16T00:00:00","","2018-10-25T12:34:45.089+0000","http://creativecommons.org/licenses/by-nc/4.0/legalcode","none","none","none","WGS84","Magnoliopsida","BR","Brazil","CRI - Herbário Pe. Dr. Raulino Reitz","BRA:UNESC:CRI:0000000678",1028,"CRI - Herbário Pe. Dr. Raulino Reitz","Orleans","Rio Novo.","pt","CRI",1094710588,"BRA:UNESC:CRI:0000000678","Collection","Vanilde Citadini-Zanette; Aurélio José de Aguiar & Alcides da Silveira","678","UNESC","Universidade do Extremo Sul Catarinense (UNESC)","Vanilde Citadini- Zanette","","",300,0,"",NA,"","","","","",NA,NA,NA,"",NA,"","","","","","","","","","",NA,"","","Orleans","Santa Catarina","brazil",372,"Orleans",4211702,-49.372507,-28.280894,"SANTA CATARINA","SC","Santa Catarina",-50.48226937,-27.24592878,"Santa Catarina","sc",-28.285278,-49.298889,"original coordinates","original coordinates OK"
"34","Coccoloba warmingii",1930516140,-12.8,-41.33,"gass84","d415c253-4d61-4459-9d25-4015b9084fb0","ae447c50-b8a8-11d8-92a4-b8a03c50a862","none","17017c2c-036b-45d9-b045-606d21b00771","US","DWC_ARCHIVE","2018-11-18T15:59:38.024+0000","2018-11-18T15:59:38.044+0000",96,"none","PRESERVED_SPECIMEN",4034727,6,7707728,220,422,2416,2888822,4034727,4034727,"Coccoloba warmingii Meisn.","Coccoloba warmingii Meisn.","Plantae","Tracheophyta","Caryophyllales","Polygonaceae","Coccoloba","Coccoloba warmingii","Coccoloba","warmingii","SPECIES","ACCEPTED","1995-01-01T00:00:00","Bahia",1984,6,13,"1984-06-13T00:00:00","","2018-12-08T09:13:16.358+0000","http://creativecommons.org/publicdomain/zero/1.0/legalcode","none","none","none","WGS84","Magnoliopsida","BR","Brazil","The New York Botanical Garden","c265512d-63fc-4c1b-93d7-a73bc14eea70",48071,"Vascular plants","","Rio Santo AntÃ´nio","en","NY",1930516140,"c265512d-63fc-4c1b-93d7-a73bc14eea70","PhysicalObject","G. G. Hatschbach","484897","NY","","E. de Melo","","",0,0,"SOUTH_AMERICA",NA,"Margens do rio","http://biocol.org/urn:lsid:biocol.org:col:15556","13 Jun 1984","","Other source",165,NA,165,"",NA,"http://sweetgum.nybg.org/science/vh/specimen_details.php?irn=651527","ICN","AndaraÃ­","sheet","http://biocol.org/urn:lsid:biocol.org:col:15556","IBGE (Instituto Brasileiro de Geografia e EstatÃ­stica)","","","","",NA,"","","","Bahia","brazil",NA,"",NA,NA,NA,"","","Bahia",-41.72018023,-12.47295682,"Bahia","ba",-12.8,-41.33,"original coordinates","original coordinates outside municipality original in  falls in andarai"
"35","Coccoloba warmingii",1928232992,-25.4324846429367,-48.7122581210216,"cdrep","d415c253-4d61-4459-9d25-4015b9084fb0","ae447c50-b8a8-11d8-92a4-b8a03c50a862","none","17017c2c-036b-45d9-b045-606d21b00771","US","DWC_ARCHIVE","2018-11-18T14:47:59.960+0000","2018-10-19T13:48:45.099+0000",96,"none","PRESERVED_SPECIMEN",4034727,6,7707728,220,422,2416,2888822,4034727,4034727,"Coccoloba warmingii Meisn.","Coccoloba warmingii Meisn.","Plantae","Tracheophyta","Caryophyllales","Polygonaceae","Coccoloba","Coccoloba warmingii","Coccoloba","warmingii","SPECIES","ACCEPTED","none","ParanÃ¡",1983,11,29,"1983-11-29T00:00:00","","2018-12-05T23:34:15.698+0000","http://creativecommons.org/publicdomain/zero/1.0/legalcode","none","none","none","WGS84","Magnoliopsida","BR","Brazil","The New York Botanical Garden","20c5e842-4dfb-4e24-89ef-e75672a2a674",47142,"Vascular plants","","Pinheirinho","en","NY",1928232992,"20c5e842-4dfb-4e24-89ef-e75672a2a674","PhysicalObject","G. G. Hatschbach","484901","NY","","","","",7.5,2.5,"SOUTH_AMERICA",NA,"Da encosta de pequeno morro","http://biocol.org/urn:lsid:biocol.org:col:15556","29 Nov 1983","","Other source",333,NA,333,"",38300,"http://sweetgum.nybg.org/science/vh/specimen_details.php?irn=651533","ICN","Antonina","sheet","http://biocol.org/urn:lsid:biocol.org:col:15556","CRIA (Centro de ReferÃªncia em InformaÃ§Ã£o Ambiental)","16-33 ft","","","",NA,"","","","ParanÃ¡","brazil",NA,"",NA,NA,NA,"","","Paraná",-51.61693027,-24.63581955,"Paraná","pr",-25.4324846429367,-48.7122581210216,"original coordinates","original coordinates outside municipality original in  falls in antonina"
"36","Coccoloba warmingii",1930134411,-14.7929067831182,-39.0490868076529,"cdrep","d415c253-4d61-4459-9d25-4015b9084fb0","ae447c50-b8a8-11d8-92a4-b8a03c50a862","none","17017c2c-036b-45d9-b045-606d21b00771","US","DWC_ARCHIVE","2018-11-18T15:56:45.800+0000","2018-10-19T14:44:47.128+0000",96,"none","PRESERVED_SPECIMEN",4034727,6,7707728,220,422,2416,2888822,4034727,4034727,"Coccoloba warmingii Meisn.","Coccoloba warmingii Meisn.","Plantae","Tracheophyta","Caryophyllales","Polygonaceae","Coccoloba","Coccoloba warmingii","Coccoloba","warmingii","SPECIES","ACCEPTED","1981-01-01T00:00:00","Bahia",1981,5,10,"1981-05-10T00:00:00","","2018-12-08T11:10:52.971+0000","http://creativecommons.org/publicdomain/zero/1.0/legalcode","none","none","none","WGS84","Magnoliopsida","BR","Brazil","The New York Botanical Garden","a7749054-25e0-4ef6-b820-e9ea63e085dc",13936,"Vascular plants","","Road from OlivenÃ§a to Maruim, 6-8 km W of OlivenÃ§a","en","NY",1930134411,"a7749054-25e0-4ef6-b820-e9ea63e085dc","PhysicalObject","S. A. Mori","484896","NY","","B. M. Boom","","",50,0,"SOUTH_AMERICA",NA,"","http://biocol.org/urn:lsid:biocol.org:col:15556","10 May 1981","","Other source",130,NA,130,"",61245,"http://sweetgum.nybg.org/science/vh/specimen_details.php?irn=651528","ICN","IlhÃ©us","sheet","http://biocol.org/urn:lsid:biocol.org:col:15556","CRIA (Centro de ReferÃªncia em InformaÃ§Ã£o Ambiental)","ca 164 ft","","","",NA,"","","","Bahia","brazil",NA,"",NA,NA,NA,"","","Bahia",-41.72018023,-12.47295682,"Bahia","ba",-14.7929067831182,-39.0490868076529,"original coordinates","original coordinates outside municipality original in  falls in ilheus"
"37","Coccoloba warmingii",1929760019,-25.465922,-48.800146,"","d415c253-4d61-4459-9d25-4015b9084fb0","ae447c50-b8a8-11d8-92a4-b8a03c50a862","none","17017c2c-036b-45d9-b045-606d21b00771","US","DWC_ARCHIVE","2018-11-18T15:25:47.748+0000","2018-11-18T15:25:47.757+0000",96,"none","PRESERVED_SPECIMEN",4034727,6,7707728,220,422,2416,2888822,4034727,4034727,"Coccoloba warmingii Meisn.","Coccoloba warmingii Meisn.","Plantae","Tracheophyta","Caryophyllales","Polygonaceae","Coccoloba","Coccoloba warmingii","Coccoloba","warmingii","SPECIES","ACCEPTED","1979-02-01T00:00:00","ParanÃ¡",1979,1,4,"1979-01-04T00:00:00","","2018-12-08T12:29:44.457+0000","http://creativecommons.org/publicdomain/zero/1.0/legalcode","none","none","none","WGS84","Magnoliopsida","BR","Brazil","The New York Botanical Garden","8d0ec4ba-3033-4750-a57a-a813361a35c6",41823,"Vascular plants","","Manduira","en","NY",1929760019,"8d0ec4ba-3033-4750-a57a-a813361a35c6","PhysicalObject","G. G. Hatschbach","484900","NY","","G. G. Hatschbach","","",0,0,"SOUTH_AMERICA",NA,"","http://biocol.org/urn:lsid:biocol.org:col:15556","04 Jan 1979","","Georeferencing Quick Reference Guide, Version 2012",4,NA,4,"",2201.57,"http://sweetgum.nybg.org/science/vh/specimen_details.php?irn=651530","ICN","Antonina","sheet","http://biocol.org/urn:lsid:biocol.org:col:15556","Google Maps (map data 2016), Manis Georef. Calculator","","2016-06-23","","",NA,"","","","ParanÃ¡","brazil",NA,"",NA,NA,NA,"","","Paraná",-51.61693027,-24.63581955,"Paraná","pr",-25.465922,-48.800146,"original coordinates","original coordinates outside municipality original in  falls in morretes"
"38","Coccoloba warmingii",1930748779,-25.8869914389797,-48.5749506171655,"cdrep","d415c253-4d61-4459-9d25-4015b9084fb0","ae447c50-b8a8-11d8-92a4-b8a03c50a862","none","17017c2c-036b-45d9-b045-606d21b00771","US","DWC_ARCHIVE","2018-11-18T16:01:25.416+0000","2018-10-19T14:50:03.257+0000",96,"none","PRESERVED_SPECIMEN",4034727,6,7707728,220,422,2416,2888822,4034727,4034727,"Coccoloba warmingii Meisn.","Coccoloba warmingii Meisn.","Plantae","Tracheophyta","Caryophyllales","Polygonaceae","Coccoloba","Coccoloba warmingii","Coccoloba","warmingii","SPECIES","ACCEPTED","1990-01-01T00:00:00","Paraná",1967,12,21,"1967-12-21T00:00:00","","2018-12-08T20:58:49.862+0000","http://creativecommons.org/publicdomain/zero/1.0/legalcode","none","none","none","WGS84","Magnoliopsida","BR","Brazil","The New York Botanical Garden","d2ee1745-8d7e-4a7b-86d0-df1496802735",18167,"Vascular plants","","Serra de Araraquara","en","NY",1930748779,"d2ee1745-8d7e-4a7b-86d0-df1496802735","PhysicalObject","G. G. Hatschbach","484899","NY","","R. A. Howard","","",75,25,"SOUTH_AMERICA",NA,"Encosta de morro","http://biocol.org/urn:lsid:biocol.org:col:15556","21 Dec 1967","","Other source",355,NA,355,"",41937,"http://sweetgum.nybg.org/science/vh/specimen_details.php?irn=651529","ICN","Guaratuba","sheet","http://biocol.org/urn:lsid:biocol.org:col:15556","CRIA (Centro de Referência em Informação Ambiental)","164-328 ft","","","",NA,"","","","Paraná","brazil",NA,"",NA,NA,NA,"","","Paraná",-51.61693027,-24.63581955,"Paraná","pr",-25.8869914389797,-48.5749506171655,"original coordinates","original coordinates outside municipality original in  falls in guaratuba"
"39","Coccoloba warmingii",1930362635,-27.3958080951506,-49.3562133297331,"cdrep","d415c253-4d61-4459-9d25-4015b9084fb0","ae447c50-b8a8-11d8-92a4-b8a03c50a862","none","17017c2c-036b-45d9-b045-606d21b00771","US","DWC_ARCHIVE","2018-11-18T15:58:28.870+0000","2018-10-19T14:46:43.666+0000",96,"none","PRESERVED_SPECIMEN",4034727,6,7707728,220,422,2416,2888822,4034727,4034727,"Coccoloba warmingii Meisn.","Coccoloba warmingii Meisn.","Plantae","Tracheophyta","Caryophyllales","Polygonaceae","Coccoloba","Coccoloba warmingii","Coccoloba","warmingii","SPECIES","ACCEPTED","1960-01-01T00:00:00","Santa Catarina",1957,11,27,"1957-11-27T00:00:00","","2018-12-09T01:39:59.744+0000","http://creativecommons.org/publicdomain/zero/1.0/legalcode","none","none","none","WGS84","Magnoliopsida","BR","Brazil","The New York Botanical Garden","b791a535-9512-4fe8-b8ab-713c670d32c2",2286,"Vascular plants","","Sabiá, Vidal Ramos","en","NY",1930362635,"b791a535-9512-4fe8-b8ab-713c670d32c2","PhysicalObject","R. M. Klein","484898","NY","","R. A. Howard","","",750,0,"SOUTH_AMERICA",NA,"Mata","http://biocol.org/urn:lsid:biocol.org:col:15556","27 Nov 1957","","Other source",331,NA,331,"",21797,"http://sweetgum.nybg.org/science/vh/specimen_details.php?irn=651531","ICN","Vidal Ramos","sheet","http://biocol.org/urn:lsid:biocol.org:col:15556","CRIA (Centro de Referência em Informação Ambiental)","2461 ft","","","",NA,"","","","Santa Catarina","brazil",NA,"",NA,NA,NA,"","","Santa Catarina",-50.48226937,-27.24592878,"Santa Catarina","sc",-27.3958080951506,-49.3562133297331,"original coordinates","original coordinates outside municipality original in  falls in vidal ramos"
"40","Coccoloba warmingii",1144660258,-27.38861,-49.35917,"gass84","f577c9f3-ae71-4278-b6bf-512ba1dfaa21","43a26bbf-466a-4335-96cc-01d0656c614a","none","6040a0d6-f762-11e1-a439-00145eb45e9a","CH","BIOCASE","2018-12-11T22:20:55.921+0000","2016-02-23T13:22:47.607+0000",43,"none","PRESERVED_SPECIMEN",4034727,6,7707728,220,422,2416,2888822,4034727,4034727,"Coccoloba warmingii Meisn.","Coccoloba warmingii Meisn.","Plantae","Tracheophyta","Caryophyllales","Polygonaceae","Coccoloba","Coccoloba warmingii","Coccoloba","warmingii","SPECIES","ACCEPTED","none","",1957,11,27,"1957-11-27T00:00:00","","2018-12-06T21:54:20.361+0000","http://creativecommons.org/licenses/by-nc/4.0/legalcode","none","none","none","WGS84","Magnoliopsida","BR","Brazil","","",NA,"","","Vidal Ramos - Brasil. Santa Catarina. Sabiá, Vidal Ramos. Habitat: Mata./Estado de Santa Catarina","","Geneva Herbarium – General Collection (G)",1144660258,"","","Klein, R. M.","G-G-303955/1","G","","Brandbyge, J. (1992)","","",750,NA,"",NA,"","","","","",NA,NA,NA,"",NA,"","","","","","","","","ISOTYPE","Coccoloba rubra L. B. Sm.",NA,"","","","","brazil",NA,"",NA,NA,NA,"","","",NA,NA,NA,"",-27.38861,-49.35917,"original coordinates","original coordinates outside municipality original in  falls in vidal ramos"
"41","Coccoloba warmingii",1228550094,-10.8339,-52.8731,"gass84","90c853e6-56bd-480b-8e8f-6285c3f8d42b","7b8aff00-a9f8-11d8-944b-b8a03c50a862","none","3b84ff5b-79ce-427c-acb7-b4004e160f66","US","DWC_ARCHIVE","2018-11-22T21:36:55.756+0000","2018-11-22T21:36:55.885+0000",97,"none","PRESERVED_SPECIMEN",4034727,6,7707728,220,422,2416,2888822,4034727,4034727,"Coccoloba warmingii Meisn.","Coccoloba warmingii Meisn.","Plantae","Tracheophyta","Caryophyllales","Polygonaceae","Coccoloba","Coccoloba warmingii","Coccoloba","warmingii","SPECIES","ACCEPTED","none","",1893,NA,NA,"1893-01-01T00:00:00","","2018-12-07T20:12:36.985+0000","http://creativecommons.org/publicdomain/zero/1.0/legalcode","none","none","none","WGS84","Magnoliopsida","BR","Brazil","The Field Museum of Natural History","94e54fdc-3064-4590-b083-a1a85a818040",20438,"Berlin Negatives","","","en","Botany",1228550094,"94e54fdc-3064-4590-b083-a1a85a818040","PhysicalObject","A. F. M. Glaziou",NA,"F","F","","","",NA,NA,"SOUTH_AMERICA",NA,"","F","","South America, BRAZIL","",NA,NA,NA,"Plantae Spermatophyta Dicotyledoneae Polygonaceae",NA,"","ICBN","","","Botany","","","","TYPE","",248045,"seeds-20-nov-2018","http://fieldmuseum.org/about/copyright-information","","","brazil",NA,"",NA,NA,NA,"","","",NA,NA,NA,"",-10.8339,-52.8731,"original coordinates","original coordinates outside municipality original in  falls in sao jose do xingu"
"42","Coccoloba warmingii",1570743912,-23.08,-46.898611,"gass84","1064b787-c882-493e-b17d-4ffba363b776","c47cd3b0-2178-4a4b-87a6-740b482970a9","none","b38ff2b7-c8af-454e-b5af-ee760f0d5bca","BR","DWC_ARCHIVE","2018-11-23T18:20:31.851+0000","2017-12-29T14:14:17.904+0000",129,"none","PRESERVED_SPECIMEN",4034727,6,7707728,220,422,2416,2888822,4034727,4034727,"Coccoloba warmingii Meisn.","Coccoloba warmingii Meisn.","Plantae","Tracheophyta","Caryophyllales","Polygonaceae","Coccoloba","Coccoloba warmingii","Coccoloba","warmingii","SPECIES","ACCEPTED","none","São Paulo",NA,NA,NA,"none","2017-10-31T16:19:41.000+0000","2018-12-08T17:16:12.924+0000","http://creativecommons.org/licenses/by-nc/4.0/legalcode","none","none","none","WGS84","Magnoliopsida","BR","Brazil","IAC - Herbário do Instituto Agronômico de Campinas","BRA:IAC:IAC:0000056121",242,"IAC - Herbário do Instituto Agronômico de Campinas","Louveira","Fragmento B","pt","IAC",1570743912,"BRA:IAC:IAC:0000056121","Collection","C.F. Nardin; J.F. Benedito & L.C. Bernacci","56121","IAC","Instituto Agronômico de Campinas, IAC","C.F. Nardin et al.","","coordenadas originais: 23°04#?#48""S, 46°53#?#55""W",NA,NA,"",NA,"","","","","",NA,NA,NA,"",NA,"","","","","","","","","","",NA,"","","Louveira","São Paulo","brazil",1310,"Louveira",3527306,-46.937132,-23.084175,"SAO PAULO","SP","São Paulo",-48.72944932,-22.26440593,"São Paulo","sp",-23.08,-46.898611,"original coordinates","original coordinates OK"
"43","Coccoloba warmingii",1077424353,-27.360278,-49.503056,"cdround,gass84","b9a43c60-d2b6-445c-9362-2db65465c963","34e6e625-47cf-4d42-8054-af0c2f1b6e64","none","b38ff2b7-c8af-454e-b5af-ee760f0d5bca","BR","DWC_ARCHIVE","2018-11-23T15:39:20.600+0000","2018-10-24T15:38:15.409+0000",121,"none","PRESERVED_SPECIMEN",4034727,6,7707728,220,422,2416,2888822,4034727,4034727,"Coccoloba warmingii Meisn.","Coccoloba warmingii Meisn.","Plantae","Tracheophyta","Caryophyllales","Polygonaceae","Coccoloba","Coccoloba warmingii","Coccoloba","warmingii","SPECIES","ACCEPTED","none","Santa Catarina",NA,NA,NA,"none","2018-10-11T17:26:03.000+0000","2018-12-06T14:18:06.872+0000","http://creativecommons.org/licenses/by-nc/4.0/legalcode","none","none","none","WGS84","Magnoliopsida","BR","Brazil","FURB - Herbário Dr. Roberto Miguel Klein","BRA:FURB:FURB:0000045277",668,"FURB - Herbário Dr. Roberto Miguel Klein","Ituporanga","Rio do Norte.","pt","FURB",1077424353,"BRA:FURB:FURB:0000045277","Collection","Mayer, M.; Oliveira, A.A. de","45277","Universidade Regional de Blumenau, FURB","Universidade Regional de Blumenau, FURB","Oliveira, AA de","","Florística Entorno IFFSC 421",708,0,"",NA,"","","","","",NA,NA,NA,"",NA,"","","","","","","","","","",NA,"","","Ituporanga","Santa Catarina","brazil",554,"Ituporanga",4208500,-49.539318,-27.452535,"SANTA CATARINA","SC","Santa Catarina",-50.48226937,-27.24592878,"Santa Catarina","sc",-27.360278,-49.503056,"original coordinates","original coordinates OK"
