"","name","key","decimalLatitude","decimalLongitude","issues","datasetKey","publishingOrgKey","networkKeys","installationKey","publishingCountry","protocol","lastCrawled","lastParsed","crawlId","extensions","basisOfRecord","taxonKey","kingdomKey","phylumKey","classKey","orderKey","familyKey","genusKey","speciesKey","acceptedTaxonKey","scientificName","acceptedScientificName","kingdom","phylum","order","family","genus","species","genericName","specificEpithet","taxonRank","taxonomicStatus","dateIdentified","stateProvince.original","year","month","day","eventDate","modified","lastInterpreted","license","identifiers","facts","relations","geodeticDatum","class","countryCode","country.original","rightsHolder","identifier","recordNumber","datasetName","municipality.original","locality","collectionCode","gbifID","occurrenceID","type","recordedBy","catalogNumber","otherCatalogNumbers","institutionCode","occurrenceRemarks","identifiedBy","continent","language","ownerInstitutionCode","elevation","elevationAccuracy","fieldNotes","references","habitat","institutionID","county","preparations","identificationRemarks","verbatimElevation","nomenclaturalCode","verbatimEventDate","endDayOfYear","startDayOfYear","collectionID","nomenclaturalStatus","taxonID","bibliographicCitation","coordinateUncertaintyInMeters","georeferencedDate","georeferenceProtocol","georeferenceSources","individualCount","verbatimTaxonRank","higherClassification","higherGeography","organismID","datasetID","accessRights","municipality","stateProvince","country","FID","NOME","GEOCODIGO","POINT_X","POINT_Y","NOMEUF","SIGLAUF","estados_shp","x_estado","y_estado","nome","sigla","new_Lat","new_Lon","notes","comments"
"1","Eugenia rostrata",1835736257,-21.972222,-41.947778,"cdround,gass84","4300f8d5-1ae5-49e5-a101-63894b005868","838537fc-4aeb-4980-8b58-97fbdcd1d91a","none","da7fe11a-b42c-46cb-9e9d-02243edb738a","BR","DWC_ARCHIVE","2018-10-02T15:37:21.176+0000","2018-09-24T19:59:02.287+0000",207,"none","PRESERVED_SPECIMEN",5416913,6,7707728,220,690,5014,3177662,5416913,5416913,"Eugenia rostrata O.Berg","Eugenia rostrata O.Berg","Plantae","Tracheophyta","Myrtales","Myrtaceae","Eugenia","Eugenia rostrata","Eugenia","rostrata","SPECIES","ACCEPTED","none","Rio de Janeiro",2018,3,8,"2018-03-08T00:00:00","2018-07-07T11:52:43.781+0000","2018-12-09T09:26:12.580+0000","http://creativecommons.org/licenses/by/4.0/legalcode","none","none","none","WGS84","Magnoliopsida","BR","Brazil","Rio de Janeiro Botanical Garden","urn:catalog:JBRJ:RB:1383245","1430","RB - Rio de Janeiro Botanical Garden Herbarium Collection","Santa Maria Madalena","Trilha Morumbeca do Imbé. Parque Estadual do Desengano","RB",1835736257,"urn:catalog:JBRJ:RB:1383245","PhysicalObject","C. Baez; R. Gomes, T. Lima, R. Nines","RB01383245","RB 760855","JBRJ","Árvore matriz nº 157; CAP 134 cm; Folhas verdes discolores. Frutos verdes no pé e maduros vermelhos encontrados no chão.","M. C. Souza","","","",NA,NA,"","","","","","","","","","",NA,NA,"","",NA,"",NA,"","","",NA,NA,NA,NA,NA,NA,NA,"Santa Maria Madalena","Rio de Janeiro","brazil",1716,"Santa Maria Madalena",3304607,-41.912957,-21.969462,"RIO DE JANEIRO","RJ","Rio de Janeiro",-42.66307908,-22.19581555,"Rio de Janeiro","rj",-21.972222,-41.947778,"original coordinates","original coordinates OK"
"2","Eugenia rostrata",1095811244,-10.491944,-37.193056,"gass84","76823beb-2f33-47a6-96a1-ccd2df47ac28","9243118c-e750-412b-91f4-ac987666eee1","none","b38ff2b7-c8af-454e-b5af-ee760f0d5bca","BR","DWC_ARCHIVE","2018-11-23T18:47:03.126+0000","2018-09-24T19:50:15.762+0000",132,"none","PRESERVED_SPECIMEN",5416913,6,7707728,220,690,5014,3177662,5416913,5416913,"Eugenia rostrata O.Berg","Eugenia rostrata O.Berg","Plantae","Tracheophyta","Myrtales","Myrtaceae","Eugenia","Eugenia rostrata","Eugenia","rostrata","SPECIES","ACCEPTED","2015-05-25T00:00:00","Sergipe",2014,8,5,"2014-08-05T00:00:00","","2018-09-24T19:50:19.780+0000","http://creativecommons.org/licenses/by-nc/4.0/legalcode","none","none","none","WGS84","Magnoliopsida","BR","Brazil","ASE - Herbário da Universidade Federal de Sergipe","BRA:UFS:ASE:0000033211","429","ASE - Herbário da Universidade Federal de Sergipe","Nossa Senhora das Dores","Solo pedregoso.","ASE",1095811244,"BRA:UFS:ASE:0000033211","Collection","Almeida, ES","33211","","Universidade Federal de Sergipe, UFS","Árvore, com aproximadamente 1,70 metros, casca externa cinza e interna verde e fina, frutos maduros, arredondados vermelhos , carnosos e com polpa, número do conglomerado: 69, coordenadas UTM do ponto central: E (0690462m) N (8845413m","Proença, C","SOUTH_AMERICA","pt","Universidade Federal de Sergipe, UFS",NA,NA,"","","","","","","","","","",NA,NA,"","",NA,"",NA,"","","",NA,NA,NA,NA,NA,NA,NA,"Nossa Senhora das Dores","Sergipe","brazil",3834,"Nossa Senhora das Dores",2804607,-37.241282,-10.46658,"SERGIPE","SE","Sergipe",-37.44360505,-10.583842,"Sergipe","se",-10.491944,-37.193056,"original coordinates","original coordinates OK"
"3","Eugenia rostrata",1094905690,-17.781111,-51.261111,"gass84","2e684fd6-09e2-4661-910a-0a188b610c04","60545be9-4f28-4245-b4b4-07635c8dfa54","none","b38ff2b7-c8af-454e-b5af-ee760f0d5bca","BR","DWC_ARCHIVE","2018-11-14T17:19:45.635+0000","2018-09-10T18:27:28.298+0000",124,"none","PRESERVED_SPECIMEN",5416913,6,7707728,220,690,5014,3177662,5416913,5416913,"Eugenia rostrata O.Berg","Eugenia rostrata O.Berg","Plantae","Tracheophyta","Myrtales","Myrtaceae","Eugenia","Eugenia rostrata","Eugenia","rostrata","SPECIES","ACCEPTED","none","Bahia",2011,8,26,"2011-08-26T00:00:00","","2018-09-10T18:27:54.273+0000","http://creativecommons.org/licenses/by-nc/4.0/legalcode","none","none","none","WGS84","Magnoliopsida","BR","Brazil","HUEFS - Herbario da Universidade Estadual de Feira de Santana","BRA:UEFS:HUEFS:0000188809","1271","HUEFS - Herbario da Universidade Estadual de Feira de Santana","Caravelas","Ilha Cassurubá","HUEFS",1094905690,"BRA:UEFS:HUEFS:0000188809","Collection","Matos, E.N.de","188809","","UEFS","Restinga. Floresta.","","","pt","Universidade Estadual de Feira de Santana (UEFS)",NA,NA,"","","","","","","","","","",NA,NA,"","",NA,"",NA,"","","",NA,NA,NA,NA,NA,NA,NA,"Caravelas","Bahia","brazil",2833,"Caravelas",2906907,-39.695063,-17.656909,"BAHIA","BA","Bahia",-41.72018023,-12.47295682,"Bahia","ba",-17.781111,-51.261111,"original coordinates","original coordinates outside municipality original in caravelas falls in rio verde"
"4","Eugenia rostrata",1096932416,-16.567371,-39.168628,"gass84","86894738-457d-4d25-89ca-d05231a02d46","c38fb00b-8564-406c-b05b-2720815a0bd0","none","b38ff2b7-c8af-454e-b5af-ee760f0d5bca","BR","DWC_ARCHIVE","2018-11-14T17:17:35.145+0000","2018-07-04T19:29:24.560+0000",138,"none","PRESERVED_SPECIMEN",5416913,6,7707728,220,690,5014,3177662,5416913,5416913,"Eugenia rostrata O.Berg","Eugenia rostrata O.Berg","Plantae","Tracheophyta","Myrtales","Myrtaceae","Eugenia","Eugenia rostrata","Eugenia","rostrata","SPECIES","ACCEPTED","2014-07-07T00:00:00","Bahia",2010,5,30,"2010-05-30T00:00:00","","2018-07-07T13:11:00.344+0000","http://creativecommons.org/licenses/by-nc/4.0/legalcode","none","none","none","WGS84","Magnoliopsida","BR","Brazil","CVRD - Herbário da Reserva Natural Vale","BRA:CVRD:CVRD:0000013035","6630","CVRD - Herbário da Reserva Natural Vale","PORTO SEGURO","","CVRD",1096932416,"BRA:CVRD:CVRD:0000013035","Collection","Folli, D.A.","13035","","Reserva Natural Vale (CVRD)","Propiedade Symbiosis Investimentos <ll>dwc_commonname:</ll> Batinga barreira","Marcos Sobral","SOUTH_AMERICA","pt","Reserva Natural Vale (CVRD)",NA,NA,"","","","","","","","","","",NA,NA,"","",NA,"",NA,"","","",NA,NA,NA,NA,NA,NA,NA,"PORTO SEGURO","Bahia","brazil",2962,"Porto Seguro",2925303,-39.278757,-16.625586,"BAHIA","BA","Bahia",-41.72018023,-12.47295682,"Bahia","ba",-16.567371,-39.168628,"original coordinates","original coordinates OK"
"5","Eugenia rostrata",1090515925,-16.5,-39.25,"gass84","bc81e05b-ed51-46ba-a0a4-90fbae9b5545","c6aacf9d-a5a7-4d7f-a6fc-ea0a4b8ec450","none","b38ff2b7-c8af-454e-b5af-ee760f0d5bca","BR","DWC_ARCHIVE","2018-11-24T12:34:34.292+0000","2018-11-24T12:34:34.351+0000",122,"none","PRESERVED_SPECIMEN",5416913,6,7707728,220,690,5014,3177662,5416913,5416913,"Eugenia rostrata O.Berg","Eugenia rostrata O.Berg","Plantae","Tracheophyta","Myrtales","Myrtaceae","Eugenia","Eugenia rostrata","Eugenia","rostrata","SPECIES","ACCEPTED","none","Bahia",2010,7,9,"2010-07-09T00:00:00","2018-11-14T17:49:05.000+0000","2018-12-08T04:43:00.187+0000","http://creativecommons.org/licenses/by-nc/4.0/legalcode","none","none","none","WGS84","Magnoliopsida","BR","Brazil","CEPEC - Herbário do Centro de Pesquisas do Cacau","BRA:CEPLAC:CEPEC:0000128012","390","CEPEC - Herbário do Centro de Pesquisas do Cacau","PORTO SEGURO","RPPN Estação Veracel.","CEPEC",1090515925,"BRA:CEPLAC:CEPEC:0000128012","Collection","G. M. Carvalho","128012","30/12/2010","Comissão Executiva do Plano da Lavoura Cacaueira (CEPLAC)","","M. Sobral","","pt","Comissão Executiva do Plano da Lavoura Cacaueira (CEPLAC)",NA,NA,"","","","","","","","","","",NA,NA,"","",NA,"",NA,"","","",NA,NA,NA,NA,NA,NA,NA,"PORTO SEGURO","Bahia","brazil",2962,"Porto Seguro",2925303,-39.278757,-16.625586,"BAHIA","BA","Bahia",-41.72018023,-12.47295682,"Bahia","ba",-16.5,-39.25,"original coordinates","original coordinates OK"
"6","Eugenia rostrata",1090514295,-15.391667,-39.565278,"gass84","bc81e05b-ed51-46ba-a0a4-90fbae9b5545","c6aacf9d-a5a7-4d7f-a6fc-ea0a4b8ec450","none","b38ff2b7-c8af-454e-b5af-ee760f0d5bca","BR","DWC_ARCHIVE","2018-11-24T12:34:33.057+0000","2018-11-24T12:34:33.096+0000",122,"none","PRESERVED_SPECIMEN",5416913,6,7707728,220,690,5014,3177662,5416913,5416913,"Eugenia rostrata O.Berg","Eugenia rostrata O.Berg","Plantae","Tracheophyta","Myrtales","Myrtaceae","Eugenia","Eugenia rostrata","Eugenia","rostrata","SPECIES","ACCEPTED","none","Bahia",2009,1,16,"2009-01-16T00:00:00","2018-11-14T14:25:14.000+0000","2018-12-08T04:42:59.548+0000","http://creativecommons.org/licenses/by-nc/4.0/legalcode","none","none","none","WGS84","Magnoliopsida","BR","Brazil","CEPEC - Herbário do Centro de Pesquisas do Cacau","BRA:CEPLAC:CEPEC:0000126393","7771","CEPEC - Herbário do Centro de Pesquisas do Cacau","CAMACAN","RPPN Serra Bonita, área do inventário de fenologia.","CEPEC",1090514295,"BRA:CEPLAC:CEPEC:0000126393","Collection","Amorim, A. M.","126393","","Comissão Executiva do Plano da Lavoura Cacaueira (CEPLAC)","","Sem Informação","","pt","Comissão Executiva do Plano da Lavoura Cacaueira (CEPLAC)",835,0,"","","","","","","","","","",NA,NA,"","",NA,"",NA,"","","",NA,NA,NA,NA,NA,NA,NA,"CAMACAN","Bahia","brazil",3149,"Camacan",2905602,-39.519116,-15.445393,"BAHIA","BA","Bahia",-41.72018023,-12.47295682,"Bahia","ba",-15.391667,-39.565278,"original coordinates","original coordinates OK"
"7","Eugenia rostrata",1264692860,-22.794444,-41.941944,"gass84","1bb3cae3-b91f-4109-8a2d-a1f05f2d6fd3","76dbcb10-efc5-4d5f-87a5-bcd409fc92c8","none","b38ff2b7-c8af-454e-b5af-ee760f0d5bca","BR","DWC_ARCHIVE","2018-11-24T12:30:45.871+0000","2018-09-25T14:05:29.185+0000",126,"none","PRESERVED_SPECIMEN",5416913,6,7707728,220,690,5014,3177662,5416913,5416913,"Eugenia rostrata O.Berg","Eugenia rostrata O.Berg","Plantae","Tracheophyta","Myrtales","Myrtaceae","Eugenia","Eugenia rostrata","Eugenia","rostrata","SPECIES","ACCEPTED","2016-06-01T00:00:00","Rio de Janeiro",2008,10,22,"2008-10-22T00:00:00","2018-08-21T18:39:45.000+0000","2018-12-08T13:34:50.313+0000","http://creativecommons.org/licenses/by-nc/4.0/legalcode","none","none","none","WGS84","Magnoliopsida","BR","Brazil","SPF - Herbário da Universidade de São Paulo","BRA:USP:SPF:0000188026","10","SPF - Herbário da Universidade de São Paulo","Armação dos Búzios","","SPF",1264692860,"BRA:USP:SPF:0000188026","Collection","Lopes, JC","188026","","USP","","Giaretta, A","","pt","Universidade de São Paulo, USP",80,40,"","","","","","","","","","",NA,NA,"","",NA,"",NA,"","","",NA,NA,NA,NA,NA,NA,NA,"Armação dos Búzios","Rio de Janeiro","brazil",1422,"Armação dos Búzios",3300233,-41.951971,-22.776712,"RIO DE JANEIRO","RJ","Rio de Janeiro",-42.66307908,-22.19581555,"Rio de Janeiro","rj",-22.794444,-41.941944,"original coordinates","original coordinates OK"
"8","Eugenia rostrata",1424235843,-22.921389,-42.999167,"cdround,gass84","4300f8d5-1ae5-49e5-a101-63894b005868","838537fc-4aeb-4980-8b58-97fbdcd1d91a","none","da7fe11a-b42c-46cb-9e9d-02243edb738a","BR","DWC_ARCHIVE","2018-10-02T15:40:21.965+0000","2018-09-24T20:01:40.067+0000",207,"none","PRESERVED_SPECIMEN",5416913,6,7707728,220,690,5014,3177662,5416913,5416913,"Eugenia rostrata O.Berg","Eugenia rostrata O.Berg","Plantae","Tracheophyta","Myrtales","Myrtaceae","Eugenia","Eugenia rostrata","Eugenia","rostrata","SPECIES","ACCEPTED","none","Rio de Janeiro",2007,3,10,"2007-03-10T00:00:00","2017-10-18T11:41:18.299+0000","2018-12-06T16:58:25.710+0000","http://creativecommons.org/licenses/by/4.0/legalcode","none","none","none","WGS84","Magnoliopsida","BR","Brazil","Rio de Janeiro Botanical Garden","urn:catalog:JBRJ:RB:519043","2972","RB - Rio de Janeiro Botanical Garden Herbarium Collection","Niterói","Parque Estadual da Serra da Tiririca, Morro do Cordovil, Vale das Borboletas, trilha da Jararaca. Indivíduo 63 do Transect TJ1. CAP 13,0 cm. Folhas membranáceas discolores verdes, com óleo essencial. Estéril. Município de Niterói, Engenho do Mato.","RB",1424235843,"urn:catalog:JBRJ:RB:519043","PhysicalObject","A.A.M. de Barros; L.J.S. Pinto","RB00519043","RB 461590","JBRJ","","M.C. Souza","","","",252,NA,"","","","","","","","","","",NA,NA,"","",NA,"",NA,"","","",NA,NA,NA,NA,NA,NA,NA,"Niterói","Rio de Janeiro","brazil",1365,"Niterói",3303302,-43.054805,-22.91459,"RIO DE JANEIRO","RJ","Rio de Janeiro",-42.66307908,-22.19581555,"Rio de Janeiro","rj",-22.921389,-42.999167,"original coordinates","original coordinates OK"
"9","Eugenia rostrata",1090512754,-14.416667,-39.083333,"gass84","bc81e05b-ed51-46ba-a0a4-90fbae9b5545","c6aacf9d-a5a7-4d7f-a6fc-ea0a4b8ec450","none","b38ff2b7-c8af-454e-b5af-ee760f0d5bca","BR","DWC_ARCHIVE","2018-11-24T12:34:30.519+0000","2018-11-24T12:34:30.562+0000",122,"none","PRESERVED_SPECIMEN",5416913,6,7707728,220,690,5014,3177662,5416913,5416913,"Eugenia rostrata O.Berg","Eugenia rostrata O.Berg","Plantae","Tracheophyta","Myrtales","Myrtaceae","Eugenia","Eugenia rostrata","Eugenia","rostrata","SPECIES","ACCEPTED","none","Bahia",2007,6,1,"2007-06-01T00:00:00","2018-11-14T18:12:38.000+0000","2018-12-08T04:42:58.903+0000","http://creativecommons.org/licenses/by-nc/4.0/legalcode","none","none","none","WGS84","Magnoliopsida","BR","Brazil","CEPEC - Herbário do Centro de Pesquisas do Cacau","BRA:CEPLAC:CEPEC:0000123507","22","CEPEC - Herbário do Centro de Pesquisas do Cacau","URUÇUCA","Parque Estadual da Serra do Conduru","CEPEC",1090512754,"BRA:CEPLAC:CEPEC:0000123507","Collection","Piotto, D.","123507","","Comissão Executiva do Plano da Lavoura Cacaueira (CEPLAC)","Floresta secundária, idade: 40 anos, sítio: 3 , linha: 2 , #: 15 , dist.: 23 , dap: 10.5 cm, altura: 12 m","Sem Informação","","pt","Comissão Executiva do Plano da Lavoura Cacaueira (CEPLAC)",120,0,"","","","","","","","","","",NA,NA,"","",NA,"",NA,"","","",NA,NA,NA,NA,NA,NA,NA,"URUÇUCA","Bahia","brazil",3281,"Uruçuca",2932705,-39.232321,-14.527691,"BAHIA","BA","Bahia",-41.72018023,-12.47295682,"Bahia","ba",-14.416667,-39.083333,"original coordinates","original coordinates outside municipality original in urucuca falls in itacare"
"10","Eugenia rostrata",1928876278,-15.38,-39.55,"gass84","d415c253-4d61-4459-9d25-4015b9084fb0","ae447c50-b8a8-11d8-92a4-b8a03c50a862","none","17017c2c-036b-45d9-b045-606d21b00771","US","DWC_ARCHIVE","2018-11-18T14:52:44.426+0000","2018-11-18T14:52:44.486+0000",96,"none","PRESERVED_SPECIMEN",5416913,6,7707728,220,690,5014,3177662,5416913,5416913,"Eugenia rostrata O.Berg","Eugenia rostrata O.Berg","Plantae","Tracheophyta","Myrtales","Myrtaceae","Eugenia","Eugenia rostrata","Eugenia","rostrata","SPECIES","ACCEPTED","2013-01-01T00:00:00","Bahia",2006,6,6,"2006-06-06T00:00:00","","2018-12-08T19:29:51.722+0000","http://creativecommons.org/publicdomain/zero/1.0/legalcode","none","none","none","WGS84","Magnoliopsida","BR","Brazil","The New York Botanical Garden","4e635407-7896-427b-a155-a29b0caf4b0f","810","Vascular plants","","RPPN Serra Bonita, 9,7 km W de CamacÃ¡ na estrada para JacarecÃ­, daÃ­ 6 km SW na estrada para a RPPN e Torre da Embratel. Trilha do mirante, atÃ© a Torre","NY",1928876278,"4e635407-7896-427b-a155-a29b0caf4b0f","PhysicalObject","M. M. M. Lopes","00906779","","NY","","M. Sobral","SOUTH_AMERICA","en","",850,0,"","http://sweetgum.nybg.org/science/vh/specimen_details.php?irn=982589","Floresta OmbrÃ³fila Densa Montana","http://biocol.org/urn:lsid:biocol.org:col:15556","Camacan","sheet","Identification from photos","2789 ft","ICN","06 Jun 2006",157,157,"http://biocol.org/urn:lsid:biocol.org:col:15556","",NA,"",NA,"","","",NA,NA,NA,NA,NA,NA,NA,"","Bahia","brazil",NA,"",NA,NA,NA,"","","Bahia",-41.72018023,-12.47295682,"Bahia","ba",-15.38,-39.55,"original coordinates","original coordinates outside municipality original in  falls in camacan"
"11","Eugenia rostrata",1424069944,-23.033333,-43.616667,"cdround,gass84","4300f8d5-1ae5-49e5-a101-63894b005868","838537fc-4aeb-4980-8b58-97fbdcd1d91a","none","da7fe11a-b42c-46cb-9e9d-02243edb738a","BR","DWC_ARCHIVE","2018-10-02T15:38:38.576+0000","2018-09-24T20:00:12.745+0000",207,"none","PRESERVED_SPECIMEN",5416913,6,7707728,220,690,5014,3177662,5416913,5416913,"Eugenia rostrata O.Berg","Eugenia rostrata O.Berg","Plantae","Tracheophyta","Myrtales","Myrtaceae","Eugenia","Eugenia rostrata","Eugenia","rostrata","SPECIES","ACCEPTED","2005-02-22T00:00:00","Rio de Janeiro",2005,1,23,"2005-01-23T00:00:00","2014-07-22T12:26:37.383+0000","2018-12-06T16:56:48.781+0000","http://creativecommons.org/licenses/by/4.0/legalcode","none","none","none","WGS84","Magnoliopsida","BR","Brazil","Rio de Janeiro Botanical Garden","urn:catalog:JBRJ:RB:308696","115","RB - Rio de Janeiro Botanical Garden Herbarium Collection","Rio de Janeiro","Restinga da Marambaia. Campo de Provas da Marambaia (Exército), entre as Linhas IV e II. Restinga da Marambaia","RB",1424069944,"urn:catalog:JBRJ:RB:308696","PhysicalObject","H.M. Dias; R. Freitas","RB00308696","RB 415723","JBRJ","Árvore 7,0 m de alt., folhas discolores simples com ápice agudo. Raro. Estéril.","M.C. Souza","","","",NA,NA,"Em comunidade arbustiva fechada sobre cordão arenoso de restinga.","","","","","","","","","",NA,NA,"","",NA,"",NA,"","","",NA,NA,NA,NA,NA,NA,NA,"Rio de Janeiro","Rio de Janeiro","brazil",1360,"Rio de Janeiro",3304557,-43.45231,-22.924471,"RIO DE JANEIRO","RJ","Rio de Janeiro",-42.66307908,-22.19581555,"Rio de Janeiro","rj",-23.033333,-43.616667,"original coordinates","original coordinates OK"
"12","Eugenia rostrata",1424422017,-22.551111,-43.415556,"cdround,gass84","4300f8d5-1ae5-49e5-a101-63894b005868","838537fc-4aeb-4980-8b58-97fbdcd1d91a","none","da7fe11a-b42c-46cb-9e9d-02243edb738a","BR","DWC_ARCHIVE","2018-10-02T15:42:13.743+0000","2018-09-24T20:03:30.106+0000",207,"none","PRESERVED_SPECIMEN",5416913,6,7707728,220,690,5014,3177662,5416913,5416913,"Eugenia rostrata O.Berg","Eugenia rostrata O.Berg","Plantae","Tracheophyta","Myrtales","Myrtaceae","Eugenia","Eugenia rostrata","Eugenia","rostrata","SPECIES","ACCEPTED","none","Rio de Janeiro",2005,4,6,"2005-04-06T00:00:00","2016-05-18T18:33:43.345+0000","2018-12-06T17:00:14.015+0000","http://creativecommons.org/licenses/by/4.0/legalcode","none","none","none","WGS84","Magnoliopsida","BR","Brazil","Rio de Janeiro Botanical Garden","urn:catalog:JBRJ:RB:722965","79","RB - Rio de Janeiro Botanical Garden Herbarium Collection","Rio de Janeiro","REBIO Tinguá. Orbel II, Módulo PPbio Mata Atlântica. Local OB2. Parcela 7. Nº indivíduo 449. Levantamento Fitossociológico. Material estéril.","RB",1424422017,"urn:catalog:JBRJ:RB:722965","PhysicalObject","Rodrigues, P.J.F.P.","RB00722965","RB 554849","JBRJ","Árvore com DAP 10,7 cm, em 2005, e 8,5 m de altura.","","","","",NA,NA,"Floresta Ombrófila Densa.","","","","","","","","","",NA,NA,"","",NA,"",NA,"","","",NA,NA,NA,NA,NA,NA,NA,"Rio de Janeiro","Rio de Janeiro","brazil",1360,"Rio de Janeiro",3304557,-43.45231,-22.924471,"RIO DE JANEIRO","RJ","Rio de Janeiro",-42.66307908,-22.19581555,"Rio de Janeiro","rj",-22.551111,-43.415556,"original coordinates","original coordinates outside municipality original in rio de janeiro falls in nova iguacu"
"13","Eugenia rostrata",1087633511,-13.890833,-39.459167,"gass84","d2470ef8-edfa-4ba7-821e-c3e1a537bdba","4265f332-341c-45f6-b30b-5dc2e39b86e8","none","b38ff2b7-c8af-454e-b5af-ee760f0d5bca","BR","DWC_ARCHIVE","2018-11-14T17:11:32.916+0000","2018-09-24T16:35:52.751+0000",121,"none","PRESERVED_SPECIMEN",5416913,6,7707728,220,690,5014,3177662,5416913,5416913,"Eugenia rostrata O.Berg","Eugenia rostrata O.Berg","Plantae","Tracheophyta","Myrtales","Myrtaceae","Eugenia","Eugenia rostrata","Eugenia","rostrata","SPECIES","ACCEPTED","2005-01-01T00:00:00","Bahia",2003,3,19,"2003-03-19T00:00:00","2018-09-03T23:36:48.000+0000","2018-12-08T13:05:35.777+0000","http://creativecommons.org/licenses/by-nc/4.0/legalcode","none","none","none","WGS84","Magnoliopsida","BR","Brazil","BHCB - Herbário da Universidade Federal de Minas Gerais","BRA:UFMG:BHCB:0000092907","s.n.","BHCB - Herbário da Universidade Federal de Minas Gerais","Ibirapitanga","Reserva Municipal Cachoeira do Pau, 22km N de Itamarati na BR 101, em seguida 6,8km E na estrada para a Torre da Embratel. Floresta úmida do Sul da Bahia.","BHCB",1087633511,"BRA:UFMG:BHCB:0000092907","Collection","Thomas, WW; Amorim, AMA; Paixão, JL; Fiaschi, P; Sant'Ana, SC de; Clifton, B","92907","","Universidade Federal de Minas Gerais (UFMG)","Árvore, 16m; verde brilhante acima, verde pálido abaixo; frutos verde-amarelado tornando-se marrom-avermelhado.","","SOUTH_AMERICA","pt","Universidade Federal de Minas Gerais (UFMG)",69,0,"","","","","","","","","","",NA,NA,"","",NA,"",NA,"","","",NA,NA,NA,NA,NA,NA,NA,"Ibirapitanga","Bahia","brazil",3339,"Ibirapitanga",2912707,-39.430695,-14.061146,"BAHIA","BA","Bahia",-41.72018023,-12.47295682,"Bahia","ba",-13.890833,-39.459167,"original coordinates","original coordinates OK"
"14","Eugenia rostrata",1424067438,-22.733056,-41.963889,"cdround,gass84","4300f8d5-1ae5-49e5-a101-63894b005868","838537fc-4aeb-4980-8b58-97fbdcd1d91a","none","da7fe11a-b42c-46cb-9e9d-02243edb738a","BR","DWC_ARCHIVE","2018-10-02T15:38:37.089+0000","2018-09-24T20:00:10.445+0000",207,"none","PRESERVED_SPECIMEN",5416913,6,7707728,220,690,5014,3177662,5416913,5416913,"Eugenia rostrata O.Berg","Eugenia rostrata O.Berg","Plantae","Tracheophyta","Myrtales","Myrtaceae","Eugenia","Eugenia rostrata","Eugenia","rostrata","SPECIES","ACCEPTED","2011-04-20T00:00:00","Rio de Janeiro",2003,8,29,"2003-08-29T00:00:00","2014-07-22T12:19:06.431+0000","2018-12-06T16:56:47.463+0000","http://creativecommons.org/licenses/by/4.0/legalcode","none","none","none","WGS84","Magnoliopsida","BR","Brazil","Rio de Janeiro Botanical Garden","urn:catalog:JBRJ:RB:306170","335","RB - Rio de Janeiro Botanical Garden Herbarium Collection","Armação dos Búzios","Praia da Gorda.","RB",1424067438,"urn:catalog:JBRJ:RB:306170","PhysicalObject","Heloisa G. Dantas; Fernandes D.; Ribeiro, R.D.","RB00306170","RB 414162","JBRJ","Floresta semidecidual sobre tabuleiros costeiros; árvore com 15 cm de DAP.","M.C. Souza & J.A.G. Oliveira","","","",NA,NA,"","","","","","","","","","",NA,NA,"","",NA,"",NA,"","","",NA,NA,NA,NA,NA,NA,NA,"Armação dos Búzios","Rio de Janeiro","brazil",1422,"Armação dos Búzios",3300233,-41.951971,-22.776712,"RIO DE JANEIRO","RJ","Rio de Janeiro",-42.66307908,-22.19581555,"Rio de Janeiro","rj",-22.733056,-41.963889,"original coordinates","original coordinates OK"
"15","Eugenia rostrata",1087637270,-23.976944,-46.371944,"gass84","d2470ef8-edfa-4ba7-821e-c3e1a537bdba","4265f332-341c-45f6-b30b-5dc2e39b86e8","none","b38ff2b7-c8af-454e-b5af-ee760f0d5bca","BR","DWC_ARCHIVE","2018-11-14T17:11:34.336+0000","2018-02-15T05:17:34.224+0000",121,"none","PRESERVED_SPECIMEN",5416913,6,7707728,220,690,5014,3177662,5416913,5416913,"Eugenia rostrata O.Berg","Eugenia rostrata O.Berg","Plantae","Tracheophyta","Myrtales","Myrtaceae","Eugenia","Eugenia rostrata","Eugenia","rostrata","SPECIES","ACCEPTED","2014-01-01T00:00:00","São Paulo",2003,9,5,"2003-09-05T00:00:00","2018-01-16T21:11:40.000+0000","2018-12-08T13:05:37.374+0000","http://creativecommons.org/licenses/by-nc/4.0/legalcode","none","none","none","WGS84","Magnoliopsida","BR","Brazil","BHCB - Herbário da Universidade Federal de Minas Gerais","BRA:UFMG:BHCB:0000101592","1255","BHCB - Herbário da Universidade Federal de Minas Gerais","São Vicente","Parque Estadual Xixová-Japuí, Trilha da Pedreira, primeiro acesso após o mirante, topo de morro","BHCB",1087637270,"BRA:UFMG:BHCB:0000101592","Collection","Pastore, JA; Moura, C","101592","","Universidade Federal de Minas Gerais (UFMG)","","","SOUTH_AMERICA","pt","Universidade Federal de Minas Gerais (UFMG)",0,0,"","","","","","","","","","",NA,NA,"","",NA,"",NA,"","","",NA,NA,NA,NA,NA,NA,NA,"São Vicente","São Paulo","brazil",1053,"São Vicente",3551009,-46.487907,-23.958987,"SAO PAULO","SP","São Paulo",-48.72944932,-22.26440593,"São Paulo","sp",-23.976944,-46.371944,"original coordinates","original coordinates OK"
"16","Eugenia rostrata",1424069786,-22.731667,-41.969444,"cdround,gass84","4300f8d5-1ae5-49e5-a101-63894b005868","838537fc-4aeb-4980-8b58-97fbdcd1d91a","none","da7fe11a-b42c-46cb-9e9d-02243edb738a","BR","DWC_ARCHIVE","2018-10-02T15:38:38.541+0000","2018-09-24T20:00:12.698+0000",207,"none","PRESERVED_SPECIMEN",5416913,6,7707728,220,690,5014,3177662,5416913,5416913,"Eugenia rostrata O.Berg","Eugenia rostrata O.Berg","Plantae","Tracheophyta","Myrtales","Myrtaceae","Eugenia","Eugenia rostrata","Eugenia","rostrata","SPECIES","ACCEPTED","2005-01-01T00:00:00","Rio de Janeiro",2003,11,1,"2003-11-01T00:00:00","2014-07-22T12:26:09.830+0000","2018-12-06T16:56:48.702+0000","http://creativecommons.org/licenses/by/4.0/legalcode","none","none","none","WGS84","Magnoliopsida","BR","Brazil","Rio de Janeiro Botanical Garden","urn:catalog:JBRJ:RB:308555","PGP 355-HGD 461","RB - Rio de Janeiro Botanical Garden Herbarium Collection","Armação dos Búzios","Praia da Gorda.","RB",1424069786,"urn:catalog:JBRJ:RB:308555","PhysicalObject","Heloisa G. Dantas; Ribeiro, R.D.","RB00308555","RB 414159","JBRJ","Árvore com 11 metros de altura e 6 cm de DAP.","M. Sobral","","","",NA,NA,"Floresta semidecidual sobre tabuleiros costeiros.1","","","","","","","","","",NA,NA,"","",NA,"",NA,"","","",NA,NA,NA,NA,NA,NA,NA,"Armação dos Búzios","Rio de Janeiro","brazil",1422,"Armação dos Búzios",3300233,-41.951971,-22.776712,"RIO DE JANEIRO","RJ","Rio de Janeiro",-42.66307908,-22.19581555,"Rio de Janeiro","rj",-22.731667,-41.969444,"original coordinates","original coordinates OK"
"17","Eugenia rostrata",1094778444,-12.486111,-41.362222,"gass84,iddatunl","2e684fd6-09e2-4661-910a-0a188b610c04","60545be9-4f28-4245-b4b4-07635c8dfa54","none","b38ff2b7-c8af-454e-b5af-ee760f0d5bca","BR","DWC_ARCHIVE","2018-11-14T17:18:25.494+0000","2018-09-10T18:26:21.429+0000",124,"none","PRESERVED_SPECIMEN",5416913,6,7707728,220,690,5014,3177662,5416913,5416913,"Eugenia rostrata O.Berg","Eugenia rostrata O.Berg","Plantae","Tracheophyta","Myrtales","Myrtaceae","Eugenia","Eugenia rostrata","Eugenia","rostrata","SPECIES","ACCEPTED","2015-07-01T00:00:00","Bahia",2002,4,3,"2002-04-03T00:00:00","","2018-09-10T18:26:31.315+0000","http://creativecommons.org/licenses/by-nc/4.0/legalcode","none","none","none","WGS84","Magnoliopsida","BR","Brazil","HUEFS - Herbario da Universidade Estadual de Feira de Santana","BRA:UEFS:HUEFS:0000060438","FCD73","HUEFS - Herbario da Universidade Estadual de Feira de Santana","Lençóis","","HUEFS",1094778444,"BRA:UEFS:HUEFS:0000060438","Collection","Funch, R.","60438","","UEFS","Mata perenifólia sob latosolos","E.J.Lucas","","pt","Universidade Estadual de Feira de Santana (UEFS)",NA,NA,"","","","","","","","","","",NA,NA,"","",NA,"",NA,"","","",NA,NA,NA,NA,NA,NA,NA,"Lençóis","Bahia","brazil",3540,"Lençóis",2919306,-41.334774,-12.419573,"BAHIA","BA","Bahia",-41.72018023,-12.47295682,"Bahia","ba",-12.486111,-41.362222,"original coordinates","original coordinates OK"
"18","Eugenia rostrata",1094173199,-14.706944,-39.189722,"gass84","fffdea53-c113-4cdc-896e-a9c5fd726591","1c72778c-05de-4f31-b83a-ff541ce5dff7","none","b38ff2b7-c8af-454e-b5af-ee760f0d5bca","BR","DWC_ARCHIVE","2018-11-24T12:32:23.314+0000","2018-09-25T15:14:02.310+0000",81,"none","PRESERVED_SPECIMEN",5416913,6,7707728,220,690,5014,3177662,5416913,5416913,"Eugenia rostrata O.Berg","Eugenia rostrata O.Berg","Plantae","Tracheophyta","Myrtales","Myrtaceae","Eugenia","Eugenia rostrata","Eugenia","rostrata","SPECIES","ACCEPTED","none","Bahia",2001,3,26,"2001-03-26T00:00:00","2018-08-22T12:17:46.000+0000","2018-12-09T06:20:45.088+0000","http://creativecommons.org/licenses/by-nc/4.0/legalcode","none","none","none","WGS84","Magnoliopsida","BR","Brazil","UESC - Herbário Universidade Estadual de Santa Cruz","BRA:UESC:UESC:0000009677","340","UESC - Herbário Universidade Estadual de Santa Cruz","Ilhéus","","UESC",1094173199,"BRA:UESC:UESC:0000009677","Collection","Sambuichi, R.H.R.","9677","","UESC","Árvore, DAP 19,0. Indivíduo 190A.","","","pt","Universidade Estadual de Santa Cruz (UESC)",NA,NA,"","","","","","","","","","",NA,NA,"","",NA,"",NA,"","","",NA,NA,NA,NA,NA,NA,NA,"Ilhéus","Bahia","brazil",3250,"Ilhéus",2913606,-39.190761,-14.766458,"BAHIA","BA","Bahia",-41.72018023,-12.47295682,"Bahia","ba",-14.706944,-39.189722,"original coordinates","original coordinates OK"
"19","Eugenia rostrata",1946093569,-11.151389,-40.485278,"gass84","5b5cf455-a448-4c0a-aecd-3e0956f27f10","afdd8e93-b4e3-491c-88f0-8a22834ac1a9","none","b38ff2b7-c8af-454e-b5af-ee760f0d5bca","BR","DWC_ARCHIVE","2018-12-03T14:12:35.361+0000","2018-12-03T16:16:32.053+0000",122,"none","PRESERVED_SPECIMEN",5416913,6,7707728,220,690,5014,3177662,5416913,5416913,"Eugenia rostrata O.Berg","Eugenia rostrata O.Berg","Plantae","Tracheophyta","Myrtales","Myrtaceae","Eugenia","Eugenia rostrata","Eugenia","rostrata","SPECIES","ACCEPTED","2012-03-01T00:00:00","Bahia",2001,4,8,"2001-04-08T00:00:00","2018-11-23T18:11:15.000+0000","2018-12-03T16:18:01.794+0000","http://creativecommons.org/licenses/by-nc/4.0/legalcode","none","none","none","WGS84","Magnoliopsida","BR","Brazil","ALCB - Herbário Alexandre Leal Costa","BRA:UFBA:ALCB:0000055650","s/n","ALCB - Herbário Alexandre Leal Costa","Jacobina","","ALCB",1946093569,"BRA:UFBA:ALCB:0000055650","Collection","Jesus, NG de; Ribeiro, T; Bautista, HP; Tourinho, R","55650","","Universidade Federal da Bahia (UFBA)","Árvore com ca. de 8 m de altura, caule vermelho. Folhas coriáceas. Cálice verde. Frutos jovens longo-pedunculados.","Sobral, M","SOUTH_AMERICA","pt","Universidade Federal da Bahia (UFBA)",NA,NA,"","","","","","","","","","",NA,NA,"","",NA,"",NA,"","","",NA,NA,NA,NA,NA,NA,NA,"Jacobina","Bahia","brazil",3721,"Jacobina",2917508,-40.560093,-11.137404,"BAHIA","BA","Bahia",-41.72018023,-12.47295682,"Bahia","ba",-11.151389,-40.485278,"original coordinates","original coordinates OK"
"20","Eugenia rostrata",1424069979,-22.952778,-43.5025,"cdround,gass84","4300f8d5-1ae5-49e5-a101-63894b005868","838537fc-4aeb-4980-8b58-97fbdcd1d91a","none","da7fe11a-b42c-46cb-9e9d-02243edb738a","BR","DWC_ARCHIVE","2018-10-02T15:38:38.620+0000","2018-09-24T20:00:12.759+0000",207,"none","PRESERVED_SPECIMEN",5416913,6,7707728,220,690,5014,3177662,5416913,5416913,"Eugenia rostrata O.Berg","Eugenia rostrata O.Berg","Plantae","Tracheophyta","Myrtales","Myrtaceae","Eugenia","Eugenia rostrata","Eugenia","rostrata","SPECIES","ACCEPTED","none","Rio de Janeiro",2000,6,2,"2000-06-02T00:00:00","2017-10-19T02:30:37.361+0000","2018-12-06T16:56:48.754+0000","http://creativecommons.org/licenses/by/4.0/legalcode","none","none","none","WGS84","Magnoliopsida","BR","Brazil","Rio de Janeiro Botanical Garden","urn:catalog:JBRJ:RB:308748","08/023","RB - Rio de Janeiro Botanical Garden Herbarium Collection","Rio de Janeiro","Vargem Grande.","RB",1424069979,"urn:catalog:JBRJ:RB:308748","PhysicalObject","A. Quinet","RB00308748","RB 397944","JBRJ","Árvore, 6 m de altura, DAP 22 cm, folhas verde e flor alva.","Graziela M. Barroso","","","",250,NA,"Luminosidade intensa, comum no local, mata de encosta sobre solo argiloso.","","","","","","","","","",NA,NA,"","",NA,"",NA,"","","",NA,NA,NA,NA,NA,NA,NA,"Rio de Janeiro","Rio de Janeiro","brazil",1360,"Rio de Janeiro",3304557,-43.45231,-22.924471,"RIO DE JANEIRO","RJ","Rio de Janeiro",-42.66307908,-22.19581555,"Rio de Janeiro","rj",-22.952778,-43.5025,"original coordinates","original coordinates OK"
"21","Eugenia rostrata",1087671201,-10.658056,-37.304444,"gass84","76823beb-2f33-47a6-96a1-ccd2df47ac28","9243118c-e750-412b-91f4-ac987666eee1","none","b38ff2b7-c8af-454e-b5af-ee760f0d5bca","BR","DWC_ARCHIVE","2018-11-23T18:46:54.921+0000","2018-09-24T19:50:04.447+0000",132,"none","PRESERVED_SPECIMEN",5416913,6,7707728,220,690,5014,3177662,5416913,5416913,"Eugenia rostrata O.Berg","Eugenia rostrata O.Berg","Plantae","Tracheophyta","Myrtales","Myrtaceae","Eugenia","Eugenia rostrata","Eugenia","rostrata","SPECIES","ACCEPTED","2017-10-18T00:00:00","Sergipe",2000,8,3,"2000-08-03T00:00:00","2018-08-31T18:28:36.000+0000","2018-12-08T13:05:52.295+0000","http://creativecommons.org/licenses/by-nc/4.0/legalcode","none","none","none","WGS84","Magnoliopsida","BR","Brazil","ASE - Herbário da Universidade Federal de Sergipe","BRA:UFS:ASE:0000007267","3","ASE - Herbário da Universidade Federal de Sergipe","Malhador","Jacarecica, Área de enchimento do lago.","ASE",1087671201,"BRA:UFS:ASE:0000007267","Collection","Viana, G; Umbelino, PC","7267","","Universidade Federal de Sergipe, UFS","Hábito - Árvore.; Hábito - Árvore.; Mata Atlântica.","Proença, C","SOUTH_AMERICA","pt","Universidade Federal de Sergipe, UFS",NA,NA,"","","","","","","","","","",NA,NA,"","",NA,"",NA,"","","",NA,NA,NA,NA,NA,NA,NA,"Malhador","Sergipe","brazil",3796,"Malhador",2803906,-37.289564,-10.674902,"SERGIPE","SE","Sergipe",-37.44360505,-10.583842,"Sergipe","se",-10.658056,-37.304444,"original coordinates","original coordinates OK"
"22","Eugenia rostrata",1930455115,-15.17,-39.58,"gass84","d415c253-4d61-4459-9d25-4015b9084fb0","ae447c50-b8a8-11d8-92a4-b8a03c50a862","none","17017c2c-036b-45d9-b045-606d21b00771","US","DWC_ARCHIVE","2018-11-18T15:59:09.485+0000","2018-11-18T15:59:09.569+0000",96,"none","PRESERVED_SPECIMEN",5416913,6,7707728,220,690,5014,3177662,5416913,5416913,"Eugenia rostrata O.Berg","Eugenia rostrata O.Berg","Plantae","Tracheophyta","Myrtales","Myrtaceae","Eugenia","Eugenia rostrata","Eugenia","rostrata","SPECIES","ACCEPTED","2013-01-01T00:00:00","Bahia",1998,2,9,"1998-02-09T00:00:00","","2018-12-07T22:50:58.325+0000","http://creativecommons.org/publicdomain/zero/1.0/legalcode","none","none","none","WGS84","Magnoliopsida","BR","Brazil","The New York Botanical Garden","be121338-7b78-4d74-9ce8-fb041c9895dc","11773","Vascular plants","","Serra do Teimoso, 7.5 km N of Jussari on road to Palmira, then 2 km W to Fazenda Teimoso, then 45 min. walk W to Reserva da Fazenda Teimoso, Transect Quadrat 2","NY",1930455115,"be121338-7b78-4d74-9ce8-fb041c9895dc","PhysicalObject","W. W. Thomas","547734","","NY","","M. Sobral","SOUTH_AMERICA","en","",375,75,"","http://sweetgum.nybg.org/science/vh/specimen_details.php?irn=479409","Semi-deciduous forest","http://biocol.org/urn:lsid:biocol.org:col:15556","Jussari","sheet","Identification from photos, (sterile specimen)","984-1476 ft","ICN","09 Feb 1998",40,40,"http://biocol.org/urn:lsid:biocol.org:col:15556","",NA,"",NA,"","","",NA,NA,NA,NA,NA,NA,NA,"","Bahia","brazil",NA,"",NA,NA,NA,"","","Bahia",-41.72018023,-12.47295682,"Bahia","ba",-15.17,-39.58,"original coordinates","original coordinates outside municipality original in  falls in itaju do colonia"
"23","Eugenia rostrata",1094773557,-13,-41.383333,"gass84,iddatunl","2e684fd6-09e2-4661-910a-0a188b610c04","60545be9-4f28-4245-b4b4-07635c8dfa54","none","b38ff2b7-c8af-454e-b5af-ee760f0d5bca","BR","DWC_ARCHIVE","2018-11-14T17:18:22.130+0000","2018-09-10T18:26:19.053+0000",124,"none","PRESERVED_SPECIMEN",5416913,6,7707728,220,690,5014,3177662,5416913,5416913,"Eugenia rostrata O.Berg","Eugenia rostrata O.Berg","Plantae","Tracheophyta","Myrtales","Myrtaceae","Eugenia","Eugenia rostrata","Eugenia","rostrata","SPECIES","ACCEPTED","2004-05-01T00:00:00","Bahia",1997,8,3,"1997-08-03T00:00:00","","2018-09-10T18:26:28.103+0000","http://creativecommons.org/licenses/by-nc/4.0/legalcode","none","none","none","WGS84","Magnoliopsida","BR","Brazil","HUEFS - Herbario da Universidade Estadual de Feira de Santana","BRA:UEFS:HUEFS:0000055523","1042","HUEFS - Herbario da Universidade Estadual de Feira de Santana","Mucugê","Cabeceira do Rio Mucugê. Folha Larga.","HUEFS",1094773557,"BRA:UEFS:HUEFS:0000055523","Collection","Funch, L.S.","55523","","UEFS","Mata ciliar do Rio Mucugê.","M.Sobral","","pt","Universidade Estadual de Feira de Santana (UEFS)",NA,NA,"","","","","","","","","","",NA,NA,"","",NA,"",NA,"","","",NA,NA,NA,NA,NA,NA,NA,"Mucugê","Bahia","brazil",3451,"Mucugê",2921906,-41.469352,-13.061639,"BAHIA","BA","Bahia",-41.72018023,-12.47295682,"Bahia","ba",-13,-41.383333,"original coordinates","original coordinates OK"
"24","Eugenia rostrata",1260620169,-13,-41.38333,"gass84","7bd65a7a-f762-11e1-a439-00145eb45e9a","90fd6680-349f-11d8-aa2d-b8a03c50a862","none","c4e134d3-c68f-406d-a116-6a37895602e0","US","DWC_ARCHIVE","2018-06-20T08:03:04.284+0000","2016-03-21T16:10:20.731+0000",28,"none","PRESERVED_SPECIMEN",5416913,6,7707728,220,690,5014,3177662,5416913,5416913,"Eugenia rostrata O.Berg","Eugenia rostrata O.Berg","Plantae","Tracheophyta","Myrtales","Myrtaceae","Eugenia","Eugenia rostrata","Eugenia","rostrata","SPECIES","ACCEPTED","2004-01-01T00:00:00","Bahia",1997,8,3,"1997-08-03T00:00:00","2008-07-01T03:33:00.000+0000","2018-12-09T00:37:20.734+0000","http://creativecommons.org/licenses/by/4.0/legalcode","none","none","none","WGS84","Magnoliopsida","BR","Brazil","Missouri Botanical Garden","urn:catalog:MO:Tropicos:3225134","Funch 1042","Tropicos","","Mucugé: Cabeceira do Rio Mucugé. Folha Larga. Mata cillar do Rio Mucugé.","MO",1260620169,"urn:catalog:MO:Tropicos:3225134","PhysicalObject","L.S. Funch","3225134","","MO","","M. Sobral","SOUTH_AMERICA","","MOBOT",NA,NA,"","","","","","","","","ICNafp","",NA,NA,"http://biocol.org/urn:lsid:biocol.org:col:15859","No opinion",50324798,"http://www.tropicos.org/Specimen/3225134",NA,"","","",NA,NA,NA,NA,NA,NA,NA,"","Bahia","brazil",NA,"",NA,NA,NA,"","","Bahia",-41.72018023,-12.47295682,"Bahia","ba",-13,-41.38333,"original coordinates","original coordinates outside municipality original in  falls in mucuge"
"25","Eugenia rostrata",1929354137,-15.218925,-39.248107,"cdround","d415c253-4d61-4459-9d25-4015b9084fb0","ae447c50-b8a8-11d8-92a4-b8a03c50a862","none","17017c2c-036b-45d9-b045-606d21b00771","US","DWC_ARCHIVE","2018-11-18T15:22:14.211+0000","2018-11-18T15:22:14.219+0000",96,"none","PRESERVED_SPECIMEN",5416913,6,7707728,220,690,5014,3177662,5416913,5416913,"Eugenia rostrata O.Berg","Eugenia rostrata O.Berg","Plantae","Tracheophyta","Myrtales","Myrtaceae","Eugenia","Eugenia rostrata","Eugenia","rostrata","SPECIES","ACCEPTED","2013-01-01T00:00:00","Bahia",1997,10,30,"1997-10-30T00:00:00","","2018-12-07T23:56:24.416+0000","http://creativecommons.org/publicdomain/zero/1.0/legalcode","none","none","none","WGS84","Magnoliopsida","BR","Brazil","The New York Botanical Garden","703daf7e-3cee-4839-8a68-55d4451d9ea7","3620","Vascular plants","","Fazenda Sao Rafael (antiga Fazenda Dendhevea). Ramal Ã  esquerda, aproximadamente a 1 km da SÃ©de, rumo ao CÃ³rrego do Tucum","NY",1929354137,"703daf7e-3cee-4839-8a68-55d4451d9ea7","PhysicalObject","L. A. Mattos Silva","565224","","NY","","M. Sobral","SOUTH_AMERICA","en","",0,0,"","http://sweetgum.nybg.org/science/vh/specimen_details.php?irn=479684","VegetaÃ§ao de mata higrÃ³fila sul baiana (Mata AtlÃ¢ntica)","http://biocol.org/urn:lsid:biocol.org:col:15556","Una","sheet","Identification from photos","","ICN","30 Oct 1997",303,303,"http://biocol.org/urn:lsid:biocol.org:col:15556","",NA,"",2055,"2014-03-18","Georeferencing Quick Reference Guide, Version 2012","Google Maps (map data 2014), Manis Georef. Calculator",NA,NA,NA,NA,NA,NA,NA,"","Bahia","brazil",NA,"",NA,NA,NA,"","","Bahia",-41.72018023,-12.47295682,"Bahia","ba",-15.218925,-39.248107,"original coordinates","original coordinates outside municipality original in  falls in una"
"26","Eugenia rostrata",1946093607,-12,-41,"gass84","5b5cf455-a448-4c0a-aecd-3e0956f27f10","afdd8e93-b4e3-491c-88f0-8a22834ac1a9","none","b38ff2b7-c8af-454e-b5af-ee760f0d5bca","BR","DWC_ARCHIVE","2018-12-03T14:06:14.602+0000","2018-12-03T16:16:32.049+0000",122,"none","PRESERVED_SPECIMEN",5416913,6,7707728,220,690,5014,3177662,5416913,5416913,"Eugenia rostrata O.Berg","Eugenia rostrata O.Berg","Plantae","Tracheophyta","Myrtales","Myrtaceae","Eugenia","Eugenia rostrata","Eugenia","rostrata","SPECIES","ACCEPTED","2012-03-01T00:00:00","Bahia",1996,7,8,"1996-07-08T00:00:00","2018-11-23T18:11:15.000+0000","2018-12-03T16:18:01.791+0000","http://creativecommons.org/licenses/by-nc/4.0/legalcode","none","none","none","WGS84","Magnoliopsida","BR","Brazil","ALCB - Herbário Alexandre Leal Costa","BRA:UFBA:ALCB:0000037793","PCD&nf;3482","ALCB - Herbário Alexandre Leal Costa","Lençóis","Chapada Diamantina, Serra da Chapadinha","ALCB",1946093607,"BRA:UFBA:ALCB:0000037793","Collection","Bautista, HP; Harley, RM; Hind, DJN; Smith, S; Giulietti, AM","037793","","Universidade Federal da Bahia (UFBA)","até 5,00 m. folhas coriáceas, discolores, faces adaxial verde-escura e abaxial verde-clara. Fruto deiscente com exocarpo passando de vermelho a negro, mesocarpo carnoso vermelho; geralmente 1-2 sementes brancas. Frequente.; Floresta ú","Sobral, M","SOUTH_AMERICA","pt","Universidade Federal da Bahia (UFBA)",NA,NA,"","","","","","","","","","",NA,NA,"","",NA,"",NA,"","","",NA,NA,NA,NA,NA,NA,NA,"Lençóis","Bahia","brazil",3540,"Lençóis",2919306,-41.334774,-12.419573,"BAHIA","BA","Bahia",-41.72018023,-12.47295682,"Bahia","ba",-12,-41,"original coordinates","original coordinates outside municipality original in lencois falls in utinga"
"27","Eugenia rostrata",1424070781,-12.456944,-41.452778,"cdround,gass84","4300f8d5-1ae5-49e5-a101-63894b005868","838537fc-4aeb-4980-8b58-97fbdcd1d91a","none","da7fe11a-b42c-46cb-9e9d-02243edb738a","BR","DWC_ARCHIVE","2018-10-02T15:38:39.100+0000","2018-09-24T20:00:13.598+0000",207,"none","PRESERVED_SPECIMEN",5416913,6,7707728,220,690,5014,3177662,5416913,5416913,"Eugenia rostrata O.Berg","Eugenia rostrata O.Berg","Plantae","Tracheophyta","Myrtales","Myrtaceae","Eugenia","Eugenia rostrata","Eugenia","rostrata","SPECIES","ACCEPTED","2011-01-01T00:00:00","Bahia",1995,4,25,"1995-04-25T00:00:00","","2018-12-06T16:56:49.047+0000","http://creativecommons.org/licenses/by/4.0/legalcode","none","none","none","WGS84","Magnoliopsida","BR","Brazil","Rio de Janeiro Botanical Garden","urn:catalog:JBRJ:RB:309572","1810","RB - Rio de Janeiro Botanical Garden Herbarium Collection","Lençóis","Chapadinha, entrada na mata de grotão, fenda na Serra do Brejão.","RB",1424070781,"urn:catalog:JBRJ:RB:309572","PhysicalObject","M.C.Ferreira; et al.","RB00309572","RB 340633","JBRJ","Árvore de ca. 15 m de altura. Folhas simples. Botões florais e flores alvas. Frutos jovens verdes com manchas vináceas. Frequente.","M.Sobral","","","",980,NA,"Mata de grotão... Vegetação arbórea aberta, muita umidade epífita e palmeiras do gênero Euterpe... Rochas areníticas, solo litólicos e areias hidromórficas..","","","","","","","","","",NA,NA,"","",NA,"",NA,"","","",NA,NA,NA,NA,NA,NA,NA,"Lençóis","Bahia","brazil",3540,"Lençóis",2919306,-41.334774,-12.419573,"BAHIA","BA","Bahia",-41.72018023,-12.47295682,"Bahia","ba",-12.456944,-41.452778,"original coordinates","original coordinates OK"
"28","Eugenia rostrata",1946093623,-12.456944,-41.452778,"gass84","5b5cf455-a448-4c0a-aecd-3e0956f27f10","afdd8e93-b4e3-491c-88f0-8a22834ac1a9","none","b38ff2b7-c8af-454e-b5af-ee760f0d5bca","BR","DWC_ARCHIVE","2018-12-03T14:06:19.375+0000","2018-12-03T16:16:32.027+0000",122,"none","PRESERVED_SPECIMEN",5416913,6,7707728,220,690,5014,3177662,5416913,5416913,"Eugenia rostrata O.Berg","Eugenia rostrata O.Berg","Plantae","Tracheophyta","Myrtales","Myrtaceae","Eugenia","Eugenia rostrata","Eugenia","rostrata","SPECIES","ACCEPTED","2016-11-01T00:00:00","Bahia",1995,4,25,"1995-04-25T00:00:00","2018-11-23T18:11:15.000+0000","2018-12-03T16:18:01.667+0000","http://creativecommons.org/licenses/by-nc/4.0/legalcode","none","none","none","WGS84","Magnoliopsida","BR","Brazil","ALCB - Herbário Alexandre Leal Costa","BRA:UFBA:ALCB:0000048113","PCD1810","ALCB - Herbário Alexandre Leal Costa","Lençóis","Chapada Diamantina, Morro do Pai Inácio, entrada de mata de grotão, fenda da Serra do Brejão","ALCB",1946093623,"BRA:UFBA:ALCB:0000048113","Collection","Ferreira, MC; Pereira, A; Costa, J; Melo, E","48113","","Universidade Federal da Bahia (UFBA)","15,00 m. Folhas simples. Botões florais e flores alvas. Frutos jovens, verdes, manchas vináceas. Frequente.; Vegetação arbórea aberta, com muita umidade, epífitas e palmeiras do gênero Euterpe. Afloramentos rochosos de arenito com sol","Guedes, ML","SOUTH_AMERICA","pt","Universidade Federal da Bahia (UFBA)",980,0,"","","","","","","","","","",NA,NA,"","",NA,"",NA,"","","",NA,NA,NA,NA,NA,NA,NA,"Lençóis","Bahia","brazil",3540,"Lençóis",2919306,-41.334774,-12.419573,"BAHIA","BA","Bahia",-41.72018023,-12.47295682,"Bahia","ba",-12.456944,-41.452778,"original coordinates","original coordinates OK"
"29","Eugenia rostrata",1424070702,-12.439167,-41.427222,"cdround,gass84","4300f8d5-1ae5-49e5-a101-63894b005868","838537fc-4aeb-4980-8b58-97fbdcd1d91a","none","da7fe11a-b42c-46cb-9e9d-02243edb738a","BR","DWC_ARCHIVE","2018-10-02T15:38:39.037+0000","2018-09-24T20:00:13.442+0000",207,"none","PRESERVED_SPECIMEN",5416913,6,7707728,220,690,5014,3177662,5416913,5416913,"Eugenia rostrata O.Berg","Eugenia rostrata O.Berg","Plantae","Tracheophyta","Myrtales","Myrtaceae","Eugenia","Eugenia rostrata","Eugenia","rostrata","SPECIES","ACCEPTED","2011-01-01T00:00:00","Bahia",1995,4,28,"1995-04-28T00:00:00","2017-10-19T03:31:24.748+0000","2018-12-06T16:56:49.142+0000","http://creativecommons.org/licenses/by/4.0/legalcode","none","none","none","WGS84","Magnoliopsida","BR","Brazil","Rio de Janeiro Botanical Garden","urn:catalog:JBRJ:RB:309468","1901","RB - Rio de Janeiro Botanical Garden Herbarium Collection","Palmeiras","Chapadinha. Chapadinha, cercado, margem do córrego da água doce, próximo da Fazenda Helena.","RB",1424070702,"urn:catalog:JBRJ:RB:309468","PhysicalObject","A. Pereira; J. Costa","RB00309468","RB 375070","JBRJ","Arbusto de ca. 2 m de altura. Folhas simples, dicolores, membranáceas. Frutos jovens verde-claros.","M.Sobral","","","",520,NA,"Floresta semi-caducifolia. Vegetação arbórea em bom estágio de conservação, maior porte ao longo do córrego. Rochas areníticas, com cobertura coluvial, solos litolíticos e hidromórficos.","","","","","","","","","",NA,NA,"","",NA,"",NA,"","","",NA,NA,NA,NA,NA,NA,NA,"Palmeiras","Bahia","brazil",3525,"Palmeiras",2923506,-41.55815,-12.545926,"BAHIA","BA","Bahia",-41.72018023,-12.47295682,"Bahia","ba",-12.439167,-41.427222,"original coordinates","original coordinates outside municipality original in palmeiras falls in lencois"
"30","Eugenia rostrata",1090604425,-29.480833,-50.174444,"cdround,gass84","d1d43c63-6b44-472d-8369-8293eca75991","e6c2fab8-8716-48b8-ae62-dacbc73b35b5","none","b38ff2b7-c8af-454e-b5af-ee760f0d5bca","BR","DWC_ARCHIVE","2018-11-23T15:38:47.247+0000","2018-02-15T04:34:27.671+0000",132,"none","PRESERVED_SPECIMEN",5416913,6,7707728,220,690,5014,3177662,5416913,5416913,"Eugenia rostrata O.Berg","Eugenia rostrata O.Berg","Plantae","Tracheophyta","Myrtales","Myrtaceae","Eugenia","Eugenia rostrata","Eugenia","rostrata","SPECIES","ACCEPTED","none","Rio Grande do Sul",1995,9,30,"1995-09-30T00:00:00","2018-01-24T13:46:16.000+0000","2018-12-08T04:43:43.705+0000","http://creativecommons.org/licenses/by-nc/4.0/legalcode","none","none","none","WGS84","Magnoliopsida","BR","Brazil","MPUC - Herbário do Museu da Pontifícia Universidade Católica do Rio Grande do Sul","BRA:PUCRS:MPUC:0000011140","","MPUC - Herbário do Museu da Pontifícia Universidade Católica do Rio Grande do Sul","São Francisco de Paula","CPCN Pró-Mata","MPUC",1090604425,"BRA:PUCRS:MPUC:0000011140","Collection","C.S.A. Martins","11140","","PUCRS","","S.M. Nunes","SOUTH_AMERICA","pt","Pontifícia Universidade Católica do Rio Grande do Sul, PUCRS",NA,NA,"","","","","","","","","","",NA,NA,"","",NA,"",NA,"","","",1,NA,NA,NA,NA,NA,NA,"São Francisco de Paula","Rio Grande do Sul","brazil",221,"São Francisco de Paula",4318200,-50.559952,-29.199375,"RIO GRANDE DO SUL","RS","Rio Grande do Sul",-53.24495754,-29.78635099,"Rio Grande do Sul","rs",-29.480833,-50.174444,"original coordinates","original coordinates OK"
"31","Eugenia rostrata",1264690059,-12.4575,-41.452778,"gass84","1bb3cae3-b91f-4109-8a2d-a1f05f2d6fd3","76dbcb10-efc5-4d5f-87a5-bcd409fc92c8","none","b38ff2b7-c8af-454e-b5af-ee760f0d5bca","BR","DWC_ARCHIVE","2018-11-24T12:30:28.443+0000","2018-09-25T14:04:41.408+0000",126,"none","PRESERVED_SPECIMEN",5416913,6,7707728,220,690,5014,3177662,5416913,5416913,"Eugenia rostrata O.Berg","Eugenia rostrata O.Berg","Plantae","Tracheophyta","Myrtales","Myrtaceae","Eugenia","Eugenia rostrata","Eugenia","rostrata","SPECIES","ACCEPTED","2004-01-01T00:00:00","Bahia",1994,2,17,"1994-02-17T00:00:00","2018-08-21T18:39:45.000+0000","2018-12-08T13:34:49.055+0000","http://creativecommons.org/licenses/by-nc/4.0/legalcode","none","none","none","WGS84","Magnoliopsida","BR","Brazil","SPF - Herbário da Universidade de São Paulo","BRA:USP:SPF:0000094663","CFCR14176","SPF - Herbário da Universidade de São Paulo","Palmeiras","","SPF",1264690059,"BRA:USP:SPF:0000094663","Collection","Harley, RM","94663","","USP","","Sobral, M","","pt","Universidade de São Paulo, USP",950,50,"","","","","","","","","","",NA,NA,"","",NA,"",NA,"","","",NA,NA,NA,NA,NA,NA,NA,"Palmeiras","Bahia","brazil",3525,"Palmeiras",2923506,-41.55815,-12.545926,"BAHIA","BA","Bahia",-41.72018023,-12.47295682,"Bahia","ba",-12.4575,-41.452778,"original coordinates","original coordinates outside municipality original in palmeiras falls in lencois"
"32","Eugenia rostrata",1424288268,-22.433333,-42.833333,"cdround,gass84","4300f8d5-1ae5-49e5-a101-63894b005868","838537fc-4aeb-4980-8b58-97fbdcd1d91a","none","da7fe11a-b42c-46cb-9e9d-02243edb738a","BR","DWC_ARCHIVE","2018-10-02T15:40:52.913+0000","2018-09-24T20:02:08.626+0000",207,"none","PRESERVED_SPECIMEN",5416913,6,7707728,220,690,5014,3177662,5416913,5416913,"Eugenia rostrata O.Berg","Eugenia rostrata O.Berg","Plantae","Tracheophyta","Myrtales","Myrtaceae","Eugenia","Eugenia rostrata","Eugenia","rostrata","SPECIES","ACCEPTED","none","Rio de Janeiro",1991,9,18,"1991-09-18T00:00:00","2017-10-19T13:43:31.420+0000","2018-12-06T16:58:54.465+0000","http://creativecommons.org/licenses/by/4.0/legalcode","none","none","none","WGS84","Magnoliopsida","BR","Brazil","Rio de Janeiro Botanical Garden","urn:catalog:JBRJ:RB:577597","","RB - Rio de Janeiro Botanical Garden Herbarium Collection","Guapimirim","Estação Ecológica Estadual de Paraíso. Parcela 1A.","RB",1424288268,"urn:catalog:JBRJ:RB:577597","PhysicalObject","H.C.de Lima; et al.","RB00577597","RB 490307","JBRJ","INd.: 6.","M.C.Souza","","","",NA,NA,"","","","","","","","","","",NA,NA,"","",NA,"",NA,"","","",NA,NA,NA,NA,NA,NA,NA,"Guapimirim","Rio de Janeiro","brazil",1500,"Guapimirim",3301850,-42.963842,-22.584312,"RIO DE JANEIRO","RJ","Rio de Janeiro",-42.66307908,-22.19581555,"Rio de Janeiro","rj",-22.433333,-42.833333,"original coordinates","original coordinates outside municipality original in guapimirim falls in cachoeiras de macacu"
"33","Eugenia rostrata",1087649691,-22.433333,-42.833333,"gass84","d2470ef8-edfa-4ba7-821e-c3e1a537bdba","4265f332-341c-45f6-b30b-5dc2e39b86e8","none","b38ff2b7-c8af-454e-b5af-ee760f0d5bca","BR","DWC_ARCHIVE","2018-11-14T17:11:38.901+0000","2017-12-29T14:10:12.405+0000",121,"none","PRESERVED_SPECIMEN",5416913,6,7707728,220,690,5014,3177662,5416913,5416913,"Eugenia rostrata O.Berg","Eugenia rostrata O.Berg","Plantae","Tracheophyta","Myrtales","Myrtaceae","Eugenia","Eugenia rostrata","Eugenia","rostrata","SPECIES","ACCEPTED","2009-02-01T00:00:00","Rio de Janeiro",1991,10,26,"1991-10-26T00:00:00","2017-03-31T17:59:44.000+0000","2018-12-08T13:05:42.655+0000","http://creativecommons.org/licenses/by-nc/4.0/legalcode","none","none","none","WGS84","Magnoliopsida","BR","Brazil","BHCB - Herbário da Universidade Federal de Minas Gerais","BRA:UFMG:BHCB:0000141253","952","BHCB - Herbário da Universidade Federal de Minas Gerais","Guapimirim","Estação Ecológica Estadual de Paraíso, Parcela 7D. Área 07D.","BHCB",1087649691,"BRA:UFMG:BHCB:0000141253","Collection","Vaz, AF; et al.","141253","","Universidade Federal de Minas Gerais (UFMG)","Árvore, folhas verdes, flores com cálice e corola alvacentos. Ind.: 1050. DAP 30. Fuste 5. Altura: 13m.","","SOUTH_AMERICA","pt","Universidade Federal de Minas Gerais (UFMG)",0,0,"","","","","","","","","","",NA,NA,"","",NA,"",NA,"","","",NA,NA,NA,NA,NA,NA,NA,"Guapimirim","Rio de Janeiro","brazil",1500,"Guapimirim",3301850,-42.963842,-22.584312,"RIO DE JANEIRO","RJ","Rio de Janeiro",-42.66307908,-22.19581555,"Rio de Janeiro","rj",-22.433333,-42.833333,"original coordinates","original coordinates outside municipality original in guapimirim falls in cachoeiras de macacu"
"34","Eugenia rostrata",1123787635,-20.329722,-40.292222,"gass84","9129ec89-afa7-45af-8b73-509f1f8942ab","667644b9-7b93-4892-80c7-c4271735c515","none","b38ff2b7-c8af-454e-b5af-ee760f0d5bca","BR","DWC_ARCHIVE","2018-10-11T11:54:17.402+0000","2017-12-15T16:34:26.664+0000",129,"none","PRESERVED_SPECIMEN",5416913,6,7707728,220,690,5014,3177662,5416913,5416913,"Eugenia rostrata O.Berg","Eugenia rostrata O.Berg","Plantae","Tracheophyta","Myrtales","Myrtaceae","Eugenia","Eugenia rostrata","Eugenia","rostrata","SPECIES","ACCEPTED","none","Espírito Santo",1982,9,18,"1982-09-18T00:00:00","2017-09-14T14:23:41.000+0000","2018-12-08T12:04:44.836+0000","http://creativecommons.org/licenses/by-nc/4.0/legalcode","none","none","none","WGS84","Magnoliopsida","BR","Brazil","MBML-Herbario - Herbário Mello Leitão","BRA:MBML:MBML-HERBARIO:0000004938","446","MBML-Herbario - Herbário Mello Leitão","Vila Velha","Interlagos","MBML-HERBARIO",1123787635,"BRA:MBML:MBML-HERBARIO:0000004938","Collection","B. Weinberg","4938","","MBML","Flores brancas com rosa forte, árvore +/- 6m.","M. Sobral/1995","","pt","Museu de Biologia Professor Mello Leitão, MBML",NA,NA,"","","","","","","","","","",NA,NA,"","",NA,"",NA,"","","",NA,NA,NA,NA,NA,NA,NA,"Vila Velha","Espírito Santo","brazil",2279,"Vila Velha",3205200,-40.378539,-20.434342,"ESPIRITO SANTO","ES","Espírito Santo",-40.6681057,-19.57475617,"Espírito Santo","es",-20.329722,-40.292222,"original coordinates","original coordinates OK"
"35","Eugenia rostrata",1929929195,-16.356769,-39.133236,"cdround","d415c253-4d61-4459-9d25-4015b9084fb0","ae447c50-b8a8-11d8-92a4-b8a03c50a862","none","17017c2c-036b-45d9-b045-606d21b00771","US","DWC_ARCHIVE","2018-11-18T15:27:17.426+0000","2018-11-18T15:27:17.529+0000",96,"none","PRESERVED_SPECIMEN",5416913,6,7707728,220,690,5014,3177662,5416913,5416913,"Eugenia rostrata O.Berg","Eugenia rostrata O.Berg","Plantae","Tracheophyta","Myrtales","Myrtaceae","Eugenia","Eugenia rostrata","Eugenia","rostrata","SPECIES","ACCEPTED","2013-01-01T00:00:00","Bahia",1979,5,17,"1979-05-17T00:00:00","","2018-12-06T11:23:21.603+0000","http://creativecommons.org/publicdomain/zero/1.0/legalcode","none","none","none","WGS84","Magnoliopsida","BR","Brazil","The New York Botanical Garden","9911fc89-bd61-46ad-bf7d-e179f90d9f6a","11877","Vascular plants","","Estrada velha para Sta. Cruz de CabrÃ¡lia, entre a EstaÃ§ao Ecologica Pau-brasil e Sta. Cruz de CabrÃ¡lia. Cerca de 15 km a NW de Porto Seguro","NY",1929929195,"9911fc89-bd61-46ad-bf7d-e179f90d9f6a","PhysicalObject","S. A. Mori","557971","","NY","","M. Sobral","SOUTH_AMERICA","en","",0,0,"","http://sweetgum.nybg.org/science/vh/specimen_details.php?irn=479307","Mata higrÃ³fila","http://biocol.org/urn:lsid:biocol.org:col:15556","Santa Cruz CabrÃ¡lia","sheet","! M. Sobral 2013 Identification from photos","","ICN","17 May 1979",137,137,"http://biocol.org/urn:lsid:biocol.org:col:15556","",NA,"",8549,"2014-04-15","Georeferencing Quick Reference Guide, Version 2012","Google Maps (map data 2014), Manis Georef. Calculator",NA,NA,NA,NA,NA,NA,NA,"","Bahia","brazil",NA,"",NA,NA,NA,"","","Bahia",-41.72018023,-12.47295682,"Bahia","ba",-16.356769,-39.133236,"original coordinates","original coordinates outside municipality original in  falls in santa cruz cabralia"
"36","Eugenia rostrata",1930908819,-14.7929067831182,-39.0490868076529,"cdrep","d415c253-4d61-4459-9d25-4015b9084fb0","ae447c50-b8a8-11d8-92a4-b8a03c50a862","none","17017c2c-036b-45d9-b045-606d21b00771","US","DWC_ARCHIVE","2018-11-18T16:23:04.296+0000","2018-10-19T15:08:06.488+0000",96,"none","PRESERVED_SPECIMEN",5416913,6,7707728,220,690,5014,3177662,5416913,5416913,"Eugenia rostrata O.Berg","Eugenia rostrata O.Berg","Plantae","Tracheophyta","Myrtales","Myrtaceae","Eugenia","Eugenia rostrata","Eugenia","rostrata","SPECIES","ACCEPTED","2005-01-01T00:00:00","Bahia",1979,10,27,"1979-10-27T00:00:00","","2018-12-08T04:56:31.325+0000","http://creativecommons.org/publicdomain/zero/1.0/legalcode","none","none","none","WGS84","Magnoliopsida","BR","Brazil","The New York Botanical Garden","de2c16df-41dd-488d-9394-eca85878e1a4","12869","Vascular plants","","Estrada entre SururÃº e Vila Brasil, a 6-14 km de SururÃº.  A 12-20 km ao SE de Buerarema","NY",1930908819,"de2c16df-41dd-488d-9394-eca85878e1a4","PhysicalObject","S. A. Mori","01840203","","NY","","M. Sobral","SOUTH_AMERICA","en","",100,0,"","http://sweetgum.nybg.org/science/vh/specimen_details.php?irn=479332","RegiÃ£o de Mata HigrÃ³fila Sul-baiana. Mata em via de destruiÃ§Ã£o.","http://biocol.org/urn:lsid:biocol.org:col:15556","IlhÃ©us","sheet","det via RB","ca 328 ft","ICN","27 Oct 1979",300,300,"http://biocol.org/urn:lsid:biocol.org:col:15556","",NA,"",61245,"","Other source","CRIA (Centro de ReferÃªncia em InformaÃ§Ã£o Ambiental)",NA,NA,NA,NA,NA,NA,NA,"","Bahia","brazil",NA,"",NA,NA,NA,"","","Bahia",-41.72018023,-12.47295682,"Bahia","ba",-14.7929067831182,-39.0490868076529,"original coordinates","original coordinates outside municipality original in  falls in ilheus"
"37","Eugenia rostrata",1931230630,-14.7929067831182,-39.0490868076529,"cdrep","d415c253-4d61-4459-9d25-4015b9084fb0","ae447c50-b8a8-11d8-92a4-b8a03c50a862","none","17017c2c-036b-45d9-b045-606d21b00771","US","DWC_ARCHIVE","2018-11-18T16:25:35.849+0000","2018-10-19T15:15:05.640+0000",96,"none","PRESERVED_SPECIMEN",5416913,6,7707728,220,690,5014,3177662,5416913,5416913,"Eugenia rostrata O.Berg","Eugenia rostrata O.Berg","Plantae","Tracheophyta","Myrtales","Myrtaceae","Eugenia","Eugenia rostrata","Eugenia","rostrata","SPECIES","ACCEPTED","1986-01-01T00:00:00","Bahia",1979,11,10,"1979-11-10T00:00:00","","2018-12-07T05:39:28.017+0000","http://creativecommons.org/publicdomain/zero/1.0/legalcode","none","none","none","WGS84","Magnoliopsida","BR","Brazil","The New York Botanical Garden","f50915b9-e885-41f3-ba2c-cc6d23773d84","12996","Vascular plants","","Estrada entre SururÃº e Vila Brasil, a 6-14 km de SururÃº. A 12-20 km ao Se de Buerarema","NY",1931230630,"f50915b9-e885-41f3-ba2c-cc6d23773d84","PhysicalObject","S. A. Mori","557610","","NY","","M. Sobral","SOUTH_AMERICA","en","",100,0,"","http://sweetgum.nybg.org/science/vh/specimen_details.php?irn=337438","Regiao de Mata HigrÃ³fila Sul Baiana. Mata em via de destruiÃ§ao","http://biocol.org/urn:lsid:biocol.org:col:15556","IlhÃ©us","sheet","","ca 328 ft","ICN","10 Nov 1979",314,314,"http://biocol.org/urn:lsid:biocol.org:col:15556","",NA,"",61245,"","Other source","CRIA (Centro de ReferÃªncia em InformaÃ§Ã£o Ambiental)",NA,NA,NA,NA,NA,NA,NA,"","Bahia","brazil",NA,"",NA,NA,NA,"","","Bahia",-41.72018023,-12.47295682,"Bahia","ba",-14.7929067831182,-39.0490868076529,"original coordinates","original coordinates outside municipality original in  falls in ilheus"
"38","Eugenia rostrata",1930933876,-16.368126,-39.144185,"cdround","d415c253-4d61-4459-9d25-4015b9084fb0","ae447c50-b8a8-11d8-92a4-b8a03c50a862","none","17017c2c-036b-45d9-b045-606d21b00771","US","DWC_ARCHIVE","2018-11-18T16:23:15.982+0000","2018-11-18T16:23:16.026+0000",96,"none","PRESERVED_SPECIMEN",5416913,6,7707728,220,690,5014,3177662,5416913,5416913,"Eugenia rostrata O.Berg","Eugenia rostrata O.Berg","Plantae","Tracheophyta","Myrtales","Myrtaceae","Eugenia","Eugenia rostrata","Eugenia","rostrata","SPECIES","ACCEPTED","2013-01-01T00:00:00","Bahia",1978,10,19,"1978-10-19T00:00:00","","2018-12-08T04:56:48.614+0000","http://creativecommons.org/publicdomain/zero/1.0/legalcode","none","none","none","WGS84","Magnoliopsida","BR","Brazil","The New York Botanical Garden","dff24fe8-3b26-4019-b1fd-aca38708e44f","10859","Vascular plants","","Arredores da Est. EcolÃ³gica do Pau-brasil (Ca. 17 km a W de Porto Seguro), estrada velha de Santa Cruz da Cabralia, 4-6 km a E da sede da EstaÃ§ao. Folha SE-24 (16-39c)","NY",1930933876,"dff24fe8-3b26-4019-b1fd-aca38708e44f","PhysicalObject","S. A. Mori","557934","","NY","","M. Sobral","SOUTH_AMERICA","en","",0,0,"","http://sweetgum.nybg.org/science/vh/specimen_details.php?irn=479298","Mata HigrÃ³fila Sul Baiana em fase de destruiÃ§ao","http://biocol.org/urn:lsid:biocol.org:col:15556","Santa Cruz CabrÃ¡lia","sheet","Identification from photos","","ICN","19 Oct 1978",292,292,"http://biocol.org/urn:lsid:biocol.org:col:15556","",NA,"",3032,"2014-04-15","Georeferencing Quick Reference Guide, Version 2012","Google Maps (map data 2014), Manis Georef. Calculator",NA,NA,NA,NA,NA,NA,NA,"","Bahia","brazil",NA,"",NA,NA,NA,"","","Bahia",-41.72018023,-12.47295682,"Bahia","ba",-16.368126,-39.144185,"original coordinates","original coordinates outside municipality original in  falls in santa cruz cabralia"
"39","Eugenia rostrata",1930419935,-15.146936,-39.254089,"cdround","d415c253-4d61-4459-9d25-4015b9084fb0","ae447c50-b8a8-11d8-92a4-b8a03c50a862","none","17017c2c-036b-45d9-b045-606d21b00771","US","DWC_ARCHIVE","2018-11-18T15:58:54.194+0000","2018-11-18T15:58:54.256+0000",96,"none","PRESERVED_SPECIMEN",5416913,6,7707728,220,690,5014,3177662,5416913,5416913,"Eugenia rostrata O.Berg","Eugenia rostrata O.Berg","Plantae","Tracheophyta","Myrtales","Myrtaceae","Eugenia","Eugenia rostrata","Eugenia","rostrata","SPECIES","ACCEPTED","2013-01-01T00:00:00","Bahia",1978,10,29,"1978-10-29T00:00:00","","2018-12-08T14:16:47.644+0000","http://creativecommons.org/publicdomain/zero/1.0/legalcode","none","none","none","WGS84","Magnoliopsida","BR","Brazil","The New York Botanical Garden","bb9967eb-c16d-4bda-af6a-b2d16422509c","11031","Vascular plants","","Km. 17 da estrada que liga a Rod. BR-101 (Sao JosÃ©) Ã  Rod. BA-215. Folha SE-24 (15-39c)","NY",1930419935,"bb9967eb-c16d-4bda-af6a-b2d16422509c","PhysicalObject","S. A. Mori","557900","","NY","","M. Sobral","SOUTH_AMERICA","en","",0,0,"","http://sweetgum.nybg.org/science/vh/specimen_details.php?irn=479291","Regiao de Mata HigrÃ³fila Sul Baiana","http://biocol.org/urn:lsid:biocol.org:col:15556","Una","sheet","Identification from photos","","ICN","29 Oct 1978",302,302,"http://biocol.org/urn:lsid:biocol.org:col:15556","",NA,"",454.37,"2014-02-21","Georeferencing Quick Reference Guide, Version 2012","Google Maps (map data 2014), Manis Georef. Calculator",NA,NA,NA,NA,NA,NA,NA,"","Bahia","brazil",NA,"",NA,NA,NA,"","","Bahia",-41.72018023,-12.47295682,"Bahia","ba",-15.146936,-39.254089,"original coordinates","original coordinates outside municipality original in  falls in una"
"40","Eugenia rostrata",1930404836,-26.2471960785953,-48.6386567821262,"cdrep","d415c253-4d61-4459-9d25-4015b9084fb0","ae447c50-b8a8-11d8-92a4-b8a03c50a862","none","17017c2c-036b-45d9-b045-606d21b00771","US","DWC_ARCHIVE","2018-11-18T15:58:47.557+0000","2018-10-19T14:47:27.366+0000",96,"none","PRESERVED_SPECIMEN",5416913,6,7707728,220,690,5014,3177662,5416913,5416913,"Eugenia rostrata O.Berg","Eugenia rostrata O.Berg","Plantae","Tracheophyta","Myrtales","Myrtaceae","Eugenia","Eugenia rostrata","Eugenia","rostrata","SPECIES","ACCEPTED","1958-01-01T00:00:00","Santa Catarina",1957,12,21,"1957-12-21T00:00:00","","2018-12-09T01:40:32.829+0000","http://creativecommons.org/publicdomain/zero/1.0/legalcode","none","none","none","WGS84","Magnoliopsida","BR","Brazil","The New York Botanical Garden","ba88073d-b4dd-41a0-96d1-4e4565e64036","5813","Vascular plants","","PÃ´rto do Palmital, Garuva, Sao Francisco do Sul","NY",1930404836,"ba88073d-b4dd-41a0-96d1-4e4565e64036","PhysicalObject","R. Reitz","557609","","NY","","C. M. D. E. Legrand","SOUTH_AMERICA","en","",10,0,"","http://sweetgum.nybg.org/science/vh/specimen_details.php?irn=337439","Capoeirao","http://biocol.org/urn:lsid:biocol.org:col:15556","Sao Francisco do Sul","sheet","","33 ft","ICN","21 Dec 1957",355,355,"http://biocol.org/urn:lsid:biocol.org:col:15556","",NA,"",23627,"","Other source","CRIA (Centro de ReferÃªncia em InformaÃ§Ã£o Ambiental)",NA,NA,NA,NA,NA,NA,NA,"","Santa Catarina","brazil",NA,"",NA,NA,NA,"","","Santa Catarina",-50.48226937,-27.24592878,"Santa Catarina","sc",-26.2471960785953,-48.6386567821262,"original coordinates","original coordinates outside municipality original in  falls in sao francisco do sul"
"41","Eugenia rostrata",1424273289,-22.433333,-42.833333,"cdround,gass84","4300f8d5-1ae5-49e5-a101-63894b005868","838537fc-4aeb-4980-8b58-97fbdcd1d91a","none","da7fe11a-b42c-46cb-9e9d-02243edb738a","BR","DWC_ARCHIVE","2018-10-02T15:40:43.847+0000","2018-09-24T20:02:00.231+0000",207,"none","PRESERVED_SPECIMEN",5416913,6,7707728,220,690,5014,3177662,5416913,5416913,"Eugenia rostrata O.Berg","Eugenia rostrata O.Berg","Plantae","Tracheophyta","Myrtales","Myrtaceae","Eugenia","Eugenia rostrata","Eugenia","rostrata","SPECIES","ACCEPTED","none","Rio de Janeiro",NA,NA,NA,"none","2017-10-17T14:05:13.122+0000","2018-12-06T16:58:45.623+0000","http://creativecommons.org/licenses/by/4.0/legalcode","none","none","none","WGS84","Magnoliopsida","BR","Brazil","Rio de Janeiro Botanical Garden","urn:catalog:JBRJ:RB:559462","299","RB - Rio de Janeiro Botanical Garden Herbarium Collection","Guapimirim","Estação Ecológica Estadual de Paraíso. Floresta em volta do Centro de Primatologia.","RB",1424273289,"urn:catalog:JBRJ:RB:559462","PhysicalObject","L.Sonkin","RB00559462","RB 239558","JBRJ","6cm DAP x 6m. de altura, folhas opostas, simples, glabras, discolores verde escuro brilhante em cima e verde claro em baixo. Quadrat I. árvore nº 37.","M.Souza & A.G.Oliveira","","","",0,NA,"","","","","","","","","","",NA,NA,"","",NA,"",NA,"","","",NA,NA,NA,NA,NA,NA,NA,"Guapimirim","Rio de Janeiro","brazil",1500,"Guapimirim",3301850,-42.963842,-22.584312,"RIO DE JANEIRO","RJ","Rio de Janeiro",-42.66307908,-22.19581555,"Rio de Janeiro","rj",-22.433333,-42.833333,"original coordinates","original coordinates outside municipality original in guapimirim falls in cachoeiras de macacu"
"42","Eugenia rostrata",1090511915,-14.499722,-39.115,"gass84","bc81e05b-ed51-46ba-a0a4-90fbae9b5545","c6aacf9d-a5a7-4d7f-a6fc-ea0a4b8ec450","none","b38ff2b7-c8af-454e-b5af-ee760f0d5bca","BR","DWC_ARCHIVE","2018-11-24T12:34:29.832+0000","2018-11-24T12:34:29.869+0000",122,"none","PRESERVED_SPECIMEN",5416913,6,7707728,220,690,5014,3177662,5416913,5416913,"Eugenia rostrata O.Berg","Eugenia rostrata O.Berg","Plantae","Tracheophyta","Myrtales","Myrtaceae","Eugenia","Eugenia rostrata","Eugenia","rostrata","SPECIES","ACCEPTED","none","Bahia",NA,NA,NA,"none","2018-11-14T14:25:14.000+0000","2018-12-08T04:42:58.550+0000","http://creativecommons.org/licenses/by-nc/4.0/legalcode","none","none","none","WGS84","Magnoliopsida","BR","Brazil","CEPEC - Herbário do Centro de Pesquisas do Cacau","BRA:CEPLAC:CEPEC:0000122662","","CEPEC - Herbário do Centro de Pesquisas do Cacau","URUÇUCA","Estrada de Serra Grande para Uruçuca. Área do inventário do plano manejo do Parque Estadual da Serra do Conduru. Mata da Torre do Celular.","CEPEC",1090511915,"BRA:CEPLAC:CEPEC:0000122662","Collection","Martini, A.","122662","","Comissão Executiva do Plano da Lavoura Cacaueira (CEPLAC)","Individuo J 14b.","Sem Informação","","pt","Comissão Executiva do Plano da Lavoura Cacaueira (CEPLAC)",380,0,"","","","","","","","","","",NA,NA,"","",NA,"",NA,"","","",NA,NA,NA,NA,NA,NA,NA,"URUÇUCA","Bahia","brazil",3281,"Uruçuca",2932705,-39.232321,-14.527691,"BAHIA","BA","Bahia",-41.72018023,-12.47295682,"Bahia","ba",-14.499722,-39.115,"original coordinates","original coordinates OK"
