"","name","key","decimalLatitude","decimalLongitude","issues","datasetKey","publishingOrgKey","networkKeys","installationKey","publishingCountry","protocol","lastCrawled","lastParsed","crawlId","extensions","basisOfRecord","taxonKey","kingdomKey","phylumKey","classKey","orderKey","familyKey","genusKey","speciesKey","acceptedTaxonKey","scientificName","acceptedScientificName","kingdom","phylum","order","family","genus","species","genericName","specificEpithet","taxonRank","taxonomicStatus","dateIdentified","stateProvince.original","year","month","day","eventDate","modified","lastInterpreted","license","identifiers","facts","relations","geodeticDatum","class","countryCode","country.original","rightsHolder","identifier","recordNumber","datasetName","municipality.original","locality","collectionCode","gbifID","occurrenceID","type","recordedBy","catalogNumber","otherCatalogNumbers","institutionCode","fieldNotes","occurrenceRemarks","identifiedBy","elevation","elevationAccuracy","language","ownerInstitutionCode","continent","references","institutionID","nomenclaturalCode","verbatimEventDate","endDayOfYear","county","preparations","startDayOfYear","verbatimElevation","collectionID","verbatimTaxonRank","higherClassification","fieldNumber","verbatimLocality","individualCount","nomenclaturalStatus","taxonID","bibliographicCitation","higherGeography","habitat","identificationRemarks","georeferenceProtocol","georeferenceSources","coordinateUncertaintyInMeters","georeferencedDate","typeStatus","organismID","datasetID","accessRights","typifiedName","municipality","stateProvince","country","FID","NOME","GEOCODIGO","POINT_X","POINT_Y","NOMEUF","SIGLAUF","estados_shp","x_estado","y_estado","nome","sigla","new_Lat","new_Lon","notes","comments"
"1","Myrcia littoralis",1424515515,-14.366667,-39.066667,"cdround,gass84","4300f8d5-1ae5-49e5-a101-63894b005868","838537fc-4aeb-4980-8b58-97fbdcd1d91a","none","da7fe11a-b42c-46cb-9e9d-02243edb738a","BR","DWC_ARCHIVE","2018-10-02T15:43:12.602+0000","2018-09-24T20:04:21.111+0000",207,"none","PRESERVED_SPECIMEN",3174136,6,7707728,220,690,5014,7395601,3174136,3174136,"Myrcia littoralis DC.","Myrcia littoralis DC.","Plantae","Tracheophyta","Myrtales","Myrtaceae","Myrcia","Myrcia littoralis","Myrcia","littoralis","SPECIES","ACCEPTED","none","Bahia",2015,3,14,"2015-03-14T00:00:00","2017-10-19T21:30:06.364+0000","2018-12-06T17:01:10.294+0000","http://creativecommons.org/licenses/by/4.0/legalcode","none","none","none","WGS84","Magnoliopsida","BR","Brazil","Rio de Janeiro Botanical Garden","urn:catalog:JBRJ:RB:995846","9518","RB - Rio de Janeiro Botanical Garden Herbarium Collection","Itacaré","Rodovia Ilhéus a Itacaré, Campo Cheiroso, ca. 14km ao norte de Serra Grande.","RB",1424515515,"urn:catalog:JBRJ:RB:995846","PhysicalObject","A.M. Amorim; J.L. Paixão; L. Daneu","RB00995846","RB 630634","JBRJ","Vegetação arbustivo/arbórea sob mancha de areia branca","Arbusto ca. 4m alt. Folhas verdes, levemente discolores. A face superior escura e brilhante. Frutos imaturos verdes","DFLIMA",NA,NA,"","","","","","","",NA,"","",NA,NA,"","","",NA,"",NA,"",NA,"","","","","","",NA,"","",NA,"","",NA,"Itacaré","Bahia","brazil",3305,"Itacaré",2914901,-39.157785,-14.360606,"BAHIA","BA","Bahia",-41.72018023,-12.47295682,"Bahia","ba",-14.366667,-39.066667,"original coordinates","original coordinates OK"
"2","Myrcia littoralis",1503029521,-15.641944,-39.095833,"gass84","2e684fd6-09e2-4661-910a-0a188b610c04","60545be9-4f28-4245-b4b4-07635c8dfa54","none","b38ff2b7-c8af-454e-b5af-ee760f0d5bca","BR","DWC_ARCHIVE","2018-11-14T17:20:01.310+0000","2018-09-10T18:27:49.133+0000",124,"none","PRESERVED_SPECIMEN",3174136,6,7707728,220,690,5014,7395601,3174136,3174136,"Myrcia littoralis DC.","Myrcia littoralis DC.","Plantae","Tracheophyta","Myrtales","Myrtaceae","Myrcia","Myrcia littoralis","Myrcia","littoralis","SPECIES","ACCEPTED","none","Bahia",2014,3,12,"2014-03-12T00:00:00","2018-09-06T20:10:46.000+0000","2018-12-08T12:54:58.071+0000","http://creativecommons.org/licenses/by-nc/4.0/legalcode","none","none","none","WGS84","Magnoliopsida","BR","Brazil","HUEFS - Herbario da Universidade Estadual de Feira de Santana","BRA:UEFS:HUEFS:0000228618","1713","HUEFS - Herbario da Universidade Estadual de Feira de Santana","Canavieiras","Beira de estrada para o Rio Pardo, entrada no entrocamento Canavieiras-Santa Luzia.","HUEFS",1503029521,"BRA:UEFS:HUEFS:0000228618","Collection","Neves, D.M.","228618","","UEFS","","Restinga.","",19,0,"pt","Universidade Estadual de Feira de Santana (UEFS)","","","","","",NA,"","",NA,NA,"","","",NA,"",NA,"",NA,"","","","","","",NA,"","",NA,"","",NA,"Canavieiras","Bahia","brazil",3128,"Canavieiras",2906303,-39.119706,-15.653471,"BAHIA","BA","Bahia",-41.72018023,-12.47295682,"Bahia","ba",-15.641944,-39.095833,"original coordinates","original coordinates OK"
"3","Myrcia littoralis",1275070857,-12.5512,-38.1924,"gass84","7741a517-ab3d-4b85-ae58-56322e44c8ce","d073b448-6b80-4364-8c38-18d08b88797f","none","b38ff2b7-c8af-454e-b5af-ee760f0d5bca","BR","DWC_ARCHIVE","2018-12-03T13:51:56.672+0000","2018-12-03T16:40:36.256+0000",122,"none","PRESERVED_SPECIMEN",3174136,6,7707728,220,690,5014,7395601,3174136,3174136,"Myrcia littoralis DC.","Myrcia littoralis DC.","Plantae","Tracheophyta","Myrtales","Myrtaceae","Myrcia","Myrcia littoralis","Myrcia","littoralis","SPECIES","ACCEPTED","2015-01-01T00:00:00","Bahia",2014,10,22,"2014-10-22T00:00:00","2018-11-21T16:35:40.000+0000","2018-12-03T16:40:37.627+0000","http://creativecommons.org/licenses/by-nc/4.0/legalcode","none","none","none","WGS84","Magnoliopsida","BR","Brazil","UEC - Herbário da Universidade Estadual de Campinas","BRA:UNICAMP:UEC:0000189370","513","UEC - Herbário da Universidade Estadual de Campinas","Salvador","Parque UNIDUNAS. Próximo a Lagoa do Junco.","UEC",1275070857,"BRA:UNICAMP:UEC:0000189370","Collection","Lima, D.F.; Trad, R.J.; Scatigna, A.V.; Bolson, M.","189370","","UNICAMP","","Árvore 3 m. Frutos jovens verdes.; Dunas","Lima, D.F.",10,0,"pt","Universidade Estadual de Campinas, UNICAMP","","","","","",NA,"","",NA,NA,"","","",NA,"",NA,"",NA,"","","","","","",NA,"","",NA,"","",NA,"Salvador","Bahia","brazil",3474,"Salvador",2927408,-38.51033,-12.871185,"BAHIA","BA","Bahia",-41.72018023,-12.47295682,"Bahia","ba",-12.5512,-38.1924,"original coordinates","original coordinates outside municipality original in salvador falls in camacari"
"4","Myrcia littoralis",1571705875,-12.919444,-35.320556,"cdround,gass84","4300f8d5-1ae5-49e5-a101-63894b005868","838537fc-4aeb-4980-8b58-97fbdcd1d91a","none","da7fe11a-b42c-46cb-9e9d-02243edb738a","BR","DWC_ARCHIVE","2018-10-02T15:37:02.737+0000","2018-09-24T19:58:44.468+0000",207,"none","PRESERVED_SPECIMEN",3174136,6,7707728,220,690,5014,7395601,3174136,3174136,"Myrcia littoralis DC.","Myrcia littoralis DC.","Plantae","Tracheophyta","Myrtales","Myrtaceae","Myrcia","Myrcia littoralis","Myrcia","littoralis","SPECIES","ACCEPTED","2015-01-01T00:00:00","Bahia",2014,10,22,"2014-10-22T00:00:00","2017-06-29T08:52:34.541+0000","2018-12-08T17:22:58.388+0000","http://creativecommons.org/licenses/by/4.0/legalcode","none","none","none","WGS84","Magnoliopsida","BR","Brazil","Rio de Janeiro Botanical Garden","urn:catalog:JBRJ:RB:1331219","510","RB - Rio de Janeiro Botanical Garden Herbarium Collection","Salvador","Parque UNIDUNAS. Trilha principal","RB",1571705875,"urn:catalog:JBRJ:RB:1331219","PhysicalObject","D.F. Lima; R.J. Trad; A.V. Scatigna; M. Bolson","RB01331219","RB 733294","JBRJ","Dunas. Mata de restinga","","D.F. Lima",NA,NA,"","","","","","","",NA,"","",NA,NA,"","","",NA,"",NA,"",NA,"","","","","","",NA,"","",NA,"","",NA,"Salvador","Bahia","brazil",3474,"Salvador",2927408,-38.51033,-12.871185,"BAHIA","BA","Bahia",-41.72018023,-12.47295682,"Bahia","ba",-12.919444,-35.320556,"original coordinates","original coordinates outside Brazil"
"5","Myrcia littoralis",1853947253,-14.136944,-38.998333,"gass84","a8e78a51-12b2-4ca1-8945-6d909022ef6a","6cc5aff1-f24c-4d67-a827-a666dc680b66","none","b38ff2b7-c8af-454e-b5af-ee760f0d5bca","BR","DWC_ARCHIVE","2018-11-24T12:32:02.953+0000","2018-08-03T12:12:44.878+0000",121,"none","PRESERVED_SPECIMEN",3174136,6,7707728,220,690,5014,7395601,3174136,3174136,"Myrcia littoralis DC.","Myrcia littoralis DC.","Plantae","Tracheophyta","Myrtales","Myrtaceae","Myrcia","Myrcia littoralis","Myrcia","littoralis","SPECIES","ACCEPTED","none","Bahia",2014,10,29,"2014-10-29T00:00:00","","2018-08-03T12:12:49.200+0000","http://creativecommons.org/licenses/by-nc/4.0/legalcode","none","none","none","WGS84","Magnoliopsida","BR","Brazil","HURB - Herbário do Recôncavo da Bahia","BRA:UFRB:HURB:0000017810","455","HURB - Herbário do Recôncavo da Bahia","","Margem da estrada de terra da BA-001 para Maraú;","HURB",1853947253,"BRA:UFRB:HURB:0000017810","Collection","Vasconcelos, T.N.C.; Faria, J.E.Q. & Lucas, E.J.","17810","","UFRB","","Hábito: arvoreta","",22,0,"pt","Universidade Federal do Recôncavo da Bahia (UFRB)","","","","","",NA,"","",NA,NA,"","","",NA,"",NA,"",NA,"","","","","","",NA,"","",NA,"","",NA,"","Bahia","brazil",NA,"",NA,NA,NA,"","","Bahia",-41.72018023,-12.47295682,"Bahia","ba",-14.136944,-38.998333,"original coordinates","original coordinates outside municipality original in  falls in marau"
"6","Myrcia littoralis",1086684359,-12.919,-38.321,"gass84","a51fa32f-831d-49d6-8b8a-c7b52ae65b3b","f6e2efc9-42a3-47ea-99c6-3eda8d653cc9","none","b38ff2b7-c8af-454e-b5af-ee760f0d5bca","BR","DWC_ARCHIVE","2018-11-23T15:40:51.650+0000","2018-08-03T12:05:44.565+0000",125,"none","PRESERVED_SPECIMEN",3174136,6,7707728,220,690,5014,7395601,3174136,3174136,"Myrcia littoralis DC.","Myrcia littoralis DC.","Plantae","Tracheophyta","Myrtales","Myrtaceae","Myrcia","Myrcia littoralis","Myrcia","littoralis","SPECIES","ACCEPTED","2014-10-01T00:00:00","Bahia",2014,10,22,"2014-10-22T00:00:00","2018-07-31T17:23:42.000+0000","2018-12-06T13:38:57.784+0000","http://creativecommons.org/licenses/by-nc/4.0/legalcode","none","none","none","WGS84","Magnoliopsida","BR","Brazil","UPCB - Herbário do Departamento de Botânica","BRA:UFPR:UPCB:0000081032","511","UPCB - Herbário do Departamento de Botânica","Salvador","Parque UNIDUNAS. Beira da Lagoa do Junco. Alt: 14m. Dunas.","UPCB",1086684359,"BRA:UFPR:UPCB:0000081032","Collection","Lima, D.F.","81032","","UFPR","","Arvoreta 2m. Flores passadas..","Lima, D.F.",NA,NA,"pt","Universidade Federal do Paraná, UFPR","","","","","",NA,"","",NA,NA,"","","",NA,"",NA,"",NA,"","","","","","",NA,"","",NA,"","",NA,"Salvador","Bahia","brazil",3474,"Salvador",2927408,-38.51033,-12.871185,"BAHIA","BA","Bahia",-41.72018023,-12.47295682,"Bahia","ba",-12.919,-38.321,"original coordinates","original coordinates OK"
"7","Myrcia littoralis",1424430949,-18.423889,-39.702222,"cdround,gass84","4300f8d5-1ae5-49e5-a101-63894b005868","838537fc-4aeb-4980-8b58-97fbdcd1d91a","none","da7fe11a-b42c-46cb-9e9d-02243edb738a","BR","DWC_ARCHIVE","2018-10-02T15:42:18.783+0000","2018-09-24T20:03:34.783+0000",207,"none","PRESERVED_SPECIMEN",3174136,6,7707728,220,690,5014,7395601,3174136,3174136,"Myrcia littoralis DC.","Myrcia littoralis DC.","Plantae","Tracheophyta","Myrtales","Myrtaceae","Myrcia","Myrcia littoralis","Myrcia","littoralis","SPECIES","ACCEPTED","none","Espírito Santo",2012,1,17,"2012-01-17T00:00:00","2017-10-17T18:36:01.087+0000","2018-12-06T17:00:20.940+0000","http://creativecommons.org/licenses/by/4.0/legalcode","none","none","none","WGS84","Magnoliopsida","BR","Brazil","Rio de Janeiro Botanical Garden","urn:catalog:JBRJ:RB:740452","1154","RB - Rio de Janeiro Botanical Garden Herbarium Collection","Espírito Santo","Conceição da Barra. Fazenda Jequitaia. Mata seca de restinga sobre cordão arenoso.","RB",1424430949,"urn:catalog:JBRJ:RB:740452","PhysicalObject","Giaretta, A.","RB00740452","RB 561391","JBRJ","","Árvore de 9m. Flores alvas.","",NA,NA,"","","","","","","",NA,"","",NA,NA,"","","",NA,"",NA,"",NA,"","","","","","",NA,"","",NA,"","",NA,"Espírito Santo","Espírito Santo","brazil",NA,"",NA,NA,NA,"","","Espírito Santo",-40.6681057,-19.57475617,"Espírito Santo","es",-18.423889,-39.702222,"original coordinates","original coordinates outside municipality original in espirito santo falls in conceicao da barra"
"8","Myrcia littoralis",1424430924,-18.6975,-39.796111,"cdround,gass84","4300f8d5-1ae5-49e5-a101-63894b005868","838537fc-4aeb-4980-8b58-97fbdcd1d91a","none","da7fe11a-b42c-46cb-9e9d-02243edb738a","BR","DWC_ARCHIVE","2018-10-02T15:42:18.787+0000","2018-09-24T20:03:34.863+0000",207,"none","PRESERVED_SPECIMEN",3174136,6,7707728,220,690,5014,7395601,3174136,3174136,"Myrcia littoralis DC.","Myrcia littoralis DC.","Plantae","Tracheophyta","Myrtales","Myrtaceae","Myrcia","Myrcia littoralis","Myrcia","littoralis","SPECIES","ACCEPTED","none","Espírito Santo",2012,1,24,"2012-01-24T00:00:00","2017-10-17T18:31:59.620+0000","2018-12-06T17:00:20.911+0000","http://creativecommons.org/licenses/by/4.0/legalcode","none","none","none","WGS84","Magnoliopsida","BR","Brazil","Rio de Janeiro Botanical Garden","urn:catalog:JBRJ:RB:740460","1188","RB - Rio de Janeiro Botanical Garden Herbarium Collection","Espírito Santo","Conceição da Barra","RB",1424430924,"urn:catalog:JBRJ:RB:740460","PhysicalObject","Giaretta, A.","RB00740460","RB 561396","JBRJ","Restinga arbustiva aberta.","Árvore de 4 metros de altura. Flores alvas. Folhas discolores.","",NA,NA,"","","","","","","",NA,"","",NA,NA,"","","",NA,"",NA,"",NA,"","","","","","",NA,"","",NA,"","",NA,"Espírito Santo","Espírito Santo","brazil",NA,"",NA,NA,NA,"","","Espírito Santo",-40.6681057,-19.57475617,"Espírito Santo","es",-18.6975,-39.796111,"original coordinates","original coordinates outside municipality original in espirito santo falls in conceicao da barra"
"9","Myrcia littoralis",1424430918,-18.750278,-39.811944,"cdround,gass84","4300f8d5-1ae5-49e5-a101-63894b005868","838537fc-4aeb-4980-8b58-97fbdcd1d91a","none","da7fe11a-b42c-46cb-9e9d-02243edb738a","BR","DWC_ARCHIVE","2018-10-02T15:42:18.775+0000","2018-09-24T20:03:34.781+0000",207,"none","PRESERVED_SPECIMEN",3174136,6,7707728,220,690,5014,7395601,3174136,3174136,"Myrcia littoralis DC.","Myrcia littoralis DC.","Plantae","Tracheophyta","Myrtales","Myrtaceae","Myrcia","Myrcia littoralis","Myrcia","littoralis","SPECIES","ACCEPTED","none","Espírito Santo",2012,2,28,"2012-02-28T00:00:00","2017-10-18T11:01:36.698+0000","2018-12-06T17:00:20.903+0000","http://creativecommons.org/licenses/by/4.0/legalcode","none","none","none","WGS84","Magnoliopsida","BR","Brazil","Rio de Janeiro Botanical Garden","urn:catalog:JBRJ:RB:740455","1245","RB - Rio de Janeiro Botanical Garden Herbarium Collection","Espírito Santo","São Mateus. Bairro Liberdade. Estrada de terra depois do Hospital Roberto Silvares, sentido São Mates Guriri.","RB",1424430918,"urn:catalog:JBRJ:RB:740455","PhysicalObject","Giaretta, A.","RB00740455","RB 561393","JBRJ","","Arbusto de 4m. Frutos verdes. Folhas discolores.","",NA,NA,"","","","","","","",NA,"","",NA,NA,"","","",NA,"",NA,"",NA,"","","","","","",NA,"","",NA,"","",NA,"Espírito Santo","Espírito Santo","brazil",NA,"",NA,NA,NA,"","","Espírito Santo",-40.6681057,-19.57475617,"Espírito Santo","es",-18.750278,-39.811944,"original coordinates","original coordinates outside municipality original in espirito santo falls in sao mateus"
"10","Myrcia littoralis",1213639994,-15.270056,-39.051247,"gass84","d82d5a18-0428-4e52-be16-f509153e8126","e97090cb-7731-41c7-ac24-31a841730654","none","b38ff2b7-c8af-454e-b5af-ee760f0d5bca","BR","DWC_ARCHIVE","2018-11-14T17:19:23.771+0000","2018-01-05T18:34:50.809+0000",114,"none","PRESERVED_SPECIMEN",3174136,6,7707728,220,690,5014,7395601,3174136,3174136,"Myrcia littoralis DC.","Myrcia littoralis DC.","Plantae","Tracheophyta","Myrtales","Myrtaceae","Myrcia","Myrcia littoralis","Myrcia","littoralis","SPECIES","ACCEPTED","2014-09-07T00:00:00","Bahia",2012,4,5,"2012-04-05T00:00:00","","2018-07-08T01:34:54.537+0000","http://creativecommons.org/licenses/by-nc/4.0/legalcode","none","none","none","WGS84","Magnoliopsida","BR","Brazil","UB - Herbário da Universidade de Brasília","BRA:UnB:UB:0000183503","756","UB - Herbário da Universidade de Brasília","Una","","UB",1213639994,"BRA:UnB:UB:0000183503","Collection","Staggemeier, VG; Faria, JEQ","183503","","UnB","","Apoio: CNPq Edital Universal 473468/2010-7. LETS > Laboratório de Ecologia Teórica e Síntese, UFG (Univ. Fed. de Goiás). Tese de doutorado de V.G. Staggemeier","Lima, DF",60,0,"pt","Universidade de Brasília (UnB)","SOUTH_AMERICA","","","","",NA,"","",NA,NA,"","","",NA,"",NA,"",NA,"","","","","","",NA,"","",NA,"","",NA,"Una","Bahia","brazil",3186,"Una",2932507,-39.154571,-15.224128,"BAHIA","BA","Bahia",-41.72018023,-12.47295682,"Bahia","ba",-15.270056,-39.051247,"original coordinates","original coordinates OK"
"11","Myrcia littoralis",1077239288,-12.966667,-38.5,"gass84","5b5cf455-a448-4c0a-aecd-3e0956f27f10","afdd8e93-b4e3-491c-88f0-8a22834ac1a9","none","b38ff2b7-c8af-454e-b5af-ee760f0d5bca","BR","DWC_ARCHIVE","2018-12-03T14:13:45.123+0000","2018-12-03T16:16:05.867+0000",122,"none","PRESERVED_SPECIMEN",3174136,6,7707728,220,690,5014,7395601,3174136,3174136,"Myrcia littoralis DC.","Myrcia littoralis DC.","Plantae","Tracheophyta","Myrtales","Myrtaceae","Myrcia","Myrcia littoralis","Myrcia","littoralis","SPECIES","ACCEPTED","2011-10-01T00:00:00","Bahia",2011,5,11,"2011-05-11T00:00:00","2018-08-28T19:14:10.000+0000","2018-12-06T14:16:38.024+0000","http://creativecommons.org/licenses/by-nc/4.0/legalcode","none","none","none","WGS84","Magnoliopsida","BR","Brazil","ALCB - Herbário Alexandre Leal Costa","BRA:UFBA:ALCB:0000101368","18539","ALCB - Herbário Alexandre Leal Costa","Salvador","Região Metropolitana Salvador, Paralela, Condomínio Greenville, fora da parcela","ALCB",1077239288,"BRA:UFBA:ALCB:0000101368","Collection","Guedes, ML; Queiroz, EP; Gomes, FS; Mattos Andrade, PE de","101368","","Universidade Federal da Bahia (UFBA)","","de ca 4 m de altura. Folhas coriáceas, discolores. Inflorescência terminal. Frutos jovens.","Guedes, ML",NA,NA,"pt","Universidade Federal da Bahia (UFBA)","SOUTH_AMERICA","","","","",NA,"","",NA,NA,"","","",NA,"",NA,"",NA,"","","","","","",NA,"","",NA,"","",NA,"Salvador","Bahia","brazil",3474,"Salvador",2927408,-38.51033,-12.871185,"BAHIA","BA","Bahia",-41.72018023,-12.47295682,"Bahia","ba",-12.966667,-38.5,"original coordinates","original coordinates OK"
"12","Myrcia littoralis",1094899960,-15.333056,-39.003333,"gass84","2e684fd6-09e2-4661-910a-0a188b610c04","60545be9-4f28-4245-b4b4-07635c8dfa54","none","b38ff2b7-c8af-454e-b5af-ee760f0d5bca","BR","DWC_ARCHIVE","2018-11-14T17:19:42.817+0000","2018-09-10T18:27:25.088+0000",124,"none","PRESERVED_SPECIMEN",3174136,6,7707728,220,690,5014,7395601,3174136,3174136,"Myrcia littoralis DC.","Myrcia littoralis DC.","Plantae","Tracheophyta","Myrtales","Myrtaceae","Myrcia","Myrcia littoralis","Myrcia","littoralis","SPECIES","ACCEPTED","none","Bahia",2011,5,30,"2011-05-30T00:00:00","","2018-09-10T18:27:50.708+0000","http://creativecommons.org/licenses/by-nc/4.0/legalcode","none","none","none","WGS84","Magnoliopsida","BR","Brazil","HUEFS - Herbario da Universidade Estadual de Feira de Santana","BRA:UEFS:HUEFS:0000182917","123","HUEFS - Herbario da Universidade Estadual de Feira de Santana","Una","Faz.Bolandeira.","HUEFS",1094899960,"BRA:UEFS:HUEFS:0000182917","Collection","Matos, E.N.de","182917","","UEFS","","Arbustiva.","",NA,NA,"pt","Universidade Estadual de Feira de Santana (UEFS)","","","","","",NA,"","",NA,NA,"","","",NA,"",NA,"",NA,"","","","","","",NA,"","",NA,"","",NA,"Una","Bahia","brazil",3186,"Una",2932507,-39.154571,-15.224128,"BAHIA","BA","Bahia",-41.72018023,-12.47295682,"Bahia","ba",-15.333056,-39.003333,"original coordinates","original coordinates OK"
"13","Myrcia littoralis",1094943526,-12.966667,-38.5,"gass84","5b5cf455-a448-4c0a-aecd-3e0956f27f10","afdd8e93-b4e3-491c-88f0-8a22834ac1a9","none","b38ff2b7-c8af-454e-b5af-ee760f0d5bca","BR","DWC_ARCHIVE","2018-12-03T14:13:45.188+0000","2018-12-03T16:16:32.897+0000",122,"none","PRESERVED_SPECIMEN",3174136,6,7707728,220,690,5014,7395601,3174136,3174136,"Myrcia littoralis DC.","Myrcia littoralis DC.","Plantae","Tracheophyta","Myrtales","Myrtaceae","Myrcia","Myrcia littoralis","Myrcia","littoralis","SPECIES","ACCEPTED","2011-10-01T00:00:00","Bahia",2011,6,6,"2011-06-06T00:00:00","2018-08-28T19:14:10.000+0000","2018-12-03T16:18:04.151+0000","http://creativecommons.org/licenses/by-nc/4.0/legalcode","none","none","none","WGS84","Magnoliopsida","BR","Brazil","ALCB - Herbário Alexandre Leal Costa","BRA:UFBA:ALCB:0000101413","18601","ALCB - Herbário Alexandre Leal Costa","Salvador","Alphaville .","ALCB",1094943526,"BRA:UFBA:ALCB:0000101413","Collection","Guedes, ML; Queiroz, EP; Mattos Andrade, PE de; Gomes, FS","101413","","Universidade Federal da Bahia (UFBA)","","de ca 4 m de altura. Folhas coriáceas, discolores. Frutos imaturos verdes.","Guedes, ML",NA,NA,"pt","Universidade Federal da Bahia (UFBA)","SOUTH_AMERICA","","","","",NA,"","",NA,NA,"","","",NA,"",NA,"",NA,"","","","","","",NA,"","",NA,"","",NA,"Salvador","Bahia","brazil",3474,"Salvador",2927408,-38.51033,-12.871185,"BAHIA","BA","Bahia",-41.72018023,-12.47295682,"Bahia","ba",-12.966667,-38.5,"original coordinates","original coordinates OK"
"14","Myrcia littoralis",1094943582,-12.966667,-38.5,"gass84","5b5cf455-a448-4c0a-aecd-3e0956f27f10","afdd8e93-b4e3-491c-88f0-8a22834ac1a9","none","b38ff2b7-c8af-454e-b5af-ee760f0d5bca","BR","DWC_ARCHIVE","2018-12-03T14:13:45.341+0000","2018-12-03T16:16:32.868+0000",122,"none","PRESERVED_SPECIMEN",3174136,6,7707728,220,690,5014,7395601,3174136,3174136,"Myrcia littoralis DC.","Myrcia littoralis DC.","Plantae","Tracheophyta","Myrtales","Myrtaceae","Myrcia","Myrcia littoralis","Myrcia","littoralis","SPECIES","ACCEPTED","2011-11-01T00:00:00","Bahia",2011,7,25,"2011-07-25T00:00:00","2018-08-28T19:14:10.000+0000","2018-12-03T16:18:03.997+0000","http://creativecommons.org/licenses/by-nc/4.0/legalcode","none","none","none","WGS84","Magnoliopsida","BR","Brazil","ALCB - Herbário Alexandre Leal Costa","BRA:UFBA:ALCB:0000101532","18719","ALCB - Herbário Alexandre Leal Costa","Salvador","Aterro Sanitário.","ALCB",1094943582,"BRA:UFBA:ALCB:0000101532","Collection","Guedes, ML; Queiroz, EP; Mattos Andrade, PE de; Gomes, FS","101532","","Universidade Federal da Bahia (UFBA)","","de ca 5 m de altura. Folhas coriáceas, discolores. Inflorescência terminal. Frutos 'de vez'.","Guedes, ML",NA,NA,"pt","Universidade Federal da Bahia (UFBA)","SOUTH_AMERICA","","","","",NA,"","",NA,NA,"","","",NA,"",NA,"",NA,"","","","","","",NA,"","",NA,"","",NA,"Salvador","Bahia","brazil",3474,"Salvador",2927408,-38.51033,-12.871185,"BAHIA","BA","Bahia",-41.72018023,-12.47295682,"Bahia","ba",-12.966667,-38.5,"original coordinates","original coordinates OK"
"15","Myrcia littoralis",1094899974,-11.612778,-37.458333,"gass84","2e684fd6-09e2-4661-910a-0a188b610c04","60545be9-4f28-4245-b4b4-07635c8dfa54","none","b38ff2b7-c8af-454e-b5af-ee760f0d5bca","BR","DWC_ARCHIVE","2018-11-14T17:19:42.788+0000","2018-09-10T18:27:25.119+0000",124,"none","PRESERVED_SPECIMEN",3174136,6,7707728,220,690,5014,7395601,3174136,3174136,"Myrcia littoralis DC.","Myrcia littoralis DC.","Plantae","Tracheophyta","Myrtales","Myrtaceae","Myrcia","Myrcia littoralis","Myrcia","littoralis","SPECIES","ACCEPTED","none","Bahia",2011,7,25,"2011-07-25T00:00:00","","2018-09-10T18:27:50.742+0000","http://creativecommons.org/licenses/by-nc/4.0/legalcode","none","none","none","WGS84","Magnoliopsida","BR","Brazil","HUEFS - Herbario da Universidade Estadual de Feira de Santana","BRA:UEFS:HUEFS:0000182928","225","HUEFS - Herbario da Universidade Estadual de Feira de Santana","Jandaíra","Faz. INVISA.","HUEFS",1094899974,"BRA:UEFS:HUEFS:0000182928","Collection","Matos, E.N.de","182928","","UEFS","","Campestre e moitas.","",NA,NA,"pt","Universidade Estadual de Feira de Santana (UEFS)","","","","","",NA,"","",NA,NA,"","","",NA,"",NA,"",NA,"","","","","","",NA,"","",NA,"","",NA,"Jandaíra","Bahia","brazil",3653,"Jandaíra",2917904,-37.597289,-11.597756,"BAHIA","BA","Bahia",-41.72018023,-12.47295682,"Bahia","ba",-11.612778,-37.458333,"original coordinates","original coordinates OK"
"16","Myrcia littoralis",1094899996,-11.612778,-37.458333,"gass84","2e684fd6-09e2-4661-910a-0a188b610c04","60545be9-4f28-4245-b4b4-07635c8dfa54","none","b38ff2b7-c8af-454e-b5af-ee760f0d5bca","BR","DWC_ARCHIVE","2018-11-14T17:19:42.770+0000","2018-09-10T18:27:25.135+0000",124,"none","PRESERVED_SPECIMEN",3174136,6,7707728,220,690,5014,7395601,3174136,3174136,"Myrcia littoralis DC.","Myrcia littoralis DC.","Plantae","Tracheophyta","Myrtales","Myrtaceae","Myrcia","Myrcia littoralis","Myrcia","littoralis","SPECIES","ACCEPTED","none","Bahia",2011,7,25,"2011-07-25T00:00:00","","2018-09-10T18:27:50.965+0000","http://creativecommons.org/licenses/by-nc/4.0/legalcode","none","none","none","WGS84","Magnoliopsida","BR","Brazil","HUEFS - Herbario da Universidade Estadual de Feira de Santana","BRA:UEFS:HUEFS:0000182929","227","HUEFS - Herbario da Universidade Estadual de Feira de Santana","Jandaíra","Faz. INVISA.","HUEFS",1094899996,"BRA:UEFS:HUEFS:0000182929","Collection","Matos, E.N.de","182929","","UEFS","","Campestre e moitas.","",NA,NA,"pt","Universidade Estadual de Feira de Santana (UEFS)","","","","","",NA,"","",NA,NA,"","","",NA,"",NA,"",NA,"","","","","","",NA,"","",NA,"","",NA,"Jandaíra","Bahia","brazil",3653,"Jandaíra",2917904,-37.597289,-11.597756,"BAHIA","BA","Bahia",-41.72018023,-12.47295682,"Bahia","ba",-11.612778,-37.458333,"original coordinates","original coordinates OK"
"17","Myrcia littoralis",1424430905,-18.687778,-39.792222,"cdround,gass84","4300f8d5-1ae5-49e5-a101-63894b005868","838537fc-4aeb-4980-8b58-97fbdcd1d91a","none","da7fe11a-b42c-46cb-9e9d-02243edb738a","BR","DWC_ARCHIVE","2018-10-02T15:42:18.777+0000","2018-09-24T20:03:34.782+0000",207,"none","PRESERVED_SPECIMEN",3174136,6,7707728,220,690,5014,7395601,3174136,3174136,"Myrcia littoralis DC.","Myrcia littoralis DC.","Plantae","Tracheophyta","Myrtales","Myrtaceae","Myrcia","Myrcia littoralis","Myrcia","littoralis","SPECIES","ACCEPTED","none","Espírito Santo",2011,11,30,"2011-11-30T00:00:00","2017-10-04T12:47:28.582+0000","2018-12-06T17:00:20.926+0000","http://creativecommons.org/licenses/by/4.0/legalcode","none","none","none","WGS84","Magnoliopsida","BR","Brazil","Rio de Janeiro Botanical Garden","urn:catalog:JBRJ:RB:740458","1096","RB - Rio de Janeiro Botanical Garden Herbarium Collection","Espírito Santo","Conceição da Barra. Restinga arbustiva aberta.","RB",1424430905,"urn:catalog:JBRJ:RB:740458","PhysicalObject","Giaretta, A.","RB00740458","RB 561394","JBRJ","","Arbusto de 3m. Botões.","",NA,NA,"","","","","","","",NA,"","",NA,NA,"","","",NA,"",NA,"",NA,"","","","","","",NA,"","",NA,"","",NA,"Espírito Santo","Espírito Santo","brazil",NA,"",NA,NA,NA,"","","Espírito Santo",-40.6681057,-19.57475617,"Espírito Santo","es",-18.687778,-39.792222,"original coordinates","original coordinates outside municipality original in espirito santo falls in conceicao da barra"
"18","Myrcia littoralis",1077243068,-12.948333,-38.404722,"gass84","5b5cf455-a448-4c0a-aecd-3e0956f27f10","afdd8e93-b4e3-491c-88f0-8a22834ac1a9","none","b38ff2b7-c8af-454e-b5af-ee760f0d5bca","BR","DWC_ARCHIVE","2018-12-03T14:13:48.023+0000","2018-12-03T16:16:07.716+0000",122,"none","PRESERVED_SPECIMEN",3174136,6,7707728,220,690,5014,7395601,3174136,3174136,"Myrcia littoralis DC.","Myrcia littoralis DC.","Plantae","Tracheophyta","Myrtales","Myrtaceae","Myrcia","Myrcia littoralis","Myrcia","littoralis","SPECIES","ACCEPTED","2012-11-01T00:00:00","Bahia",2010,2,4,"2010-02-04T00:00:00","2018-08-28T19:14:10.000+0000","2018-12-06T14:16:39.640+0000","http://creativecommons.org/licenses/by-nc/4.0/legalcode","none","none","none","WGS84","Magnoliopsida","BR","Brazil","ALCB - Herbário Alexandre Leal Costa","BRA:UFBA:ALCB:0000107418","502","ALCB - Herbário Alexandre Leal Costa","Salvador","Região Metropolitana Salvador, entre a praia e a Avenida Paralela - Condomínio Green Ville (Patamares)","ALCB",1077243068,"BRA:UFBA:ALCB:0000107418","Collection","Flores, TB; Lorenzi, H; Soares, K","107418","","Universidade Federal da Bahia (UFBA)","","ca. 3 m alt. Frutos imaturos verdes.; solo rochoso, transição entre restinga e mata atlântica.","Faria Júnior, JEQ de",NA,NA,"pt","Universidade Federal da Bahia (UFBA)","SOUTH_AMERICA","","","","",NA,"","",NA,NA,"","","",NA,"",NA,"",NA,"","","","","","",NA,"","",NA,"","",NA,"Salvador","Bahia","brazil",3474,"Salvador",2927408,-38.51033,-12.871185,"BAHIA","BA","Bahia",-41.72018023,-12.47295682,"Bahia","ba",-12.948333,-38.404722,"original coordinates","original coordinates OK"
"19","Myrcia littoralis",1077601169,-9.783333,-35.85,"gass84","a0cb1f6e-5766-4cc5-a8a0-cfc6a22c5c3d","81114709-2a6c-4e0b-908b-cb207a8708c2","none","b38ff2b7-c8af-454e-b5af-ee760f0d5bca","BR","DWC_ARCHIVE","2018-11-23T18:20:48.929+0000","2018-11-23T18:20:49.149+0000",125,"none","PRESERVED_SPECIMEN",3174136,6,7707728,220,690,5014,7395601,3174136,3174136,"Myrcia littoralis DC.","Myrcia littoralis DC.","Plantae","Tracheophyta","Myrtales","Myrtaceae","Myrcia","Myrcia littoralis","Myrcia","littoralis","SPECIES","ACCEPTED","2017-01-01T00:00:00","Alagoas",2007,2,7,"2007-02-07T00:00:00","2018-11-22T16:54:49.000+0000","2018-12-09T10:54:56.477+0000","http://creativecommons.org/licenses/by-nc/4.0/legalcode","none","none","none","WGS84","Magnoliopsida","BR","Brazil","MAC - Herbário do Instituto do Meio Ambiente do Estado de Alagoas","BRA:IMA:MAC:0000026375","328","MAC - Herbário do Instituto do Meio Ambiente do Estado de Alagoas","Marechal Deodoro","Sitio Bom Retiro.","MAC",1077601169,"BRA:IMA:MAC:0000026375","Collection","A.I.L.Pinheiro; S.Mendes","26375","","IMA","","Árvore ca. de 4m de altura. Frutos imaturos verdes.; Restinga.","M.Sobral",NA,NA,"pt","Instituto do Meio Ambiente do Estado de Alagoas, IMA","","","","","",NA,"","",NA,NA,"","","",NA,"",NA,"",NA,"","","","","","",NA,"","",NA,"","",NA,"Marechal Deodoro","Alagoas","brazil",3955,"Marechal Deodoro",2704708,-35.906311,-9.716296,"ALAGOAS","AL","Alagoas",-36.62362821,-9.51494324,"Alagoas","al",-9.783333,-35.85,"original coordinates","original coordinates outside Brazil"
"20","Myrcia littoralis",1090478294,-13.986111,-38.950556,"gass84","bc81e05b-ed51-46ba-a0a4-90fbae9b5545","c6aacf9d-a5a7-4d7f-a6fc-ea0a4b8ec450","none","b38ff2b7-c8af-454e-b5af-ee760f0d5bca","BR","DWC_ARCHIVE","2018-11-24T12:34:02.835+0000","2018-11-24T12:34:02.861+0000",122,"none","PRESERVED_SPECIMEN",3174136,6,7707728,220,690,5014,7395601,3174136,3174136,"Myrcia littoralis DC.","Myrcia littoralis DC.","Plantae","Tracheophyta","Myrtales","Myrtaceae","Myrcia","Myrcia littoralis","Myrcia","littoralis","SPECIES","ACCEPTED","none","Bahia",2007,2,2,"2007-02-02T00:00:00","2018-11-14T14:25:39.000+0000","2018-12-08T04:42:44.575+0000","http://creativecommons.org/licenses/by-nc/4.0/legalcode","none","none","none","WGS84","Magnoliopsida","BR","Brazil","CEPEC - Herbário do Centro de Pesquisas do Cacau","BRA:CEPLAC:CEPEC:0000084557","2625","CEPEC - Herbário do Centro de Pesquisas do Cacau","MARAÚ","Ca. 7Km ao N d Povoado de Saquaíra, Penísula de Maraú.","CEPEC",1090478294,"BRA:CEPLAC:CEPEC:0000084557","Collection","J. G. Jardim","84557","30/12/2006","Comissão Executiva do Plano da Lavoura Cacaueira (CEPLAC)","","","M. Sobral",NA,NA,"pt","Comissão Executiva do Plano da Lavoura Cacaueira (CEPLAC)","","","","","",NA,"","",NA,NA,"","","",NA,"",NA,"",NA,"","","","","","",NA,"","",NA,"","",NA,"MARAÚ","Bahia","brazil",3329,"Maraú",2920700,-39.150172,-14.151743,"BAHIA","BA","Bahia",-41.72018023,-12.47295682,"Bahia","ba",-13.986111,-38.950556,"original coordinates","original coordinates OK"
"21","Myrcia littoralis",1264696704,-12.697175,-38.333197,"gass84","a0cb1f6e-5766-4cc5-a8a0-cfc6a22c5c3d","81114709-2a6c-4e0b-908b-cb207a8708c2","none","b38ff2b7-c8af-454e-b5af-ee760f0d5bca","BR","DWC_ARCHIVE","2018-11-23T18:21:09.465+0000","2018-11-23T18:21:09.567+0000",125,"none","PRESERVED_SPECIMEN",3174136,6,7707728,220,690,5014,7395601,3174136,3174136,"Myrcia littoralis DC.","Myrcia littoralis DC.","Plantae","Tracheophyta","Myrtales","Myrtaceae","Myrcia","Myrcia littoralis","Myrcia","littoralis","SPECIES","ACCEPTED","2017-01-01T00:00:00","Bahia",2006,2,23,"2006-02-23T00:00:00","2018-11-22T16:54:49.000+0000","2018-12-08T13:34:52.559+0000","http://creativecommons.org/licenses/by-nc/4.0/legalcode","none","none","none","WGS84","Magnoliopsida","BR","Brazil","MAC - Herbário do Instituto do Meio Ambiente do Estado de Alagoas","BRA:IMA:MAC:0000053822","5353","MAC - Herbário do Instituto do Meio Ambiente do Estado de Alagoas","Camacari","Praia do Forte.","MAC",1264696704,"BRA:IMA:MAC:0000053822","Collection","A.M.Miranda","53822","","IMA","","Arbusto ca. 2 m. Caule acinzentado; folhas adaxialmente verde brilhante, levemente coriáceas. Frutos imaturos verdes.; Restinga.","M.Sobral",NA,NA,"pt","Instituto do Meio Ambiente do Estado de Alagoas, IMA","","","","","",NA,"","",NA,NA,"","","",NA,"",NA,"",NA,"","","","","","",NA,"","",NA,"","",NA,"Camacari","Bahia","brazil",3510,"Camaçari",2905701,-38.207021,-12.66877,"BAHIA","BA","Bahia",-41.72018023,-12.47295682,"Bahia","ba",-12.697175,-38.333197,"original coordinates","original coordinates OK"
"22","Myrcia littoralis",1094845007,-14.390278,-39.032222,"gass84,iddatunl","2e684fd6-09e2-4661-910a-0a188b610c04","60545be9-4f28-4245-b4b4-07635c8dfa54","none","b38ff2b7-c8af-454e-b5af-ee760f0d5bca","BR","DWC_ARCHIVE","2018-11-14T17:19:07.695+0000","2018-09-10T18:26:55.368+0000",124,"none","PRESERVED_SPECIMEN",3174136,6,7707728,220,690,5014,7395601,3174136,3174136,"Myrcia littoralis DC.","Myrcia littoralis DC.","Plantae","Tracheophyta","Myrtales","Myrtaceae","Myrcia","Myrcia littoralis","Myrcia","littoralis","SPECIES","ACCEPTED","2012-04-01T00:00:00","Bahia",2006,3,15,"2006-03-15T00:00:00","","2018-09-10T18:27:11.599+0000","http://creativecommons.org/licenses/by-nc/4.0/legalcode","none","none","none","WGS84","Magnoliopsida","BR","Brazil","HUEFS - Herbario da Universidade Estadual de Feira de Santana","BRA:UEFS:HUEFS:0000127471","468","HUEFS - Herbario da Universidade Estadual de Feira de Santana","Itacaré","Fazenda Patizeiro.","HUEFS",1094845007,"BRA:UEFS:HUEFS:0000127471","Collection","Menezes, C.M.","127471","","UEFS","","Floresta ombrófila densa.","M.Sobral",NA,NA,"pt","Universidade Estadual de Feira de Santana (UEFS)","","","","","",NA,"","",NA,NA,"","","",NA,"",NA,"",NA,"","","","","","",NA,"","",NA,"","",NA,"Itacaré","Bahia","brazil",3305,"Itacaré",2914901,-39.157785,-14.360606,"BAHIA","BA","Bahia",-41.72018023,-12.47295682,"Bahia","ba",-14.390278,-39.032222,"original coordinates","original coordinates OK"
"23","Myrcia littoralis",1424214578,-14.265556,-38.998889,"cdround,gass84","4300f8d5-1ae5-49e5-a101-63894b005868","838537fc-4aeb-4980-8b58-97fbdcd1d91a","none","da7fe11a-b42c-46cb-9e9d-02243edb738a","BR","DWC_ARCHIVE","2018-10-02T15:40:09.067+0000","2018-09-24T20:01:28.628+0000",207,"none","PRESERVED_SPECIMEN",3174136,6,7707728,220,690,5014,7395601,3174136,3174136,"Myrcia littoralis DC.","Myrcia littoralis DC.","Plantae","Tracheophyta","Myrtales","Myrtaceae","Myrcia","Myrcia littoralis","Myrcia","littoralis","SPECIES","ACCEPTED","none","Bahia",2006,9,14,"2006-09-14T00:00:00","2017-10-19T06:18:02.955+0000","2018-12-06T16:58:14.312+0000","http://creativecommons.org/licenses/by/4.0/legalcode","none","none","none","WGS84","Magnoliopsida","BR","Brazil","Rio de Janeiro Botanical Garden","urn:catalog:JBRJ:RB:484802","399","RB - Rio de Janeiro Botanical Garden Herbarium Collection","Itacaré","Estrada que liga Itacaré a maraú, após o Rio de Contas. Travessia de Balsa. 1 km após o Rio de Contas.","RB",1424214578,"urn:catalog:JBRJ:RB:484802","PhysicalObject","Souza, M.C.; J.Iganci","RB00484802","RB 447268","JBRJ","","Arbusto ca. 2m. frutos vermelho-vináceos quando maduros.","DFLIMA",11,NA,"","","","","","","",NA,"","",NA,NA,"","","",NA,"",NA,"",NA,"","","","","","",NA,"","",NA,"","",NA,"Itacaré","Bahia","brazil",3305,"Itacaré",2914901,-39.157785,-14.360606,"BAHIA","BA","Bahia",-41.72018023,-12.47295682,"Bahia","ba",-14.265556,-38.998889,"original coordinates","original coordinates OK"
"24","Myrcia littoralis",1801144710,-14.975278,-39.014722,"gass84","e1278068-7d2d-44e0-8274-a46ae6ebf957","69e3ffff-c8fa-43a5-8d76-0c24261df2d7","none","b38ff2b7-c8af-454e-b5af-ee760f0d5bca","BR","DWC_ARCHIVE","2018-11-24T12:29:23.781+0000","2018-09-25T14:06:15.169+0000",128,"none","PRESERVED_SPECIMEN",3174136,6,7707728,220,690,5014,7395601,3174136,3174136,"Myrcia littoralis DC.","Myrcia littoralis DC.","Plantae","Tracheophyta","Myrtales","Myrtaceae","Myrcia","Myrcia littoralis","Myrcia","littoralis","SPECIES","ACCEPTED","none","Bahia",2006,12,4,"2006-12-04T00:00:00","2018-08-07T16:59:47.000+0000","2018-12-08T01:46:30.424+0000","http://creativecommons.org/licenses/by-nc/4.0/legalcode","none","none","none","WGS84","Magnoliopsida","BR","Brazil","SORO - Herbário do Centro de Ciências e Tecnologias para a Sustentabilidade","BRA:UFSCar:SORO:0000004720","1000","SORO - Herbário do Centro de Ciências e Tecnologias para a Sustentabilidade","Olivença","a direita de estrada principal, c. 2 km-a sul de Olivença","SORO",1801144710,"BRA:UFSCar:SORO:0000004720","Collection","Lucas, E.J.; Souza, V.C.; Brummitt, N.A.; Campos, O.R.; Flores, T.B.; Jennings, L.V.S.; Sampaio, D.","4720","","UFSCar","","Árvore de c. 25m de altura, botões verde.","",NA,NA,"pt","Universidade Federal de São Carlos (UFSCar)","","","","","",NA,"","",NA,NA,"","","",NA,"",NA,"",NA,"","","","","","",NA,"","",NA,"","",NA,"Olivença","Bahia","brazil",NA,"",NA,NA,NA,"","","Bahia",-41.72018023,-12.47295682,"Bahia","ba",-14.975278,-39.014722,"original coordinates","original coordinates outside municipality original in olivenca falls in ilheus"
"25","Myrcia littoralis",1801144510,-15.272222,-39.051389,"gass84","e1278068-7d2d-44e0-8274-a46ae6ebf957","69e3ffff-c8fa-43a5-8d76-0c24261df2d7","none","b38ff2b7-c8af-454e-b5af-ee760f0d5bca","BR","DWC_ARCHIVE","2018-11-24T12:29:23.747+0000","2018-09-25T14:06:14.967+0000",128,"none","PRESERVED_SPECIMEN",3174136,6,7707728,220,690,5014,7395601,3174136,3174136,"Myrcia littoralis DC.","Myrcia littoralis DC.","Plantae","Tracheophyta","Myrtales","Myrtaceae","Myrcia","Myrcia littoralis","Myrcia","littoralis","SPECIES","ACCEPTED","none","Bahia",2006,12,6,"2006-12-06T00:00:00","2018-08-07T16:59:47.000+0000","2018-12-08T01:46:31.026+0000","http://creativecommons.org/licenses/by-nc/4.0/legalcode","none","none","none","WGS84","Magnoliopsida","BR","Brazil","SORO - Herbário do Centro de Ciências e Tecnologias para a Sustentabilidade","BRA:UFSCar:SORO:0000004578","1094","SORO - Herbário do Centro de Ciências e Tecnologias para a Sustentabilidade","Município de Una","Entrada para a estrada de Rio as Pedras","SORO",1801144510,"BRA:UFSCar:SORO:0000004578","Collection","Lucas, E.J.; Sampaio, D.; Brummitt, N.A.; Campos, O.R.; Flores, T.B.; Jennings, L.V.S.","4578","","UFSCar","","Árvore de c. 5m de altura, botões creme","",60,0,"pt","Universidade Federal de São Carlos (UFSCar)","","","","","",NA,"","",NA,NA,"","","",NA,"",NA,"",NA,"","","","","","",NA,"","",NA,"","",NA,"Município de Una","Bahia","brazil",NA,"",NA,NA,NA,"","","Bahia",-41.72018023,-12.47295682,"Bahia","ba",-15.272222,-39.051389,"original coordinates","original coordinates outside municipality original in municipio de una falls in una"
"26","Myrcia littoralis",1139246702,-14.975278,-39.091667,"","15f819bd-6612-4447-854b-14d12ee1022d","396d5f30-dea9-11db-8ab4-b8a03c50a862","none","65eb93af-41b8-4917-a5fc-cfe2a45aa4bf","NL","DWC_ARCHIVE","2018-12-11T19:22:48.608+0000","2018-01-23T11:30:34.136+0000",81,"none","PRESERVED_SPECIMEN",3174136,6,7707728,220,690,5014,7395601,3174136,3174136,"Myrcia littoralis DC.","Myrcia littoralis DC.","Plantae","Tracheophyta","Myrtales","Myrtaceae","Myrcia","Myrcia littoralis","Myrcia","littoralis","SPECIES","ACCEPTED","none","",2006,12,4,"2006-12-04T00:00:00","","2018-07-07T00:20:43.826+0000","http://creativecommons.org/publicdomain/zero/1.0/legalcode","none","none","none","WGS84","Magnoliopsida","BR","Brazil","","L.4148184","","","","Brazil, Estaso do Bahia, Mun. Olivenca, a direita. de estrada principal, c. 2 km a sul de Olivenca.","Botany",1139246702,"http://data.biodiversitydata.nl/naturalis/specimen/L.4148184","","Lucas EJ; et al.","L.4148184","","","","","",NA,NA,"","","SOUTH_AMERICA","","","ICN","2006/12/04",NA,"","",NA,NA,"","species","Plantae|Magnoliopsidae|Myrtales|Myrtaceae",NA,"",NA,"",NA,"","","","","","",NA,"","",NA,"","",NA,"","","brazil",NA,"",NA,NA,NA,"","","",NA,NA,NA,"",-14.975278,-39.091667,"original coordinates","original coordinates outside municipality original in  falls in ilheus"
"27","Myrcia littoralis",694506987,-14.97528,-39.01472,"gass84","b5cdf794-8fa4-4a85-8b26-755d087bf531","2cd829bb-b713-433d-99cf-64bef11e5b3e","none","86c2834b-fcd6-418d-9b32-aca45110a0fe","FR","DWC_ARCHIVE","2018-12-05T16:02:17.285+0000","2018-05-04T10:26:03.157+0000",189,"none","PRESERVED_SPECIMEN",3174136,6,7707728,220,690,5014,7395601,3174136,3174136,"Myrcia littoralis DC.","Myrcia littoralis DC.","Plantae","Tracheophyta","Myrtales","Myrtaceae","Myrcia","Myrcia littoralis","Myrcia","littoralis","SPECIES","ACCEPTED","none","Bahia",2006,12,4,"2006-12-04T00:00:00","2015-09-05T02:55:08.000+0000","2018-12-08T23:59:25.818+0000","http://creativecommons.org/licenses/by/4.0/legalcode","none","none","none","WGS84","Magnoliopsida","BR","Brazil","","http://coldb.mnhn.fr/catalognumber/mnhn/p/p05122728","","","","","P",694506987,"http://coldb.mnhn.fr/catalognumber/mnhn/p/p05122728","","Lucas, E.J.|Souza, V.C.|Sampaio, D.|Flores, T.B.|Campos, O.R.|Jennings, L.V.S.|Brummitt, N.A.","P05122728","","MNHN","","","",21,NA,"","","","","","","",NA,"","hb",NA,NA,"","","",1000,"Olivença, a direita da estrada principal, ca. 2 km a sul de Olivença.",NA,"",NA,"","","","","","",NA,"","",NA,"","",NA,"","Bahia","brazil",NA,"",NA,NA,NA,"","","Bahia",-41.72018023,-12.47295682,"Bahia","ba",-14.97528,-39.01472,"original coordinates","original coordinates outside municipality original in  falls in ilheus"
"28","Myrcia littoralis",1257556110,-14.975278,-39.014722,"cdround,gass84,iddatunl","7bd65a7a-f762-11e1-a439-00145eb45e9a","90fd6680-349f-11d8-aa2d-b8a03c50a862","none","c4e134d3-c68f-406d-a116-6a37895602e0","US","DWC_ARCHIVE","2018-06-20T07:52:18.837+0000","2016-03-21T14:11:05.571+0000",28,"none","PRESERVED_SPECIMEN",3174136,6,7707728,220,690,5014,7395601,3174136,3174136,"Myrcia littoralis DC.","Myrcia littoralis DC.","Plantae","Tracheophyta","Myrtales","Myrtaceae","Myrcia","Myrcia littoralis","Myrcia","littoralis","SPECIES","ACCEPTED","2013-01-01T00:00:00","Bahia",2006,12,4,"2006-12-04T00:00:00","2014-06-04T12:15:00.000+0000","2018-07-07T19:45:04.263+0000","http://creativecommons.org/licenses/by/4.0/legalcode","none","none","none","WGS84","Magnoliopsida","BR","Brazil","Missouri Botanical Garden","urn:catalog:MO:Tropicos:100203036","Lucas 1000","Tropicos","","Mun. Olivença, a direita de estrada principal, c. 2 km a sul de Olivença.","MO",1257556110,"urn:catalog:MO:Tropicos:100203036","PhysicalObject","Eve J. Lucas","100203036","","MO","","","M. Sobral",21,NA,"","MOBOT","SOUTH_AMERICA","","","ICNafp","",NA,"","",NA,NA,"http://biocol.org/urn:lsid:biocol.org:col:15859","","",NA,"",1,"No opinion",22101187,"http://www.tropicos.org/Specimen/100203036","","","","","",NA,"","",NA,"","",NA,"","Bahia","brazil",NA,"",NA,NA,NA,"","","Bahia",-41.72018023,-12.47295682,"Bahia","ba",-14.975278,-39.014722,"original coordinates","original coordinates outside municipality original in  falls in ilheus"
"29","Myrcia littoralis",1423914305,-15.272222,-39.051389,"cdround,gass84","4300f8d5-1ae5-49e5-a101-63894b005868","838537fc-4aeb-4980-8b58-97fbdcd1d91a","none","da7fe11a-b42c-46cb-9e9d-02243edb738a","BR","DWC_ARCHIVE","2018-10-02T15:35:06.270+0000","2018-09-24T19:57:55.864+0000",207,"none","PRESERVED_SPECIMEN",3174136,6,7707728,220,690,5014,7395601,3174136,3174136,"Myrcia littoralis DC.","Myrcia littoralis DC.","Plantae","Tracheophyta","Myrtales","Myrtaceae","Myrcia","Myrcia littoralis","Myrcia","littoralis","SPECIES","ACCEPTED","2016-01-01T00:00:00","Bahia",2006,12,6,"2006-12-06T00:00:00","2017-10-17T17:35:33.956+0000","2018-12-06T16:55:27.959+0000","http://creativecommons.org/licenses/by/4.0/legalcode","none","none","none","WGS84","Magnoliopsida","BR","Brazil","Rio de Janeiro Botanical Garden","urn:catalog:JBRJ:RB:1136017","1098","RB - Rio de Janeiro Botanical Garden Herbarium Collection","Una","entrada para a estrada de Rio das Pedras","RB",1423914305,"urn:catalog:JBRJ:RB:1136017","PhysicalObject","E.L. Lucas; D. Sampaio; N.A. Brummit; O.R. Campos; T.B. Flores; L.V.S. Jenning","RB01136017","RB 652562","JBRJ","","","DFLIMA",60,NA,"","","","","","","",NA,"","",NA,NA,"","","",NA,"",NA,"",NA,"","","","","","",NA,"","",NA,"","",NA,"Una","Bahia","brazil",3186,"Una",2932507,-39.154571,-15.224128,"BAHIA","BA","Bahia",-41.72018023,-12.47295682,"Bahia","ba",-15.272222,-39.051389,"original coordinates","original coordinates OK"
"30","Myrcia littoralis",1077221273,-12.151944,-37.853611,"gass84","5b5cf455-a448-4c0a-aecd-3e0956f27f10","afdd8e93-b4e3-491c-88f0-8a22834ac1a9","none","b38ff2b7-c8af-454e-b5af-ee760f0d5bca","BR","DWC_ARCHIVE","2018-12-03T14:13:32.810+0000","2018-12-03T16:16:14.730+0000",122,"none","PRESERVED_SPECIMEN",3174136,6,7707728,220,690,5014,7395601,3174136,3174136,"Myrcia littoralis DC.","Myrcia littoralis DC.","Plantae","Tracheophyta","Myrtales","Myrtaceae","Myrcia","Myrcia littoralis","Myrcia","littoralis","SPECIES","ACCEPTED","2005-05-01T00:00:00","Bahia",2005,5,2,"2005-05-02T00:00:00","2018-08-28T19:14:10.000+0000","2018-12-06T14:16:30.793+0000","http://creativecommons.org/licenses/by-nc/4.0/legalcode","none","none","none","WGS84","Magnoliopsida","BR","Brazil","ALCB - Herbário Alexandre Leal Costa","BRA:UFBA:ALCB:0000068070","71","ALCB - Herbário Alexandre Leal Costa","Esplanada","Litoral Norte, Fazenda Reunidas Limoeiro, mata ciliar do Rio Oitis, próximo à via de acesso","ALCB",1077221273,"BRA:UFBA:ALCB:0000068070","Collection","Freire, L; Guedes, ML","68070","","Universidade Federal da Bahia (UFBA)","","ca 5 m de altura. Folhas coriáceas, discolores, com face adaxial verde brilhante. Frutos imaturos avermelhados.; próxima ao Rio Oitis.","Guedes, ML",NA,NA,"pt","Universidade Federal da Bahia (UFBA)","SOUTH_AMERICA","","","","",NA,"","",NA,NA,"","","",NA,"",NA,"",NA,"","","","","","",NA,"","",NA,"","",NA,"Esplanada","Bahia","brazil",3609,"Esplanada",2910602,-37.88657,-11.93415,"BAHIA","BA","Bahia",-41.72018023,-12.47295682,"Bahia","ba",-12.151944,-37.853611,"original coordinates","original coordinates OK"
"31","Myrcia littoralis",1094821369,-14.220556,-39.018056,"gass84,iddatunl","2e684fd6-09e2-4661-910a-0a188b610c04","60545be9-4f28-4245-b4b4-07635c8dfa54","none","b38ff2b7-c8af-454e-b5af-ee760f0d5bca","BR","DWC_ARCHIVE","2018-11-14T17:18:52.123+0000","2018-09-10T18:26:44.135+0000",124,"none","PRESERVED_SPECIMEN",3174136,6,7707728,220,690,5014,7395601,3174136,3174136,"Myrcia littoralis DC.","Myrcia littoralis DC.","Plantae","Tracheophyta","Myrtales","Myrtaceae","Myrcia","Myrcia littoralis","Myrcia","littoralis","SPECIES","ACCEPTED","2012-08-01T00:00:00","Bahia",2005,12,29,"2005-12-29T00:00:00","","2018-09-10T18:26:56.777+0000","http://creativecommons.org/licenses/by-nc/4.0/legalcode","none","none","none","WGS84","Magnoliopsida","BR","Brazil","HUEFS - Herbario da Universidade Estadual de Feira de Santana","BRA:UEFS:HUEFS:0000103655","249","HUEFS - Herbario da Universidade Estadual de Feira de Santana","Maraú","estrada Itacaré-Maraú.","HUEFS",1094821369,"BRA:UEFS:HUEFS:0000103655","Collection","Carvalho, P.D.","103655","","UEFS","","","M.Sobral",25,0,"pt","Universidade Estadual de Feira de Santana (UEFS)","","","","","",NA,"","",NA,NA,"","","",NA,"",NA,"",NA,"","","","","","",NA,"","",NA,"","",NA,"Maraú","Bahia","brazil",3329,"Maraú",2920700,-39.150172,-14.151743,"BAHIA","BA","Bahia",-41.72018023,-12.47295682,"Bahia","ba",-14.220556,-39.018056,"original coordinates","original coordinates OK"
"32","Myrcia littoralis",1265912879,-11.666389,-37.483611,"gass84,iddatunl","1bb3cae3-b91f-4109-8a2d-a1f05f2d6fd3","76dbcb10-efc5-4d5f-87a5-bcd409fc92c8","none","b38ff2b7-c8af-454e-b5af-ee760f0d5bca","BR","DWC_ARCHIVE","2018-11-24T12:30:44.299+0000","2018-09-25T14:05:25.167+0000",126,"none","PRESERVED_SPECIMEN",3174136,6,7707728,220,690,5014,7395601,3174136,3174136,"Myrcia littoralis DC.","Myrcia littoralis DC.","Plantae","Tracheophyta","Myrtales","Myrtaceae","Myrcia","Myrcia littoralis","Myrcia","littoralis","SPECIES","ACCEPTED","2016-06-01T00:00:00","Bahia",2004,4,19,"2004-04-19T00:00:00","","2018-09-25T14:05:25.198+0000","http://creativecommons.org/licenses/by-nc/4.0/legalcode","none","none","none","WGS84","Magnoliopsida","BR","Brazil","SPF - Herbário da Universidade de São Paulo","BRA:USP:SPF:0000179666","514","SPF - Herbário da Universidade de São Paulo","Jandaíra","","SPF",1265912879,"BRA:USP:SPF:0000179666","Collection","Ribeiro, T","179666","","USP","","","Lima, DF",NA,NA,"pt","Universidade de São Paulo, USP","","","","","",NA,"","",NA,NA,"","","",NA,"",NA,"",NA,"","","","","","",NA,"","",NA,"","",NA,"Jandaíra","Bahia","brazil",3653,"Jandaíra",2917904,-37.597289,-11.597756,"BAHIA","BA","Bahia",-41.72018023,-12.47295682,"Bahia","ba",-11.666389,-37.483611,"original coordinates","original coordinates OK"
"33","Myrcia littoralis",1077566985,-8.713333,-35.095556,"gass84","f45c5ee0-e5ec-42e3-a80a-07318144efa4","202d5f34-ff58-4ad7-964f-c947ce18078e","none","b38ff2b7-c8af-454e-b5af-ee760f0d5bca","BR","DWC_ARCHIVE","2018-11-23T15:41:03.906+0000","2018-08-03T12:05:03.699+0000",130,"none","PRESERVED_SPECIMEN",3174136,6,7707728,220,690,5014,7395601,3174136,3174136,"Myrcia littoralis DC.","Myrcia littoralis DC.","Plantae","Tracheophyta","Myrtales","Myrtaceae","Myrcia","Myrcia littoralis","Myrcia","littoralis","SPECIES","ACCEPTED","2006-12-01T00:00:00","Pernambuco",2003,4,9,"2003-04-09T00:00:00","2018-07-10T14:18:23.000+0000","2018-12-09T10:54:42.842+0000","http://creativecommons.org/licenses/by-nc/4.0/legalcode","none","none","none","WGS84","Magnoliopsida","BR","Brazil","IPA - Herbário - IPA Dárdano de Andrade Lima","BRA:IPA:IPA:0000067124","553","IPA - Herbário - IPA Dárdano de Andrade Lima","Tamandaré","Restinga de Ariquindá, na floresta aberta não inundável.","IPA",1077566985,"BRA:IPA:IPA:0000067124","Collection","Lira, S.S.; Macedo, G.; Urbano, J.; Granja, J.; Monteiro, J.; Macedo, G.; Urbano, J.; Granja, J.; Monteiro, J.","67124","","IPA","","Arbusto ca. 3m de altura; fruto imaturo amarelo avermelhado, fruto maduro vermelho.","Sobral, M.",NA,NA,"pt","Empresa Pernambucana de Pesquisa Agropecuária, IPA","SOUTH_AMERICA","","","","",NA,"","",NA,NA,"","","",NA,"",NA,"",NA,"","","","","","",NA,"","",NA,"","",NA,"Tamandaré","Pernambuco","brazil",4137,"Tamandaré",2614857,-35.227235,-8.748269,"PERNAMBUCO","PE","Pernambuco",-37.99303622,-8.3240949,"Pernambuco","pe",-8.713333,-35.095556,"original coordinates","original coordinates OK"
"34","Myrcia littoralis",1077566987,-8.713333,-35.095556,"gass84","f45c5ee0-e5ec-42e3-a80a-07318144efa4","202d5f34-ff58-4ad7-964f-c947ce18078e","none","b38ff2b7-c8af-454e-b5af-ee760f0d5bca","BR","DWC_ARCHIVE","2018-11-23T15:41:03.908+0000","2018-08-03T12:05:03.839+0000",130,"none","PRESERVED_SPECIMEN",3174136,6,7707728,220,690,5014,7395601,3174136,3174136,"Myrcia littoralis DC.","Myrcia littoralis DC.","Plantae","Tracheophyta","Myrtales","Myrtaceae","Myrcia","Myrcia littoralis","Myrcia","littoralis","SPECIES","ACCEPTED","2006-12-01T00:00:00","Pernambuco",2003,4,9,"2003-04-09T00:00:00","2018-07-10T14:18:23.000+0000","2018-12-09T10:54:42.851+0000","http://creativecommons.org/licenses/by-nc/4.0/legalcode","none","none","none","WGS84","Magnoliopsida","BR","Brazil","IPA - Herbário - IPA Dárdano de Andrade Lima","BRA:IPA:IPA:0000067138","560","IPA - Herbário - IPA Dárdano de Andrade Lima","Tamandaré","Restinga de Ariquindá, no interior da restinga.","IPA",1077566987,"BRA:IPA:IPA:0000067138","Collection","Lira, S.S.; Macedo, G.E.L.; Urbano, J.; Granja, J.; Monteiro, J.; Macedo, G.E.L.; Urbano, J.; Granja, J.; Monteiro, J.","67138","","IPA","","Arboreta ca. 4m de altura; frutos imaturos verde e maduro vináceo.","Sobral, M.",NA,NA,"pt","Empresa Pernambucana de Pesquisa Agropecuária, IPA","SOUTH_AMERICA","","","","",NA,"","",NA,NA,"","","",NA,"",NA,"",NA,"","","","","","",NA,"","",NA,"","",NA,"Tamandaré","Pernambuco","brazil",4137,"Tamandaré",2614857,-35.227235,-8.748269,"PERNAMBUCO","PE","Pernambuco",-37.99303622,-8.3240949,"Pernambuco","pe",-8.713333,-35.095556,"original coordinates","original coordinates OK"
"35","Myrcia littoralis",1090491300,-15.315278,-39.005556,"gass84","bc81e05b-ed51-46ba-a0a4-90fbae9b5545","c6aacf9d-a5a7-4d7f-a6fc-ea0a4b8ec450","none","b38ff2b7-c8af-454e-b5af-ee760f0d5bca","BR","DWC_ARCHIVE","2018-11-24T12:34:13.332+0000","2018-11-24T12:34:13.358+0000",122,"none","PRESERVED_SPECIMEN",3174136,6,7707728,220,690,5014,7395601,3174136,3174136,"Myrcia littoralis DC.","Myrcia littoralis DC.","Plantae","Tracheophyta","Myrtales","Myrtaceae","Myrcia","Myrcia littoralis","Myrcia","littoralis","SPECIES","ACCEPTED","none","Bahia",2002,7,14,"2002-07-14T00:00:00","2018-11-14T18:12:43.000+0000","2018-12-08T04:42:49.868+0000","http://creativecommons.org/licenses/by-nc/4.0/legalcode","none","none","none","WGS84","Magnoliopsida","BR","Brazil","CEPEC - Herbário do Centro de Pesquisas do Cacau","BRA:CEPLAC:CEPEC:0000099480","4627","CEPEC - Herbário do Centro de Pesquisas do Cacau","UNA","Fazenda Bolandeira. Coletas numa extensa faixa de mata, no sentido Norte-Sul, paralela aos cordões litorâneos e próx. A uma área tipo ""Cerrado"".","CEPEC",1090491300,"BRA:CEPLAC:CEPEC:0000099480","Collection","L. A. Mattos-Silva","99480","12/06/2006","Comissão Executiva do Plano da Lavoura Cacaueira (CEPLAC)","","","M. Sobral",NA,NA,"pt","Comissão Executiva do Plano da Lavoura Cacaueira (CEPLAC)","","","","","",NA,"","",NA,NA,"","","",NA,"",NA,"",NA,"","","","","","",NA,"","",NA,"","",NA,"UNA","Bahia","brazil",3186,"Una",2932507,-39.154571,-15.224128,"BAHIA","BA","Bahia",-41.72018023,-12.47295682,"Bahia","ba",-15.315278,-39.005556,"original coordinates","original coordinates OK"
"36","Myrcia littoralis",1077566978,-8.713333,-35.095,"gass84","f45c5ee0-e5ec-42e3-a80a-07318144efa4","202d5f34-ff58-4ad7-964f-c947ce18078e","none","b38ff2b7-c8af-454e-b5af-ee760f0d5bca","BR","DWC_ARCHIVE","2018-11-23T15:41:03.899+0000","2018-08-03T12:05:03.842+0000",130,"none","PRESERVED_SPECIMEN",3174136,6,7707728,220,690,5014,7395601,3174136,3174136,"Myrcia littoralis DC.","Myrcia littoralis DC.","Plantae","Tracheophyta","Myrtales","Myrtaceae","Myrcia","Myrcia littoralis","Myrcia","littoralis","SPECIES","ACCEPTED","2006-12-01T00:00:00","Pernambuco",2002,10,30,"2002-10-30T00:00:00","2018-07-10T14:18:23.000+0000","2018-12-09T10:54:42.820+0000","http://creativecommons.org/licenses/by-nc/4.0/legalcode","none","none","none","WGS84","Magnoliopsida","BR","Brazil","IPA - Herbário - IPA Dárdano de Andrade Lima","BRA:IPA:IPA:0000067126","408","IPA - Herbário - IPA Dárdano de Andrade Lima","Tamandaré","Restinga de Ariquindá, fruticeto aberto não inundável.","IPA",1077566978,"BRA:IPA:IPA:0000067126","Collection","Lira, S.S.; Vicente, A.; Almeida, E.; Vicente, A.; Almeida, E.","67126","","IPA","","Arbusto ca. 3m de altura; botões florais marrom-claro.","Sobral, M.",NA,NA,"pt","Empresa Pernambucana de Pesquisa Agropecuária, IPA","SOUTH_AMERICA","","","","",NA,"","",NA,NA,"","","",NA,"",NA,"",NA,"","","","","","",NA,"","",NA,"","",NA,"Tamandaré","Pernambuco","brazil",4137,"Tamandaré",2614857,-35.227235,-8.748269,"PERNAMBUCO","PE","Pernambuco",-37.99303622,-8.3240949,"Pernambuco","pe",-8.713333,-35.095,"original coordinates","original coordinates OK"
"37","Myrcia littoralis",1077592464,-10.184167,-36.497222,"gass84","a0cb1f6e-5766-4cc5-a8a0-cfc6a22c5c3d","81114709-2a6c-4e0b-908b-cb207a8708c2","none","b38ff2b7-c8af-454e-b5af-ee760f0d5bca","BR","DWC_ARCHIVE","2018-11-23T18:20:41.177+0000","2018-11-23T18:20:41.331+0000",125,"none","PRESERVED_SPECIMEN",3174136,6,7707728,220,690,5014,7395601,3174136,3174136,"Myrcia littoralis DC.","Myrcia littoralis DC.","Plantae","Tracheophyta","Myrtales","Myrtaceae","Myrcia","Myrcia littoralis","Myrcia","littoralis","SPECIES","ACCEPTED","2017-01-01T00:00:00","Alagoas",2001,5,28,"2001-05-28T00:00:00","2018-11-22T16:54:49.000+0000","2018-12-09T10:54:53.008+0000","http://creativecommons.org/licenses/by-nc/4.0/legalcode","none","none","none","WGS84","Magnoliopsida","BR","Brazil","MAC - Herbário do Instituto do Meio Ambiente do Estado de Alagoas","BRA:IMA:MAC:0000014721","5852","MAC - Herbário do Instituto do Meio Ambiente do Estado de Alagoas","Marechal Deodoro","Massagueira.","MAC",1077592464,"BRA:IMA:MAC:0000014721","Collection","R.P.Lyra-Lemos","14721","","IMA","","Árvore com ca. de 1,8m de alt. Frutos vermelhos maduros.; Restinga baixa.","M.Sobral",NA,NA,"pt","Instituto do Meio Ambiente do Estado de Alagoas, IMA","","","","","",NA,"","",NA,NA,"","","",NA,"",NA,"",NA,"","","","","","",NA,"","",NA,"","",NA,"Marechal Deodoro","Alagoas","brazil",3955,"Marechal Deodoro",2704708,-35.906311,-9.716296,"ALAGOAS","AL","Alagoas",-36.62362821,-9.51494324,"Alagoas","al",-10.184167,-36.497222,"original coordinates","original coordinates outside municipality original in marechal deodoro falls in penedo"
"38","Myrcia littoralis",1077589911,-10.184167,-36.497222,"gass84","a0cb1f6e-5766-4cc5-a8a0-cfc6a22c5c3d","81114709-2a6c-4e0b-908b-cb207a8708c2","none","b38ff2b7-c8af-454e-b5af-ee760f0d5bca","BR","DWC_ARCHIVE","2018-11-23T18:20:38.697+0000","2018-11-23T18:20:38.781+0000",125,"none","PRESERVED_SPECIMEN",3174136,6,7707728,220,690,5014,7395601,3174136,3174136,"Myrcia littoralis DC.","Myrcia littoralis DC.","Plantae","Tracheophyta","Myrtales","Myrtaceae","Myrcia","Myrcia littoralis","Myrcia","littoralis","SPECIES","ACCEPTED","2017-01-01T00:00:00","Alagoas",1998,11,26,"1998-11-26T00:00:00","2018-11-22T16:54:49.000+0000","2018-12-09T10:54:51.830+0000","http://creativecommons.org/licenses/by-nc/4.0/legalcode","none","none","none","WGS84","Magnoliopsida","BR","Brazil","MAC - Herbário do Instituto do Meio Ambiente do Estado de Alagoas","BRA:IMA:MAC:0000009858","3984","MAC - Herbário do Instituto do Meio Ambiente do Estado de Alagoas","Marechal Deodoro","Dunas do Cavalo Russo.","MAC",1077589911,"BRA:IMA:MAC:0000009858","Collection","R.P.Lyra-Lemos; M.N.Rodrigues; I.A.Bayma","9858","","IMA","","Arvoreta com ca. de 1,5m de alt. Botões e flores vermelhos.; Restinga arbustiva.","M.Sobral",NA,NA,"pt","Instituto do Meio Ambiente do Estado de Alagoas, IMA","","","","","",NA,"","",NA,NA,"","","",NA,"",NA,"",NA,"","","","","","",NA,"","",NA,"","",NA,"Marechal Deodoro","Alagoas","brazil",3955,"Marechal Deodoro",2704708,-35.906311,-9.716296,"ALAGOAS","AL","Alagoas",-36.62362821,-9.51494324,"Alagoas","al",-10.184167,-36.497222,"original coordinates","original coordinates outside municipality original in marechal deodoro falls in penedo"
"39","Myrcia littoralis",1929530532,-16.875278,-39.144167,"cdround,gass84","d415c253-4d61-4459-9d25-4015b9084fb0","ae447c50-b8a8-11d8-92a4-b8a03c50a862","none","17017c2c-036b-45d9-b045-606d21b00771","US","DWC_ARCHIVE","2018-11-18T15:23:47.277+0000","2018-11-18T15:23:47.339+0000",96,"none","PRESERVED_SPECIMEN",3174136,6,7707728,220,690,5014,7395601,3174136,3174136,"Myrcia littoralis DC.","Myrcia littoralis DC.","Plantae","Tracheophyta","Myrtales","Myrtaceae","Myrcia","Myrcia littoralis","Myrcia","littoralis","SPECIES","ACCEPTED","1998-01-01T00:00:00","Bahia",1997,7,18,"1997-07-18T00:00:00","","2018-12-07T23:39:00.869+0000","http://creativecommons.org/publicdomain/zero/1.0/legalcode","none","none","none","WGS84","Magnoliopsida","BR","Brazil","The New York Botanical Garden","7cb3f25a-acba-437c-87f4-bde2707aa7bd","11616","Vascular plants","","Parque Nacional Monte Pascoal. North of Barra Velha.","NY",1929530532,"7cb3f25a-acba-437c-87f4-bde2707aa7bd","PhysicalObject","W. W. Thomas","298170","","NY","","","M. L. Kawasaki",0,0,"en","","SOUTH_AMERICA","http://sweetgum.nybg.org/science/vh/specimen_details.php?irn=482223","http://biocol.org/urn:lsid:biocol.org:col:15556","ICN","18 Jul 1997",199,"Porto Seguro","sheet",199,NA,"http://biocol.org/urn:lsid:biocol.org:col:15556","","",NA,"",NA,"",NA,"","","Shrubby restinga over white sand","","","",NA,"","",NA,"","",NA,"","Bahia","brazil",NA,"",NA,NA,NA,"","","Bahia",-41.72018023,-12.47295682,"Bahia","ba",-16.875278,-39.144167,"original coordinates","original coordinates outside municipality original in  falls in porto seguro"
"40","Myrcia littoralis",1424074925,-12.056667,-37.690833,"cdround,gass84","4300f8d5-1ae5-49e5-a101-63894b005868","838537fc-4aeb-4980-8b58-97fbdcd1d91a","none","da7fe11a-b42c-46cb-9e9d-02243edb738a","BR","DWC_ARCHIVE","2018-10-02T15:38:42.132+0000","2018-09-24T20:00:15.749+0000",207,"none","PRESERVED_SPECIMEN",3174136,6,7707728,220,690,5014,7395601,3174136,3174136,"Myrcia littoralis DC.","Myrcia littoralis DC.","Plantae","Tracheophyta","Myrtales","Myrtaceae","Myrcia","Myrcia littoralis","Myrcia","littoralis","SPECIES","ACCEPTED","none","Bahia",1996,1,30,"1996-01-30T00:00:00","2016-07-29T13:30:41.647+0000","2018-12-06T16:56:51.245+0000","http://creativecommons.org/licenses/by/4.0/legalcode","none","none","none","WGS84","Magnoliopsida","BR","Brazil","Rio de Janeiro Botanical Garden","urn:catalog:JBRJ:RB:313822","","RB - Rio de Janeiro Botanical Garden Herbarium Collection","Conde","Fazenda do Bu, Mata do São Miguel.","RB",1424074925,"urn:catalog:JBRJ:RB:313822","PhysicalObject","M.Clara Ferreira; T.Jost","RB00313822","RB 413327","JBRJ","Restinga arbórea, vegetação com influencia Marinha","Arbusto de aproximadamente 2,0m, folhas opostas, cartáceas, discolores, frutos jovens verdes","DFLIMA",NA,NA,"","","","","","","",NA,"","",NA,NA,"","","",NA,"",NA,"",NA,"","","","","","",NA,"","",NA,"","",NA,"Conde","Bahia","brazil",3622,"Conde",2908606,-37.67734,-11.827324,"BAHIA","BA","Bahia",-41.72018023,-12.47295682,"Bahia","ba",-12.056667,-37.690833,"original coordinates","original coordinates OK"
"41","Myrcia littoralis",1213625352,-14.993611,-39.039167,"gass84,iddatunl","d82d5a18-0428-4e52-be16-f509153e8126","e97090cb-7731-41c7-ac24-31a841730654","none","b38ff2b7-c8af-454e-b5af-ee760f0d5bca","BR","DWC_ARCHIVE","2018-11-14T17:19:14.131+0000","2018-01-05T18:34:44.197+0000",114,"none","PRESERVED_SPECIMEN",3174136,6,7707728,220,690,5014,7395601,3174136,3174136,"Myrcia littoralis DC.","Myrcia littoralis DC.","Plantae","Tracheophyta","Myrtales","Myrtaceae","Myrcia","Myrcia littoralis","Myrcia","littoralis","SPECIES","ACCEPTED","2010-01-01T00:00:00","Bahia",1995,5,21,"1995-05-21T00:00:00","","2018-07-08T01:34:54.536+0000","http://creativecommons.org/licenses/by-nc/4.0/legalcode","none","none","none","WGS84","Magnoliopsida","BR","Brazil","UB - Herbário da Universidade de Brasília","BRA:UnB:UB:0000168858","10953","UB - Herbário da Universidade de Brasília","Ilhéus","8,9 km SW of Olivença of road to Maruim","UB",1213625352,"BRA:UnB:UB:0000168858","Collection","Thomas, WW; Carvalho, A; Pitanga, GVF","168858","","UnB","","Shrub, 2,5m; leaves coriaceous, shiny dark green above, pale olive beneath; fruit pale olive tinged reddish.; Restinga and low restinga forest","Emmend",9999,0,"pt","Universidade de Brasília (UnB)","SOUTH_AMERICA","","","","",NA,"","",NA,NA,"","","",NA,"",NA,"",NA,"","","","","","",NA,"","",NA,"","",NA,"Ilhéus","Bahia","brazil",3250,"Ilhéus",2913606,-39.190761,-14.766458,"BAHIA","BA","Bahia",-41.72018023,-12.47295682,"Bahia","ba",-14.993611,-39.039167,"original coordinates","original coordinates OK"
"42","Myrcia littoralis",1213588479,-12.454722,-41.468056,"gass84,iddatunl","d82d5a18-0428-4e52-be16-f509153e8126","e97090cb-7731-41c7-ac24-31a841730654","none","b38ff2b7-c8af-454e-b5af-ee760f0d5bca","BR","DWC_ARCHIVE","2018-11-14T17:18:49.851+0000","2018-01-05T18:34:28.038+0000",114,"none","PRESERVED_SPECIMEN",3174136,6,7707728,220,690,5014,7395601,3174136,3174136,"Myrcia littoralis DC.","Myrcia littoralis DC.","Plantae","Tracheophyta","Myrtales","Myrtaceae","Myrcia","Myrcia littoralis","Myrcia","littoralis","SPECIES","ACCEPTED","2011-12-01T00:00:00","Bahia",1994,9,25,"1994-09-25T00:00:00","","2018-07-08T01:34:54.568+0000","http://creativecommons.org/licenses/by-nc/4.0/legalcode","none","none","none","WGS84","Magnoliopsida","BR","Brazil","UB - Herbário da Universidade de Brasília","BRA:UnB:UB:0000131890","773","UB - Herbário da Universidade de Brasília","Palmeiras","Pai Inácio","UB",1213588479,"BRA:UnB:UB:0000131890","Collection","Giulietti, AML","131890","","UnB","","Frutos imaturos verdes.; Árvore 10m.; Mata ciliar","Rosa, PO",9999,0,"pt","Universidade de Brasília (UnB)","SOUTH_AMERICA","","","","",NA,"","",NA,NA,"","","",NA,"",NA,"",NA,"","","","","","",NA,"","",NA,"","",NA,"Palmeiras","Bahia","brazil",3525,"Palmeiras",2923506,-41.55815,-12.545926,"BAHIA","BA","Bahia",-41.72018023,-12.47295682,"Bahia","ba",-12.454722,-41.468056,"original coordinates","original coordinates OK"
"43","Myrcia littoralis",1090464222,-12.456389,-41.471111,"gass84","bc81e05b-ed51-46ba-a0a4-90fbae9b5545","c6aacf9d-a5a7-4d7f-a6fc-ea0a4b8ec450","none","b38ff2b7-c8af-454e-b5af-ee760f0d5bca","BR","DWC_ARCHIVE","2018-11-24T12:33:51.388+0000","2018-11-24T12:33:51.404+0000",122,"none","PRESERVED_SPECIMEN",3174136,6,7707728,220,690,5014,7395601,3174136,3174136,"Myrcia littoralis DC.","Myrcia littoralis DC.","Plantae","Tracheophyta","Myrtales","Myrtaceae","Myrcia","Myrcia littoralis","Myrcia","littoralis","SPECIES","ACCEPTED","none","Bahia",1994,12,30,"1994-12-30T00:00:00","2018-11-14T14:25:39.000+0000","2018-12-08T04:42:38.360+0000","http://creativecommons.org/licenses/by-nc/4.0/legalcode","none","none","none","WGS84","Magnoliopsida","BR","Brazil","CEPEC - Herbário do Centro de Pesquisas do Cacau","BRA:CEPLAC:CEPEC:0000068688","1519","CEPEC - Herbário do Centro de Pesquisas do Cacau","palmeiras","Pai Ináciio.","CEPEC",1090464222,"BRA:CEPLAC:CEPEC:0000068688","Collection","M. L. Guedes","68688","30/12/2005","Comissão Executiva do Plano da Lavoura Cacaueira (CEPLAC)","","","M. Sobral",NA,NA,"pt","Comissão Executiva do Plano da Lavoura Cacaueira (CEPLAC)","","","","","",NA,"","",NA,NA,"","","",NA,"",NA,"",NA,"","","","","","",NA,"","",NA,"","",NA,"palmeiras","Bahia","brazil",3525,"Palmeiras",2923506,-41.55815,-12.545926,"BAHIA","BA","Bahia",-41.72018023,-12.47295682,"Bahia","ba",-12.456389,-41.471111,"original coordinates","original coordinates OK"
"44","Myrcia littoralis",1090457125,-16.233333,-39,"gass84","bc81e05b-ed51-46ba-a0a4-90fbae9b5545","c6aacf9d-a5a7-4d7f-a6fc-ea0a4b8ec450","none","b38ff2b7-c8af-454e-b5af-ee760f0d5bca","BR","DWC_ARCHIVE","2018-11-24T12:33:46.075+0000","2018-11-24T12:33:46.181+0000",122,"none","PRESERVED_SPECIMEN",3174136,6,7707728,220,690,5014,7395601,3174136,3174136,"Myrcia littoralis DC.","Myrcia littoralis DC.","Plantae","Tracheophyta","Myrtales","Myrtaceae","Myrcia","Myrcia littoralis","Myrcia","littoralis","SPECIES","ACCEPTED","none","Bahia",1993,2,8,"1993-02-08T00:00:00","2018-11-14T18:12:43.000+0000","2018-12-08T04:42:35.145+0000","http://creativecommons.org/licenses/by-nc/4.0/legalcode","none","none","none","WGS84","Magnoliopsida","BR","Brazil","CEPEC - Herbário do Centro de Pesquisas do Cacau","BRA:CEPLAC:CEPEC:0000060954","2751","CEPEC - Herbário do Centro de Pesquisas do Cacau","PORTO SEGURO","Estrada N. Sra. D""Ajuda/Porto seguro. A 15Km de N. Sra. D'Ajuda.","CEPEC",1090457125,"BRA:CEPLAC:CEPEC:0000060954","Collection","J. R. Pirani","60954","30/12/2005","Comissão Executiva do Plano da Lavoura Cacaueira (CEPLAC)","","","M. Sobral",NA,NA,"pt","Comissão Executiva do Plano da Lavoura Cacaueira (CEPLAC)","","","","","",NA,"","",NA,NA,"","","",NA,"",NA,"",NA,"","","","","","",NA,"","",NA,"","",NA,"PORTO SEGURO","Bahia","brazil",2962,"Porto Seguro",2925303,-39.278757,-16.625586,"BAHIA","BA","Bahia",-41.72018023,-12.47295682,"Bahia","ba",-16.233333,-39,"original coordinates","original coordinates outside Brazil"
"45","Myrcia littoralis",1928413796,-11.94,-38.08,"gass84","d415c253-4d61-4459-9d25-4015b9084fb0","ae447c50-b8a8-11d8-92a4-b8a03c50a862","none","17017c2c-036b-45d9-b045-606d21b00771","US","DWC_ARCHIVE","2018-11-18T14:49:19.619+0000","2018-11-18T14:49:19.721+0000",96,"none","PRESERVED_SPECIMEN",3174136,6,7707728,220,690,5014,7395601,3174136,3174136,"Myrcia littoralis DC.","Myrcia littoralis DC.","Plantae","Tracheophyta","Myrtales","Myrtaceae","Myrcia","Myrcia littoralis","Myrcia","littoralis","SPECIES","ACCEPTED","none","Bahia",1981,5,28,"1981-05-28T00:00:00","","2018-12-08T19:25:34.695+0000","http://creativecommons.org/publicdomain/zero/1.0/legalcode","none","none","none","WGS84","Magnoliopsida","BR","Brazil","The New York Botanical Garden","2d80e8bd-d1f0-4c5b-9edb-2e398d58e630","14172","Vascular plants","","Road W of Subauma, 2-5 km W of Subauma","NY",1928413796,"2d80e8bd-d1f0-4c5b-9edb-2e398d58e630","PhysicalObject","S. A. Mori","1522358","","NY","","","M. Sobral",0,0,"en","","SOUTH_AMERICA","http://sweetgum.nybg.org/science/vh/specimen_details.php?irn=1751572","http://biocol.org/urn:lsid:biocol.org:col:15556","ICN","28 May 1981",148,"Entre Rios","sheet",148,NA,"http://biocol.org/urn:lsid:biocol.org:col:15556","","",NA,"",NA,"",NA,"","","","Duplicate specimen at herb. CEPEC--26522   identified as such. Also at herb. UEC--43595","Other source","IBGE (Instituto Brasileiro de Geografia e EstatÃ­stica)",NA,"","",NA,"","",NA,"","Bahia","brazil",NA,"",NA,NA,NA,"","","Bahia",-41.72018023,-12.47295682,"Bahia","ba",-11.94,-38.08,"original coordinates","original coordinates outside municipality original in  falls in entre rios"
"46","Myrcia littoralis",1927984502,-12.909706,-38.326094,"","d415c253-4d61-4459-9d25-4015b9084fb0","ae447c50-b8a8-11d8-92a4-b8a03c50a862","none","17017c2c-036b-45d9-b045-606d21b00771","US","DWC_ARCHIVE","2018-11-18T14:46:09.166+0000","2018-11-18T14:46:09.265+0000",96,"none","PRESERVED_SPECIMEN",3174136,6,7707728,220,690,5014,7395601,3174136,3174136,"Myrcia littoralis DC.","Myrcia littoralis DC.","Plantae","Tracheophyta","Myrtales","Myrtaceae","Myrcia","Myrcia littoralis","Myrcia","littoralis","SPECIES","ACCEPTED","1984-01-01T00:00:00","Bahia",1981,5,24,"1981-05-24T00:00:00","","2018-12-05T23:31:57.068+0000","http://creativecommons.org/publicdomain/zero/1.0/legalcode","none","none","none","WGS84","Magnoliopsida","BR","Brazil","The New York Botanical Garden","0f5a7b4f-cf95-4e52-af51-78c23c8b0356","14106","Vascular plants","","Vicinity of airport, Dois de Julho.","NY",1927984502,"0f5a7b4f-cf95-4e52-af51-78c23c8b0356","PhysicalObject","S. A. Mori","1522712","","NY","","","M. Sobral",0,0,"en","","SOUTH_AMERICA","http://sweetgum.nybg.org/science/vh/specimen_details.php?irn=1776702","http://biocol.org/urn:lsid:biocol.org:col:15556","ICN","24 May 1981",144,"Salvador","sheet",144,NA,"http://biocol.org/urn:lsid:biocol.org:col:15556","","",NA,"",NA,"",NA,"","","","Duplicate specimen at herb. CEPEC--27429  identified as such, also at herb. UEC--41376","BioGeomancer, Guide to Best Practices for Georefer","Google Maps (map data 2016), Manis Georef. Calculator",4526.57,"2016-03-17","",NA,"","",NA,"","Bahia","brazil",NA,"",NA,NA,NA,"","","Bahia",-41.72018023,-12.47295682,"Bahia","ba",-12.909706,-38.326094,"original coordinates","original coordinates outside municipality original in  falls in salvador"
"47","Myrcia littoralis",1929246056,-12.974765279643,-38.5104525083597,"cdrep","d415c253-4d61-4459-9d25-4015b9084fb0","ae447c50-b8a8-11d8-92a4-b8a03c50a862","none","17017c2c-036b-45d9-b045-606d21b00771","US","DWC_ARCHIVE","2018-11-18T15:21:17.995+0000","2018-11-18T15:21:18.157+0000",96,"none","PRESERVED_SPECIMEN",3174136,6,7707728,220,690,5014,7395601,3174136,3174136,"Myrcia littoralis DC.","Myrcia littoralis DC.","Plantae","Tracheophyta","Myrtales","Myrtaceae","Myrcia","Myrcia littoralis","Myrcia","littoralis","SPECIES","ACCEPTED","1982-01-01T00:00:00","Bahia",1981,5,23,"1981-05-23T00:00:00","","2018-12-08T11:11:41.712+0000","http://creativecommons.org/publicdomain/zero/1.0/legalcode","none","none","none","WGS84","Magnoliopsida","BR","Brazil","The New York Botanical Garden","68ac7e46-062d-42e4-be57-7770133f5013","704","Vascular plants","","Ca. 30 km. a N dp centro da cidade. Estrada para o aeroporto. Arredores de Itapua","NY",1929246056,"68ac7e46-062d-42e4-be57-7770133f5013","PhysicalObject","A. M. V. de Carvalho","1522690","","NY","","","E. A. Nascimento",0,0,"en","","SOUTH_AMERICA","http://sweetgum.nybg.org/science/vh/specimen_details.php?irn=1776533","http://biocol.org/urn:lsid:biocol.org:col:15556","ICN","23 May 1981",143,"Salvador","sheet",143,NA,"http://biocol.org/urn:lsid:biocol.org:col:15556","","",NA,"",NA,"",NA,"","","","Duplicate specimen at herb.UB--131871  identified as such","Other source","CRIA (Centro de ReferÃªncia em InformaÃ§Ã£o Ambiental)",26018,"","",NA,"","",NA,"","Bahia","brazil",NA,"",NA,NA,NA,"","","Bahia",-41.72018023,-12.47295682,"Bahia","ba",-12.974765279643,-38.5104525083597,"original coordinates","original coordinates outside municipality original in  falls in salvador"
"48","Myrcia littoralis",1213625096,-14.1,-39.02,"gass84,iddatunl","d82d5a18-0428-4e52-be16-f509153e8126","e97090cb-7731-41c7-ac24-31a841730654","none","b38ff2b7-c8af-454e-b5af-ee760f0d5bca","BR","DWC_ARCHIVE","2018-11-14T17:19:13.938+0000","2018-01-05T18:34:43.887+0000",114,"none","PRESERVED_SPECIMEN",3174136,6,7707728,220,690,5014,7395601,3174136,3174136,"Myrcia littoralis DC.","Myrcia littoralis DC.","Plantae","Tracheophyta","Myrtales","Myrtaceae","Myrcia","Myrcia littoralis","Myrcia","littoralis","SPECIES","ACCEPTED","2010-01-01T00:00:00","Bahia",1967,1,13,"1967-01-13T00:00:00","","2018-07-08T01:34:54.557+0000","http://creativecommons.org/licenses/by-nc/4.0/legalcode","none","none","none","WGS84","Magnoliopsida","BR","Brazil","UB - Herbário da Universidade de Brasília","BRA:UnB:UB:0000168597","3095","UB - Herbário da Universidade de Brasília","Maraú","Maraú","UB",1213625096,"BRA:UnB:UB:0000168597","Collection","Belém, RP; Pinheiro, RS","168597","","UnB","","Árvore de 10m x 15cm de diâm; flores brancas.; Mata costeira","Proença, CEB",9999,0,"pt","Universidade de Brasília (UnB)","SOUTH_AMERICA","","","","",NA,"","",NA,NA,"","","",NA,"",NA,"",NA,"","","","","","",NA,"","",NA,"","",NA,"Maraú","Bahia","brazil",3329,"Maraú",2920700,-39.150172,-14.151743,"BAHIA","BA","Bahia",-41.72018023,-12.47295682,"Bahia","ba",-14.1,-39.02,"original coordinates","original coordinates OK"
"49","Myrcia littoralis",1213625132,-14.1,-39.02,"gass84,iddatunl","d82d5a18-0428-4e52-be16-f509153e8126","e97090cb-7731-41c7-ac24-31a841730654","none","b38ff2b7-c8af-454e-b5af-ee760f0d5bca","BR","DWC_ARCHIVE","2018-11-14T17:19:13.962+0000","2018-01-05T18:34:44.156+0000",114,"none","PRESERVED_SPECIMEN",3174136,6,7707728,220,690,5014,7395601,3174136,3174136,"Myrcia littoralis DC.","Myrcia littoralis DC.","Plantae","Tracheophyta","Myrtales","Myrtaceae","Myrcia","Myrcia littoralis","Myrcia","littoralis","SPECIES","ACCEPTED","2010-01-01T00:00:00","Bahia",1967,1,12,"1967-01-12T00:00:00","","2018-07-08T01:34:54.570+0000","http://creativecommons.org/licenses/by-nc/4.0/legalcode","none","none","none","WGS84","Magnoliopsida","BR","Brazil","UB - Herbário da Universidade de Brasília","BRA:UnB:UB:0000168630","3065","UB - Herbário da Universidade de Brasília","Maraú","","UB",1213625132,"BRA:UnB:UB:0000168630","Collection","Belém, RP; Pinheiro, RS","168630","","UnB","","Árvore de 8m x 10cm de diâm; flores brancas, cálice roxo.; Mata costeira","Proença, CEB",9999,0,"pt","Universidade de Brasília (UnB)","SOUTH_AMERICA","","","","",NA,"","",NA,NA,"","","",NA,"",NA,"",NA,"","","","","","",NA,"","",NA,"","",NA,"Maraú","Bahia","brazil",3329,"Maraú",2920700,-39.150172,-14.151743,"BAHIA","BA","Bahia",-41.72018023,-12.47295682,"Bahia","ba",-14.1,-39.02,"original coordinates","original coordinates OK"
"50","Myrcia littoralis",1213625133,-14.1,-39.02,"gass84,iddatunl","d82d5a18-0428-4e52-be16-f509153e8126","e97090cb-7731-41c7-ac24-31a841730654","none","b38ff2b7-c8af-454e-b5af-ee760f0d5bca","BR","DWC_ARCHIVE","2018-11-14T17:19:13.954+0000","2018-01-05T18:34:44.155+0000",114,"none","PRESERVED_SPECIMEN",3174136,6,7707728,220,690,5014,7395601,3174136,3174136,"Myrcia littoralis DC.","Myrcia littoralis DC.","Plantae","Tracheophyta","Myrtales","Myrtaceae","Myrcia","Myrcia littoralis","Myrcia","littoralis","SPECIES","ACCEPTED","2010-01-01T00:00:00","Bahia",1967,1,12,"1967-01-12T00:00:00","","2018-07-08T01:34:54.563+0000","http://creativecommons.org/licenses/by-nc/4.0/legalcode","none","none","none","WGS84","Magnoliopsida","BR","Brazil","UB - Herbário da Universidade de Brasília","BRA:UnB:UB:0000168629","3059","UB - Herbário da Universidade de Brasília","Maraú","","UB",1213625133,"BRA:UnB:UB:0000168629","Collection","Belém, RP; Pinheiro, RS","168629","","UnB","","Árvore de 6m x 8cm de diâm; flores brancas, cálice verde.; Mata costeira","Proença, CEB",9999,0,"pt","Universidade de Brasília (UnB)","SOUTH_AMERICA","","","","",NA,"","",NA,NA,"","","",NA,"",NA,"",NA,"","","","","","",NA,"","",NA,"","",NA,"Maraú","Bahia","brazil",3329,"Maraú",2920700,-39.150172,-14.151743,"BAHIA","BA","Bahia",-41.72018023,-12.47295682,"Bahia","ba",-14.1,-39.02,"original coordinates","original coordinates OK"
"51","Myrcia littoralis",1213625115,-14.1,-39.02,"gass84,iddatunl","d82d5a18-0428-4e52-be16-f509153e8126","e97090cb-7731-41c7-ac24-31a841730654","none","b38ff2b7-c8af-454e-b5af-ee760f0d5bca","BR","DWC_ARCHIVE","2018-11-14T17:19:13.952+0000","2018-01-05T18:34:44.154+0000",114,"none","PRESERVED_SPECIMEN",3174136,6,7707728,220,690,5014,7395601,3174136,3174136,"Myrcia littoralis DC.","Myrcia littoralis DC.","Plantae","Tracheophyta","Myrtales","Myrtaceae","Myrcia","Myrcia littoralis","Myrcia","littoralis","SPECIES","ACCEPTED","2010-01-01T00:00:00","Bahia",1967,1,12,"1967-01-12T00:00:00","","2018-07-08T01:34:54.562+0000","http://creativecommons.org/licenses/by-nc/4.0/legalcode","none","none","none","WGS84","Magnoliopsida","BR","Brazil","UB - Herbário da Universidade de Brasília","BRA:UnB:UB:0000168636","3067","UB - Herbário da Universidade de Brasília","Maraú","","UB",1213625115,"BRA:UnB:UB:0000168636","Collection","Belém, RP; Pinheiro, RS","168636","","UnB","","Árvore de 10m x 13cm de diâm; flores brancas, estames brancos, anteras amarelas, cálice verde.; Mata costeira","Proença, CEB",9999,0,"pt","Universidade de Brasília (UnB)","SOUTH_AMERICA","","","","",NA,"","",NA,NA,"","","",NA,"",NA,"",NA,"","","","","","",NA,"","",NA,"","",NA,"Maraú","Bahia","brazil",3329,"Maraú",2920700,-39.150172,-14.151743,"BAHIA","BA","Bahia",-41.72018023,-12.47295682,"Bahia","ba",-14.1,-39.02,"original coordinates","original coordinates OK"
"52","Myrcia littoralis",1213625316,-12.97,-38.51,"gass84,iddatunl","d82d5a18-0428-4e52-be16-f509153e8126","e97090cb-7731-41c7-ac24-31a841730654","none","b38ff2b7-c8af-454e-b5af-ee760f0d5bca","BR","DWC_ARCHIVE","2018-11-14T17:19:14.058+0000","2018-01-05T18:34:44.200+0000",114,"none","PRESERVED_SPECIMEN",3174136,6,7707728,220,690,5014,7395601,3174136,3174136,"Myrcia littoralis DC.","Myrcia littoralis DC.","Plantae","Tracheophyta","Myrtales","Myrtaceae","Myrcia","Myrcia littoralis","Myrcia","littoralis","SPECIES","ACCEPTED","2011-12-01T00:00:00","Bahia",1965,1,24,"1965-01-24T00:00:00","","2018-07-08T01:34:54.537+0000","http://creativecommons.org/licenses/by-nc/4.0/legalcode","none","none","none","WGS84","Magnoliopsida","BR","Brazil","UB - Herbário da Universidade de Brasília","BRA:UnB:UB:0000168754","261","UB - Herbário da Universidade de Brasília","Salvador","Lagoa Abaetê","UB",1213625316,"BRA:UnB:UB:0000168754","Collection","Belém, RP; Mendes, JM","168754","","UnB","","Lenhosa de 1m. Flores brancas, algo sujas por fora.; Restinga","Rosa, PO",9999,0,"pt","Universidade de Brasília (UnB)","SOUTH_AMERICA","","","","",NA,"","",NA,NA,"","","",NA,"",NA,"",NA,"","","","","","",NA,"","",NA,"","",NA,"Salvador","Bahia","brazil",3474,"Salvador",2927408,-38.51033,-12.871185,"BAHIA","BA","Bahia",-41.72018023,-12.47295682,"Bahia","ba",-12.97,-38.51,"original coordinates","original coordinates OK"
"53","Myrcia littoralis",1228562080,-10.8339,-52.8731,"gass84","90c853e6-56bd-480b-8e8f-6285c3f8d42b","7b8aff00-a9f8-11d8-944b-b8a03c50a862","none","3b84ff5b-79ce-427c-acb7-b4004e160f66","US","DWC_ARCHIVE","2018-11-22T21:37:53.540+0000","2018-11-22T21:37:53.748+0000",97,"none","PRESERVED_SPECIMEN",3174136,6,7707728,220,690,5014,7395601,3174136,3174136,"Myrcia littoralis DC.","Myrcia littoralis DC.","Plantae","Tracheophyta","Myrtales","Myrtaceae","Myrcia","Myrcia littoralis","Myrcia","littoralis","SPECIES","ACCEPTED","none","",NA,NA,NA,"none","","2018-12-07T20:12:43.361+0000","http://creativecommons.org/publicdomain/zero/1.0/legalcode","none","none","none","WGS84","Magnoliopsida","BR","Brazil","The Field Museum of Natural History","c3484f48-d77d-47fe-8f8e-98c149b39fda","","Negatives/Types","","","Botany",1228562080,"c3484f48-d77d-47fe-8f8e-98c149b39fda","PhysicalObject","C. F. P. Martius",NA,"","F","","","",NA,NA,"en","F","SOUTH_AMERICA","","F","ICBN","",NA,"","",NA,NA,"Botany","","Plantae Spermatophyta Dicotyledoneae Myrtaceae",NA,"",NA,"",NA,"","South America, BRAZIL","","","","",NA,"","HOLOTYPE",225191,"seeds-20-nov-2018","http://fieldmuseum.org/about/copyright-information",NA,"","","brazil",NA,"",NA,NA,NA,"","","",NA,NA,NA,"",-10.8339,-52.8731,"original coordinates","original coordinates outside municipality original in  falls in sao jose do xingu"
"54","Myrcia littoralis",1801179408,-2.746944,-42.826389,"gass84","86aea6d0-e340-4745-a596-3fc20f90a021","eae63642-6f0d-45b9-a079-6ecd34406631","none","b38ff2b7-c8af-454e-b5af-ee760f0d5bca","BR","DWC_ARCHIVE","2018-11-23T18:22:26.983+0000","2018-11-23T18:22:26.988+0000",122,"none","PRESERVED_SPECIMEN",3174136,6,7707728,220,690,5014,7395601,3174136,3174136,"Myrcia littoralis DC.","Myrcia littoralis DC.","Plantae","Tracheophyta","Myrtales","Myrtaceae","Myrcia","Myrcia littoralis","Myrcia","littoralis","SPECIES","ACCEPTED","none","Maranhão",NA,NA,NA,"none","2018-11-01T18:58:06.000+0000","2018-12-08T01:46:35.426+0000","http://creativecommons.org/licenses/by-nc/4.0/legalcode","none","none","none","WGS84","Magnoliopsida","BR","Brazil","MAR - Herbário do Maranhão","BRA:UFMA:MAR:0000003247","","MAR - Herbário do Maranhão","Barreirinhas","","MAR",1801179408,"BRA:UFMA:MAR:0000003247","Collection","Barroso;Expedito","3247","","UFMA","","","",NA,NA,"pt","Universidade Federal do Maranhão (UFMA)","","","","","",NA,"","",NA,NA,"","","",NA,"",NA,"",NA,"","","","","","",NA,"","",NA,"","",NA,"Barreirinhas","Maranhão","brazil",5391,"Barreirinhas",2101707,-42.91045,-2.839903,"MARANHAO","MA","Maranhão",-45.28117854,-5.05609075,"Maranhão","ma",-2.746944,-42.826389,"original coordinates","original coordinates OK"
