"","name","key","decimalLatitude","decimalLongitude","issues","datasetKey","publishingOrgKey","networkKeys","installationKey","publishingCountry","protocol","lastCrawled","lastParsed","crawlId","extensions","basisOfRecord","taxonKey","kingdomKey","phylumKey","classKey","orderKey","familyKey","genusKey","speciesKey","acceptedTaxonKey","scientificName","acceptedScientificName","kingdom","phylum","order","family","genus","species","genericName","specificEpithet","taxonRank","taxonomicStatus","dateIdentified","elevation","elevationAccuracy","stateProvince.original","year","month","day","eventDate","lastInterpreted","license","identifiers","facts","relations","geodeticDatum","class","countryCode","country.original","rightsHolder","identifier","recordNumber","datasetName","municipality.original","locality","language","collectionCode","gbifID","occurrenceID","type","recordedBy","catalogNumber","institutionCode","ownerInstitutionCode","occurrenceRemarks","identifiedBy","modified","otherCatalogNumbers","fieldNotes","continent","references","institutionID","nomenclaturalCode","verbatimEventDate","endDayOfYear","county","preparations","startDayOfYear","verbatimElevation","collectionID","coordinateUncertaintyInMeters","habitat","georeferencedDate","georeferenceProtocol","georeferenceSources","nomenclaturalStatus","taxonID","bibliographicCitation","infraspecificEpithet","higherGeography","organismID","datasetID","accessRights","higherClassification","municipality","stateProvince","country","FID","NOME","GEOCODIGO","POINT_X","POINT_Y","NOMEUF","SIGLAUF","estados_shp","x_estado","y_estado","nome","sigla","new_Lat","new_Lon","notes","comments"
"1","Myrceugenia ovalifolia",1944851477,-26.233889,-49.230833,"cdround,gass84","b9a43c60-d2b6-445c-9362-2db65465c963","34e6e625-47cf-4d42-8054-af0c2f1b6e64","none","b38ff2b7-c8af-454e-b5af-ee760f0d5bca","BR","DWC_ARCHIVE","2018-11-23T15:39:31.902+0000","2018-11-23T15:39:31.928+0000",121,"none","PRESERVED_SPECIMEN",3185741,6,7707728,220,690,5014,3185514,3185741,3185741,"Myrceugenia ovalifolia (O.Berg) Landrum","Myrceugenia ovalifolia (O.Berg) Landrum","Plantae","Tracheophyta","Myrtales","Myrtaceae","Myrceugenia","Myrceugenia ovalifolia","Myrceugenia","ovalifolia","SPECIES","ACCEPTED","2018-08-18T00:00:00",950,0,"Santa Catarina",2018,8,18,"2018-08-18T00:00:00","2018-11-23T15:39:34.245+0000","http://creativecommons.org/licenses/by-nc/4.0/legalcode","none","none","none","WGS84","Magnoliopsida","BR","Brazil","FURB - Herbário Dr. Roberto Miguel Klein","BRA:FURB:FURB:0000061109","3006","FURB - Herbário Dr. Roberto Miguel Klein","Campo Alegre","Turvo. Margens do Rio Vermelho. APA do Alto Rio Turvo","pt","FURB",1944851477,"BRA:FURB:FURB:0000061109","Collection","Schwirkowski, P.","61109","Universidade Regional de Blumenau, FURB","Universidade Regional de Blumenau, FURB","Fragmento de FOM Altomontana. Heliófita. Frutos maduros vermelho-esbranquiçados","Schwirkowski, P.","","","","","","","","",NA,"","",NA,"","",NA,"","","","","",NA,"","",NA,NA,NA,NA,NA,"Campo Alegre","Santa Catarina","brazil",806,"Campo Alegre",4203303,-49.21862,-26.12099,"SANTA CATARINA","SC","Santa Catarina",-50.48226937,-27.24592878,"Santa Catarina","sc",-26.233889,-49.230833,"original coordinates","original coordinates OK"
"2","Myrceugenia ovalifolia",1944851493,-26.221944,-49.245555,"cdround,gass84","b9a43c60-d2b6-445c-9362-2db65465c963","34e6e625-47cf-4d42-8054-af0c2f1b6e64","none","b38ff2b7-c8af-454e-b5af-ee760f0d5bca","BR","DWC_ARCHIVE","2018-11-23T15:39:31.925+0000","2018-11-23T15:39:31.959+0000",121,"none","PRESERVED_SPECIMEN",3185741,6,7707728,220,690,5014,3185514,3185741,3185741,"Myrceugenia ovalifolia (O.Berg) Landrum","Myrceugenia ovalifolia (O.Berg) Landrum","Plantae","Tracheophyta","Myrtales","Myrtaceae","Myrceugenia","Myrceugenia ovalifolia","Myrceugenia","ovalifolia","SPECIES","ACCEPTED","2018-08-05T00:00:00",950,0,"Santa Catarina",2018,8,4,"2018-08-04T00:00:00","2018-11-23T15:39:34.192+0000","http://creativecommons.org/licenses/by-nc/4.0/legalcode","none","none","none","WGS84","Magnoliopsida","BR","Brazil","FURB - Herbário Dr. Roberto Miguel Klein","BRA:FURB:FURB:0000061091","2972","FURB - Herbário Dr. Roberto Miguel Klein","Campo Alegre","Turvo. Próximo à estrada sentido Turvo. APA do Rio Turvo","pt","FURB",1944851493,"BRA:FURB:FURB:0000061091","Collection","Schwirkowski, P.","61091","Universidade Regional de Blumenau, FURB","Universidade Regional de Blumenau, FURB","FOM, estágio secundário avançado. Heliiófita. Frutos imaturos, cor verde","Vieira, F.C.S.","","","","","","","","",NA,"","",NA,"","",NA,"","","","","",NA,"","",NA,NA,NA,NA,NA,"Campo Alegre","Santa Catarina","brazil",806,"Campo Alegre",4203303,-49.21862,-26.12099,"SANTA CATARINA","SC","Santa Catarina",-50.48226937,-27.24592878,"Santa Catarina","sc",-26.221944,-49.245555,"original coordinates","original coordinates OK"
"3","Myrceugenia ovalifolia",1077424531,-28.082778,-49.498333,"cdround,gass84","b9a43c60-d2b6-445c-9362-2db65465c963","34e6e625-47cf-4d42-8054-af0c2f1b6e64","none","b38ff2b7-c8af-454e-b5af-ee760f0d5bca","BR","DWC_ARCHIVE","2018-11-23T15:39:20.705+0000","2018-10-24T15:38:15.556+0000",121,"none","PRESERVED_SPECIMEN",3185741,6,7707728,220,690,5014,3185514,3185741,3185741,"Myrceugenia ovalifolia (O.Berg) Landrum","Myrceugenia ovalifolia (O.Berg) Landrum","Plantae","Tracheophyta","Myrtales","Myrtaceae","Myrceugenia","Myrceugenia ovalifolia","Myrceugenia","ovalifolia","SPECIES","ACCEPTED","2015-07-10T00:00:00",1546,0,"Santa Catarina",2015,1,3,"2015-01-03T00:00:00","2018-12-06T14:18:06.941+0000","http://creativecommons.org/licenses/by-nc/4.0/legalcode","none","none","none","WGS84","Magnoliopsida","BR","Brazil","FURB - Herbário Dr. Roberto Miguel Klein","BRA:FURB:FURB:0000045504","951","FURB - Herbário Dr. Roberto Miguel Klein","Urubici","Morro da Igreja - Parque Nacional São Joaquim.","pt","FURB",1077424531,"BRA:FURB:FURB:0000045504","Collection","Oliveira, A.A. de","45504","Universidade Regional de Blumenau, FURB","Universidade Regional de Blumenau, FURB","Fito IFFSC 166 /N/29","Sobral, M","2018-10-11T17:23:33.000+0000","","","","","","","",NA,"","",NA,"","",NA,"","","","","",NA,"","",NA,NA,NA,NA,NA,"Urubici","Santa Catarina","brazil",414,"Urubici",4218905,-49.578366,-28.038901,"SANTA CATARINA","SC","Santa Catarina",-50.48226937,-27.24592878,"Santa Catarina","sc",-28.082778,-49.498333,"original coordinates","original coordinates OK"
"4","Myrceugenia ovalifolia",1077424757,-27.268611,-49.051944,"cdround,gass84","b9a43c60-d2b6-445c-9362-2db65465c963","34e6e625-47cf-4d42-8054-af0c2f1b6e64","none","b38ff2b7-c8af-454e-b5af-ee760f0d5bca","BR","DWC_ARCHIVE","2018-11-23T15:39:20.815+0000","2018-10-24T15:38:15.530+0000",121,"none","PRESERVED_SPECIMEN",3185741,6,7707728,220,690,5014,3185514,3185741,3185741,"Myrceugenia ovalifolia (O.Berg) Landrum","Myrceugenia ovalifolia (O.Berg) Landrum","Plantae","Tracheophyta","Myrtales","Myrtaceae","Myrceugenia","Myrceugenia ovalifolia","Myrceugenia","ovalifolia","SPECIES","ACCEPTED","2015-02-08T00:00:00",874,0,"Santa Catarina",2015,2,8,"2015-02-08T00:00:00","2018-12-06T14:18:07.246+0000","http://creativecommons.org/licenses/by-nc/4.0/legalcode","none","none","none","WGS84","Magnoliopsida","BR","Brazil","FURB - Herbário Dr. Roberto Miguel Klein","BRA:FURB:FURB:0000045685","1093","FURB - Herbário Dr. Roberto Miguel Klein","Botuverá","Localidade de """".","pt","FURB",1077424757,"BRA:FURB:FURB:0000045685","Collection","Oliveira, A.A. de","45685","Universidade Regional de Blumenau, FURB","Universidade Regional de Blumenau, FURB","Fito IFFSC 468 /N/89","Oliveira, AA de","2018-10-11T17:23:33.000+0000","","","","","","","",NA,"","",NA,"","",NA,"","","","","",NA,"","",NA,NA,NA,NA,NA,"Botuverá","Santa Catarina","brazil",611,"Botuverá",4202701,-49.124803,-27.219971,"SANTA CATARINA","SC","Santa Catarina",-50.48226937,-27.24592878,"Santa Catarina","sc",-27.268611,-49.051944,"original coordinates","original coordinates OK"
"5","Myrceugenia ovalifolia",1423908266,-22.539167,-43.421667,"cdround,gass84","4300f8d5-1ae5-49e5-a101-63894b005868","838537fc-4aeb-4980-8b58-97fbdcd1d91a","none","da7fe11a-b42c-46cb-9e9d-02243edb738a","BR","DWC_ARCHIVE","2018-10-02T15:34:54.321+0000","2018-09-24T19:57:52.628+0000",207,"none","PRESERVED_SPECIMEN",3185741,6,7707728,220,690,5014,3185514,3185741,3185741,"Myrceugenia ovalifolia (O.Berg) Landrum","Myrceugenia ovalifolia (O.Berg) Landrum","Plantae","Tracheophyta","Myrtales","Myrtaceae","Myrceugenia","Myrceugenia ovalifolia","Myrceugenia","ovalifolia","SPECIES","ACCEPTED","none",NA,NA,"Rio de Janeiro",2015,3,4,"2015-03-04T00:00:00","2018-12-06T16:55:24.667+0000","http://creativecommons.org/licenses/by/4.0/legalcode","none","none","none","WGS84","Magnoliopsida","BR","Brazil","Rio de Janeiro Botanical Garden","urn:catalog:JBRJ:RB:1115785","68","RB - Rio de Janeiro Botanical Garden Herbarium Collection","Miguel Pereira","REBIO Tinguá. Orbel II, Módulo PPBio Mata Atlântica, área da parcela 5D.","","RB",1423908266,"urn:catalog:JBRJ:RB:1115785","PhysicalObject","Negreiros, F.F.; Rodrigues, P.J.F.P. e Souza, P.L.","RB01115785","JBRJ","","Árvore de dossel. DAP 22.8 cm. Material estéril.  Parcela 5D/piquete 30-40m - E. Ind. (241).","Sousa, M.","2016-05-23T11:03:40.366+0000","RB 647680","Floresta Ombrófila Densa.","","","","","",NA,"","",NA,"","",NA,"","","","","",NA,"","",NA,NA,NA,NA,NA,"Miguel Pereira","Rio de Janeiro","brazil",1525,"Miguel Pereira",3302908,-43.474103,-22.510859,"RIO DE JANEIRO","RJ","Rio de Janeiro",-42.66307908,-22.19581555,"Rio de Janeiro","rj",-22.539167,-43.421667,"original coordinates","original coordinates outside municipality original in miguel pereira falls in nova iguacu"
"6","Myrceugenia ovalifolia",1095633055,-25.447472,-49.015444,"gass84","3b8e9d83-b2d4-4a97-973c-31d98b67b1e9","ab5c0b99-5af3-4958-b03c-0b7e85481cc1","none","b38ff2b7-c8af-454e-b5af-ee760f0d5bca","BR","DWC_ARCHIVE","2018-12-03T15:24:31.734+0000","2018-06-04T19:36:07.732+0000",118,"none","PRESERVED_SPECIMEN",3185741,6,7707728,220,690,5014,3185514,3185741,3185741,"Myrceugenia ovalifolia (O.Berg) Landrum","Myrceugenia ovalifolia (O.Berg) Landrum","Plantae","Tracheophyta","Myrtales","Myrtaceae","Myrceugenia","Myrceugenia ovalifolia","Myrceugenia","ovalifolia","SPECIES","ACCEPTED","2014-04-15T00:00:00",990,0,"Paraná",2014,3,22,"2014-03-22T00:00:00","2018-07-07T12:43:44.251+0000","http://creativecommons.org/licenses/by-nc/4.0/legalcode","none","none","none","WGS84","Magnoliopsida","BR","Brazil","MBM - Herbário do Museu Botânico Municipal","BRA:MBM:MBM:0000388345","1583","MBM - Herbário do Museu Botânico Municipal","Piraquara","Recreio da Serra","pt","MBM",1095633055,"BRA:MBM:MBM:0000388345","Collection","Brotto, ML","388345","MBM","Museu Botânico Municipal de Curitiba, MBM","Árvore de 6m; botões castanhos.; Transição entre Floresta Ombrófila Mista e Floresta Ombrófila Densa.","Brotto, ML","","","","SOUTH_AMERICA","","","","",NA,"","",NA,"","",NA,"","","","","",NA,"","",NA,NA,NA,NA,NA,"Piraquara","Paraná","brazil",877,"Piraquara",4119509,-49.052069,-25.472754,"PARANA","PR","Paraná",-51.61693027,-24.63581955,"Paraná","pr",-25.447472,-49.015444,"original coordinates","original coordinates OK"
"7","Myrceugenia ovalifolia",1086605591,-25.27,-49.004,"gass84","767bddaa-9e6a-4eb1-bd12-f94a2b39a7d6","f6e2efc9-42a3-47ea-99c6-3eda8d653cc9","none","b38ff2b7-c8af-454e-b5af-ee760f0d5bca","BR","DWC_ARCHIVE","2018-11-24T12:35:21.962+0000","2018-04-05T12:08:11.178+0000",123,"none","PRESERVED_SPECIMEN",3185741,6,7707728,220,690,5014,3185514,3185741,3185741,"Myrceugenia ovalifolia (O.Berg) Landrum","Myrceugenia ovalifolia (O.Berg) Landrum","Plantae","Tracheophyta","Myrtales","Myrtaceae","Myrceugenia","Myrceugenia ovalifolia","Myrceugenia","ovalifolia","SPECIES","ACCEPTED","2014-04-19T00:00:00",NA,NA,"Paraná",2014,4,19,"2014-04-19T00:00:00","2018-12-06T13:38:20.163+0000","http://creativecommons.org/licenses/by-nc/4.0/legalcode","none","none","none","WGS84","Magnoliopsida","BR","Brazil","EFC - Herbário Escola de Florestas Curitiba","BRA:UFPR:EFC:0000012877","322","EFC - Herbário Escola de Florestas Curitiba","Piraquara","Recreio da Serra","pt","EFC",1086605591,"BRA:UFPR:EFC:0000012877","Collection","Völtz, R.R.; et al.","12877","Universidade Federal do Paraná, UFPR","Universidade Federal do Paraná, UFPR","Árvore 6m alt.; flores com pétalas e estames alvos; folhas bicolores; floresta parqueada.","Brotto, M.L.","2018-03-23T20:53:00.000+0000","","","","","","","",NA,"","",NA,"","",NA,"","","","","",NA,"","",NA,NA,NA,NA,NA,"Piraquara","Paraná","brazil",877,"Piraquara",4119509,-49.052069,-25.472754,"PARANA","PR","Paraná",-51.61693027,-24.63581955,"Paraná","pr",-25.27,-49.004,"original coordinates","original coordinates outside municipality original in piraquara falls in campina grande do sul"
"8","Myrceugenia ovalifolia",1095358382,-29.320556,-50.128889,"gass84","2273e40d-26c2-4959-aea2-b6abcce16d09","04481953-6112-489f-bb8d-9703d787e3ea","none","b38ff2b7-c8af-454e-b5af-ee760f0d5bca","BR","DWC_ARCHIVE","2018-12-03T13:50:22.386+0000","2018-12-03T15:52:56.695+0000",122,"none","PRESERVED_SPECIMEN",3185741,6,7707728,220,690,5014,3185514,3185741,3185741,"Myrceugenia ovalifolia (O.Berg) Landrum","Myrceugenia ovalifolia (O.Berg) Landrum","Plantae","Tracheophyta","Myrtales","Myrtaceae","Myrceugenia","Myrceugenia ovalifolia","Myrceugenia","ovalifolia","SPECIES","ACCEPTED","none",1008,0,"Rio Grande do Sul",2014,4,3,"2014-04-03T00:00:00","2018-12-03T15:54:14.598+0000","http://creativecommons.org/licenses/by-nc/4.0/legalcode","none","none","none","WGS84","Magnoliopsida","BR","Brazil","ICN - Herbário do Instituto de Ciências Naturais","BRA:UFRGS:ICN:0000177352","s.n.","ICN - Herbário do Instituto de Ciências Naturais","São Francisco de Paula","","pt","ICN",1095358382,"BRA:UFRGS:ICN:0000177352","Collection","Molz, M; Bergamin, RS; Richter, RS","177352","UFRGS","Universidade Federal do Rio Grande do Sul (UFRGS)","","Molz, M","2018-10-15T19:27:27.000+0000","","","SOUTH_AMERICA","","","","",NA,"","",NA,"","",NA,"","","","","",NA,"","",NA,NA,NA,NA,NA,"São Francisco de Paula","Rio Grande do Sul","brazil",221,"São Francisco de Paula",4318200,-50.559952,-29.199375,"RIO GRANDE DO SUL","RS","Rio Grande do Sul",-53.24495754,-29.78635099,"Rio Grande do Sul","rs",-29.320556,-50.128889,"original coordinates","original coordinates OK"
"9","Myrceugenia ovalifolia",1275056227,-25.2651,-49.0056,"gass84","0ec3229f-2b53-484e-817a-de8ceb1fce2b","cc8ec135-6ade-4a8e-8b31-475dc1d3c433","none","b38ff2b7-c8af-454e-b5af-ee760f0d5bca","BR","DWC_ARCHIVE","2018-11-23T15:39:21.889+0000","2017-12-29T14:16:00.707+0000",125,"none","PRESERVED_SPECIMEN",3185741,6,7707728,220,690,5014,3185514,3185741,3185741,"Myrceugenia ovalifolia (O.Berg) Landrum","Myrceugenia ovalifolia (O.Berg) Landrum","Plantae","Tracheophyta","Myrtales","Myrtaceae","Myrceugenia","Myrceugenia ovalifolia","Myrceugenia","ovalifolia","SPECIES","ACCEPTED","2014-08-04T00:00:00",990,0,"Paraná",2014,5,4,"2014-05-04T00:00:00","2018-07-07T08:15:32.944+0000","http://creativecommons.org/licenses/by-nc/4.0/legalcode","none","none","none","WGS84","Magnoliopsida","BR","Brazil","DVPR - Herbário da Universidade Tecnológica Federal do Paraná - Dois Vizinhos","BRA:UTFPR:DVPR:0000003134","1618","DVPR - Herbário da Universidade Tecnológica Federal do Paraná - Dois Vizinhos","Piraquara","Recreio da Serra","pt","DVPR",1275056227,"BRA:UTFPR:DVPR:0000003134","Collection","Brotto, M.L.","3134","UTFPR","Universidade Tecnológica Federal do Paraná (UTFPR)","Árvore 6 m, flores castanhas com pétalas brancas.; Transição entre Floresta Ombrófila Densa e Floresta Ombr[ofila Mista","Brotto, M.L.","","","","","","","","",NA,"","",NA,"","",NA,"","","","","",NA,"","",NA,NA,NA,NA,NA,"Piraquara","Paraná","brazil",877,"Piraquara",4119509,-49.052069,-25.472754,"PARANA","PR","Paraná",-51.61693027,-24.63581955,"Paraná","pr",-25.2651,-49.0056,"original coordinates","original coordinates outside municipality original in piraquara falls in campina grande do sul"
"10","Myrceugenia ovalifolia",1252589813,-25.4475,-49.015556,"gass84","dd31ac22-63d4-4bb4-a987-5eece5ffadb8","042a7696-696b-492b-ad3e-4076807eaeed","none","b38ff2b7-c8af-454e-b5af-ee760f0d5bca","BR","DWC_ARCHIVE","2018-11-24T12:32:11.667+0000","2018-11-24T12:32:11.676+0000",118,"none","PRESERVED_SPECIMEN",3185741,6,7707728,220,690,5014,3185514,3185741,3185741,"Myrceugenia ovalifolia (O.Berg) Landrum","Myrceugenia ovalifolia (O.Berg) Landrum","Plantae","Tracheophyta","Myrtales","Myrtaceae","Myrceugenia","Myrceugenia ovalifolia","Myrceugenia","ovalifolia","SPECIES","ACCEPTED","2014-08-04T00:00:00",990,0,"Paraná",2014,5,4,"2014-05-04T00:00:00","2018-12-08T15:43:22.979+0000","http://creativecommons.org/licenses/by-nc/4.0/legalcode","none","none","none","WGS84","Magnoliopsida","BR","Brazil","HCF - Herbário da Universidade Tecnológica Federal do Paraná Campus Campo Mourão","BRA:UTFPR:HCF:0000018542","1618","HCF - Herbário da Universidade Tecnológica Federal do Paraná Campus Campo Mourão","Piraquara","Recreio da Serra","pt","HCF",1252589813,"BRA:UTFPR:HCF:0000018542","Collection","M.L. Brotto","18542","Universidade Tecnológica Federal do Paraná (UTFPR)","Universidade Tecnológica Federal do Paraná (UTFPR)","árvore de 6 m; flores castanhas com pétalas brancas. Transição entre Floresta Ombrófila Mista e Floresta Ombrófila Densa.","M.L. Brotto","2018-10-30T18:01:41.000+0000","","","","","","","",NA,"","",NA,"","",NA,"","","","","",NA,"","",NA,NA,NA,NA,NA,"Piraquara","Paraná","brazil",877,"Piraquara",4119509,-49.052069,-25.472754,"PARANA","PR","Paraná",-51.61693027,-24.63581955,"Paraná","pr",-25.4475,-49.015556,"original coordinates","original coordinates OK"
"11","Myrceugenia ovalifolia",1316163166,-20.48,-41.834167,"gass84","3f6a3304-f66f-4ba8-be57-92a70f3aac3f","3f41d988-faf2-4a9f-811e-8dac728c05d4","none","b38ff2b7-c8af-454e-b5af-ee760f0d5bca","BR","DWC_ARCHIVE","2018-11-24T12:35:01.966+0000","2017-12-29T14:12:35.085+0000",140,"none","PRESERVED_SPECIMEN",3185741,6,7707728,220,690,5014,3185514,3185741,3185741,"Myrceugenia ovalifolia (O.Berg) Landrum","Myrceugenia ovalifolia (O.Berg) Landrum","Plantae","Tracheophyta","Myrtales","Myrtaceae","Myrceugenia","Myrceugenia ovalifolia","Myrceugenia","ovalifolia","SPECIES","ACCEPTED","2016-01-01T00:00:00",NA,NA,"Minas Gerais",2014,6,NA,"2014-06-01T00:00:00","2018-12-09T14:25:55.701+0000","http://creativecommons.org/licenses/by-nc/4.0/legalcode","none","none","none","WGS84","Magnoliopsida","BR","Brazil","HUFSJ - Herbário da Universidade Federal de São João Del Rei","BRA:UFSJ:HUFSJ:0000008901","1124","HUFSJ - Herbário da Universidade Federal de São João Del Rei","Alto Caparaó","Parque Nacional do Caparaó: Macieira, próximo à Cachoeira do Aurélio.","pt","HUFSJ",1316163166,"BRA:UFSJ:HUFSJ:0000008901","Collection","Zorzanelli, JPF; Dias, HM","8901","UFSJ","Universidade Federal de São João Del Rei (UFSJ)","Arbusto com botões verdes.","Sobral, M","2016-09-19T22:18:16.000+0000","","","","","","","",NA,"","",NA,"","",NA,"","","","","",NA,"","",NA,NA,NA,NA,NA,"Alto Caparaó","Minas Gerais","brazil",2266,"Alto Caparaó",3102050,-41.863127,-20.458079,"MINAS GERAIS","MG","Minas Gerais",-44.67333254,-18.45539008,"Minas Gerais","mg",-20.48,-41.834167,"original coordinates","original coordinates OK"
"12","Myrceugenia ovalifolia",1077425686,-27.115,-49.2175,"gass84","b9a43c60-d2b6-445c-9362-2db65465c963","34e6e625-47cf-4d42-8054-af0c2f1b6e64","none","b38ff2b7-c8af-454e-b5af-ee760f0d5bca","BR","DWC_ARCHIVE","2018-11-23T15:39:21.347+0000","2018-10-24T15:38:15.950+0000",121,"none","PRESERVED_SPECIMEN",3185741,6,7707728,220,690,5014,3185514,3185741,3185741,"Myrceugenia ovalifolia (O.Berg) Landrum","Myrceugenia ovalifolia (O.Berg) Landrum","Plantae","Tracheophyta","Myrtales","Myrtaceae","Myrceugenia","Myrceugenia ovalifolia","Myrceugenia","ovalifolia","SPECIES","ACCEPTED","2014-08-08T00:00:00",651,0,"Santa Catarina",2014,8,8,"2014-08-08T00:00:00","2018-12-06T14:18:07.689+0000","http://creativecommons.org/licenses/by-nc/4.0/legalcode","none","none","none","WGS84","Magnoliopsida","BR","Brazil","FURB - Herbário Dr. Roberto Miguel Klein","BRA:FURB:FURB:0000046678","33","FURB - Herbário Dr. Roberto Miguel Klein","Indaial","Faxinal do Bepe - Parque Nacional da Serra do Itajaí.","pt","FURB",1077425686,"BRA:FURB:FURB:0000046678","Collection","Seubert, R.C.; Sampaio, D.K.; Hofschneider, E.; Rezini, J.A. & Gebien, W.","46678","Universidade Regional de Blumenau, FURB","Universidade Regional de Blumenau, FURB","Projeto Restaurar","Seubert, RC","2018-10-11T17:23:33.000+0000","","","","","","","",NA,"","",NA,"","",NA,"","","","","",NA,"","",NA,NA,NA,NA,NA,"Indaial","Santa Catarina","brazil",665,"Indaial",4207502,-49.224868,-26.994453,"SANTA CATARINA","SC","Santa Catarina",-50.48226937,-27.24592878,"Santa Catarina","sc",-27.115,-49.2175,"original coordinates","original coordinates OK"
"13","Myrceugenia ovalifolia",1086605813,-25.1569,-48.1695,"gass84","767bddaa-9e6a-4eb1-bd12-f94a2b39a7d6","f6e2efc9-42a3-47ea-99c6-3eda8d653cc9","none","b38ff2b7-c8af-454e-b5af-ee760f0d5bca","BR","DWC_ARCHIVE","2018-11-24T12:35:22.139+0000","2018-04-05T12:08:11.330+0000",123,"none","PRESERVED_SPECIMEN",3185741,6,7707728,220,690,5014,3185514,3185741,3185741,"Myrceugenia ovalifolia (O.Berg) Landrum","Myrceugenia ovalifolia (O.Berg) Landrum","Plantae","Tracheophyta","Myrtales","Myrtaceae","Myrceugenia","Myrceugenia ovalifolia","Myrceugenia","ovalifolia","SPECIES","ACCEPTED","2016-06-21T00:00:00",NA,NA,"Paraná",2014,8,3,"2014-08-03T00:00:00","2018-12-06T13:38:20.257+0000","http://creativecommons.org/licenses/by-nc/4.0/legalcode","none","none","none","WGS84","Magnoliopsida","BR","Brazil","EFC - Herbário Escola de Florestas Curitiba","BRA:UFPR:EFC:0000013076","481","EFC - Herbário Escola de Florestas Curitiba","Guaraqueçaba","Serra Gigante","pt","EFC",1086605813,"BRA:UFPR:EFC:0000013076","Collection","Vieira, R.S.; Blum, C.T.","13076","Universidade Federal do Paraná, UFPR","Universidade Federal do Paraná, UFPR","Arvoreta com 3,5 m. Com frutos.","Ribeiro, C.L.","2018-03-23T20:53:00.000+0000","","","","","","","",NA,"","",NA,"","",NA,"","","","","",NA,"","",NA,NA,NA,NA,NA,"Guaraqueçaba","Paraná","brazil",905,"Guaraqueçaba",4109500,-48.367204,-25.234919,"PARANA","PR","Paraná",-51.61693027,-24.63581955,"Paraná","pr",-25.1569,-48.1695,"original coordinates","original coordinates OK"
"14","Myrceugenia ovalifolia",1252589872,-25.445556,-49.015833,"gass84","dd31ac22-63d4-4bb4-a987-5eece5ffadb8","042a7696-696b-492b-ad3e-4076807eaeed","none","b38ff2b7-c8af-454e-b5af-ee760f0d5bca","BR","DWC_ARCHIVE","2018-11-24T12:32:11.721+0000","2018-11-24T12:32:11.728+0000",118,"none","PRESERVED_SPECIMEN",3185741,6,7707728,220,690,5014,3185514,3185741,3185741,"Myrceugenia ovalifolia (O.Berg) Landrum","Myrceugenia ovalifolia (O.Berg) Landrum","Plantae","Tracheophyta","Myrtales","Myrtaceae","Myrceugenia","Myrceugenia ovalifolia","Myrceugenia","ovalifolia","SPECIES","ACCEPTED","2013-11-14T00:00:00",965,0,"Paraná",2013,10,24,"2013-10-24T00:00:00","2018-12-08T15:43:23.027+0000","http://creativecommons.org/licenses/by-nc/4.0/legalcode","none","none","none","WGS84","Magnoliopsida","BR","Brazil","HCF - Herbário da Universidade Tecnológica Federal do Paraná Campus Campo Mourão","BRA:UTFPR:HCF:0000018603","1380","HCF - Herbário da Universidade Tecnológica Federal do Paraná Campus Campo Mourão","Piraquara","Recreio da Serra","pt","HCF",1252589872,"BRA:UTFPR:HCF:0000018603","Collection","M.L. Brotto","18603","Universidade Tecnológica Federal do Paraná (UTFPR)","Universidade Tecnológica Federal do Paraná (UTFPR)","árvore 6 m, fruto marrom. Transição entre Floresta Ombrófila Mista e Floresta Ombrófila Densa.","P. Larocca","2018-10-30T18:01:41.000+0000","","","","","","","",NA,"","",NA,"","",NA,"","","","","",NA,"","",NA,NA,NA,NA,NA,"Piraquara","Paraná","brazil",877,"Piraquara",4119509,-49.052069,-25.472754,"PARANA","PR","Paraná",-51.61693027,-24.63581955,"Paraná","pr",-25.445556,-49.015833,"original coordinates","original coordinates OK"
"15","Myrceugenia ovalifolia",1095630989,-25.445667,-49.015914,"gass84","3b8e9d83-b2d4-4a97-973c-31d98b67b1e9","ab5c0b99-5af3-4958-b03c-0b7e85481cc1","none","b38ff2b7-c8af-454e-b5af-ee760f0d5bca","BR","DWC_ARCHIVE","2018-12-03T15:24:30.512+0000","2018-06-04T19:36:06.824+0000",118,"none","PRESERVED_SPECIMEN",3185741,6,7707728,220,690,5014,3185514,3185741,3185741,"Myrceugenia ovalifolia (O.Berg) Landrum","Myrceugenia ovalifolia (O.Berg) Landrum","Plantae","Tracheophyta","Myrtales","Myrtaceae","Myrceugenia","Myrceugenia ovalifolia","Myrceugenia","ovalifolia","SPECIES","ACCEPTED","2013-11-14T00:00:00",965,0,"Paraná",2013,10,24,"2013-10-24T00:00:00","2018-07-07T12:43:44.158+0000","http://creativecommons.org/licenses/by-nc/4.0/legalcode","none","none","none","WGS84","Magnoliopsida","BR","Brazil","MBM - Herbário do Museu Botânico Municipal","BRA:MBM:MBM:0000386143","1380","MBM - Herbário do Museu Botânico Municipal","Piraquara","Recreio da Serra","pt","MBM",1095630989,"BRA:MBM:MBM:0000386143","Collection","Brotto, ML; Barboza, E; Cordeiro, J; Silva, JM","386143","MBM","Museu Botânico Municipal de Curitiba, MBM","Árvore 6m, fruto marrom.; Transição entre Floresta Ombrófila Mista e Floresta Ombrófila Densa.","Larocca, P","","","","SOUTH_AMERICA","","","","",NA,"","",NA,"","",NA,"","","","","",NA,"","",NA,NA,NA,NA,NA,"Piraquara","Paraná","brazil",877,"Piraquara",4119509,-49.052069,-25.472754,"PARANA","PR","Paraná",-51.61693027,-24.63581955,"Paraná","pr",-25.445667,-49.015914,"original coordinates","original coordinates OK"
"16","Myrceugenia ovalifolia",1095632863,-22.359192,-42.564078,"gass84,iddatunl","3b8e9d83-b2d4-4a97-973c-31d98b67b1e9","ab5c0b99-5af3-4958-b03c-0b7e85481cc1","none","b38ff2b7-c8af-454e-b5af-ee760f0d5bca","BR","DWC_ARCHIVE","2018-12-03T15:24:31.585+0000","2018-06-04T19:36:07.409+0000",118,"none","PRESERVED_SPECIMEN",3185741,6,7707728,220,690,5014,3185514,3185741,3185741,"Myrceugenia ovalifolia (O.Berg) Landrum","Myrceugenia ovalifolia (O.Berg) Landrum","Plantae","Tracheophyta","Myrtales","Myrtaceae","Myrceugenia","Myrceugenia ovalifolia","Myrceugenia","ovalifolia","SPECIES","ACCEPTED","2012-06-01T00:00:00",1600,0,"Rio de Janeiro",2012,5,6,"2012-05-06T00:00:00","2018-07-07T12:43:44.061+0000","http://creativecommons.org/licenses/by-nc/4.0/legalcode","none","none","none","WGS84","Magnoliopsida","BR","Brazil","MBM - Herbário do Museu Botânico Municipal","BRA:MBM:MBM:0000388010","484","MBM - Herbário do Museu Botânico Municipal","Nova Friburgo","Antena SBT","pt","MBM",1095632863,"BRA:MBM:MBM:0000388010","Collection","Uhlmann, A","388010","MBM","Museu Botânico Municipal de Curitiba, MBM","Árvore de 20m de altura, flores com pétalas brancas.; Em borda de Floresta Ombrófila Densa Submontana.","Sobral, M","","","","SOUTH_AMERICA","","","","",NA,"","",NA,"","",NA,"","","","","",NA,"","",NA,NA,NA,NA,NA,"Nova Friburgo","Rio de Janeiro","brazil",1598,"Nova Friburgo",3303401,-42.501539,-22.319613,"RIO DE JANEIRO","RJ","Rio de Janeiro",-42.66307908,-22.19581555,"Rio de Janeiro","rj",-22.359192,-42.564078,"original coordinates","original coordinates OK"
"17","Myrceugenia ovalifolia",1077413865,-27.81,-48.780833,"cdround,gass84","b9a43c60-d2b6-445c-9362-2db65465c963","34e6e625-47cf-4d42-8054-af0c2f1b6e64","none","b38ff2b7-c8af-454e-b5af-ee760f0d5bca","BR","DWC_ARCHIVE","2018-11-23T15:39:14.073+0000","2018-10-24T15:38:11.025+0000",121,"none","PRESERVED_SPECIMEN",3185741,6,7707728,220,690,5014,3185514,3185741,3185741,"Myrceugenia ovalifolia (O.Berg) Landrum","Myrceugenia ovalifolia (O.Berg) Landrum","Plantae","Tracheophyta","Myrtales","Myrtaceae","Myrceugenia","Myrceugenia ovalifolia","Myrceugenia","ovalifolia","SPECIES","ACCEPTED","1905-07-02T00:00:00",558,0,"Santa Catarina",2010,10,20,"2010-10-20T00:00:00","2018-12-06T14:18:01.942+0000","http://creativecommons.org/licenses/by-nc/4.0/legalcode","none","none","none","WGS84","Magnoliopsida","BR","Brazil","FURB - Herbário Dr. Roberto Miguel Klein","BRA:FURB:FURB:0000034819","6239","FURB - Herbário Dr. Roberto Miguel Klein","Santo Amaro da Imperatriz","Rio da Nova Descoberta.","pt","FURB",1077413865,"BRA:FURB:FURB:0000034819","Collection","Korte, A.; Kniess, A.","34819","Universidade Regional de Blumenau, FURB","Universidade Regional de Blumenau, FURB","Voucher estéril IFFSC 255 (Fitossociologia)","Sobral, M","2018-10-11T17:23:33.000+0000","","","","","","","",NA,"","",NA,"","",NA,"","","","","",NA,"","",NA,NA,NA,NA,NA,"Santo Amaro da Imperatriz","Santa Catarina","brazil",475,"Santo Amaro da Imperatriz",4215703,-48.796383,-27.741699,"SANTA CATARINA","SC","Santa Catarina",-50.48226937,-27.24592878,"Santa Catarina","sc",-27.81,-48.780833,"original coordinates","original coordinates OK"
"18","Myrceugenia ovalifolia",1899744886,-23.24,-45.11,"gass84","7741a517-ab3d-4b85-ae58-56322e44c8ce","d073b448-6b80-4364-8c38-18d08b88797f","none","b38ff2b7-c8af-454e-b5af-ee760f0d5bca","BR","DWC_ARCHIVE","2018-12-03T13:52:02.333+0000","2018-12-03T16:41:41.525+0000",122,"none","PRESERVED_SPECIMEN",3185741,6,7707728,220,690,5014,3185514,3185741,3185741,"Myrceugenia ovalifolia (O.Berg) Landrum","Myrceugenia ovalifolia (O.Berg) Landrum","Plantae","Tracheophyta","Myrtales","Myrtaceae","Myrceugenia","Myrceugenia ovalifolia","Myrceugenia","ovalifolia","SPECIES","ACCEPTED","2016-01-01T00:00:00",1017.5,27.5,"São Paulo",2009,NA,NA,"2009-01-01T00:00:00","2018-12-03T16:43:18.421+0000","http://creativecommons.org/licenses/by-nc/4.0/legalcode","none","none","none","WGS84","Magnoliopsida","BR","Brazil","UEC - Herbário da Universidade Estadual de Campinas","BRA:UNICAMP:UEC:0000200186","M2009","UEC - Herbário da Universidade Estadual de Campinas","São Luiz do Paraitinga","Parque Estadual da Serra do Mar","pt","UEC",1899744886,"BRA:UNICAMP:UEC:0000200186","Collection","Padgurschi, M.C.G.; Belinello, R.","200186","UNICAMP","Universidade Estadual de Campinas, UNICAMP","Parcela M - Projeto Biota-FAPESP. Árvore com 15 metros de altura. Frequência da espécie na parcela: n=3","Meireles, L.D.","2018-11-21T16:35:30.000+0000","","","","","","","",NA,"","",NA,"","",NA,"","","","","",NA,"","",NA,NA,NA,NA,NA,"São Luiz do Paraitinga","São Paulo","brazil",NA,"",NA,NA,NA,"","","São Paulo",-48.72944932,-22.26440593,"São Paulo","sp",-23.24,-45.11,"original coordinates","original coordinates OK"
"19","Myrceugenia ovalifolia",1077399183,-26.278056,-49.228333,"cdround,gass84","b9a43c60-d2b6-445c-9362-2db65465c963","34e6e625-47cf-4d42-8054-af0c2f1b6e64","none","b38ff2b7-c8af-454e-b5af-ee760f0d5bca","BR","DWC_ARCHIVE","2018-11-23T15:39:05.172+0000","2018-10-24T15:38:05.108+0000",121,"none","PRESERVED_SPECIMEN",3185741,6,7707728,220,690,5014,3185514,3185741,3185741,"Myrceugenia ovalifolia (O.Berg) Landrum","Myrceugenia ovalifolia (O.Berg) Landrum","Plantae","Tracheophyta","Myrtales","Myrtaceae","Myrceugenia","Myrceugenia ovalifolia","Myrceugenia","ovalifolia","SPECIES","ACCEPTED","2010-01-25T00:00:00",1005,0,"Santa Catarina",2008,1,15,"2008-01-15T00:00:00","2018-12-06T14:17:56.004+0000","http://creativecommons.org/licenses/by-nc/4.0/legalcode","none","none","none","WGS84","Magnoliopsida","BR","Brazil","FURB - Herbário Dr. Roberto Miguel Klein","BRA:FURB:FURB:0000020102","1534","FURB - Herbário Dr. Roberto Miguel Klein","São Bento do Sul","Minas de Caulim.","pt","FURB",1077399183,"BRA:FURB:FURB:0000020102","Collection","Dreveck, S.; Verdi, M.","20102","Universidade Regional de Blumenau, FURB","Universidade Regional de Blumenau, FURB","Fito IFFSC 1024 /N/21","Sobral, M","2018-10-11T17:23:33.000+0000","","","","","","","",NA,"","",NA,"","",NA,"","","","","",NA,"","",NA,NA,NA,NA,NA,"São Bento do Sul","Santa Catarina","brazil",787,"São Bento do Sul",4215802,-49.34941,-26.295148,"SANTA CATARINA","SC","Santa Catarina",-50.48226937,-27.24592878,"Santa Catarina","sc",-26.278056,-49.228333,"original coordinates","original coordinates outside municipality original in sao bento do sul falls in jaragua do sul"
"20","Myrceugenia ovalifolia",1087648610,-20.526944,-41.101667,"gass84","d2470ef8-edfa-4ba7-821e-c3e1a537bdba","4265f332-341c-45f6-b30b-5dc2e39b86e8","none","b38ff2b7-c8af-454e-b5af-ee760f0d5bca","BR","DWC_ARCHIVE","2018-11-14T17:11:38.403+0000","2018-02-15T05:17:40.653+0000",121,"none","PRESERVED_SPECIMEN",3185741,6,7707728,220,690,5014,3185514,3185741,3185741,"Myrceugenia ovalifolia (O.Berg) Landrum","Myrceugenia ovalifolia (O.Berg) Landrum","Plantae","Tracheophyta","Myrtales","Myrtaceae","Myrceugenia","Myrceugenia ovalifolia","Myrceugenia","ovalifolia","SPECIES","ACCEPTED","2013-11-18T00:00:00",1425,175,"Espírito Santo",2008,2,13,"2008-02-13T00:00:00","2018-12-08T13:05:42.203+0000","http://creativecommons.org/licenses/by-nc/4.0/legalcode","none","none","none","WGS84","Magnoliopsida","BR","Brazil","BHCB - Herbário da Universidade Federal de Minas Gerais","BRA:UFMG:BHCB:0000137741","4997","BHCB - Herbário da Universidade Federal de Minas Gerais","Castelo","Parque Estadual do Forno Grande. Bateias.","pt","BHCB",1087648610,"BRA:UFMG:BHCB:0000137741","Collection","Forzza, RC; Fraga, CN de; Kollmann, L; Fontana, AP; Labiak, PH","137741","Universidade Federal de Minas Gerais (UFMG)","Universidade Federal de Minas Gerais (UFMG)","","","2018-01-16T21:11:45.000+0000","","","SOUTH_AMERICA","","","","",NA,"","",NA,"","",NA,"","","","","",NA,"","",NA,NA,NA,NA,NA,"Castelo","Espírito Santo","brazil",2240,"Castelo",3201407,-41.204984,-20.552454,"ESPIRITO SANTO","ES","Espírito Santo",-40.6681057,-19.57475617,"Espírito Santo","es",-20.526944,-41.101667,"original coordinates","original coordinates OK"
"21","Myrceugenia ovalifolia",1099619224,-26.021389,-48.996389,"gass84","52b78a58-c84a-4370-bb14-b27a007d5da6","7cf67ac2-f2f2-42bd-92e4-c2eac0b21039","none","b38ff2b7-c8af-454e-b5af-ee760f0d5bca","BR","DWC_ARCHIVE","2018-11-23T15:39:04.696+0000","2017-12-29T14:09:26.405+0000",128,"none","PRESERVED_SPECIMEN",3185741,6,7707728,220,690,5014,3185514,3185741,3185741,"Myrceugenia ovalifolia (O.Berg) Landrum","Myrceugenia ovalifolia (O.Berg) Landrum","Plantae","Tracheophyta","Myrtales","Myrtaceae","Myrceugenia","Myrceugenia ovalifolia","Myrceugenia","ovalifolia","SPECIES","ACCEPTED","2008-01-01T00:00:00",1250,0,"Santa Catarina",2008,8,18,"2008-08-18T00:00:00","2018-12-08T10:13:55.820+0000","http://creativecommons.org/licenses/by-nc/4.0/legalcode","none","none","none","WGS84","Magnoliopsida","BR","Brazil","HUCS - Herbário da Universidade de Caxias do Sul","BRA:UCS:HUCS:0000041868","2110","HUCS - Herbário da Universidade de Caxias do Sul","Garuva","Serra Quiriri, vertente Oeste, em direção ao Planalto.","pt","HUCS",1099619224,"BRA:UCS:HUCS:0000041868","Collection","Vieira, F C S","41868","UCS","Universidade de Caxias do Sul (UCS)","Joinvillea 14014","Vieira, F C S","2017-11-08T11:14:38.000+0000","","","","","","","",NA,"","",NA,"","",NA,"","","","","",NA,"","",NA,NA,NA,NA,NA,"Garuva","Santa Catarina","brazil",815,"Garuva",4205803,-48.868811,-26.057411,"SANTA CATARINA","SC","Santa Catarina",-50.48226937,-27.24592878,"Santa Catarina","sc",-26.021389,-48.996389,"original coordinates","original coordinates outside municipality original in garuva falls in campo alegre"
"22","Myrceugenia ovalifolia",1089103586,-23.193,-45.0406,"gass84","7741a517-ab3d-4b85-ae58-56322e44c8ce","d073b448-6b80-4364-8c38-18d08b88797f","none","b38ff2b7-c8af-454e-b5af-ee760f0d5bca","BR","DWC_ARCHIVE","2018-12-03T13:51:44.849+0000","2018-12-03T16:41:22.230+0000",122,"none","PRESERVED_SPECIMEN",3185741,6,7707728,220,690,5014,3185514,3185741,3185741,"Myrceugenia ovalifolia (O.Berg) Landrum","Myrceugenia ovalifolia (O.Berg) Landrum","Plantae","Tracheophyta","Myrtales","Myrtaceae","Myrceugenia","Myrceugenia ovalifolia","Myrceugenia","ovalifolia","SPECIES","ACCEPTED","2017-09-01T00:00:00",1082.5,10.5,"São Paulo",2008,NA,NA,"2008-01-01T00:00:00","2018-12-08T04:38:21.168+0000","http://creativecommons.org/licenses/by-nc/4.0/legalcode","none","none","none","WGS84","Magnoliopsida","BR","Brazil","UEC - Herbário da Universidade Estadual de Campinas","BRA:UNICAMP:UEC:0000166755","90","UEC - Herbário da Universidade Estadual de Campinas","São Luiz do Paraitinga","PESM - Núcleo Santa Virgínia - Parcela K, Floresta Ombrófila Densa Montana.","pt","UEC",1089103586,"BRA:UNICAMP:UEC:0000166755","Collection","Padgurschi, M.C.G.; Tamashiro, J.Y.; Belinello, R.","166755","UNICAMP","Universidade Estadual de Campinas, UNICAMP","K0096 Árvore, ca. 7 m, sem flores ou frutos. Abundância: 1 ind ha-1.","Meireles, L.D.","2018-11-21T16:35:30.000+0000","","","","","","","",NA,"","",NA,"","",NA,"","","","","",NA,"","",NA,NA,NA,NA,NA,"São Luiz do Paraitinga","São Paulo","brazil",NA,"",NA,NA,NA,"","","São Paulo",-48.72944932,-22.26440593,"São Paulo","sp",-23.193,-45.0406,"original coordinates","original coordinates outside municipality original in sao luiz do paraitinga falls in cunha"
"23","Myrceugenia ovalifolia",1086906124,-22.766667,-45.543889,"gass84","16ed67e5-fd70-4fd4-85c3-70ea2da627fe","52603cfd-d564-4e89-a466-5e71813677be","none","b38ff2b7-c8af-454e-b5af-ee760f0d5bca","BR","DWC_ARCHIVE","2018-11-24T08:56:54.264+0000","2018-11-24T08:56:54.310+0000",126,"none","PRESERVED_SPECIMEN",3185741,6,7707728,220,690,5014,3185514,3185741,3185741,"Myrceugenia ovalifolia (O.Berg) Landrum","Myrceugenia ovalifolia (O.Berg) Landrum","Plantae","Tracheophyta","Myrtales","Myrtaceae","Myrceugenia","Myrceugenia ovalifolia","Myrceugenia","ovalifolia","SPECIES","ACCEPTED","2014-05-06T00:00:00",1850,0,"São Paulo",2007,3,23,"2007-03-23T00:00:00","2018-12-08T13:01:15.314+0000","http://creativecommons.org/licenses/by-nc/4.0/legalcode","none","none","none","WGS84","Magnoliopsida","BR","Brazil","SPSF - Herbário Dom Bento José Pickel","BRA:IF:SPSF:0000037480","1076","SPSF - Herbário Dom Bento José Pickel","Campos do Jordão","Pico do Itapeva","pt","SPSF",1086906124,"BRA:IF:SPSF:0000037480","Collection","F. A. R. D. P. Arzolla & G.C.R.de Paula","37480","IF","Instituto Florestal, IF","COLETA: Floresta Ombrófila Densa Alto-montana&nf;Árvore 5m, flores brancas.; GEOGRAFIA: Margem da estrada de acesso ao pico.&nf;Floresta Ombrófila Densa Altomontana.;","L. Meireles","2018-11-05T15:57:50.000+0000","","","SOUTH_AMERICA","","","","",NA,"","",NA,"","",NA,"","","","","",NA,"","",NA,NA,NA,NA,NA,"Campos do Jordão","São Paulo","brazil",1455,"Campos do Jordão",3509700,-45.532846,-22.701675,"SAO PAULO","SP","São Paulo",-48.72944932,-22.26440593,"São Paulo","sp",-22.766667,-45.543889,"original coordinates","original coordinates OK"
"24","Myrceugenia ovalifolia",1424266173,-21.716667,-43.883333,"cdround,gass84","4300f8d5-1ae5-49e5-a101-63894b005868","838537fc-4aeb-4980-8b58-97fbdcd1d91a","none","da7fe11a-b42c-46cb-9e9d-02243edb738a","BR","DWC_ARCHIVE","2018-10-02T15:40:39.474+0000","2018-09-24T20:01:56.376+0000",207,"none","PRESERVED_SPECIMEN",3185741,6,7707728,220,690,5014,3185514,3185741,3185741,"Myrceugenia ovalifolia (O.Berg) Landrum","Myrceugenia ovalifolia (O.Berg) Landrum","Plantae","Tracheophyta","Myrtales","Myrtaceae","Myrceugenia","Myrceugenia ovalifolia","Myrceugenia","ovalifolia","SPECIES","ACCEPTED","none",1400,NA,"Minas Gerais",2004,3,10,"2004-03-10T00:00:00","2018-12-06T16:58:42.233+0000","http://creativecommons.org/licenses/by/4.0/legalcode","none","none","none","WGS84","Magnoliopsida","BR","Brazil","Rio de Janeiro Botanical Garden","urn:catalog:JBRJ:RB:551030","259","RB - Rio de Janeiro Botanical Garden Herbarium Collection","Lima Duarte","Parque Estadual da Serra do Ibitipoca.","","RB",1424266173,"urn:catalog:JBRJ:RB:551030","PhysicalObject","Lucas, E.; R.C.Forzza, L.C.Assis, J.G.Jardim, L.Menini Neto, B.R.Silva, S. Edwards, D.Zappi","RB00551030","JBRJ","","Tree to 20 m. Inflorescence with dark brown pubescence. DNA.","","2017-10-18T12:49:14.396+0000","RB 401996","Beira da mata de grotao","","","","","",NA,"","",NA,"","",NA,"","","","","",NA,"","",NA,NA,NA,NA,NA,"Lima Duarte","Minas Gerais","brazil",1776,"Lima Duarte",3138609,-43.887694,-21.799694,"MINAS GERAIS","MG","Minas Gerais",-44.67333254,-18.45539008,"Minas Gerais","mg",-21.716667,-43.883333,"original coordinates","original coordinates OK"
"25","Myrceugenia ovalifolia",1089271548,-25.739639,-49.125,"gass84","08a179fe-9cd1-4d33-afef-266dd55c59cf","6cfcf69e-9ec1-48e1-be34-5201bdb63bd7","none","b38ff2b7-c8af-454e-b5af-ee760f0d5bca","BR","DWC_ARCHIVE","2018-11-23T15:39:38.598+0000","2017-12-29T14:22:45.523+0000",131,"none","PRESERVED_SPECIMEN",3185741,6,7707728,220,690,5014,3185514,3185741,3185741,"Myrceugenia ovalifolia (O.Berg) Landrum","Myrceugenia ovalifolia (O.Berg) Landrum","Plantae","Tracheophyta","Myrtales","Myrtaceae","Myrceugenia","Myrceugenia ovalifolia","Myrceugenia","ovalifolia","SPECIES","ACCEPTED","none",NA,NA,"Paraná",2003,10,25,"2003-10-25T00:00:00","2018-12-08T04:39:34.668+0000","http://creativecommons.org/licenses/by-nc/4.0/legalcode","none","none","none","WGS84","Magnoliopsida","BR","Brazil","HUEM - Herbário UEM","BRA:UEM:HUEM:0000013809","115","HUEM - Herbário UEM","São José dos Pinhais","beira da estrada, 8 Km from Couargo Fundo, on road to Guaricana","pt","HUEM",1089271548,"BRA:UEM:HUEM:0000013809","Collection","Lucas, E.J.; Silva, J.M.; Silva, I.","13809","UEM","Universidade Estadual de Maringá, UEM","Tree to 5 m.; trunk straight branching from 1m.; fruits purple with white hairs; photo; Mata Atlântica","","2015-09-17T12:53:21.000+0000","","","","","","","",NA,"","",NA,"","",NA,"","","","","",NA,"","",NA,NA,NA,NA,NA,"São José dos Pinhais","Paraná","brazil",856,"São José dos Pinhais",4125506,-49.094709,-25.664044,"PARANA","PR","Paraná",-51.61693027,-24.63581955,"Paraná","pr",-25.739639,-49.125,"original coordinates","original coordinates OK"
"26","Myrceugenia ovalifolia",1929183695,-25.718964,-49.00192,"elmms,gass84","d415c253-4d61-4459-9d25-4015b9084fb0","ae447c50-b8a8-11d8-92a4-b8a03c50a862","none","17017c2c-036b-45d9-b045-606d21b00771","US","DWC_ARCHIVE","2018-11-18T15:20:43.592+0000","2018-11-18T15:20:43.652+0000",96,"none","PRESERVED_SPECIMEN",3185741,6,7707728,220,690,5014,3185514,3185741,3185741,"Myrceugenia ovalifolia (O.Berg) Landrum","Myrceugenia ovalifolia (O.Berg) Landrum","Plantae","Tracheophyta","Myrtales","Myrtaceae","Myrceugenia","Myrceugenia ovalifolia","Myrceugenia","ovalifolia","SPECIES","ACCEPTED","none",390.5,390.5,"ParanÃ¡",2003,10,25,"2003-10-25T00:00:00","2018-12-07T19:56:57.093+0000","http://creativecommons.org/publicdomain/zero/1.0/legalcode","none","none","none","WGS84","Magnoliopsida","BR","Brazil","The New York Botanical Garden","64289df3-3174-44c3-9bf7-50a3738c369d","115","Vascular plants","","8 km from Couargo Fundo, on road to Guaricana.","en","NY",1929183695,"64289df3-3174-44c3-9bf7-50a3738c369d","PhysicalObject","E. J. Lucas","2422769","NY","","","","","","","SOUTH_AMERICA","http://sweetgum.nybg.org/science/vh/specimen_details.php?irn=2673338","http://biocol.org/urn:lsid:biocol.org:col:15556","ICN","25 Oct 2003",298,"Sao Jose dos Pinhais","sheet",298,"2562 ft","http://biocol.org/urn:lsid:biocol.org:col:15556",NA,"","","","","",NA,"","",NA,NA,NA,NA,NA,"","ParanÃ¡","brazil",NA,"",NA,NA,NA,"","","Paraná",-51.61693027,-24.63581955,"Paraná","pr",-25.718964,-49.00192,"original coordinates","original coordinates outside municipality original in  falls in sao jose dos pinhais"
"27","Myrceugenia ovalifolia",1077381233,-27.025,-49.132778,"cdround,gass84","b9a43c60-d2b6-445c-9362-2db65465c963","34e6e625-47cf-4d42-8054-af0c2f1b6e64","none","b38ff2b7-c8af-454e-b5af-ee760f0d5bca","BR","DWC_ARCHIVE","2018-11-23T15:38:54.870+0000","2018-10-24T15:37:57.293+0000",121,"none","PRESERVED_SPECIMEN",3185741,6,7707728,220,690,5014,3185514,3185741,3185741,"Myrceugenia ovalifolia (O.Berg) Landrum","Myrceugenia ovalifolia (O.Berg) Landrum","Plantae","Tracheophyta","Myrtales","Myrtaceae","Myrceugenia","Myrceugenia ovalifolia","Myrceugenia","ovalifolia","SPECIES","ACCEPTED","2009-07-17T00:00:00",NA,NA,"Santa Catarina",2001,2,4,"2001-02-04T00:00:00","2018-12-06T14:17:48.569+0000","http://creativecommons.org/licenses/by-nc/4.0/legalcode","none","none","none","WGS84","Magnoliopsida","BR","Brazil","FURB - Herbário Dr. Roberto Miguel Klein","BRA:FURB:FURB:0000002175","s.n.","FURB - Herbário Dr. Roberto Miguel Klein","Blumenau","Spitzkopf.","pt","FURB",1077381233,"BRA:FURB:FURB:0000002175","Collection","Sobral, M.","2175","Universidade Regional de Blumenau, FURB","Universidade Regional de Blumenau, FURB","","Sobral, M","2018-10-11T17:23:33.000+0000","","","","","","","",NA,"","",NA,"","",NA,"","","","","",NA,"","",NA,NA,NA,NA,NA,"Blumenau","Santa Catarina","brazil",690,"Blumenau",4202404,-49.097426,-26.884746,"SANTA CATARINA","SC","Santa Catarina",-50.48226937,-27.24592878,"Santa Catarina","sc",-27.025,-49.132778,"original coordinates","original coordinates OK"
"28","Myrceugenia ovalifolia",1639432524,-25.75,-49.05,"gass84","4300f8d5-1ae5-49e5-a101-63894b005868","838537fc-4aeb-4980-8b58-97fbdcd1d91a","none","da7fe11a-b42c-46cb-9e9d-02243edb738a","BR","DWC_ARCHIVE","2018-10-02T15:37:11.432+0000","2018-09-24T19:58:51.378+0000",207,"none","PRESERVED_SPECIMEN",3185741,6,7707728,220,690,5014,3185514,3185741,3185741,"Myrceugenia ovalifolia (O.Berg) Landrum","Myrceugenia ovalifolia (O.Berg) Landrum","Plantae","Tracheophyta","Myrtales","Myrtaceae","Myrceugenia","Myrceugenia ovalifolia","Myrceugenia","ovalifolia","SPECIES","ACCEPTED","none",1000,NA,"Paraná",1999,4,23,"1999-04-23T00:00:00","2018-12-07T09:22:41.817+0000","http://creativecommons.org/licenses/by/4.0/legalcode","none","none","none","WGS84","Magnoliopsida","BR","Brazil","Rio de Janeiro Botanical Garden","urn:catalog:JBRJ:RB:1363006","774","RB - Rio de Janeiro Botanical Garden Herbarium Collection","Guaratuba","Serra de Araçatuba, Morro dos Perdidos","","RB",1639432524,"urn:catalog:JBRJ:RB:1363006","PhysicalObject","E.P. Santos; P. Hoffmann; L.G. Socher","RB01363006","JBRJ","","","J. Viezzer; E.P. Santos","2017-10-15T14:25:23.142+0000","RB 745501","Floresta ombrófila densa alto-montana","","","","","",NA,"","",NA,"","",NA,"","","","","",NA,"","",NA,NA,NA,NA,NA,"Guaratuba","Paraná","brazil",838,"Guaratuba",4109609,-48.768272,-25.817781,"PARANA","PR","Paraná",-51.61693027,-24.63581955,"Paraná","pr",-25.75,-49.05,"original coordinates","original coordinates outside municipality original in guaratuba falls in sao jose dos pinhais"
"29","Myrceugenia ovalifolia",1086599986,-25.4407,-48.926,"gass84","767bddaa-9e6a-4eb1-bd12-f94a2b39a7d6","f6e2efc9-42a3-47ea-99c6-3eda8d653cc9","none","b38ff2b7-c8af-454e-b5af-ee760f0d5bca","BR","DWC_ARCHIVE","2018-11-24T12:35:17.432+0000","2018-04-05T12:08:06.390+0000",123,"none","PRESERVED_SPECIMEN",3185741,6,7707728,220,690,5014,3185514,3185741,3185741,"Myrceugenia ovalifolia (O.Berg) Landrum","Myrceugenia ovalifolia (O.Berg) Landrum","Plantae","Tracheophyta","Myrtales","Myrtaceae","Myrceugenia","Myrceugenia ovalifolia","Myrceugenia","ovalifolia","SPECIES","ACCEPTED","2016-06-22T00:00:00",550,0,"Paraná",1996,7,14,"1996-07-14T00:00:00","2018-12-06T13:38:17.486+0000","http://creativecommons.org/licenses/by-nc/4.0/legalcode","none","none","none","WGS84","Magnoliopsida","BR","Brazil","EFC - Herbário Escola de Florestas Curitiba","BRA:UFPR:EFC:0000006357","15","EFC - Herbário Escola de Florestas Curitiba","Morretes","P.E. Marumbi","pt","EFC",1086599986,"BRA:UFPR:EFC:0000006357","Collection","Rocha, M.R.","6357","Universidade Federal do Paraná, UFPR","Universidade Federal do Paraná, UFPR","Árvore 2 m, cume do Rochedinho, 550 m s.n.m., altomontana azonal","Ribeiro, C.L.","2018-03-23T20:53:00.000+0000","","","","","","","",NA,"","",NA,"","",NA,"","","","","",NA,"","",NA,NA,NA,NA,NA,"Morretes","Paraná","brazil",872,"Morretes",4116208,-48.855729,-25.518545,"PARANA","PR","Paraná",-51.61693027,-24.63581955,"Paraná","pr",-25.4407,-48.926,"original coordinates","original coordinates OK"
"30","Myrceugenia ovalifolia",1928876269,-25.339301,-48.909823,"","d415c253-4d61-4459-9d25-4015b9084fb0","ae447c50-b8a8-11d8-92a4-b8a03c50a862","none","17017c2c-036b-45d9-b045-606d21b00771","US","DWC_ARCHIVE","2018-11-18T14:52:44.426+0000","2018-10-19T13:53:47.627+0000",96,"none","PRESERVED_SPECIMEN",3185741,6,7707728,220,690,5014,3185514,3185741,3185741,"Myrceugenia ovalifolia (O.Berg) Landrum","Myrceugenia ovalifolia (O.Berg) Landrum","Plantae","Tracheophyta","Myrtales","Myrtaceae","Myrceugenia","Myrceugenia ovalifolia","Myrceugenia","ovalifolia","SPECIES","ACCEPTED","none",1000,0,"Paraná",1988,4,12,"1988-04-12T00:00:00","2018-12-08T19:29:51.618+0000","http://creativecommons.org/publicdomain/zero/1.0/legalcode","none","none","none","WGS84","Magnoliopsida","BR","Brazil","The New York Botanical Garden","4e60517f-ca93-4be3-ac42-5f6093bc390f","495","Vascular plants","","Morro Mãe Catira","en","NY",1928876269,"4e60517f-ca93-4be3-ac42-5f6093bc390f","PhysicalObject","J. M. Silva","886382","NY","","","","","","","SOUTH_AMERICA","http://sweetgum.nybg.org/science/vh/specimen_details.php?irn=1022772","http://biocol.org/urn:lsid:biocol.org:col:15556","ICN","12 Apr 1988",103,"Quatro Barras","sheet",103,"3281 ft","http://biocol.org/urn:lsid:biocol.org:col:15556",71.21,"Mata da encosta do morro.","2014-12-03","Georeferencing Quick Reference Guide, Version 2012","Google Maps (map data 2014), Manis Georef. Calculator","",NA,"","",NA,NA,NA,NA,NA,"","Paraná","brazil",NA,"",NA,NA,NA,"","","Paraná",-51.61693027,-24.63581955,"Paraná","pr",-25.339301,-48.909823,"original coordinates","original coordinates outside municipality original in  falls in quatro barras"
"31","Myrceugenia ovalifolia",1213625407,-22.74,-45.59,"gass84,iddatunl","d82d5a18-0428-4e52-be16-f509153e8126","e97090cb-7731-41c7-ac24-31a841730654","none","b38ff2b7-c8af-454e-b5af-ee760f0d5bca","BR","DWC_ARCHIVE","2018-11-14T17:19:14.113+0000","2018-04-05T19:37:28.575+0000",114,"none","PRESERVED_SPECIMEN",3185741,6,7707728,220,690,5014,3185514,3185741,3185741,"Myrceugenia ovalifolia (O.Berg) Landrum","Myrceugenia ovalifolia (O.Berg) Landrum","Plantae","Tracheophyta","Myrtales","Myrtaceae","Myrceugenia","Myrceugenia ovalifolia","Myrceugenia","ovalifolia","SPECIES","ACCEPTED","2017-10-01T00:00:00",9999,0,"São Paulo",1985,6,12,"1985-06-12T00:00:00","2018-07-08T01:34:54.147+0000","http://creativecommons.org/licenses/by-nc/4.0/legalcode","none","none","none","WGS84","Magnoliopsida","BR","Brazil","UB - Herbário da Universidade de Brasília","BRA:UnB:UB:0000168897","497","UB - Herbário da Universidade de Brasília","Campos do Jordão","Parque estadual Campos do Jordão","pt","UB",1213625407,"BRA:UnB:UB:0000168897","Collection","Proença, CEB; Bean, MF","168897","UnB","Universidade de Brasília (UnB)","Árvore 8,0m. Flor Branca.","Meireles, LD","","","","SOUTH_AMERICA","","","","",NA,"","",NA,"","",NA,"","","","","",NA,"","",NA,NA,NA,NA,NA,"Campos do Jordão","São Paulo","brazil",1455,"Campos do Jordão",3509700,-45.532846,-22.701675,"SAO PAULO","SP","São Paulo",-48.72944932,-22.26440593,"São Paulo","sp",-22.74,-45.59,"original coordinates","original coordinates OK"
"32","Myrceugenia ovalifolia",1929012177,-25.8869914389797,-48.5749506171655,"cdrep","d415c253-4d61-4459-9d25-4015b9084fb0","ae447c50-b8a8-11d8-92a4-b8a03c50a862","none","17017c2c-036b-45d9-b045-606d21b00771","US","DWC_ARCHIVE","2018-11-18T14:53:45.548+0000","2018-11-18T14:53:45.570+0000",96,"none","PRESERVED_SPECIMEN",3185741,6,7707728,220,690,5014,3185514,3185741,3185741,"Myrceugenia ovalifolia (O.Berg) Landrum","Myrceugenia ovalifolia (O.Berg) Landrum","Plantae","Tracheophyta","Myrtales","Myrtaceae","Myrceugenia","Myrceugenia ovalifolia","Myrceugenia","ovalifolia","SPECIES","ACCEPTED","none",0,0,"ParanÃ¡",1983,4,14,"1983-04-14T00:00:00","2018-12-08T19:31:05.484+0000","http://creativecommons.org/publicdomain/zero/1.0/legalcode","none","none","none","WGS84","Magnoliopsida","BR","Brazil","The New York Botanical Garden","57fd8da9-9dd6-4878-b8c4-99ebc93548d1","2301","Vascular plants","","Rio ItacarÃ©.","en","NY",1929012177,"57fd8da9-9dd6-4878-b8c4-99ebc93548d1","PhysicalObject","R. Kummrow","886384","NY","","","","","","","SOUTH_AMERICA","http://sweetgum.nybg.org/science/vh/specimen_details.php?irn=1022779","http://biocol.org/urn:lsid:biocol.org:col:15556","ICN","14 Apr 1983",104,"Guaratuba","sheet",104,"","http://biocol.org/urn:lsid:biocol.org:col:15556",41937,"Da mata.","","Other source","CRIA (Centro de ReferÃªncia em InformaÃ§Ã£o Ambiental)","",NA,"","",NA,NA,NA,NA,NA,"","ParanÃ¡","brazil",NA,"",NA,NA,NA,"","","Paraná",-51.61693027,-24.63581955,"Paraná","pr",-25.8869914389797,-48.5749506171655,"original coordinates","original coordinates outside municipality original in  falls in guaratuba"
"33","Myrceugenia ovalifolia",1260610258,-4.75,-57.91666,"gass84,preneglat","7bd65a7a-f762-11e1-a439-00145eb45e9a","90fd6680-349f-11d8-aa2d-b8a03c50a862","none","c4e134d3-c68f-406d-a116-6a37895602e0","US","DWC_ARCHIVE","2018-06-20T08:03:02.302+0000","2016-03-21T16:09:44.460+0000",28,"none","PRESERVED_SPECIMEN",5419803,6,7707728,220,690,5014,3185514,3185741,3185741,"Psidium ovalifolium (O.Berg) Nied.","Myrceugenia ovalifolia (O.Berg) Landrum","Plantae","Tracheophyta","Myrtales","Myrtaceae","Myrceugenia","Myrceugenia ovalifolia","Psidium","ovalifolium","SPECIES","SYNONYM","1986-01-01T00:00:00",NA,NA,"Amazonas",1983,NA,NA,"1983-01-01T00:00:00","2018-12-09T00:37:15.673+0000","http://creativecommons.org/licenses/by/4.0/legalcode","none","none","none","WGS84","Magnoliopsida","BR","Brazil","Missouri Botanical Garden","urn:catalog:MO:Tropicos:3215978","Cid Ferreira 4144","Tropicos","","Municipio de Maues, rio Parauari, margem direita entre os lugares Auga Mineral E Calcario.","","MO",1260610258,"urn:catalog:MO:Tropicos:3215978","PhysicalObject","C.A. Cid Ferreira","3215978","MO","MOBOT","","L.landrum","2009-11-16T09:35:00.000+0000","","","SOUTH_AMERICA","","","ICNafp","",NA,"","",NA,"","http://biocol.org/urn:lsid:biocol.org:col:15859",NA,"","","","","No opinion",22105886,"http://www.tropicos.org/Specimen/3215978","",NA,NA,NA,NA,NA,"","Amazonas","brazil",NA,"",NA,NA,NA,"","","Amazonas",-64.65219948,-4.15548242,"Amazonas","am",-4.75,-57.91666,"original coordinates","original coordinates outside municipality original in  falls in maues"
"34","Myrceugenia ovalifolia",1424072389,-22.716667,-45.45,"cdround,gass84","4300f8d5-1ae5-49e5-a101-63894b005868","838537fc-4aeb-4980-8b58-97fbdcd1d91a","none","da7fe11a-b42c-46cb-9e9d-02243edb738a","BR","DWC_ARCHIVE","2018-10-02T15:38:40.128+0000","2018-09-24T20:00:14.322+0000",207,"none","PRESERVED_SPECIMEN",3185741,6,7707728,220,690,5014,3185514,3185741,3185741,"Myrceugenia ovalifolia (O.Berg) Landrum","Myrceugenia ovalifolia (O.Berg) Landrum","Plantae","Tracheophyta","Myrtales","Myrtaceae","Myrceugenia","Myrceugenia ovalifolia","Myrceugenia","ovalifolia","SPECIES","ACCEPTED","2004-01-01T00:00:00",1760,NA,"São Paulo",1980,2,8,"1980-02-08T00:00:00","2018-12-06T16:56:50.090+0000","http://creativecommons.org/licenses/by/4.0/legalcode","none","none","none","WGS84","Magnoliopsida","BR","Brazil","Rio de Janeiro Botanical Garden","urn:catalog:JBRJ:RB:311248","55","RB - Rio de Janeiro Botanical Garden Herbarium Collection","Campos do Jordão","PECJ, EFE3.","","RB",1424072389,"urn:catalog:JBRJ:RB:311248","PhysicalObject","Rubens A.A. Barreto","RB00311248","JBRJ","","Árvore terrestre de 8,30m alt., frutos verdes de maturação verde, frequencia mediana","M. Sobral","2017-10-19T02:39:39.721+0000","RB 210150","Mata pecular","","","","","",NA,"","",NA,"","",NA,"","","","","",NA,"","",NA,NA,NA,NA,NA,"Campos do Jordão","São Paulo","brazil",1455,"Campos do Jordão",3509700,-45.532846,-22.701675,"SAO PAULO","SP","São Paulo",-48.72944932,-22.26440593,"São Paulo","sp",-22.716667,-45.45,"original coordinates","original coordinates outside municipality original in campos do jordao falls in pindamonhangaba"
"35","Myrceugenia ovalifolia",1095293506,-22.716667,-45.45,"gass84","2273e40d-26c2-4959-aea2-b6abcce16d09","04481953-6112-489f-bb8d-9703d787e3ea","none","b38ff2b7-c8af-454e-b5af-ee760f0d5bca","BR","DWC_ARCHIVE","2018-12-03T13:50:05.414+0000","2018-12-03T15:52:26.431+0000",122,"none","PRESERVED_SPECIMEN",3185741,6,7707728,220,690,5014,3185514,3185741,3185741,"Myrceugenia ovalifolia (O.Berg) Landrum","Myrceugenia ovalifolia (O.Berg) Landrum","Plantae","Tracheophyta","Myrtales","Myrtaceae","Myrceugenia","Myrceugenia ovalifolia","Myrceugenia","ovalifolia","SPECIES","ACCEPTED","2017-08-01T00:00:00",1760,0,"São Paulo",1980,2,8,"1980-02-08T00:00:00","2018-12-03T15:52:41.449+0000","http://creativecommons.org/licenses/by-nc/4.0/legalcode","none","none","none","WGS84","Magnoliopsida","BR","Brazil","ICN - Herbário do Instituto de Ciências Naturais","BRA:UFRGS:ICN:0000087917","55","ICN - Herbário do Instituto de Ciências Naturais","Campos do Jordão","Parque Estadual de Campos do Jordão 22°43' S 45°27' W","pt","ICN",1095293506,"BRA:UFRGS:ICN:0000087917","Collection","Barreto, RAA","087917","UFRGS","Universidade Federal do Rio Grande do Sul (UFRGS)","","Molz, M","2018-10-15T19:27:27.000+0000","","","SOUTH_AMERICA","","","","",NA,"","",NA,"","",NA,"","","","","",NA,"","",NA,NA,NA,NA,NA,"Campos do Jordão","São Paulo","brazil",1455,"Campos do Jordão",3509700,-45.532846,-22.701675,"SAO PAULO","SP","São Paulo",-48.72944932,-22.26440593,"São Paulo","sp",-22.716667,-45.45,"original coordinates","original coordinates outside municipality original in campos do jordao falls in pindamonhangaba"
"36","Myrceugenia ovalifolia",1927937310,-25.3696823516563,-49.077283287881,"cdrep","d415c253-4d61-4459-9d25-4015b9084fb0","ae447c50-b8a8-11d8-92a4-b8a03c50a862","none","17017c2c-036b-45d9-b045-606d21b00771","US","DWC_ARCHIVE","2018-11-18T14:45:47.196+0000","2018-11-18T14:45:47.265+0000",96,"none","PRESERVED_SPECIMEN",3185741,6,7707728,220,690,5014,3185514,3185741,3185741,"Myrceugenia ovalifolia (O.Berg) Landrum","Myrceugenia ovalifolia (O.Berg) Landrum","Plantae","Tracheophyta","Myrtales","Myrtaceae","Myrceugenia","Myrceugenia ovalifolia","Myrceugenia","ovalifolia","SPECIES","ACCEPTED","1983-01-01T00:00:00",0,0,"ParanÃ¡",1973,4,6,"1973-04-06T00:00:00","2018-12-05T23:31:30.309+0000","http://creativecommons.org/publicdomain/zero/1.0/legalcode","none","none","none","WGS84","Magnoliopsida","BR","Brazil","The New York Botanical Garden","0bf44b58-dae0-4f48-b0a7-656fad3e0db6","31808","Vascular plants","","Rio do Corvo","en","NY",1927937310,"0bf44b58-dae0-4f48-b0a7-656fad3e0db6","PhysicalObject","G. G. Hatschbach","615851","NY","","","L. R. Landrum","","","","SOUTH_AMERICA","http://sweetgum.nybg.org/science/vh/specimen_details.php?irn=608910","http://biocol.org/urn:lsid:biocol.org:col:15556","ICN","06 Apr 1973",96,"Quatro Barras","sheet",96,"","http://biocol.org/urn:lsid:biocol.org:col:15556",17116,"Mata margens rio encachoeirado","","Other source","CRIA (Centro de ReferÃªncia em InformaÃ§Ã£o Ambiental)","",NA,"","",NA,NA,NA,NA,NA,"","ParanÃ¡","brazil",NA,"",NA,NA,NA,"","","Paraná",-51.61693027,-24.63581955,"Paraná","pr",-25.3696823516563,-49.077283287881,"original coordinates","original coordinates outside municipality original in  falls in quatro barras"
"37","Myrceugenia ovalifolia",1930180898,-25.507775,-49.048057,"","d415c253-4d61-4459-9d25-4015b9084fb0","ae447c50-b8a8-11d8-92a4-b8a03c50a862","none","17017c2c-036b-45d9-b045-606d21b00771","US","DWC_ARCHIVE","2018-11-18T15:57:06.183+0000","2018-10-19T14:45:05.004+0000",96,"none","PRESERVED_SPECIMEN",3185741,6,7707728,220,690,5014,3185514,3185741,3185741,"Myrceugenia ovalifolia (O.Berg) Landrum","Myrceugenia ovalifolia (O.Berg) Landrum","Plantae","Tracheophyta","Myrtales","Myrtaceae","Myrceugenia","Myrceugenia ovalifolia","Myrceugenia","ovalifolia","SPECIES","ACCEPTED","1983-01-01T00:00:00",930,0,"ParanÃ¡",1970,4,28,"1970-04-28T00:00:00","2018-12-08T18:25:36.202+0000","http://creativecommons.org/publicdomain/zero/1.0/legalcode","none","none","none","WGS84","Magnoliopsida","BR","Brazil","The New York Botanical Garden","aaa524df-148e-4b40-90a1-9d8a399e3e07","24198","Vascular plants","","Nova Tirol","en","NY",1930180898,"aaa524df-148e-4b40-90a1-9d8a399e3e07","PhysicalObject","G. G. Hatschbach","615850","NY","","","L. R. Landrum","","","","SOUTH_AMERICA","http://sweetgum.nybg.org/science/vh/specimen_details.php?irn=608909","http://biocol.org/urn:lsid:biocol.org:col:15556","ICN","28 Apr 1970",118,"Piraquara","sheet",118,"3051 ft","http://biocol.org/urn:lsid:biocol.org:col:15556",936.57,"Pequeno capao dos encostas de morro","2016-09-22","Georeferencing Quick Reference Guide, Version 2012","Google Maps (map data 2016), Manis Georef. Calculator","",NA,"","",NA,NA,NA,NA,NA,"","ParanÃ¡","brazil",NA,"",NA,NA,NA,"","","Paraná",-51.61693027,-24.63581955,"Paraná","pr",-25.507775,-49.048057,"original coordinates","original coordinates outside municipality original in  falls in piraquara"
"38","Myrceugenia ovalifolia",1929098625,-25.3696823516563,-49.077283287881,"cdrep","d415c253-4d61-4459-9d25-4015b9084fb0","ae447c50-b8a8-11d8-92a4-b8a03c50a862","none","17017c2c-036b-45d9-b045-606d21b00771","US","DWC_ARCHIVE","2018-11-18T15:01:50.466+0000","2018-10-19T14:12:29.699+0000",96,"none","PRESERVED_SPECIMEN",3185741,6,7707728,220,690,5014,3185514,3185741,3185741,"Myrceugenia ovalifolia (O.Berg) Landrum","Myrceugenia ovalifolia (O.Berg) Landrum","Plantae","Tracheophyta","Myrtales","Myrtaceae","Myrceugenia","Myrceugenia ovalifolia","Myrceugenia","ovalifolia","SPECIES","ACCEPTED","none",1000,0,"ParanÃ¡",1969,3,19,"1969-03-19T00:00:00","2018-12-08T19:03:02.784+0000","http://creativecommons.org/publicdomain/zero/1.0/legalcode","none","none","none","WGS84","Magnoliopsida","BR","Brazil","The New York Botanical Garden","5e19d4ae-12ad-4847-81c2-7ed0c6a8ba08","21286","Vascular plants","","Rio Taquari","en","NY",1929098625,"5e19d4ae-12ad-4847-81c2-7ed0c6a8ba08","PhysicalObject","G. G. Hatschbach","886383","NY","","","","","","","SOUTH_AMERICA","http://sweetgum.nybg.org/science/vh/specimen_details.php?irn=1022774","http://biocol.org/urn:lsid:biocol.org:col:15556","ICN","19 Mar 1969",78,"Quatro Barras","sheet",78,"3281 ft","http://biocol.org/urn:lsid:biocol.org:col:15556",17116,"Mata Ã s margens de rio encachoeirado.","","Other source","CRIA (Centro de ReferÃªncia em InformaÃ§Ã£o Ambiental)","",NA,"","",NA,NA,NA,NA,NA,"","ParanÃ¡","brazil",NA,"",NA,NA,NA,"","","Paraná",-51.61693027,-24.63581955,"Paraná","pr",-25.3696823516563,-49.077283287881,"original coordinates","original coordinates outside municipality original in  falls in quatro barras"
"39","Myrceugenia ovalifolia",1927832900,-22.874703,-42.032149,"","d415c253-4d61-4459-9d25-4015b9084fb0","ae447c50-b8a8-11d8-92a4-b8a03c50a862","none","17017c2c-036b-45d9-b045-606d21b00771","US","DWC_ARCHIVE","2018-11-18T14:45:00.543+0000","2018-11-18T14:45:00.610+0000",96,"none","PRESERVED_SPECIMEN",3175089,6,7707728,220,690,5014,3185514,3185741,3185741,"Myrcia multiflora f. ovalifolia (O.Berg) D.Legrand","Myrceugenia ovalifolia (O.Berg) Landrum","Plantae","Tracheophyta","Myrtales","Myrtaceae","Myrceugenia","Myrceugenia ovalifolia","Myrcia","multiflora","FORM","SYNONYM","none",0,0,"Rio de Janeiro",1968,10,9,"1968-10-09T00:00:00","2018-12-05T23:30:27.517+0000","http://creativecommons.org/publicdomain/zero/1.0/legalcode","none","none","none","WGS84","Magnoliopsida","BR","Brazil","The New York Botanical Garden","04a32be6-219c-4988-ac60-8f752ce738ab","3846","Vascular plants","","Restinga de Cabo Frio","en","NY",1927832900,"04a32be6-219c-4988-ac60-8f752ce738ab","PhysicalObject","B. D. Sucre","616309","NY","","","","","","","SOUTH_AMERICA","http://sweetgum.nybg.org/science/vh/specimen_details.php?irn=239153","http://biocol.org/urn:lsid:biocol.org:col:15556","ICN","09 Oct 1968",283,"","sheet",283,"","http://biocol.org/urn:lsid:biocol.org:col:15556",8756.57,"","2015-08-25","Georeferencing Quick Reference Guide, Version 2012","Google Maps (map data 2015), Manis Georef. Calculator","",NA,"","ovalifolia",NA,NA,NA,NA,NA,"","Rio de Janeiro","brazil",NA,"",NA,NA,NA,"","","Rio de Janeiro",-42.66307908,-22.19581555,"Rio de Janeiro","rj",-22.874703,-42.032149,"original coordinates","original coordinates outside municipality original in  falls in cabo frio"
"40","Myrceugenia ovalifolia",1931296276,-22.874703,-42.032149,"","d415c253-4d61-4459-9d25-4015b9084fb0","ae447c50-b8a8-11d8-92a4-b8a03c50a862","none","17017c2c-036b-45d9-b045-606d21b00771","US","DWC_ARCHIVE","2018-11-18T16:26:05.362+0000","2018-11-18T16:26:05.622+0000",96,"none","PRESERVED_SPECIMEN",3175089,6,7707728,220,690,5014,3185514,3185741,3185741,"Myrcia multiflora f. ovalifolia (O.Berg) D.Legrand","Myrceugenia ovalifolia (O.Berg) Landrum","Plantae","Tracheophyta","Myrtales","Myrtaceae","Myrceugenia","Myrceugenia ovalifolia","Myrcia","multiflora","FORM","SYNONYM","none",0,0,"Rio de Janeiro",1968,10,11,"1968-10-11T00:00:00","2018-12-07T05:43:32.494+0000","http://creativecommons.org/publicdomain/zero/1.0/legalcode","none","none","none","WGS84","Magnoliopsida","BR","Brazil","The New York Botanical Garden","f9b4dfcd-78c7-4a30-ae3b-2cca6f13c031","3895","Vascular plants","","Restinga de Cabo Frio","en","NY",1931296276,"f9b4dfcd-78c7-4a30-ae3b-2cca6f13c031","PhysicalObject","B. D. Sucre","616310","NY","","","","","","","SOUTH_AMERICA","http://sweetgum.nybg.org/science/vh/specimen_details.php?irn=239154","http://biocol.org/urn:lsid:biocol.org:col:15556","ICN","11 Oct 1968",285,"","sheet",285,"","http://biocol.org/urn:lsid:biocol.org:col:15556",8756.57,"","2015-08-25","Georeferencing Quick Reference Guide, Version 2012","Google Maps (map data 2015), Manis Georef. Calculator","",NA,"","ovalifolia",NA,NA,NA,NA,NA,"","Rio de Janeiro","brazil",NA,"",NA,NA,NA,"","","Rio de Janeiro",-42.66307908,-22.19581555,"Rio de Janeiro","rj",-22.874703,-42.032149,"original coordinates","original coordinates outside municipality original in  falls in cabo frio"
"41","Myrceugenia ovalifolia",1928631938,-25.5385841735685,-49.2069931547032,"cdrep","d415c253-4d61-4459-9d25-4015b9084fb0","ae447c50-b8a8-11d8-92a4-b8a03c50a862","none","17017c2c-036b-45d9-b045-606d21b00771","US","DWC_ARCHIVE","2018-11-18T14:50:55.689+0000","2018-11-18T14:50:55.791+0000",96,"none","PRESERVED_SPECIMEN",3185741,6,7707728,220,690,5014,3185514,3185741,3185741,"Myrceugenia ovalifolia (O.Berg) Landrum","Myrceugenia ovalifolia (O.Berg) Landrum","Plantae","Tracheophyta","Myrtales","Myrtaceae","Myrceugenia","Myrceugenia ovalifolia","Myrceugenia","ovalifolia","SPECIES","ACCEPTED","1983-01-01T00:00:00",0,0,"ParanÃ¡",1966,8,12,"1966-08-12T00:00:00","2018-12-08T19:27:39.404+0000","http://creativecommons.org/publicdomain/zero/1.0/legalcode","none","none","none","WGS84","Magnoliopsida","BR","Brazil","The New York Botanical Garden","3d181ace-2790-4a7a-823e-4bf30d068e02","14591","Vascular plants","","Col. S. Andrade","en","NY",1928631938,"3d181ace-2790-4a7a-823e-4bf30d068e02","PhysicalObject","G. G. Hatschbach","615852","NY","","","L. R. Landrum","","","","SOUTH_AMERICA","http://sweetgum.nybg.org/science/vh/specimen_details.php?irn=608911","http://biocol.org/urn:lsid:biocol.org:col:15556","ICN","12 Aug 1966",224,"Sao JosÃ© dos Pinhais","sheet",224,"","http://biocol.org/urn:lsid:biocol.org:col:15556",45291,"Da beira do campo acido","","Other source","CRIA (Centro de ReferÃªncia em InformaÃ§Ã£o Ambiental)","",NA,"","",NA,NA,NA,NA,NA,"","ParanÃ¡","brazil",NA,"",NA,NA,NA,"","","Paraná",-51.61693027,-24.63581955,"Paraná","pr",-25.5385841735685,-49.2069931547032,"original coordinates","original coordinates outside municipality original in  falls in sao jose dos pinhais"
"42","Myrceugenia ovalifolia",1930229986,-23.77,-46.3,"gass84","d415c253-4d61-4459-9d25-4015b9084fb0","ae447c50-b8a8-11d8-92a4-b8a03c50a862","none","17017c2c-036b-45d9-b045-606d21b00771","US","DWC_ARCHIVE","2018-11-18T15:57:29.297+0000","2018-11-18T15:57:29.515+0000",96,"none","PRESERVED_SPECIMEN",3185741,6,7707728,220,690,5014,3185514,3185741,3185741,"Myrceugenia ovalifolia (O.Berg) Landrum","Myrceugenia ovalifolia (O.Berg) Landrum","Plantae","Tracheophyta","Myrtales","Myrtaceae","Myrceugenia","Myrceugenia ovalifolia","Myrceugenia","ovalifolia","SPECIES","ACCEPTED","none",0,0,"SÃ£o Paulo",1958,1,9,"1958-01-09T00:00:00","2018-12-09T01:17:21.499+0000","http://creativecommons.org/publicdomain/zero/1.0/legalcode","none","none","none","WGS84","Magnoliopsida","BR","Brazil","The New York Botanical Garden","ae2d04c6-8803-46ec-89c9-50344c72c19c","753","Vascular plants","","Paranapiacaba, EstaÃ§Ã£o Biologica.","en","NY",1930229986,"ae2d04c6-8803-46ec-89c9-50344c72c19c","PhysicalObject","O. Handro","886380","NY","","","","","","","SOUTH_AMERICA","http://sweetgum.nybg.org/science/vh/specimen_details.php?irn=1022765","http://biocol.org/urn:lsid:biocol.org:col:15556","ICN","09 Jan 1958",9,"","sheet",9,"","http://biocol.org/urn:lsid:biocol.org:col:15556",NA,"Da mata.","2016-04-19","Other collections","From another label","",NA,"","",NA,NA,NA,NA,NA,"","SÃ£o Paulo","brazil",NA,"",NA,NA,NA,"","","São Paulo",-48.72944932,-22.26440593,"São Paulo","sp",-23.77,-46.3,"original coordinates","original coordinates outside municipality original in  falls in santo andre"
"43","Myrceugenia ovalifolia",1928837785,-26.3741974530958,-48.7224632863618,"cdrep","d415c253-4d61-4459-9d25-4015b9084fb0","ae447c50-b8a8-11d8-92a4-b8a03c50a862","none","17017c2c-036b-45d9-b045-606d21b00771","US","DWC_ARCHIVE","2018-11-18T14:52:27.302+0000","2018-10-19T13:53:33.013+0000",96,"none","PRESERVED_SPECIMEN",3175089,6,7707728,220,690,5014,3185514,3185741,3185741,"Myrcia multiflora f. ovalifolia (O.Berg) D.Legrand","Myrceugenia ovalifolia (O.Berg) Landrum","Plantae","Tracheophyta","Myrtales","Myrtaceae","Myrceugenia","Myrceugenia ovalifolia","Myrcia","multiflora","FORM","SYNONYM","1955-01-01T00:00:00",10,0,"Santa Catarina",1954,1,2,"1954-01-02T00:00:00","2018-12-08T19:29:30.557+0000","http://creativecommons.org/publicdomain/zero/1.0/legalcode","none","none","none","WGS84","Magnoliopsida","BR","Brazil","The New York Botanical Garden","4baa7e8f-1387-478a-815c-03241c3c0e3d","1495","Vascular plants","","AraquarÃ­","en","NY",1928837785,"4baa7e8f-1387-478a-815c-03241c3c0e3d","PhysicalObject","R. Reitz","616272","NY","","","C. M. D. E. Legrand","","","","SOUTH_AMERICA","http://sweetgum.nybg.org/science/vh/specimen_details.php?irn=239150","http://biocol.org/urn:lsid:biocol.org:col:15556","ICN","02 Jan 1954",2,"Araquari","sheet",2,"33 ft","http://biocol.org/urn:lsid:biocol.org:col:15556",25329,"Capoeira, ao lado da estrada","","Other source","CRIA (Centro de ReferÃªncia em InformaÃ§Ã£o Ambiental)","",NA,"","ovalifolia",NA,NA,NA,NA,NA,"","Santa Catarina","brazil",NA,"",NA,NA,NA,"","","Santa Catarina",-50.48226937,-27.24592878,"Santa Catarina","sc",-26.3741974530958,-48.7224632863618,"original coordinates","original coordinates outside municipality original in  falls in araquari"
