"","name","key","decimalLatitude","decimalLongitude","issues","datasetKey","publishingOrgKey","networkKeys","installationKey","publishingCountry","protocol","lastCrawled","lastParsed","crawlId","extensions","basisOfRecord","taxonKey","kingdomKey","phylumKey","classKey","orderKey","familyKey","genusKey","speciesKey","acceptedTaxonKey","scientificName","acceptedScientificName","kingdom","phylum","order","family","genus","species","genericName","specificEpithet","taxonRank","taxonomicStatus","dateIdentified","elevation","elevationAccuracy","stateProvince.original","year","month","eventDate","modified","lastInterpreted","license","identifiers","facts","relations","geodeticDatum","class","countryCode","country.original","rightsHolder","identifier","recordNumber","datasetName","municipality.original","locality","language","collectionCode","gbifID","occurrenceID","type","recordedBy","catalogNumber","institutionCode","ownerInstitutionCode","occurrenceRemarks","identifiedBy","day","otherCatalogNumbers","fieldNotes","continent","identificationQualifier","preparations","county","fieldNumber","verbatimLocality","references","institutionID","nomenclaturalCode","verbatimEventDate","endDayOfYear","startDayOfYear","collectionID","habitat","higherGeography","georeferenceProtocol","eventRemarks","higherClassification","coordinateUncertaintyInMeters","georeferenceSources","verbatimElevation","organismID","datasetID","accessRights","identificationRemarks","georeferencedDate","typeStatus","typifiedName","municipality","stateProvince","country","FID","NOME","GEOCODIGO","POINT_X","POINT_Y","NOMEUF","SIGLAUF","estados_shp","x_estado","y_estado","nome","sigla","new_Lat","new_Lon","notes","comments"
"1","Calyptranthes strigipes",1801349769,-26.29416,-49.00819,"gass84","c525b217-2f59-4b71-a173-68d13da5e8a7","f9357933-83d3-4548-803c-4cae52ebff40","none","b38ff2b7-c8af-454e-b5af-ee760f0d5bca","BR","DWC_ARCHIVE","2018-11-24T12:29:41.661+0000","2018-11-24T12:29:41.689+0000",124,"none","PRESERVED_SPECIMEN",3181420,6,7707728,220,690,5014,3181245,3181420,3181420,"Calyptranthes strigipes O.Berg","Calyptranthes strigipes O.Berg","Plantae","Tracheophyta","Myrtales","Myrtaceae","Calyptranthes","Calyptranthes strigipes","Calyptranthes","strigipes","SPECIES","ACCEPTED","2017-01-01T00:00:00",118,0,"Santa Catarina",2017,1,"2017-01-01T00:00:00","2018-11-12T19:23:04.000+0000","2018-12-08T01:46:37.397+0000","http://creativecommons.org/licenses/by-nc/4.0/legalcode","none","none","none","WGS84","Magnoliopsida","BR","Brazil","HAS - Herbário Alarich Rudolf Holger Schultz","BRA:MCN/FZBRS:HAS:0000094658","s.n.","HAS - Herbário Alarich Rudolf Holger Schultz","Joinville","Piraí","pt","HAS",1801349769,"BRA:MCN/FZBRS:HAS:0000094658","Collection","Molz, M.; G.D.S. Seger & F. Longen","94658","Museu de Ciências Naturais - Fundação Zoobotânica do Rio Grande do Sul (MCN-FZBRS)","Museu de Ciências Naturais - Fundação Zoobotânica do Rio Grande do Sul (MCN-FZBRS)","Árvore com aprox. 12 metros de altura. Datum WGS84.","Molz, M.",NA,"","","",NA,"","","","","","","","",NA,NA,"","","","","","",NA,"","",NA,"","","","","","","Joinville","Santa Catarina","brazil",793,"Joinville",4209102,-48.955158,-26.24552,"SANTA CATARINA","SC","Santa Catarina",-50.48226937,-27.24592878,"Santa Catarina","sc",-26.29416,-49.00819,"original coordinates","original coordinates OK"
"2","Calyptranthes strigipes",1563170966,-26.933889,-49.38,"cdround,gass84","b9a43c60-d2b6-445c-9362-2db65465c963","34e6e625-47cf-4d42-8054-af0c2f1b6e64","none","b38ff2b7-c8af-454e-b5af-ee760f0d5bca","BR","DWC_ARCHIVE","2018-11-23T15:39:24.887+0000","2018-10-24T15:38:17.802+0000",121,"none","PRESERVED_SPECIMEN",3181420,6,7707728,220,690,5014,3181245,3181420,3181420,"Calyptranthes strigipes O.Berg","Calyptranthes strigipes O.Berg","Plantae","Tracheophyta","Myrtales","Myrtaceae","Calyptranthes","Calyptranthes strigipes","Calyptranthes","strigipes","SPECIES","ACCEPTED","2017-05-02T00:00:00",127,0,"Santa Catarina",2017,1,"2017-01-17T00:00:00","2018-10-11T17:23:14.000+0000","2018-12-07T14:50:39.854+0000","http://creativecommons.org/licenses/by-nc/4.0/legalcode","none","none","none","WGS84","Magnoliopsida","BR","Brazil","FURB - Herbário Dr. Roberto Miguel Klein","BRA:FURB:FURB:0000052306","5807","FURB - Herbário Dr. Roberto Miguel Klein","Rodeio","Centro, propriedade dos Feler.","pt","FURB",1563170966,"BRA:FURB:FURB:0000052306","Collection","Funez, L.A.","52306","Universidade Regional de Blumenau, FURB","Universidade Regional de Blumenau, FURB","flores velhas","M. Sobral",17,"","","",NA,"","","","","","","","",NA,NA,"","","","","","",NA,"","",NA,"","","","","","","Rodeio","Santa Catarina","brazil",688,"Rodeio",4215109,-49.351857,-26.89489,"SANTA CATARINA","SC","Santa Catarina",-50.48226937,-27.24592878,"Santa Catarina","sc",-26.933889,-49.38,"original coordinates","original coordinates OK"
"3","Calyptranthes strigipes",1658203067,-27.36,-48.96,"gass84","b9a43c60-d2b6-445c-9362-2db65465c963","34e6e625-47cf-4d42-8054-af0c2f1b6e64","none","b38ff2b7-c8af-454e-b5af-ee760f0d5bca","BR","DWC_ARCHIVE","2018-11-23T15:39:26.743+0000","2018-10-24T15:38:18.782+0000",121,"none","PRESERVED_SPECIMEN",3181420,6,7707728,220,690,5014,3181245,3181420,3181420,"Calyptranthes strigipes O.Berg","Calyptranthes strigipes O.Berg","Plantae","Tracheophyta","Myrtales","Myrtaceae","Calyptranthes","Calyptranthes strigipes","Calyptranthes","strigipes","SPECIES","ACCEPTED","2017-08-26T00:00:00",258,0,"Santa Catarina",2017,8,"2017-08-26T00:00:00","","2018-10-24T15:39:00.562+0000","http://creativecommons.org/licenses/by-nc/4.0/legalcode","none","none","none","WGS84","Magnoliopsida","BR","Brazil","FURB - Herbário Dr. Roberto Miguel Klein","BRA:FURB:FURB:0000054702","921","FURB - Herbário Dr. Roberto Miguel Klein","Major Gercino","Cachoeira Amâncio.","pt","FURB",1658203067,"BRA:FURB:FURB:0000054702","Collection","Kassner-Filho, A.; Santos, D.; Bollmann, G.; Silva, D.A.","54702","Universidade Regional de Blumenau, FURB","Universidade Regional de Blumenau, FURB","fruto imaturo","Kassner-Filho, A.",26,"","","",NA,"","","","","","","","",NA,NA,"","","","","","",NA,"","",NA,"","","","","","","Major Gercino","Santa Catarina","brazil",559,"Major Gercino",4210209,-49.052705,-27.427677,"SANTA CATARINA","SC","Santa Catarina",-50.48226937,-27.24592878,"Santa Catarina","sc",-27.36,-48.96,"original coordinates","original coordinates OK"
"4","Calyptranthes strigipes",1423921826,-22.5425,-43.424167,"cdround,gass84","4300f8d5-1ae5-49e5-a101-63894b005868","838537fc-4aeb-4980-8b58-97fbdcd1d91a","none","da7fe11a-b42c-46cb-9e9d-02243edb738a","BR","DWC_ARCHIVE","2018-10-02T15:35:19.548+0000","2018-09-24T19:57:59.424+0000",207,"none","PRESERVED_SPECIMEN",3181420,6,7707728,220,690,5014,3181245,3181420,3181420,"Calyptranthes strigipes O.Berg","Calyptranthes strigipes O.Berg","Plantae","Tracheophyta","Myrtales","Myrtaceae","Calyptranthes","Calyptranthes strigipes","Calyptranthes","strigipes","SPECIES","ACCEPTED","none",848,NA,"Rio de Janeiro",2016,8,"2016-08-03T00:00:00","2017-10-08T20:55:41.870+0000","2018-12-06T16:55:31.939+0000","http://creativecommons.org/licenses/by/4.0/legalcode","none","none","none","WGS84","Magnoliopsida","BR","Brazil","Rio de Janeiro Botanical Garden","urn:catalog:JBRJ:RB:1156937","8318","RB - Rio de Janeiro Botanical Garden Herbarium Collection","Miguel Pereira","Estrada do Orbel II. Reserva Biológica do Tinguá","","RB",1423921826,"urn:catalog:JBRJ:RB:1156937","PhysicalObject","Haroldo C. de Lima; Pablo J.F.P. Rodrigues, Fernanda F. Negreiros e Ivo P.L. de Souza","RB01156937","JBRJ","","Árvore com 15 m alt. Tronco com casca fina e escamosa, pardacenta, DAP ca. 20 cm. Frutos amarelo-esverdeados. Ocasional. Material DNA e fotos HCL.","M.SOBRAL",3,"RB 657154","","",NA,"","","","","","","","",NA,NA,"","","","","","",NA,"","",NA,"","","","","","","Miguel Pereira","Rio de Janeiro","brazil",1525,"Miguel Pereira",3302908,-43.474103,-22.510859,"RIO DE JANEIRO","RJ","Rio de Janeiro",-42.66307908,-22.19581555,"Rio de Janeiro","rj",-22.5425,-43.424167,"original coordinates","original coordinates outside municipality original in miguel pereira falls in nova iguacu"
"5","Calyptranthes strigipes",1077424837,-26.8225,-48.778611,"cdround,gass84","b9a43c60-d2b6-445c-9362-2db65465c963","34e6e625-47cf-4d42-8054-af0c2f1b6e64","none","b38ff2b7-c8af-454e-b5af-ee760f0d5bca","BR","DWC_ARCHIVE","2018-11-23T15:39:20.904+0000","2018-10-24T15:38:15.678+0000",121,"none","PRESERVED_SPECIMEN",3181420,6,7707728,220,690,5014,3181245,3181420,3181420,"Calyptranthes strigipes O.Berg","Calyptranthes strigipes O.Berg","Plantae","Tracheophyta","Myrtales","Myrtaceae","Calyptranthes","Calyptranthes strigipes","Calyptranthes","strigipes","SPECIES","ACCEPTED","2015-02-10T00:00:00",178,0,"Santa Catarina",2015,2,"2015-02-10T00:00:00","2018-10-11T17:23:14.000+0000","2018-12-06T14:18:07.293+0000","http://creativecommons.org/licenses/by-nc/4.0/legalcode","none","none","none","WGS84","Magnoliopsida","BR","Brazil","FURB - Herbário Dr. Roberto Miguel Klein","BRA:FURB:FURB:0000045815","1169","FURB - Herbário Dr. Roberto Miguel Klein","Navegantes","Leiteiro.","pt","FURB",1077424837,"BRA:FURB:FURB:0000045815","Collection","Oliveira, A.A. de","45815","Universidade Regional de Blumenau, FURB","Universidade Regional de Blumenau, FURB","Regeneração IFFSC 753 /L/87","Oliveira, AA de",10,"","","",NA,"","","","","","","","",NA,NA,"","","","","","",NA,"","",NA,"","","","","","","Navegantes","Santa Catarina","brazil",705,"Navegantes",4211306,-48.725507,-26.828953,"SANTA CATARINA","SC","Santa Catarina",-50.48226937,-27.24592878,"Santa Catarina","sc",-26.8225,-48.778611,"original coordinates","original coordinates OK"
"6","Calyptranthes strigipes",1423893928,-25.164444,-48.278889,"cdround,gass84","4300f8d5-1ae5-49e5-a101-63894b005868","838537fc-4aeb-4980-8b58-97fbdcd1d91a","none","da7fe11a-b42c-46cb-9e9d-02243edb738a","BR","DWC_ARCHIVE","2018-10-02T15:34:22.146+0000","2018-09-24T19:57:45.316+0000",207,"none","PRESERVED_SPECIMEN",3181420,6,7707728,220,690,5014,3181245,3181420,3181420,"Calyptranthes strigipes O.Berg","Calyptranthes strigipes O.Berg","Plantae","Tracheophyta","Myrtales","Myrtaceae","Calyptranthes","Calyptranthes strigipes","Calyptranthes","strigipes","SPECIES","ACCEPTED","2013-07-30T00:00:00",205,NA,"Paraná",2013,7,"2013-07-17T00:00:00","","2018-12-06T16:55:14.584+0000","http://creativecommons.org/licenses/by/4.0/legalcode","none","none","none","WGS84","Magnoliopsida","BR","Brazil","Rio de Janeiro Botanical Garden","urn:catalog:JBRJ:RB:1012315","3971","RB - Rio de Janeiro Botanical Garden Herbarium Collection","Guaraqueçaba","RPPN Salto Morato, trilha da cachoeira do bracinho.","","RB",1423893928,"urn:catalog:JBRJ:RB:1012315","PhysicalObject","E. Barboza; M.L. Brotto; J.M. Silva","RB01012315","JBRJ","","Árvore de 15m, frutos imaturos verdes","E. Barboza",17,"RB 632303","Floresta Ombrófila Densa Submontana","",NA,"","","","","","","","",NA,NA,"","","","","","",NA,"","",NA,"","","","","","","Guaraqueçaba","Paraná","brazil",905,"Guaraqueçaba",4109500,-48.367204,-25.234919,"PARANA","PR","Paraná",-51.61693027,-24.63581955,"Paraná","pr",-25.164444,-48.278889,"original coordinates","original coordinates OK"
"7","Calyptranthes strigipes",1424477059,-22.848889,-44.003889,"cdround,gass84,muluriiv","4300f8d5-1ae5-49e5-a101-63894b005868","838537fc-4aeb-4980-8b58-97fbdcd1d91a","none","da7fe11a-b42c-46cb-9e9d-02243edb738a","BR","DWC_ARCHIVE","2018-10-02T15:42:45.268+0000","2018-09-24T20:03:58.665+0000",207,"none","PRESERVED_SPECIMEN",3181420,6,7707728,220,690,5014,3181245,3181420,3181420,"Calyptranthes strigipes O.Berg","Calyptranthes strigipes O.Berg","Plantae","Tracheophyta","Myrtales","Myrtaceae","Calyptranthes","Calyptranthes strigipes","Calyptranthes","strigipes","SPECIES","ACCEPTED","none",NA,NA,"Rio de Janeiro",2013,8,"2013-08-06T00:00:00","2018-06-20T13:46:20.594+0000","2018-12-06T17:00:45.120+0000","http://creativecommons.org/licenses/by/4.0/legalcode","none","none","none","WGS84","Magnoliopsida","BR","Brazil","Rio de Janeiro Botanical Garden","urn:catalog:JBRJ:RB:843896","3848","RB - Rio de Janeiro Botanical Garden Herbarium Collection","Rio Claro","P.E.Cunhambebe, fazenda Rio da Prata, estrada de chão. 430m. P.E.Cunhambebe","","RB",1424477059,"urn:catalog:JBRJ:RB:843896","PhysicalObject","M.G.Bovini; J.F.Baumgratz; B.C.Bandeira; D.S.Pereira","RB00843896","JBRJ","","Árvore ca. 4,5m, semi-heliófila. Folhas discolores, cartáceas. Frutos imaturos verdes.","M.Sobral",6,"RB 595259","","",NA,"","","","","","","","",NA,NA,"","","","","","",NA,"","",NA,"","","","","","","Rio Claro","Rio de Janeiro","brazil",1419,"Rio Claro",3304409,-44.080244,-22.78214,"RIO DE JANEIRO","RJ","Rio de Janeiro",-42.66307908,-22.19581555,"Rio de Janeiro","rj",-22.848889,-44.003889,"original coordinates","original coordinates OK"
"8","Calyptranthes strigipes",1089103773,-23.3528,-45.3258,"gass84","7741a517-ab3d-4b85-ae58-56322e44c8ce","d073b448-6b80-4364-8c38-18d08b88797f","none","b38ff2b7-c8af-454e-b5af-ee760f0d5bca","BR","DWC_ARCHIVE","2018-12-03T13:51:44.966+0000","2018-12-03T16:41:22.313+0000",122,"none","PRESERVED_SPECIMEN",3181420,6,7707728,220,690,5014,3181245,3181420,3181420,"Calyptranthes strigipes O.Berg","Calyptranthes strigipes O.Berg","Plantae","Tracheophyta","Myrtales","Myrtaceae","Calyptranthes","Calyptranthes strigipes","Calyptranthes","strigipes","SPECIES","ACCEPTED","2011-10-01T00:00:00",850,50,"São Paulo",2011,6,"2011-06-29T00:00:00","2018-11-21T16:35:04.000+0000","2018-12-08T04:38:21.346+0000","http://creativecommons.org/licenses/by-nc/4.0/legalcode","none","none","none","WGS84","Magnoliopsida","BR","Brazil","UEC - Herbário da Universidade Estadual de Campinas","BRA:UNICAMP:UEC:0000166962","227","UEC - Herbário da Universidade Estadual de Campinas","Paraibuna","Parque Estadual da Serra do Mar. Mata Atlântica.","pt","UEC",1089103773,"BRA:UNICAMP:UEC:0000166962","Collection","Stefani, E.J.F.; Belinello, R.; Galvão, J.C.","166962","UNICAMP","Universidade Estadual de Campinas, UNICAMP","Árvore com 12 m.","Stefani, E.J.F.",29,"","","",NA,"","","","","","","","",NA,NA,"","","","","","",NA,"","",NA,"","","","","","","Paraibuna","São Paulo","brazil",1180,"Paraibuna",3535606,-45.642423,-23.478827,"SAO PAULO","SP","São Paulo",-48.72944932,-22.26440593,"São Paulo","sp",-23.3528,-45.3258,"original coordinates","original coordinates outside municipality original in paraibuna falls in natividade da serra"
"9","Calyptranthes strigipes",1089098928,-23.19492,-45.5643,"gass84","7741a517-ab3d-4b85-ae58-56322e44c8ce","d073b448-6b80-4364-8c38-18d08b88797f","none","b38ff2b7-c8af-454e-b5af-ee760f0d5bca","BR","DWC_ARCHIVE","2018-12-03T13:51:42.449+0000","2018-12-03T16:41:20.313+0000",122,"none","PRESERVED_SPECIMEN",3181420,6,7707728,220,690,5014,3181245,3181420,3181420,"Calyptranthes strigipes O.Berg","Calyptranthes strigipes O.Berg","Plantae","Tracheophyta","Myrtales","Myrtaceae","Calyptranthes","Calyptranthes strigipes","Calyptranthes","strigipes","SPECIES","ACCEPTED","2011-05-01T00:00:00",999,0,"São Paulo",2011,7,"2011-07-16T00:00:00","2018-11-21T16:35:04.000+0000","2018-12-08T04:38:18.836+0000","http://creativecommons.org/licenses/by-nc/4.0/legalcode","none","none","none","WGS84","Magnoliopsida","BR","Brazil","UEC - Herbário da Universidade Estadual de Campinas","BRA:UNICAMP:UEC:0000160365","514","UEC - Herbário da Universidade Estadual de Campinas","São Luiz do Paraitinga","Parque Estadual da Serra do Mar","pt","UEC",1089098928,"BRA:UNICAMP:UEC:0000160365","Collection","Marchiori, N.M.; Toledo, W.; Munhoz, I.; Cano, G.B.; Santos, F.C.","160365","UNICAMP","Universidade Estadual de Campinas, UNICAMP","Material vegetativo. Cerca de 23 m de altura e 11 indivíduos distribuídos em 1 ha.; Floresta Ombrófila Densa Montana.","Marchiori, N.M.",16,"","","",NA,"","","","","","","","",NA,NA,"","","","","","",NA,"","",NA,"","","","","","","São Luiz do Paraitinga","São Paulo","brazil",NA,"",NA,NA,NA,"","","São Paulo",-48.72944932,-22.26440593,"São Paulo","sp",-23.19492,-45.5643,"original coordinates","original coordinates outside municipality original in sao luiz do paraitinga falls in redencao da serra"
"10","Calyptranthes strigipes",1089098929,-23.19492,-45.5643,"gass84","7741a517-ab3d-4b85-ae58-56322e44c8ce","d073b448-6b80-4364-8c38-18d08b88797f","none","b38ff2b7-c8af-454e-b5af-ee760f0d5bca","BR","DWC_ARCHIVE","2018-12-03T13:51:42.444+0000","2018-12-03T16:41:20.301+0000",122,"none","PRESERVED_SPECIMEN",3181420,6,7707728,220,690,5014,3181245,3181420,3181420,"Calyptranthes strigipes O.Berg","Calyptranthes strigipes O.Berg","Plantae","Tracheophyta","Myrtales","Myrtaceae","Calyptranthes","Calyptranthes strigipes","Calyptranthes","strigipes","SPECIES","ACCEPTED","2011-05-01T00:00:00",999,0,"São Paulo",2011,7,"2011-07-16T00:00:00","2018-11-21T16:35:04.000+0000","2018-12-08T04:38:18.815+0000","http://creativecommons.org/licenses/by-nc/4.0/legalcode","none","none","none","WGS84","Magnoliopsida","BR","Brazil","UEC - Herbário da Universidade Estadual de Campinas","BRA:UNICAMP:UEC:0000160364","485","UEC - Herbário da Universidade Estadual de Campinas","São Luiz do Paraitinga","Parque Estadual da Serra do Mar","pt","UEC",1089098929,"BRA:UNICAMP:UEC:0000160364","Collection","Marchiori, N.M.; Toledo, W.; Munhoz, I.; Cano, G.B.; Santos, F.C.","160364","UNICAMP","Universidade Estadual de Campinas, UNICAMP","Material vegetativo. Cerca de 17 m de altura e 11 indivíduos distribuídos em 1 ha.; Floresta Ombrófila Densa Montana.","Marchiori, N.M.",16,"","","",NA,"","","","","","","","",NA,NA,"","","","","","",NA,"","",NA,"","","","","","","São Luiz do Paraitinga","São Paulo","brazil",NA,"",NA,NA,NA,"","","São Paulo",-48.72944932,-22.26440593,"São Paulo","sp",-23.19492,-45.5643,"original coordinates","original coordinates outside municipality original in sao luiz do paraitinga falls in redencao da serra"
"11","Calyptranthes strigipes",1089099548,-23.3799,-45.301,"gass84","7741a517-ab3d-4b85-ae58-56322e44c8ce","d073b448-6b80-4364-8c38-18d08b88797f","none","b38ff2b7-c8af-454e-b5af-ee760f0d5bca","BR","DWC_ARCHIVE","2018-12-03T13:51:42.646+0000","2018-12-03T16:41:20.719+0000",122,"none","PRESERVED_SPECIMEN",3181420,6,7707728,220,690,5014,3181245,3181420,3181420,"Calyptranthes strigipes O.Berg","Calyptranthes strigipes O.Berg","Plantae","Tracheophyta","Myrtales","Myrtaceae","Calyptranthes","Calyptranthes strigipes","Calyptranthes","strigipes","SPECIES","ACCEPTED","none",70,20,"São Paulo",2010,5,"2010-05-29T00:00:00","2018-11-21T16:35:04.000+0000","2018-12-08T04:38:19.148+0000","http://creativecommons.org/licenses/by-nc/4.0/legalcode","none","none","none","WGS84","Magnoliopsida","BR","Brazil","UEC - Herbário da Universidade Estadual de Campinas","BRA:UNICAMP:UEC:0000160993","81","UEC - Herbário da Universidade Estadual de Campinas","Caraguatatuba","Parque Estadual da Serra do Mar.","pt","UEC",1089099548,"BRA:UNICAMP:UEC:0000160993","Collection","Stefani, E.J.F.; Belinello, R.; Galvão, J.C.","160993","UNICAMP","Universidade Estadual de Campinas, UNICAMP","Árvore com 14 m.; Mata atlântica.","",29,"","","",NA,"","","","","","","","",NA,NA,"","","","","","",NA,"","",NA,"","","","","","","Caraguatatuba","São Paulo","brazil",1134,"Caraguatatuba",3510500,-45.488504,-23.638724,"SAO PAULO","SP","São Paulo",-48.72944932,-22.26440593,"São Paulo","sp",-23.3799,-45.301,"original coordinates","original coordinates outside municipality original in caraguatatuba falls in natividade da serra"
"12","Calyptranthes strigipes",1077413883,-26.548055,-48.776667,"cdround,gass84","b9a43c60-d2b6-445c-9362-2db65465c963","34e6e625-47cf-4d42-8054-af0c2f1b6e64","none","b38ff2b7-c8af-454e-b5af-ee760f0d5bca","BR","DWC_ARCHIVE","2018-11-23T15:39:14.071+0000","2018-10-24T15:38:11.022+0000",121,"none","PRESERVED_SPECIMEN",3181420,6,7707728,220,690,5014,3181245,3181420,3181420,"Calyptranthes strigipes O.Berg","Calyptranthes strigipes O.Berg","Plantae","Tracheophyta","Myrtales","Myrtaceae","Calyptranthes","Calyptranthes strigipes","Calyptranthes","strigipes","SPECIES","ACCEPTED","1905-07-02T00:00:00",14,0,"Santa Catarina",2009,10,"2009-10-13T00:00:00","2018-10-11T17:23:14.000+0000","2018-12-06T14:18:01.972+0000","http://creativecommons.org/licenses/by-nc/4.0/legalcode","none","none","none","WGS84","Magnoliopsida","BR","Brazil","FURB - Herbário Dr. Roberto Miguel Klein","BRA:FURB:FURB:0000034828","2529","FURB - Herbário Dr. Roberto Miguel Klein","São João do Itaperiú","Santo Antônio.","pt","FURB",1077413883,"BRA:FURB:FURB:0000034828","Collection","Dreveck, S.; Carneiro, F.E.","34828","Universidade Regional de Blumenau, FURB","Universidade Regional de Blumenau, FURB","Voucher estéril IFFSC 912 (Fitossociologia)","Sobral, M",13,"","","",NA,"","","","","","","","",NA,NA,"","","","","","",NA,"","",NA,"","","","","","","São João do Itaperiú","Santa Catarina","brazil",751,"São João do Itaperiú",4216354,-48.797188,-26.590628,"SANTA CATARINA","SC","Santa Catarina",-50.48226937,-27.24592878,"Santa Catarina","sc",-26.548055,-48.776667,"original coordinates","original coordinates OK"
"13","Calyptranthes strigipes",1089099466,-23.2348,-45.0534,"gass84","7741a517-ab3d-4b85-ae58-56322e44c8ce","d073b448-6b80-4364-8c38-18d08b88797f","none","b38ff2b7-c8af-454e-b5af-ee760f0d5bca","BR","DWC_ARCHIVE","2018-12-03T13:51:42.699+0000","2018-12-03T16:41:20.490+0000",122,"none","PRESERVED_SPECIMEN",3181420,6,7707728,220,690,5014,3181245,3181420,3181420,"Calyptranthes strigipes O.Berg","Calyptranthes strigipes O.Berg","Plantae","Tracheophyta","Myrtales","Myrtaceae","Calyptranthes","Calyptranthes strigipes","Calyptranthes","strigipes","SPECIES","ACCEPTED","2010-06-01T00:00:00",371.5,23.5,"São Paulo",2009,11,"2009-11-12T00:00:00","2018-11-21T16:35:04.000+0000","2018-12-08T04:38:19.155+0000","http://creativecommons.org/licenses/by-nc/4.0/legalcode","none","none","none","WGS84","Magnoliopsida","BR","Brazil","UEC - Herbário da Universidade Estadual de Campinas","BRA:UNICAMP:UEC:0000160920","32","UEC - Herbário da Universidade Estadual de Campinas","Ubatuba","Fazenda Capricórnio","pt","UEC",1089099466,"BRA:UNICAMP:UEC:0000160920","Collection","Cavalin, P.O.","160920","UNICAMP","Universidade Estadual de Campinas, UNICAMP","Indivíduo juvenil, 1-2 m de altura.; Sub-bosque Floresta Ombrófila Densa.","Cavalin, P.O.",12,"","","",NA,"","","","","","","","",NA,NA,"","","","","","",NA,"","",NA,"","","","","","","Ubatuba","São Paulo","brazil",1216,"Ubatuba",3555406,-45.026117,-23.38322,"SAO PAULO","SP","São Paulo",-48.72944932,-22.26440593,"São Paulo","sp",-23.2348,-45.0534,"original coordinates","original coordinates outside municipality original in ubatuba falls in cunha"
"14","Calyptranthes strigipes",1424248931,-20.291389,-40.519444,"cdround,gass84","4300f8d5-1ae5-49e5-a101-63894b005868","838537fc-4aeb-4980-8b58-97fbdcd1d91a","none","da7fe11a-b42c-46cb-9e9d-02243edb738a","BR","DWC_ARCHIVE","2018-10-02T15:40:29.596+0000","2018-09-24T20:01:46.900+0000",207,"none","PRESERVED_SPECIMEN",3181420,6,7707728,220,690,5014,3181245,3181420,3181420,"Calyptranthes strigipes O.Berg","Calyptranthes strigipes O.Berg","Plantae","Tracheophyta","Myrtales","Myrtaceae","Calyptranthes","Calyptranthes strigipes","Calyptranthes","strigipes","SPECIES","ACCEPTED","2010-01-01T00:00:00",600,NA,"Espírito Santo",2008,7,"2008-07-20T00:00:00","2017-10-18T17:56:44.267+0000","2018-12-06T16:58:32.163+0000","http://creativecommons.org/licenses/by/4.0/legalcode","none","none","none","WGS84","Magnoliopsida","BR","Brazil","Rio de Janeiro Botanical Garden","urn:catalog:JBRJ:RB:532093","7581","RB - Rio de Janeiro Botanical Garden Herbarium Collection","Cariacica","Floresta Estacional Semidecidual. Reserva Biológica de Duas Bocas. Localidade de Alegre. Trilha do Pau-Oco.","","RB",1424248931,"urn:catalog:JBRJ:RB:532093","PhysicalObject","A. M. Amorim; R.C. Forzza, J.L. Paixão & L.C.J. Gomes","RB00532093","JBRJ","","Árvore ca. 14m alt. Folhas verdes, a face superior mais escura e brilhante. Raque ferrugínea, frutos imaturos verdes.","M.Sobral",20,"RB 470455","","",NA,"","","","","","","","",NA,NA,"","","","","","",NA,"","",NA,"","","","","","","Cariacica","Espírito Santo","brazil",2328,"Cariacica",3201308,-40.442031,-20.289217,"ESPIRITO SANTO","ES","Espírito Santo",-40.6681057,-19.57475617,"Espírito Santo","es",-20.291389,-40.519444,"original coordinates","original coordinates OK"
"15","Calyptranthes strigipes",1123820257,-20.267778,-41.525,"gass84","9129ec89-afa7-45af-8b73-509f1f8942ab","667644b9-7b93-4892-80c7-c4271735c515","none","b38ff2b7-c8af-454e-b5af-ee760f0d5bca","BR","DWC_ARCHIVE","2018-10-11T11:54:50.466+0000","2017-12-15T16:34:45.794+0000",129,"none","PRESERVED_SPECIMEN",3181420,6,7707728,220,690,5014,3181245,3181420,3181420,"Calyptranthes strigipes O.Berg","Calyptranthes strigipes O.Berg","Plantae","Tracheophyta","Myrtales","Myrtaceae","Calyptranthes","Calyptranthes strigipes","Calyptranthes","strigipes","SPECIES","ACCEPTED","none",525,0,"Espírito Santo",2008,7,"2008-07-22T00:00:00","2017-09-14T14:48:31.000+0000","2018-12-08T12:04:59.303+0000","http://creativecommons.org/licenses/by-nc/4.0/legalcode","none","none","none","WGS84","Magnoliopsida","BR","Brazil","MBML-Herbario - Herbário Mello Leitão","BRA:MBML:MBML-HERBARIO:0000037539","2186","MBML-Herbario - Herbário Mello Leitão","Cariacica","Reserva Biológica de Duas Bocas. Localidade de Alegre, trilha do Pau Oco. Floresta Ombrófila Densa Montana.","pt","MBML-HERBARIO",1123820257,"BRA:MBML:MBML-HERBARIO:0000037539","Collection","C. N. de Fraga; A.M.Amorim, R.C.Forzza, P.H.Labiak, R.Gondenberg, J.L.Paixão & L.C.J.Gomes.","37539","MBML","Museu de Biologia Professor Mello Leitão, MBML","Arvoreta ca. 6m. Folhas discolores. Frutos vermelhos quando maduros e verdes quando imaturos.","A.R. Lourenço/29-10-2015",22,"","","",NA,"","","","","","","","",NA,NA,"","","","","","",NA,"","",NA,"","","","","","","Cariacica","Espírito Santo","brazil",2328,"Cariacica",3201308,-40.442031,-20.289217,"ESPIRITO SANTO","ES","Espírito Santo",-40.6681057,-19.57475617,"Espírito Santo","es",-20.267778,-41.525,"original coordinates","original coordinates outside municipality original in cariacica falls in ibatiba"
"16","Calyptranthes strigipes",1089103523,-23.193,-45.0406,"gass84","7741a517-ab3d-4b85-ae58-56322e44c8ce","d073b448-6b80-4364-8c38-18d08b88797f","none","b38ff2b7-c8af-454e-b5af-ee760f0d5bca","BR","DWC_ARCHIVE","2018-12-03T13:51:44.826+0000","2018-12-03T16:41:22.191+0000",122,"none","PRESERVED_SPECIMEN",3181420,6,7707728,220,690,5014,3181245,3181420,3181420,"Calyptranthes strigipes O.Berg","Calyptranthes strigipes O.Berg","Plantae","Tracheophyta","Myrtales","Myrtaceae","Calyptranthes","Calyptranthes strigipes","Calyptranthes","strigipes","SPECIES","ACCEPTED","2009-01-01T00:00:00",1083,10,"São Paulo",2008,NA,"2008-01-01T00:00:00","2018-11-21T16:35:04.000+0000","2018-12-08T04:38:21.182+0000","http://creativecommons.org/licenses/by-nc/4.0/legalcode","none","none","none","WGS84","Magnoliopsida","BR","Brazil","UEC - Herbário da Universidade Estadual de Campinas","BRA:UNICAMP:UEC:0000166700","39","UEC - Herbário da Universidade Estadual de Campinas","São Luiz do Paraitinga","PESM. Núcleo Santa Virgínia - Parcela K.","pt","UEC",1089103523,"BRA:UNICAMP:UEC:0000166700","Collection","Padgurschi, M.C.G.; Tamashiro, J.Y.; Belinello, R.","166700","UNICAMP","Universidade Estadual de Campinas, UNICAMP","K0040 Árvore, ca. 16 m, sem flores ou frutos. Abundância: 9 ind ha(-1).; Floresta Ombrófila Densa Montana.","Sobral, M.",NA,"","","",NA,"","","","","","","","",NA,NA,"","","","","","",NA,"","",NA,"","","","","","","São Luiz do Paraitinga","São Paulo","brazil",NA,"",NA,NA,NA,"","","São Paulo",-48.72944932,-22.26440593,"São Paulo","sp",-23.193,-45.0406,"original coordinates","original coordinates outside municipality original in sao luiz do paraitinga falls in cunha"
"17","Calyptranthes strigipes",1089089341,-23.2159,-45.0503,"gass84","7741a517-ab3d-4b85-ae58-56322e44c8ce","d073b448-6b80-4364-8c38-18d08b88797f","none","b38ff2b7-c8af-454e-b5af-ee760f0d5bca","BR","DWC_ARCHIVE","2018-12-03T13:51:37.125+0000","2018-12-03T16:41:30.245+0000",122,"none","PRESERVED_SPECIMEN",3181420,6,7707728,220,690,5014,3181245,3181420,3181420,"Calyptranthes strigipes O.Berg","Calyptranthes strigipes O.Berg","Plantae","Tracheophyta","Myrtales","Myrtaceae","Calyptranthes","Calyptranthes strigipes","Calyptranthes","strigipes","SPECIES","ACCEPTED","2008-10-01T00:00:00",380,0,"São Paulo",2007,1,"2007-01-08T00:00:00","2018-11-21T16:35:04.000+0000","2018-12-08T04:38:14.148+0000","http://creativecommons.org/licenses/by-nc/4.0/legalcode","none","none","none","WGS84","Magnoliopsida","BR","Brazil","UEC - Herbário da Universidade Estadual de Campinas","BRA:UNICAMP:UEC:0000148927","455","UEC - Herbário da Universidade Estadual de Campinas","Ubatuba","Fazenda Capricórnio, Parcela J","pt","UEC",1089089341,"BRA:UNICAMP:UEC:0000148927","Collection","Aranha, B.A.","148927","UNICAMP","Universidade Estadual de Campinas, UNICAMP","","Sobral, M.",8,"","","",NA,"","","","","","","","",NA,NA,"","","","","","",NA,"","",NA,"","","","","","","Ubatuba","São Paulo","brazil",1216,"Ubatuba",3555406,-45.026117,-23.38322,"SAO PAULO","SP","São Paulo",-48.72944932,-22.26440593,"São Paulo","sp",-23.2159,-45.0503,"original coordinates","original coordinates outside municipality original in ubatuba falls in cunha"
"18","Calyptranthes strigipes",1090574879,-23.413883,-45.12915,"gass84","1064b787-c882-493e-b17d-4ffba363b776","c47cd3b0-2178-4a4b-87a6-740b482970a9","none","b38ff2b7-c8af-454e-b5af-ee760f0d5bca","BR","DWC_ARCHIVE","2018-11-23T18:20:26.876+0000","2018-06-04T12:02:24.289+0000",129,"none","PRESERVED_SPECIMEN",3181420,6,7707728,220,690,5014,3181245,3181420,3181420,"Calyptranthes strigipes O.Berg","Calyptranthes strigipes O.Berg","Plantae","Tracheophyta","Myrtales","Myrtaceae","Calyptranthes","Calyptranthes strigipes","Calyptranthes","strigipes","SPECIES","ACCEPTED","2007-05-15T00:00:00",NA,NA,"São Paulo",2007,2,"2007-02-09T00:00:00","2018-05-22T12:53:57.000+0000","2018-12-08T04:43:27.281+0000","http://creativecommons.org/licenses/by-nc/4.0/legalcode","none","none","none","WGS84","Magnoliopsida","BR","Brazil","IAC - Herbário do Instituto Agronômico de Campinas","BRA:IAC:IAC:0000048028","37","IAC - Herbário do Instituto Agronômico de Campinas","Ubatuba","IAC, Estação Experimental (Horto), trilha do fundo (trilha dos escravos)","pt","IAC",1090574879,"BRA:IAC:IAC:0000048028","Collection","C.F. Nardin; J.A.M.A. Gomes & L.C. Bernacci","48028","IAC","Instituto Agronômico de Campinas, IAC","Calyptranthes sp2, 045o07#?#44.94""W, 23o24#?#49.98""S, LP 07020922, LP 070209Y- mesma espécie, indivíduo diferente, coletado apenas para análise de DNA","M.E.G. Sobral",9,"","","",NA,"","","","","","","","",NA,NA,"","","","","","",NA,"","",NA,"","","","","","","Ubatuba","São Paulo","brazil",1216,"Ubatuba",3555406,-45.026117,-23.38322,"SAO PAULO","SP","São Paulo",-48.72944932,-22.26440593,"São Paulo","sp",-23.413883,-45.12915,"original coordinates","original coordinates OK"
"19","Calyptranthes strigipes",1090576742,-23.37374,-45.081633,"gass84","1064b787-c882-493e-b17d-4ffba363b776","c47cd3b0-2178-4a4b-87a6-740b482970a9","none","b38ff2b7-c8af-454e-b5af-ee760f0d5bca","BR","DWC_ARCHIVE","2018-11-23T18:20:27.964+0000","2018-06-04T12:02:25.540+0000",129,"none","PRESERVED_SPECIMEN",3181420,6,7707728,220,690,5014,3181245,3181420,3181420,"Calyptranthes strigipes O.Berg","Calyptranthes strigipes O.Berg","Plantae","Tracheophyta","Myrtales","Myrtaceae","Calyptranthes","Calyptranthes strigipes","Calyptranthes","strigipes","SPECIES","ACCEPTED","2007-02-10T00:00:00",NA,NA,"São Paulo",2007,2,"2007-02-10T00:00:00","2018-05-22T12:53:57.000+0000","2018-12-08T04:43:28.627+0000","http://creativecommons.org/licenses/by-nc/4.0/legalcode","none","none","none","WGS84","Magnoliopsida","BR","Brazil","IAC - Herbário do Instituto Agronômico de Campinas","BRA:IAC:IAC:0000049877","527","IAC - Herbário do Instituto Agronômico de Campinas","Ubatuba","Fazenda Capricórnio, Núcleo Picinguaba/PESM, Parcela H","pt","IAC",1090576742,"BRA:IAC:IAC:0000049877","Collection","E. Ramos; H.R. Gonçalves & S. Santos","49877","IAC","Instituto Agronômico de Campinas, IAC","Subparcela 3, Indivíduo#?#H0035","E. Ramos et al.",10,"","","",NA,"","","","","","","","",NA,NA,"","","","","","",NA,"","",NA,"","","","","","","Ubatuba","São Paulo","brazil",1216,"Ubatuba",3555406,-45.026117,-23.38322,"SAO PAULO","SP","São Paulo",-48.72944932,-22.26440593,"São Paulo","sp",-23.37374,-45.081633,"original coordinates","original coordinates OK"
"20","Calyptranthes strigipes",1889187124,-23.24,-45.11,"gass84","7741a517-ab3d-4b85-ae58-56322e44c8ce","d073b448-6b80-4364-8c38-18d08b88797f","none","b38ff2b7-c8af-454e-b5af-ee760f0d5bca","BR","DWC_ARCHIVE","2018-12-03T13:52:02.269+0000","2018-12-03T16:41:34.800+0000",122,"none","PRESERVED_SPECIMEN",3181420,6,7707728,220,690,5014,3181245,3181420,3181420,"Calyptranthes strigipes O.Berg","Calyptranthes strigipes O.Berg","Plantae","Tracheophyta","Myrtales","Myrtaceae","Calyptranthes","Calyptranthes strigipes","Calyptranthes","strigipes","SPECIES","ACCEPTED","2017-01-01T00:00:00",1017.5,27.5,"São Paulo",2007,12,"2007-12-01T00:00:00","2018-11-21T16:35:04.000+0000","2018-12-03T16:43:02.337+0000","http://creativecommons.org/licenses/by-nc/4.0/legalcode","none","none","none","WGS84","Magnoliopsida","BR","Brazil","UEC - Herbário da Universidade Estadual de Campinas","BRA:UNICAMP:UEC:0000200691","N104","UEC - Herbário da Universidade Estadual de Campinas","São Luiz do Paraitinga","Parque Estadual da Serra do Mar","pt","UEC",1889187124,"BRA:UNICAMP:UEC:0000200691","Collection","Pereira, L.S.; Belinello, R.; Gomes, J.A.M.A.","200691","UNICAMP","Universidade Estadual de Campinas, UNICAMP","Parcela N - Projeto Biota-FAPESP. Árvore com 22 metros de altura. Frequência da espécie na parcela: n=21; Mata Atlântica","Meireles, L.D.",NA,"","","",NA,"","","","","","","","",NA,NA,"","","","","","",NA,"","",NA,"","","","","","","São Luiz do Paraitinga","São Paulo","brazil",NA,"",NA,NA,NA,"","","São Paulo",-48.72944932,-22.26440593,"São Paulo","sp",-23.24,-45.11,"original coordinates","original coordinates OK"
"21","Calyptranthes strigipes",1090573929,-23.4339,-45.0711,"gass84","1064b787-c882-493e-b17d-4ffba363b776","c47cd3b0-2178-4a4b-87a6-740b482970a9","none","b38ff2b7-c8af-454e-b5af-ee760f0d5bca","BR","DWC_ARCHIVE","2018-11-23T18:20:26.278+0000","2018-06-04T12:02:24.786+0000",129,"none","PRESERVED_SPECIMEN",3181420,6,7707728,220,690,5014,3181245,3181420,3181420,"Calyptranthes strigipes O.Berg","Calyptranthes strigipes O.Berg","Plantae","Tracheophyta","Myrtales","Myrtaceae","Calyptranthes","Calyptranthes strigipes","Calyptranthes","strigipes","SPECIES","ACCEPTED","2007-05-15T00:00:00",NA,NA,"São Paulo",2006,5,"2006-05-20T00:00:00","2018-05-22T12:53:57.000+0000","2018-12-08T04:43:26.763+0000","http://creativecommons.org/licenses/by-nc/4.0/legalcode","none","none","none","WGS84","Magnoliopsida","BR","Brazil","IAC - Herbário do Instituto Agronômico de Campinas","BRA:IAC:IAC:0000047076","4254","IAC - Herbário do Instituto Agronômico de Campinas","Ubatuba","IAC, Estação Experimental (Horto), depois do topo do morro","pt","IAC",1090573929,"BRA:IAC:IAC:0000047076","Collection","L.C. Bernacci & J.A.M.A. Gomes","47076","IAC","Instituto Agronômico de Campinas, IAC","Indivíduo Lp52005","M.E.G. Sobral",20,"","","",NA,"","","","","","","","",NA,NA,"","","","","","",NA,"","",NA,"","","","","","","Ubatuba","São Paulo","brazil",1216,"Ubatuba",3555406,-45.026117,-23.38322,"SAO PAULO","SP","São Paulo",-48.72944932,-22.26440593,"São Paulo","sp",-23.4339,-45.0711,"original coordinates","original coordinates OK"
"22","Calyptranthes strigipes",1090575899,-23.373498,-45.080223,"gass84","1064b787-c882-493e-b17d-4ffba363b776","c47cd3b0-2178-4a4b-87a6-740b482970a9","none","b38ff2b7-c8af-454e-b5af-ee760f0d5bca","BR","DWC_ARCHIVE","2018-11-23T18:20:27.465+0000","2018-06-04T12:02:25.441+0000",129,"none","PRESERVED_SPECIMEN",3181420,6,7707728,220,690,5014,3181245,3181420,3181420,"Calyptranthes strigipes O.Berg","Calyptranthes strigipes O.Berg","Plantae","Tracheophyta","Myrtales","Myrtaceae","Calyptranthes","Calyptranthes strigipes","Calyptranthes","strigipes","SPECIES","ACCEPTED","2006-11-01T00:00:00",NA,NA,"São Paulo",2006,11,"2006-11-09T00:00:00","2018-05-22T12:53:57.000+0000","2018-12-08T04:43:27.784+0000","http://creativecommons.org/licenses/by-nc/4.0/legalcode","none","none","none","WGS84","Magnoliopsida","BR","Brazil","IAC - Herbário do Instituto Agronômico de Campinas","BRA:IAC:IAC:0000049048","403","IAC - Herbário do Instituto Agronômico de Campinas","Ubatuba","Fazenda Capricórnio, Parcela G (Parque Estadual da Serra do Mar, Núcleo Picinguaba)","pt","IAC",1090575899,"BRA:IAC:IAC:0000049048","Collection","J.A.M.A. Gomes; L.C. Bernacci; O.A. Santos; S. Santos & F.J. Benedetti","49048","IAC","Instituto Agronômico de Campinas, IAC","subparcela 9, indivíduo G 142","M.E.G. Sobral",9,"","","",NA,"","","","","","","","",NA,NA,"","","","","","",NA,"","",NA,"","","","","","","Ubatuba","São Paulo","brazil",1216,"Ubatuba",3555406,-45.026117,-23.38322,"SAO PAULO","SP","São Paulo",-48.72944932,-22.26440593,"São Paulo","sp",-23.373498,-45.080223,"original coordinates","original coordinates OK"
"23","Calyptranthes strigipes",1089090243,-24.5307,-47.5555,"gass84","7741a517-ab3d-4b85-ae58-56322e44c8ce","d073b448-6b80-4364-8c38-18d08b88797f","none","b38ff2b7-c8af-454e-b5af-ee760f0d5bca","BR","DWC_ARCHIVE","2018-12-03T13:51:37.634+0000","2018-12-03T16:41:30.483+0000",122,"none","PRESERVED_SPECIMEN",3181420,6,7707728,220,690,5014,3181245,3181420,3181420,"Calyptranthes strigipes O.Berg","Calyptranthes strigipes O.Berg","Plantae","Tracheophyta","Myrtales","Myrtaceae","Calyptranthes","Calyptranthes strigipes","Calyptranthes","strigipes","SPECIES","ACCEPTED","none",NA,NA,"São Paulo",2004,6,"2004-06-27T00:00:00","2018-11-21T16:35:04.000+0000","2018-12-08T04:38:14.403+0000","http://creativecommons.org/licenses/by-nc/4.0/legalcode","none","none","none","WGS84","Magnoliopsida","BR","Brazil","UEC - Herbário da Universidade Estadual de Campinas","BRA:UNICAMP:UEC:0000149918","393","UEC - Herbário da Universidade Estadual de Campinas","Cananéia","Fazenda Folha Larga, km 31 da rodovia SP-226","pt","UEC",1089090243,"BRA:UNICAMP:UEC:0000149918","Collection","Urbanetz, C.","149918","UNICAMP","Universidade Estadual de Campinas, UNICAMP","Árvore 10m.; Floresta Ombrófila Densa","Sobral, M.",27,"","","",NA,"","","","","","","","",NA,NA,"","","","","","",NA,"","",NA,"","","","","","","Cananéia","São Paulo","brazil",925,"Cananéia",3509908,-48.007886,-25.018214,"SAO PAULO","SP","São Paulo",-48.72944932,-22.26440593,"São Paulo","sp",-24.5307,-47.5555,"original coordinates","original coordinates outside municipality original in cananeia falls in iguape"
"24","Calyptranthes strigipes",1424066311,-22.853889,-44.176667,"cdround,gass84","4300f8d5-1ae5-49e5-a101-63894b005868","838537fc-4aeb-4980-8b58-97fbdcd1d91a","none","da7fe11a-b42c-46cb-9e9d-02243edb738a","BR","DWC_ARCHIVE","2018-10-02T15:38:36.481+0000","2018-09-24T20:00:09.924+0000",207,"none","PRESERVED_SPECIMEN",3181420,6,7707728,220,690,5014,3181245,3181420,3181420,"Calyptranthes strigipes O.Berg","Calyptranthes strigipes O.Berg","Plantae","Tracheophyta","Myrtales","Myrtaceae","Calyptranthes","Calyptranthes strigipes","Calyptranthes","strigipes","SPECIES","ACCEPTED","2005-01-01T00:00:00",NA,NA,"Rio de Janeiro",2002,1,"2002-01-04T00:00:00","2017-10-10T19:37:21.382+0000","2018-12-06T16:56:46.844+0000","http://creativecommons.org/licenses/by/4.0/legalcode","none","none","none","WGS84","Magnoliopsida","BR","Brazil","Rio de Janeiro Botanical Garden","urn:catalog:JBRJ:RB:305033","07/139","RB - Rio de Janeiro Botanical Garden Herbarium Collection","Lídice","","","RB",1424066311,"urn:catalog:JBRJ:RB:305033","PhysicalObject","F.B.Pereira","RB00305033","JBRJ","","Árvore, 14m de altura, 44 cm de DAP,folha verde, caule rosado, raiz rosada, flor branca, solo hidromórfico. rara na região","M.Sobral",4,"RB 415752","mata ciliar, luminosidade média.","",NA,"","","","","","","","",NA,NA,"","","","","","",NA,"","",NA,"","","","","","","Lídice","Rio de Janeiro","brazil",NA,"",NA,NA,NA,"","","Rio de Janeiro",-42.66307908,-22.19581555,"Rio de Janeiro","rj",-22.853889,-44.176667,"original coordinates","original coordinates outside municipality original in lidice falls in rio claro"
"25","Calyptranthes strigipes",1123792779,-19.931389,-40.6075,"gass84","9129ec89-afa7-45af-8b73-509f1f8942ab","667644b9-7b93-4892-80c7-c4271735c515","none","b38ff2b7-c8af-454e-b5af-ee760f0d5bca","BR","DWC_ARCHIVE","2018-10-11T11:54:22.557+0000","2017-12-15T16:34:29.702+0000",129,"none","PRESERVED_SPECIMEN",3181420,6,7707728,220,690,5014,3181245,3181420,3181420,"Calyptranthes strigipes O.Berg","Calyptranthes strigipes O.Berg","Plantae","Tracheophyta","Myrtales","Myrtaceae","Calyptranthes","Calyptranthes strigipes","Calyptranthes","strigipes","SPECIES","ACCEPTED","none",NA,NA,"Espírito Santo",1999,3,"1999-03-23T00:00:00","2017-09-14T14:48:31.000+0000","2018-12-08T12:04:47.395+0000","http://creativecommons.org/licenses/by-nc/4.0/legalcode","none","none","none","WGS84","Magnoliopsida","BR","Brazil","MBML-Herbario - Herbário Mello Leitão","BRA:MBML:MBML-HERBARIO:0000010086","2238","MBML-Herbario - Herbário Mello Leitão","Santa Teresa","Estação Biológica Caixa D'Água","pt","MBML-HERBARIO",1123792779,"BRA:MBML:MBML-HERBARIO:0000010086","Collection","L. Kollmann; E. Bausen & W. Pizziolo","10086","MBML","Museu de Biologia Professor Mello Leitão, MBML","Mata de encosta. Arvore 18m. Dap 28cm. Fuste 7m. Frutos marrons.","M. Sobral/2001",23,"","","",NA,"","","","","","","","",NA,NA,"","","","","","",NA,"","",NA,"","","","","","","Santa Teresa","Espírito Santo","brazil",2456,"Santa Teresa",3204609,-40.635175,-19.877577,"ESPIRITO SANTO","ES","Espírito Santo",-40.6681057,-19.57475617,"Espírito Santo","es",-19.931389,-40.6075,"original coordinates","original coordinates OK"
"26","Calyptranthes strigipes",1089109736,-23.22,-44.48,"gass84","7741a517-ab3d-4b85-ae58-56322e44c8ce","d073b448-6b80-4364-8c38-18d08b88797f","none","b38ff2b7-c8af-454e-b5af-ee760f0d5bca","BR","DWC_ARCHIVE","2018-12-03T13:51:47.724+0000","2018-12-03T16:41:24.761+0000",122,"none","PRESERVED_SPECIMEN",3181420,6,7707728,220,690,5014,3181245,3181420,3181420,"Calyptranthes strigipes O.Berg","Calyptranthes strigipes O.Berg","Plantae","Tracheophyta","Myrtales","Myrtaceae","Calyptranthes","Calyptranthes strigipes","Calyptranthes","strigipes","SPECIES","ACCEPTED","none",NA,NA,"São Paulo",1997,1,"1997-01-24T00:00:00","2018-11-21T16:35:04.000+0000","2018-12-08T04:38:24.378+0000","http://creativecommons.org/licenses/by-nc/4.0/legalcode","none","none","none","WGS84","Magnoliopsida","BR","Brazil","UEC - Herbário da Universidade Estadual de Campinas","BRA:UNICAMP:UEC:0000173783","2415","UEC - Herbário da Universidade Estadual de Campinas","Ubatuba","Picinguaba.","pt","UEC",1089109736,"BRA:UNICAMP:UEC:0000173783","Collection","Sanchez, M.; Pedroni, F.","173783","UNICAMP","Universidade Estadual de Campinas, UNICAMP","Árvore número 367 com 20m de altura, vegetativo.; Mata Atlântica de Encosta, margens do Rio da Fazenda.","Sanchez, M.",24,"","","",NA,"","","","","","","","",NA,NA,"","","","","","",NA,"","",NA,"","","","","","","Ubatuba","São Paulo","brazil",1216,"Ubatuba",3555406,-45.026117,-23.38322,"SAO PAULO","SP","São Paulo",-48.72944932,-22.26440593,"São Paulo","sp",-23.22,-44.48,"original coordinates","original coordinates outside Brazil"
"27","Calyptranthes strigipes",1089109743,-23.22,-44.48,"gass84","7741a517-ab3d-4b85-ae58-56322e44c8ce","d073b448-6b80-4364-8c38-18d08b88797f","none","b38ff2b7-c8af-454e-b5af-ee760f0d5bca","BR","DWC_ARCHIVE","2018-12-03T13:51:47.705+0000","2018-12-03T16:41:24.726+0000",122,"none","PRESERVED_SPECIMEN",3181420,6,7707728,220,690,5014,3181245,3181420,3181420,"Calyptranthes strigipes O.Berg","Calyptranthes strigipes O.Berg","Plantae","Tracheophyta","Myrtales","Myrtaceae","Calyptranthes","Calyptranthes strigipes","Calyptranthes","strigipes","SPECIES","ACCEPTED","none",NA,NA,"São Paulo",1997,1,"1997-01-24T00:00:00","2018-11-21T16:35:04.000+0000","2018-12-08T04:38:24.419+0000","http://creativecommons.org/licenses/by-nc/4.0/legalcode","none","none","none","WGS84","Magnoliopsida","BR","Brazil","UEC - Herbário da Universidade Estadual de Campinas","BRA:UNICAMP:UEC:0000173789","723","UEC - Herbário da Universidade Estadual de Campinas","Ubatuba","Picinguaba. às margens do Rio da Fazenda.","pt","UEC",1089109743,"BRA:UNICAMP:UEC:0000173789","Collection","Sanchez, M.; Pedroni, F.","173789","UNICAMP","Universidade Estadual de Campinas, UNICAMP","Árvore 353 com 20m de altura, casca não é lisa nem marmorada, levemente desfoliante, vegetativo.; Mata Atlantica de Encosta.","Sanchez, M.",24,"","","",NA,"","","","","","","","",NA,NA,"","","","","","",NA,"","",NA,"","","","","","","Ubatuba","São Paulo","brazil",1216,"Ubatuba",3555406,-45.026117,-23.38322,"SAO PAULO","SP","São Paulo",-48.72944932,-22.26440593,"São Paulo","sp",-23.22,-44.48,"original coordinates","original coordinates outside Brazil"
"28","Calyptranthes strigipes",1089109674,-23.1809,-44.4861,"gass84","7741a517-ab3d-4b85-ae58-56322e44c8ce","d073b448-6b80-4364-8c38-18d08b88797f","none","b38ff2b7-c8af-454e-b5af-ee760f0d5bca","BR","DWC_ARCHIVE","2018-12-03T13:51:47.843+0000","2018-12-03T16:41:24.740+0000",122,"none","PRESERVED_SPECIMEN",3181420,6,7707728,220,690,5014,3181245,3181420,3181420,"Calyptranthes strigipes O.Berg","Calyptranthes strigipes O.Berg","Plantae","Tracheophyta","Myrtales","Myrtaceae","Calyptranthes","Calyptranthes strigipes","Calyptranthes","strigipes","SPECIES","ACCEPTED","none",NA,NA,"São Paulo",1997,5,"1997-05-29T00:00:00","2018-11-21T16:35:04.000+0000","2018-12-08T04:38:24.360+0000","http://creativecommons.org/licenses/by-nc/4.0/legalcode","none","none","none","WGS84","Magnoliopsida","BR","Brazil","UEC - Herbário da Universidade Estadual de Campinas","BRA:UNICAMP:UEC:0000173722","1339","UEC - Herbário da Universidade Estadual de Campinas","Ubatuba","Picinguaba. Morro do Corisco., altitude 600m.","pt","UEC",1089109674,"BRA:UNICAMP:UEC:0000173722","Collection","Sanchez, M.; Pedroni, F.; Laps, R.R.; Belinello, R.","173722","UNICAMP","Universidade Estadual de Campinas, UNICAMP","Árvore 884 com 24m de altura,final de floração.; Mata Atlantica de Encosta.","Sanchez, M.",29,"","","",NA,"","","","","","","","",NA,NA,"","","","","","",NA,"","",NA,"","","","","","","Ubatuba","São Paulo","brazil",1216,"Ubatuba",3555406,-45.026117,-23.38322,"SAO PAULO","SP","São Paulo",-48.72944932,-22.26440593,"São Paulo","sp",-23.1809,-44.4861,"original coordinates","original coordinates outside Brazil"
"29","Calyptranthes strigipes",1090557684,-24.715,-47.8811,"gass84","1064b787-c882-493e-b17d-4ffba363b776","c47cd3b0-2178-4a4b-87a6-740b482970a9","none","b38ff2b7-c8af-454e-b5af-ee760f0d5bca","BR","DWC_ARCHIVE","2018-11-23T18:20:15.192+0000","2018-06-04T12:02:19.075+0000",129,"none","PRESERVED_SPECIMEN",3181420,6,7707728,220,690,5014,3181245,3181420,3181420,"Calyptranthes strigipes O.Berg","Calyptranthes strigipes O.Berg","Plantae","Tracheophyta","Myrtales","Myrtaceae","Calyptranthes","Calyptranthes strigipes","Calyptranthes","strigipes","SPECIES","ACCEPTED","2011-04-10T00:00:00",NA,NA,"São Paulo",1995,1,"1995-01-10T00:00:00","2018-05-22T12:53:57.000+0000","2018-12-08T04:43:19.372+0000","http://creativecommons.org/licenses/by-nc/4.0/legalcode","none","none","none","WGS84","Magnoliopsida","BR","Brazil","IAC - Herbário do Instituto Agronômico de Campinas","BRA:IAC:IAC:0000029789","1046","IAC - Herbário do Instituto Agronômico de Campinas","Pariquera-Açu","IAC, Estação Experimental","pt","IAC",1090557684,"BRA:IAC:IAC:0000029789","Collection","L.C. Bernacci; P.R.P. Andrade; R. Belinelo; S.M.P. Falivene & A.M.C. Silva","29789","IAC","Instituto Agronômico de Campinas, IAC","","F.F. Mazine-Capelo",10,"","","",NA,"","","","","","","","",NA,NA,"","","","","","",NA,"","",NA,"","","","","","","Pariquera-Açu","São Paulo","brazil",959,"Pariquera-Açu",3536208,-47.84981,-24.678057,"SAO PAULO","SP","São Paulo",-48.72944932,-22.26440593,"São Paulo","sp",-24.715,-47.8811,"original coordinates","original coordinates OK"
"30","Calyptranthes strigipes",1089049096,-24.363,-47.5306,"gass84","7741a517-ab3d-4b85-ae58-56322e44c8ce","d073b448-6b80-4364-8c38-18d08b88797f","none","b38ff2b7-c8af-454e-b5af-ee760f0d5bca","BR","DWC_ARCHIVE","2018-12-03T13:51:11.928+0000","2018-12-03T16:41:12.827+0000",122,"none","PRESERVED_SPECIMEN",3181420,6,7707728,220,690,5014,3181245,3181420,3181420,"Calyptranthes strigipes O.Berg","Calyptranthes strigipes O.Berg","Plantae","Tracheophyta","Myrtales","Myrtaceae","Calyptranthes","Calyptranthes strigipes","Calyptranthes","strigipes","SPECIES","ACCEPTED","1996-10-08T00:00:00",NA,NA,"São Paulo",1995,8,"1995-08-24T00:00:00","2018-11-21T16:35:04.000+0000","2018-12-08T04:37:50.967+0000","http://creativecommons.org/licenses/by-nc/4.0/legalcode","none","none","none","WGS84","Magnoliopsida","BR","Brazil","UEC - Herbário da Universidade Estadual de Campinas","BRA:UNICAMP:UEC:0000095549","294","UEC - Herbário da Universidade Estadual de Campinas","Pariquera-Açu","Estação Experimental do IAC","pt","UEC",1089049096,"BRA:UNICAMP:UEC:0000095549","Collection","Ivanauskas, N.M.","95549","UNICAMP","Universidade Estadual de Campinas, UNICAMP","Árvore de 8m. Casca externa descamante em placas. Frutos jovens, amarelos.","",24,"","","",NA,"","","","","","","","",NA,NA,"","","","","","",NA,"","",NA,"","","","","","","Pariquera-Açu","São Paulo","brazil",959,"Pariquera-Açu",3536208,-47.84981,-24.678057,"SAO PAULO","SP","São Paulo",-48.72944932,-22.26440593,"São Paulo","sp",-24.363,-47.5306,"original coordinates","original coordinates outside municipality original in pariquera-acu falls in iguape"
"31","Calyptranthes strigipes",1087366736,-24.675833,-47.876944,"gass84","17efa320-7312-4b55-bf0a-a4cfc4613169","2437c128-bf8c-4f53-b668-da95fb2e40b7","none","b38ff2b7-c8af-454e-b5af-ee760f0d5bca","BR","DWC_ARCHIVE","2018-11-24T12:35:32.963+0000","2018-09-25T13:54:08.618+0000",120,"none","PRESERVED_SPECIMEN",3181420,6,7707728,220,690,5014,3181245,3181420,3181420,"Calyptranthes strigipes O.Berg","Calyptranthes strigipes O.Berg","Plantae","Tracheophyta","Myrtales","Myrtaceae","Calyptranthes","Calyptranthes strigipes","Calyptranthes","strigipes","SPECIES","ACCEPTED","1996-10-08T00:00:00",NA,NA,"São Paulo",1995,9,"1995-09-28T00:00:00","2018-09-10T11:16:55.000+0000","2018-12-08T13:04:19.640+0000","http://creativecommons.org/licenses/by-nc/4.0/legalcode","none","none","none","WGS84","Magnoliopsida","BR","Brazil","SP - Herbário do Estado ""Maria Eneyda P. Kaufmann Fidalgo"" - Coleção de Fanerógamas","BRA:IBt:SP:0000334075","425","SP - Herbário do Estado ""Maria Eneyda P. Kaufmann Fidalgo"" - Coleção de Fanerógamas","Pariquera-Açu","Propriedade de Antonio Povinski, floresta atlântica","pt","SP",1087366736,"BRA:IBt:SP:0000334075","Collection","Ivanauskas, NM","334075","Instituto de Botânica, IBT","Instituto de Botânica, IBT","Árvore 4,5m alt., casca externa rosa, fissurada, longitudinalmente, frutos vermelhos","Kawasaki, ML",28,"","","",NA,"","","","","","","","",NA,NA,"","","","","","",NA,"","",NA,"","","","","","","Pariquera-Açu","São Paulo","brazil",959,"Pariquera-Açu",3536208,-47.84981,-24.678057,"SAO PAULO","SP","São Paulo",-48.72944932,-22.26440593,"São Paulo","sp",-24.675833,-47.876944,"original coordinates","original coordinates OK"
"32","Calyptranthes strigipes",1212574198,-22.43333,-42.83333,"gass84","b5cdf794-8fa4-4a85-8b26-755d087bf531","2cd829bb-b713-433d-99cf-64bef11e5b3e","none","86c2834b-fcd6-418d-9b32-aca45110a0fe","FR","DWC_ARCHIVE","2018-12-05T15:48:51.872+0000","2018-05-04T08:59:36.805+0000",189,"none","PRESERVED_SPECIMEN",3181420,6,7707728,220,690,5014,3181245,3181420,3181420,"Calyptranthes strigipes O.Berg","Calyptranthes strigipes O.Berg","Plantae","Tracheophyta","Myrtales","Myrtaceae","Calyptranthes","Calyptranthes strigipes","Calyptranthes","strigipes","SPECIES","ACCEPTED","none",NA,NA,"Rio de Janeiro",1992,2,"1992-02-07T00:00:00","2015-07-01T11:53:19.000+0000","2018-12-06T10:51:20.996+0000","http://creativecommons.org/licenses/by/4.0/legalcode","none","none","none","WGS84","Magnoliopsida","BR","Brazil","","http://coldb.mnhn.fr/catalognumber/mnhn/p/p00966426","","","","","","P",1212574198,"http://coldb.mnhn.fr/catalognumber/mnhn/p/p00966426","","Peron, M.","P00966426","MNHN","","","Araujo",7,"","","",NA,"hb","Guapimirim","925","Estação Ecologica Estadual de Paraíso; Trilha para Marquitas, àrea FP08.","","","","",NA,NA,"","","","","","",NA,"","",NA,"","","","","","","","Rio de Janeiro","brazil",NA,"",NA,NA,NA,"","","Rio de Janeiro",-42.66307908,-22.19581555,"Rio de Janeiro","rj",-22.43333,-42.83333,"original coordinates","original coordinates outside municipality original in  falls in cachoeiras de macacu"
"33","Calyptranthes strigipes",1928677640,-22.433333,-42.833333,"gass84","d415c253-4d61-4459-9d25-4015b9084fb0","ae447c50-b8a8-11d8-92a4-b8a03c50a862","none","17017c2c-036b-45d9-b045-606d21b00771","US","DWC_ARCHIVE","2018-11-18T14:51:16.309+0000","2018-11-18T14:51:16.381+0000",96,"none","PRESERVED_SPECIMEN",3181420,6,7707728,220,690,5014,3181245,3181420,3181420,"Calyptranthes strigipes O.Berg","Calyptranthes strigipes O.Berg","Plantae","Tracheophyta","Myrtales","Myrtaceae","Calyptranthes","Calyptranthes strigipes","Calyptranthes","strigipes","SPECIES","ACCEPTED","none",0,0,"Rio de Janeiro",1992,2,"1992-02-07T00:00:00","2017-05-17T06:20:00.000+0000","2018-12-08T19:28:03.889+0000","http://creativecommons.org/publicdomain/zero/1.0/legalcode","none","none","none","WGS84","Magnoliopsida","BR","Brazil","The New York Botanical Garden","40539f06-72e7-499f-bed4-ebde6356a126","925","Vascular plants","","EstaÃ§Ã£o EcolÃ³gica Estadual de ParaÃ­so. Trilha para Mariquitas.","en","NY",1928677640,"40539f06-72e7-499f-bed4-ebde6356a126","PhysicalObject","M. V. Peron","02695797","NY","","","",7,"","","SOUTH_AMERICA",NA,"sheet","Guapimirim","","","http://sweetgum.nybg.org/science/vh/specimen_details.php?irn=2983374","http://biocol.org/urn:lsid:biocol.org:col:15556","ICN","7 Feb 1992",38,38,"http://biocol.org/urn:lsid:biocol.org:col:15556","","","","","",NA,"","",NA,"","","","","","","","Rio de Janeiro","brazil",NA,"",NA,NA,NA,"","","Rio de Janeiro",-42.66307908,-22.19581555,"Rio de Janeiro","rj",-22.433333,-42.833333,"original coordinates","original coordinates outside municipality original in  falls in cachoeiras de macacu"
"34","Calyptranthes strigipes",912293918,-20.72,-41.53,"gass84","cd6e21c8-9e8a-493a-8a76-fbf7862069e5","061b4f20-f241-11da-a328-b8a03c50a862","none","996e30f8-f762-11e1-a439-00145eb45e9a","GB","DWC_ARCHIVE","2018-06-12T07:03:12.310+0000","2018-04-09T10:56:28.559+0000",96,"none","PRESERVED_SPECIMEN",3181420,6,7707728,220,690,5014,3181245,3181420,3181420,"Calyptranthes strigipes O.Berg","Calyptranthes strigipes O.Berg","Plantae","Tracheophyta","Myrtales","Myrtaceae","Calyptranthes","Calyptranthes strigipes","Calyptranthes","strigipes","SPECIES","ACCEPTED","none",NA,NA,"",1988,3,"1988-03-21T00:00:00","","2018-12-07T23:22:23.008+0000","http://creativecommons.org/licenses/by/4.0/legalcode","none","none","none","WGS84","Magnoliopsida","BR","Brazil","","K000343610","2421","","Santa Teresa","Valao de Sao Lorenco, Reserva Biologica de Caixa D'Agua.","","Herbarium",912293918,"http://specimens.kew.org/herbarium/K000343610","","Boudet Fernandes, H.Q.","K000343610","K","","","Sobral, M.",21,"","","",NA,"","","","","","","","",NA,NA,"","Mata primaria, fundo de vale, ao sol. Floresta de encosta","Santa Teresa","Gazetteer","Tree 18m.","MYRTACEAE",NA,"","",NA,"","","","","","","Santa Teresa","","brazil",NA,"",NA,NA,NA,"","","",NA,NA,NA,"",-20.72,-41.53,"original coordinates","original coordinates outside municipality original in santa teresa falls in alegre"
"35","Calyptranthes strigipes",1123787130,-19.931111,-40.620556,"gass84","9129ec89-afa7-45af-8b73-509f1f8942ab","667644b9-7b93-4892-80c7-c4271735c515","none","b38ff2b7-c8af-454e-b5af-ee760f0d5bca","BR","DWC_ARCHIVE","2018-10-11T11:54:16.965+0000","2017-12-15T16:34:26.242+0000",129,"none","PRESERVED_SPECIMEN",3181420,6,7707728,220,690,5014,3181245,3181420,3181420,"Calyptranthes strigipes O.Berg","Calyptranthes strigipes O.Berg","Plantae","Tracheophyta","Myrtales","Myrtaceae","Calyptranthes","Calyptranthes strigipes","Calyptranthes","strigipes","SPECIES","ACCEPTED","none",NA,NA,"Espírito Santo",1988,3,"1988-03-21T00:00:00","2017-09-14T14:23:31.000+0000","2018-12-08T12:04:44.580+0000","http://creativecommons.org/licenses/by-nc/4.0/legalcode","none","none","none","WGS84","Magnoliopsida","BR","Brazil","MBML-Herbario - Herbário Mello Leitão","BRA:MBML:MBML-HERBARIO:0000004433","2521","MBML-Herbario - Herbário Mello Leitão","Santa Teresa","Valão de São Lourenço","pt","MBML-HERBARIO",1123787130,"BRA:MBML:MBML-HERBARIO:0000004433","Collection","H. Q. Boudet Fernandes","4433","MBML","Museu de Biologia Professor Mello Leitão, MBML","Árvore 18m, fuste 13m X 35cm, casca parda esfoliante levemente rimosa, râmulos e inflorescência e folhas com indumento castanho, fundo de vale, ao sol, mata primária.","M. Sobral/1995",21,"","","",NA,"","","","","","","","",NA,NA,"","","","","","",NA,"","",NA,"","","","","","","Santa Teresa","Espírito Santo","brazil",2456,"Santa Teresa",3204609,-40.635175,-19.877577,"ESPIRITO SANTO","ES","Espírito Santo",-40.6681057,-19.57475617,"Espírito Santo","es",-19.931111,-40.620556,"original coordinates","original coordinates OK"
"36","Calyptranthes strigipes",1252620297,-22.433333,-42.833333,"gass84","1bb3cae3-b91f-4109-8a2d-a1f05f2d6fd3","76dbcb10-efc5-4d5f-87a5-bcd409fc92c8","none","b38ff2b7-c8af-454e-b5af-ee760f0d5bca","BR","DWC_ARCHIVE","2018-11-24T12:30:47.441+0000","2018-09-25T14:05:33.799+0000",126,"none","PRESERVED_SPECIMEN",3181420,6,7707728,220,690,5014,3181245,3181420,3181420,"Calyptranthes strigipes O.Berg","Calyptranthes strigipes O.Berg","Plantae","Tracheophyta","Myrtales","Myrtaceae","Calyptranthes","Calyptranthes strigipes","Calyptranthes","strigipes","SPECIES","ACCEPTED","none",NA,NA,"Rio de Janeiro",1985,11,"1985-11-23T00:00:00","2018-08-21T18:39:22.000+0000","2018-12-08T15:43:37.556+0000","http://creativecommons.org/licenses/by-nc/4.0/legalcode","none","none","none","WGS84","Magnoliopsida","BR","Brazil","SPF - Herbário da Universidade de São Paulo","BRA:USP:SPF:0000198819","2633","SPF - Herbário da Universidade de São Paulo","Magé","Estação Ecológica Estadual do Paraíso","pt","SPF",1252620297,"BRA:USP:SPF:0000198819","Collection","Lima, HC","198819","USP","Universidade de São Paulo, USP","","Barroso, GM",23,"","","",NA,"","","","","","","","",NA,NA,"","","","","","",NA,"","",NA,"","","","","","","Magé","Rio de Janeiro","brazil",1489,"Magé",3302502,-43.112115,-22.608989,"RIO DE JANEIRO","RJ","Rio de Janeiro",-42.66307908,-22.19581555,"Rio de Janeiro","rj",-22.433333,-42.833333,"original coordinates","original coordinates outside municipality original in mage falls in cachoeiras de macacu"
"37","Calyptranthes strigipes",1928221839,-25.4324846429367,-48.7122581210216,"cdrep","d415c253-4d61-4459-9d25-4015b9084fb0","ae447c50-b8a8-11d8-92a4-b8a03c50a862","none","17017c2c-036b-45d9-b045-606d21b00771","US","DWC_ARCHIVE","2018-11-18T14:47:54.973+0000","2018-11-18T14:47:55.057+0000",96,"none","PRESERVED_SPECIMEN",3181420,6,7707728,220,690,5014,3181245,3181420,3181420,"Calyptranthes strigipes O.Berg","Calyptranthes strigipes O.Berg","Plantae","Tracheophyta","Myrtales","Myrtaceae","Calyptranthes","Calyptranthes strigipes","Calyptranthes","strigipes","SPECIES","ACCEPTED","1979-01-01T00:00:00",0,0,"Paraná",1978,12,"1978-12-14T00:00:00","","2018-12-05T23:34:08.969+0000","http://creativecommons.org/publicdomain/zero/1.0/legalcode","none","none","none","WGS84","Magnoliopsida","BR","Brazil","The New York Botanical Garden","1ff98425-3cb1-4c90-a72f-66fc95751728","41780","Vascular plants","","Rio Pequeno","en","NY",1928221839,"1ff98425-3cb1-4c90-a72f-66fc95751728","PhysicalObject","G. G. Hatschbach","561647","NY","","Xiloteca.","G. G. Hatschbach",14,"","","SOUTH_AMERICA",NA,"sheet","Antonina","","","http://sweetgum.nybg.org/science/vh/specimen_details.php?irn=608604","http://biocol.org/urn:lsid:biocol.org:col:15556","ICN","14 Dec 1978",348,348,"http://biocol.org/urn:lsid:biocol.org:col:15556","Mata pluvial","","Other source","","",38300,"CRIA (Centro de Referência em Informação Ambiental)","",NA,"","","","","","","","Paraná","brazil",NA,"",NA,NA,NA,"","","Paraná",-51.61693027,-24.63581955,"Paraná","pr",-25.4324846429367,-48.7122581210216,"original coordinates","original coordinates outside municipality original in  falls in antonina"
"38","Calyptranthes strigipes",912286634,-22.95,-43.3,"gass84","cd6e21c8-9e8a-493a-8a76-fbf7862069e5","061b4f20-f241-11da-a328-b8a03c50a862","none","996e30f8-f762-11e1-a439-00145eb45e9a","GB","DWC_ARCHIVE","2018-06-12T07:03:10.441+0000","2018-04-09T10:56:15.217+0000",96,"none","PRESERVED_SPECIMEN",3181420,6,7707728,220,690,5014,3181245,3181420,3181420,"Calyptranthes strigipes O.Berg","Calyptranthes strigipes O.Berg","Plantae","Tracheophyta","Myrtales","Myrtaceae","Calyptranthes","Calyptranthes strigipes","Calyptranthes","strigipes","SPECIES","ACCEPTED","none",690,10,"",1972,1,"1972-01-04T00:00:00","2008-07-09T10:14:09.373+0000","2018-12-07T23:22:19.200+0000","http://creativecommons.org/licenses/by/4.0/legalcode","none","none","none","WGS84","Magnoliopsida","BR","Brazil","","K000331233","8184","","(Guanabara)","Morro da Fazenda da Tijuca.","","Herbarium",912286634,"http://specimens.kew.org/herbarium/K000331233","","Sucre, D.","K000331233","K","","","Barroso, G.M.",4,"","","",NA,"","","","","","","","",NA,NA,"","","(Guanabara)","Map estimate","Tree 18m.","MYRTACEAE",NA,"","",NA,"","","","","","","(Guanabara)","","brazil",NA,"",NA,NA,NA,"","","",NA,NA,NA,"",-22.95,-43.3,"original coordinates","original coordinates outside municipality original in (guanabara) falls in rio de janeiro"
"39","Calyptranthes strigipes",1928774599,-25.4807848457141,-48.8347668975131,"cdrep","d415c253-4d61-4459-9d25-4015b9084fb0","ae447c50-b8a8-11d8-92a4-b8a03c50a862","none","17017c2c-036b-45d9-b045-606d21b00771","US","DWC_ARCHIVE","2018-11-18T14:51:59.362+0000","2018-10-19T13:53:13.452+0000",96,"none","PRESERVED_SPECIMEN",3181420,6,7707728,220,690,5014,3181245,3181420,3181420,"Calyptranthes strigipes O.Berg","Calyptranthes strigipes O.Berg","Plantae","Tracheophyta","Myrtales","Myrtaceae","Calyptranthes","Calyptranthes strigipes","Calyptranthes","strigipes","SPECIES","ACCEPTED","1969-01-01T00:00:00",35,15,"ParanÃ¡",1969,1,"1969-01-23T00:00:00","","2018-12-08T19:28:56.186+0000","http://creativecommons.org/publicdomain/zero/1.0/legalcode","none","none","none","WGS84","Magnoliopsida","BR","Brazil","The New York Botanical Garden","47327c11-f11e-4738-95da-a77d52728a09","20886","Vascular plants","","Col. Floresta.","en","NY",1928774599,"47327c11-f11e-4738-95da-a77d52728a09","PhysicalObject","G. G. Hatschbach","1016109","NY","","","G. G. Hatschbach",23,"","","SOUTH_AMERICA",NA,"sheet","Morretes","","","http://sweetgum.nybg.org/science/vh/specimen_details.php?irn=1141485","http://biocol.org/urn:lsid:biocol.org:col:15556","ICN","23 Jan 1969",23,23,"http://biocol.org/urn:lsid:biocol.org:col:15556","Mata pluvial pluvial, base do morro.","","Other source","","",30514,"CRIA (Centro de ReferÃªncia em InformaÃ§Ã£o Ambiental)","66-164 ft",NA,"","","","","","","","ParanÃ¡","brazil",NA,"",NA,NA,NA,"","","Paraná",-51.61693027,-24.63581955,"Paraná","pr",-25.4807848457141,-48.8347668975131,"original coordinates","original coordinates outside municipality original in  falls in morretes"
"40","Calyptranthes strigipes",912286657,-25.47,-49.78,"gass84","cd6e21c8-9e8a-493a-8a76-fbf7862069e5","061b4f20-f241-11da-a328-b8a03c50a862","none","996e30f8-f762-11e1-a439-00145eb45e9a","GB","DWC_ARCHIVE","2018-06-12T07:03:10.503+0000","2018-04-09T10:56:15.157+0000",96,"none","PRESERVED_SPECIMEN",3181420,6,7707728,220,690,5014,3181245,3181420,3181420,"Calyptranthes strigipes O.Berg","Calyptranthes strigipes O.Berg","Plantae","Tracheophyta","Myrtales","Myrtaceae","Calyptranthes","Calyptranthes strigipes","Calyptranthes","strigipes","SPECIES","ACCEPTED","none",NA,NA,"",1969,1,"1969-01-23T00:00:00","","2018-12-07T23:22:19.234+0000","http://creativecommons.org/licenses/by/4.0/legalcode","none","none","none","WGS84","Magnoliopsida","BR","Brazil","","K000331231","20886","","Morretes","Col. Floresta","","Herbarium",912286657,"http://specimens.kew.org/herbarium/K000331231","","Hatschbach, G.; Koczicki, C.","K000331231","K","","","Hatschbach, G.",23,"","","",NA,"","","","","","","","",NA,NA,"","Mata pluvial, base do morro.","Morretes","Gazetteer","Treelet 10m x 18cm.","MYRTACEAE",NA,"","",NA,"","","","","","","Morretes","","brazil",NA,"",NA,NA,NA,"","","",NA,NA,NA,"",-25.47,-49.78,"original coordinates","original coordinates outside municipality original in morretes falls in porto amazonas"
"41","Calyptranthes strigipes",912286607,-27.12,-51.47,"gass84","cd6e21c8-9e8a-493a-8a76-fbf7862069e5","061b4f20-f241-11da-a328-b8a03c50a862","none","996e30f8-f762-11e1-a439-00145eb45e9a","GB","DWC_ARCHIVE","2018-06-12T07:03:10.502+0000","2018-04-09T10:56:15.173+0000",96,"none","PRESERVED_SPECIMEN",3181420,6,7707728,220,690,5014,3181245,3181420,3181420,"Calyptranthes strigipes O.Berg","Calyptranthes strigipes O.Berg","Plantae","Tracheophyta","Myrtales","Myrtaceae","Calyptranthes","Calyptranthes strigipes","Calyptranthes","strigipes","SPECIES","ACCEPTED","none",NA,NA,"",1959,8,"1959-08-21T00:00:00","2008-07-09T10:14:08.527+0000","2018-12-07T23:22:19.166+0000","http://creativecommons.org/licenses/by/4.0/legalcode","none","none","none","WGS84","Magnoliopsida","BR","Brazil","","K000331230","8975","","Blumenau","Morro Spitzkopf.","","Herbarium",912286607,"http://specimens.kew.org/herbarium/K000331230","","Klein, R.M.; Reitz, P.R","K000331230","K","","","Legrand, C.D.",21,"","","",NA,"","","","","","","","",NA,NA,"","Mata","Blumenau","Gazetteer","Tree 10m., immature green fruit.","MYRTACEAE",NA,"","",NA,"","","","","","","Blumenau","","brazil",NA,"",NA,NA,NA,"","","",NA,NA,NA,"",-27.12,-51.47,"original coordinates","original coordinates outside municipality original in blumenau falls in luzerna"
"42","Calyptranthes strigipes",1929816101,-26.748537,-48.941177,"","d415c253-4d61-4459-9d25-4015b9084fb0","ae447c50-b8a8-11d8-92a4-b8a03c50a862","none","17017c2c-036b-45d9-b045-606d21b00771","US","DWC_ARCHIVE","2018-11-18T15:26:17.724+0000","2018-10-19T14:23:03.846+0000",96,"none","PRESERVED_SPECIMEN",3181420,6,7707728,220,690,5014,3181245,3181420,3181420,"Calyptranthes strigipes O.Berg","Calyptranthes strigipes O.Berg","Plantae","Tracheophyta","Myrtales","Myrtaceae","Calyptranthes","Calyptranthes strigipes","Calyptranthes","strigipes","SPECIES","ACCEPTED","1956-01-01T00:00:00",300,0,"Santa Catarina",1954,7,"1954-07-17T00:00:00","","2018-12-09T03:11:29.117+0000","http://creativecommons.org/publicdomain/zero/1.0/legalcode","none","none","none","WGS84","Magnoliopsida","BR","Brazil","The New York Botanical Garden","90fb996d-ec08-4614-aebd-b26f6a58565c","1957","Vascular plants","","BraÃ§o Joaquim, Luis Alves, ItajaÃ­","en","NY",1929816101,"90fb996d-ec08-4614-aebd-b26f6a58565c","PhysicalObject","R. Reitz","561648","NY","","","C. M. D. E. Legrand",17,"","","SOUTH_AMERICA",NA,"sheet","Luis Alves","","","http://sweetgum.nybg.org/science/vh/specimen_details.php?irn=608603","http://biocol.org/urn:lsid:biocol.org:col:15556","ICN","17 Jul 1954",198,198,"http://biocol.org/urn:lsid:biocol.org:col:15556","Mata","","Georeferencing Quick Reference Guide, Version 2012","","",1711.57,"Google Maps (map data 2016), Manis Georef. Calculator","984.3-984 ft",NA,"","","Sin. C. rufa Berg","2016-06-13","","","","Santa Catarina","brazil",NA,"",NA,NA,NA,"","","Santa Catarina",-50.48226937,-27.24592878,"Santa Catarina","sc",-26.748537,-48.941177,"original coordinates","original coordinates outside municipality original in  falls in luiz alves"
"43","Calyptranthes strigipes",912286615,-26.87,-48.63,"gass84","cd6e21c8-9e8a-493a-8a76-fbf7862069e5","061b4f20-f241-11da-a328-b8a03c50a862","none","996e30f8-f762-11e1-a439-00145eb45e9a","GB","DWC_ARCHIVE","2018-06-12T07:03:10.574+0000","2018-04-09T10:56:15.209+0000",96,"none","PRESERVED_SPECIMEN",3181420,6,7707728,220,690,5014,3181245,3181420,3181420,"Calyptranthes strigipes O.Berg","Calyptranthes strigipes O.Berg","Plantae","Tracheophyta","Myrtales","Myrtaceae","Calyptranthes","Calyptranthes strigipes","Calyptranthes","strigipes","SPECIES","ACCEPTED","none",NA,NA,"",1954,9,"1954-09-23T00:00:00","2008-07-09T10:14:08.683+0000","2018-12-07T23:22:19.166+0000","http://creativecommons.org/licenses/by/4.0/legalcode","none","none","none","WGS84","Magnoliopsida","BR","Brazil","","K000331229","2075","","Itajaí","Morro da Fazenda","","Herbarium",912286615,"http://specimens.kew.org/herbarium/K000331229","","Reitz, P.R.; Klein, R.M.","K000331229","K","","","Legrand, C.D.",23,"","","",NA,"","","","","","","","",NA,NA,"","Mata","Itajaí","Map estimate","Tree 15m.","MYRTACEAE",NA,"","",NA,"","","","","","","Itajaí","","brazil",NA,"",NA,NA,NA,"","","",NA,NA,NA,"",-26.87,-48.63,"original coordinates","original coordinates outside Brazil"
"44","Calyptranthes strigipes",1228525040,-22,-42.5,"gass84","90c853e6-56bd-480b-8e8f-6285c3f8d42b","7b8aff00-a9f8-11d8-944b-b8a03c50a862","none","3b84ff5b-79ce-427c-acb7-b4004e160f66","US","DWC_ARCHIVE","2018-11-22T21:34:43.016+0000","2018-11-22T21:34:43.051+0000",97,"none","PRESERVED_SPECIMEN",3181420,6,7707728,220,690,5014,3181245,3181420,3181420,"Calyptranthes strigipes O.Berg","Calyptranthes strigipes O.Berg","Plantae","Tracheophyta","Myrtales","Myrtaceae","Calyptranthes","Calyptranthes strigipes","Calyptranthes","strigipes","SPECIES","ACCEPTED","none",NA,NA,"Rio de Janeiro",1880,1,"1880-01-09T00:00:00","","2018-12-07T20:12:22.875+0000","http://creativecommons.org/publicdomain/zero/1.0/legalcode","none","none","none","WGS84","Magnoliopsida","BR","Brazil","The Field Museum of Natural History","2a21016b-3298-4be8-a201-ccd66802ddc5","s.n.","GDI 2013-2015 SAPP","","","en","Botany",1228525040,"2a21016b-3298-4be8-a201-ccd66802ddc5","PhysicalObject","A. F. M. Glaziou",NA,"F","F","","RRC ID Flag",9,"","","SOUTH_AMERICA",NA,"","","s.n.","","","F","ICBN","",NA,NA,"Botany","","South America, Brazil, Rio de Janeiro, Sudeste","","","Plantae Spermatophyta Dicotyledoneae Myrtaceae",NA,"","",397098,"seeds-20-nov-2018","http://fieldmuseum.org/about/copyright-information","","","","","","Rio de Janeiro","brazil",NA,"",NA,NA,NA,"","","Rio de Janeiro",-42.66307908,-22.19581555,"Rio de Janeiro","rj",-22,-42.5,"original coordinates","original coordinates outside municipality original in  falls in duas barras"
"45","Calyptranthes strigipes",1927887843,-22.951842,-43.212076,"","d415c253-4d61-4459-9d25-4015b9084fb0","ae447c50-b8a8-11d8-92a4-b8a03c50a862","none","17017c2c-036b-45d9-b045-606d21b00771","US","DWC_ARCHIVE","2018-11-18T14:45:25.142+0000","2018-11-18T14:45:25.269+0000",96,"none","PRESERVED_SPECIMEN",3181420,6,7707728,220,690,5014,3181245,3181420,3181420,"Calyptranthes strigipes O.Berg","Calyptranthes strigipes O.Berg","Plantae","Tracheophyta","Myrtales","Myrtaceae","Calyptranthes","Calyptranthes strigipes","Calyptranthes","strigipes","SPECIES","ACCEPTED","none",0,0,"Rio de Janeiro",1880,2,"1880-02-04T00:00:00","","2018-12-05T23:31:01.100+0000","http://creativecommons.org/publicdomain/zero/1.0/legalcode","none","none","none","WGS84","Magnoliopsida","BR","Brazil","The New York Botanical Garden","087cdb51-9221-4290-b5af-5371ef973c32","1200S","Vascular plants","","Corcovado","en","NY",1927887843,"087cdb51-9221-4290-b5af-5371ef973c32","PhysicalObject","A. F. M. Glaziou","561650","NY","","","",4,"","","SOUTH_AMERICA",NA,"sheet","Rio de Janeiro","","","http://sweetgum.nybg.org/science/vh/specimen_details.php?irn=608606","http://biocol.org/urn:lsid:biocol.org:col:15556","ICN","04 Feb 1880",35,35,"http://biocol.org/urn:lsid:biocol.org:col:15556","","","Georeferencing Quick Reference Guide, Version 2012","","",959.16,"Google Maps (map data 2016), Manis Georef. Calculator","",NA,"","","","2016-11-10","","","","Rio de Janeiro","brazil",NA,"",NA,NA,NA,"","","Rio de Janeiro",-42.66307908,-22.19581555,"Rio de Janeiro","rj",-22.951842,-43.212076,"original coordinates","original coordinates outside municipality original in  falls in rio de janeiro"
"46","Calyptranthes strigipes",1144656865,-10.77306,-53.08972,"gass84,rdativ","f577c9f3-ae71-4278-b6bf-512ba1dfaa21","43a26bbf-466a-4335-96cc-01d0656c614a","none","6040a0d6-f762-11e1-a439-00145eb45e9a","CH","BIOCASE","2018-12-11T22:08:58.045+0000","2016-02-23T13:22:45.181+0000",43,"none","PRESERVED_SPECIMEN",3181420,6,7707728,220,690,5014,3181245,3181420,3181420,"Calyptranthes strigipes O.Berg","Calyptranthes strigipes O.Berg","Plantae","Tracheophyta","Myrtales","Myrtaceae","Calyptranthes","Calyptranthes strigipes","Calyptranthes","strigipes","SPECIES","ACCEPTED","none",NA,NA,"",NA,NA,"none","","2018-12-06T21:54:17.793+0000","http://creativecommons.org/licenses/by-nc/4.0/legalcode","none","none","none","WGS84","Magnoliopsida","BR","Brazil","","","","","","Brésil","","Geneva Herbarium – General Collection (G)",1144656865,"","","Riedel, L. (Coll. De Candolle)","G-G-237339/1","G","","","Araujo, A. C. & E. Lucas (2011)",NA,"","","",NA,"","","","","","","","",NA,NA,"","","","","","",NA,"","",NA,"","","","","HOLOTYPE","Calyptranthes strigipes O. Berg","","","brazil",NA,"",NA,NA,NA,"","","",NA,NA,NA,"",-10.77306,-53.08972,"original coordinates","original coordinates outside municipality original in  falls in sao jose do xingu"
"47","Calyptranthes strigipes",1089113351,-23.1305,-45.0308,"gass84","7741a517-ab3d-4b85-ae58-56322e44c8ce","d073b448-6b80-4364-8c38-18d08b88797f","none","b38ff2b7-c8af-454e-b5af-ee760f0d5bca","BR","DWC_ARCHIVE","2018-12-03T13:51:50.312+0000","2018-12-03T16:41:35.588+0000",122,"none","PRESERVED_SPECIMEN",3181420,6,7707728,220,690,5014,3181245,3181420,3181420,"Calyptranthes strigipes O.Berg","Calyptranthes strigipes O.Berg","Plantae","Tracheophyta","Myrtales","Myrtaceae","Calyptranthes","Calyptranthes strigipes","Calyptranthes","strigipes","SPECIES","ACCEPTED","2008-03-01T00:00:00",450,0,"São Paulo",NA,NA,"none","2018-11-21T16:35:04.000+0000","2018-12-08T04:38:26.099+0000","http://creativecommons.org/licenses/by-nc/4.0/legalcode","none","none","none","WGS84","Magnoliopsida","BR","Brazil","UEC - Herbário da Universidade Estadual de Campinas","BRA:UNICAMP:UEC:0000178226","J1777","UEC - Herbário da Universidade Estadual de Campinas","Ubatuba","Fazenda Capricórnio, Bairro Taquaral","pt","UEC",1089113351,"BRA:UNICAMP:UEC:0000178226","Collection","Rochelle, A.L.C.","178226","UNICAMP","Universidade Estadual de Campinas, UNICAMP","Floresta ombrófila densa submontana.","Sobral, M.",NA,"","","",NA,"","","","","","","","",NA,NA,"","","","","","",NA,"","",NA,"","","","","","","Ubatuba","São Paulo","brazil",1216,"Ubatuba",3555406,-45.026117,-23.38322,"SAO PAULO","SP","São Paulo",-48.72944932,-22.26440593,"São Paulo","sp",-23.1305,-45.0308,"original coordinates","original coordinates outside municipality original in ubatuba falls in cunha"
